ITEM: TIMESTEP
700001
ITEM: NUMBER OF ENTRIES
6857
ITEM: BOX BOUNDS pp pp fm
0.0000000000000000e+00 2.0000000000000000e+01
0.0000000000000000e+00 2.0000000000000000e+01
0.0000000000000000e+00 6.0000000000000000e+01
ITEM: ENTRIES index c_c_pairs[1] c_c_pairs[2] c_c_forces[1] c_c_forces[2] c_c_forces[3] c_c_forces[4] c_c_forces[5] c_c_forces[6] c_c_forces[7] c_c_forces[8]
1 237 124 2.30644 -0.92232 2.66212e-05 0.0387966 0.0970149 -0.120561 2.48401 0.159537 
2 237 141 -4.14495 -3.26456 -1.08928e-05 -0.0709253 0.090053 -0.0952844 5.27617 0.149061 
3 237 763 0.248639 0.559367 -1.31204 0.0276542 0.0570745 0.0295735 1.44781 0.0699775 
4 189 141 9.85443 -11.1115 7.55379e-05 -0.159787 -0.14171 0.0116869 14.8517 0.213893 
5 144 79 3.63059 2.01394 -0.000137386 -0.108296 0.195229 -0.00922481 4.15177 0.223444 
6 144 123 8.86788 -5.80121 -0.000222352 -0.442869 -0.676987 0.148613 10.5969 0.822514 
7 144 147 -5.71732 -4.49857 -0.000269391 0.286973 -0.36472 -0.0018374 7.27495 0.464087 
8 144 463 -2.39686 0.506359 -3.04117 0.0508852 0.225766 -0.00251428 3.90513 0.231443 
9 144 523 0.159318 -0.475714 -0.656813 -0.0638403 -0.0486372 0.0197415 0.826492 0.0826492 
10 71 257 1.14629 6.45847 0.000245574 -0.353252 0.0627034 -0.162858 6.55941 0.394007 
11 71 286 -1.57226 1.32235 -4.51922e-05 0.0731582 0.0869865 0.0699678 2.05441 0.13347 
12 71 24 5.46151 -4.59456 9.76361e-05 -0.322051 -0.382819 0.0368561 7.1371 0.501623 
13 71 12 -3.75632 -1.37561 -0.000107758 0.076113 -0.207838 -0.00461695 4.00028 0.221385 
14 71 156 -0.996761 -1.27041 -2.45279 0.152247 0.00698413 -0.0654873 2.9366 0.165881 
15 286 257 5.78587 2.0982 0.000365809 0.0890171 -0.245479 0.0660195 6.15458 0.269338 
16 286 294 -1.51596 1.27513 0.000133293 0.0533662 0.0634576 -0.117677 1.98093 0.143954 
17 286 296 -6.23637 -2.28379 0.000340102 0.174223 -0.475739 0.0825507 6.64139 0.513318 
18 286 514 -0.124165 -0.158881 -0.323631 -0.000961874 0.0023694 -0.00079418 0.38131 0.00267768 
19 296 265 -3.45795 2.90863 -0.000101985 0.282548 0.335907 -0.0464298 4.51857 0.441387 
20 296 12 2.22056 -1.8677 -0.000162916 -0.101976 -0.121238 -0.0483488 2.90159 0.165636 
21 296 117 -0.817373 -4.60322 -9.77699e-05 -0.00364287 0.000652858 -0.282969 4.67522 0.282994 
22 296 22 -2.61814 -0.949364 -0.000167411 0.0195099 -0.0538203 0.0915679 2.78495 0.10799 
23 296 149 -0.792373 2.41221 -3.68334 -0.0464118 -0.142696 -0.0834669 4.47366 0.171706 
24 296 611 -0.506884 -0.735668 -1.35863 -0.0231989 -0.00125813 0.00933643 1.62604 0.0250388 
25 159 265 0.201507 0.0730658 -3.80546e-06 0.00695903 -0.0191918 0.00645505 0.214344 0.0214108 
26 159 22 1.74171 -1.46497 -0.00012585 -0.0841026 -0.0999734 -0.186357 2.27589 0.227589 
27 159 529 -0.462217 -2.60382 1.5696e-05 0.0324199 -0.00575508 -0.00968108 2.64452 0.0343205 
28 159 383 -2.94067 2.53218 -3.38684 -0.0418673 -0.427929 -0.28359 5.15074 0.515072 
29 159 260 0.776567 -0.0780479 -1.1705 0.113367 -0.0298127 0.0772013 1.40685 0.14036 
30 244 52 -2.42329 0.968676 -1.07047e-05 -0.0394721 -0.0987448 0.061623 2.60973 0.122906 
31 244 297 4.78919 -1.91435 0.000127838 -0.0629854 -0.157593 -0.29581 5.15762 0.341037 
32 244 246 -3.00834 -2.36835 -1.71044e-06 -0.111951 0.142203 -0.129401 3.82873 0.222484 
33 244 32 0.416229 -2.88422 4.4411e-06 -0.0568499 -0.00820398 0.120494 2.91409 0.133484 
34 244 894 0.0980442 0.108024 -0.247977 0.00751537 -0.0235531 -0.00728884 0.287705 0.0257751 
35 244 250 -0.890978 -0.12856 -1.27327 0.0828667 -0.0199704 -0.0559698 1.55936 0.101972 
36 52 232 6.51213 5.12678 0.000439366 0.0608021 -0.0772131 -0.221475 8.28805 0.242301 
37 52 246 0.390017 -2.70238 9.97992e-06 0.0917213 0.0132378 0.0611232 2.73038 0.111014 
38 52 73 -4.37096 -3.44103 1.16376e-05 0.0970425 -0.123269 -0.203032 5.56291 0.256582 
39 52 570 -0.678142 -0.0978329 -0.969081 -0.0397611 0.0124015 0.0265719 1.18683 0.0494046 
40 129 487 1.68734 1.32838 -1.26454e-05 -0.0113011 0.0143539 -0.103962 2.14749 0.105555 
41 129 530 -4.43962 1.77469 -4.94822e-05 0.0825502 0.206514 0.108365 4.78119 0.247397 
42 129 73 3.68021 -1.47124 1.03156e-05 0.00425992 0.0106555 -0.0565977 3.9634 0.0577493 
43 129 48 0.1747 -1.21077 1.28802e-05 -0.00281363 -0.000406279 -0.0286191 1.22331 0.02876 
44 129 243 -1.55124 -1.22121 1.32865e-05 0.0504748 -0.0641154 0.0114206 1.97426 0.082395 
45 129 331 0.603877 -0.767135 -1.38072 0.0818476 0.00908469 0.0307496 1.69102 0.0879039 
46 530 97 -4.31986 1.72655 0.000109337 -0.0370771 -0.0927632 -0.0691315 4.65212 0.121486 
47 530 37 -0.792293 -0.623711 1.97034e-05 -0.00766784 0.00974229 0.0605309 1.00834 0.0617875 
48 530 243 0.487245 -3.37703 5.8274e-05 0.0202983 0.00293075 0.119096 3.41199 0.120849 
49 530 896 0.237037 -0.301107 -0.542009 0.0125084 0.00140061 0.00469223 0.663797 0.0134328 
50 37 97 -1.25421 8.69207 3.4792e-05 0.109531 0.0158046 0.0322946 8.78209 0.115282 
51 37 290 -0.140572 0.0561972 -1.84131e-07 0.000419914 0.00105035 -0.00830594 0.151389 0.00838261 
52 37 243 2.75557 -1.10151 -7.30547e-06 0.0120581 0.0301665 -0.21005 2.96757 0.212547 
53 37 29 -3.58595 -2.82278 -2.36979e-05 -0.00871543 0.0110729 -0.135539 4.56367 0.136269 
54 37 77 0.628241 -4.35383 -1.25348e-05 0.090479 0.0130559 -0.0482148 4.39892 0.103352 
55 37 438 0.775097 -0.984535 -1.77221 0.089512 -0.133988 0.113585 2.17044 0.197147 
56 37 413 -0.240025 -0.0346082 -0.342963 0.0118075 -0.0162003 -0.00662877 0.420039 0.0211141 
57 290 97 4.78157 3.76353 3.15079e-05 -0.127421 0.161891 -0.279789 6.08503 0.347458 
58 290 29 0.477832 -3.31119 -1.33028e-05 0.0109715 0.00158305 0.0566325 3.34549 0.0577071 
59 290 47 -5.35069 -4.21195 1.22883e-05 -0.122086 0.155093 0.0518816 6.80958 0.204084 
60 290 362 -0.120731 -0.0174073 -0.17251 0.0134459 -0.0140294 -0.00799446 0.211278 0.0210125 
61 290 413 0.822197 -1.04434 -1.87984 0.117497 0.17644 -0.0466306 2.30227 0.217051 
62 124 202 5.95108 4.68492 -0.000124828 0.073502 -0.0933672 -0.0153617 7.57389 0.119816 
63 124 47 1.66516 -0.665748 -6.48268e-06 0.0470734 0.117739 0.0807504 1.79332 0.150329 
64 124 630 -6.49077 -5.11068 7.93721e-05 0.0182236 -0.0231436 0.0720181 8.26131 0.0778096 
65 124 1289 0.402842 1.00793 -1.53528 0.119092 0.0972784 0.0951127 1.88023 0.18081 
66 124 686 0.65368 -0.830484 -1.49462 -0.0731793 -0.0156468 -0.0233111 1.83055 0.0783801 
67 141 388 -6.39997 -5.03733 2.98417e-05 -0.298512 0.379263 0.237321 8.14459 0.537839 
68 141 96 0.786362 -5.45326 0.000128276 0.328314 0.0473398 -0.131381 5.50967 0.35678 
69 141 606 0.0872523 -0.100957 -0.195879 0.0131753 0.0188529 -0.00384809 0.23701 0.0233201 
70 141 310 -1.21846 0.069548 -1.37402 0.0886174 -0.00605237 -0.0788905 1.83777 0.1188 
71 388 123 -9.83574 4.40581 -4.4061e-05 -0.371521 -0.8294 0.0453786 10.7774 0.90994 
72 388 96 6.79881 -2.71873 0.000143651 -0.182242 -0.455727 0.208194 7.32225 0.533145 
73 388 113 -2.40388 -1.89198 3.59682e-05 -0.0371953 0.0472538 -0.275377 3.05912 0.281867 
74 388 11 0.406839 -2.82226 1.57001e-05 0.00862672 0.00124298 -0.105724 2.85144 0.106083 
75 388 1166 0.047977 -0.0555298 -0.107703 -0.00184247 -0.000152007 -0.000742367 0.130328 0.00199221 
76 388 34 -1.11101 -0.11222 -1.58188 -0.0753957 -0.166183 0.0647419 1.93631 0.193631 
77 123 56 -2.45042 -1.92838 7.03341e-06 -0.0168762 0.0214445 -0.0896743 3.11821 0.0937344 
78 123 34 0.546377 -0.752743 -1.31762 -0.0455774 -0.0920538 0.0336899 1.61284 0.108103 
79 147 24 -8.96768 -2.42961 0.000372288 -0.05952 0.219693 0.0314913 9.29098 0.229781 
80 147 56 3.73394 -2.44302 8.16703e-05 -0.133283 -0.20371 0.0463705 4.46213 0.247816 
81 24 115 -5.07039 -1.85725 -0.00017728 0.0814347 -0.222331 0.104503 5.39984 0.258812 
82 24 285 -0.321261 -5.85767 -0.00021623 0.581834 -0.0319078 -0.0678733 5.86648 0.586648 
83 24 112 1.11619 1.126 -2.57107 0.201398 0.0589287 0.113241 3.02062 0.238447 
84 24 580 -0.486415 -0.616948 -1.45019 -0.0680668 0.085305 -0.0134603 1.64933 0.10996 
85 12 117 -1.07725 -0.390622 4.03747e-05 0.0120215 -0.0331548 -0.0211358 1.14588 0.0411155 
86 12 115 0.16413 -0.138083 1.67022e-06 0.0131468 0.0156268 0.00624409 0.214488 0.0213547 
87 12 164 -0.543673 -3.06089 0.000252199 -0.128109 0.0227599 0.0638677 3.1088 0.144945 
88 117 22 -2.79479 2.35076 -0.000143161 -0.11122 -0.132247 -0.321729 3.65197 0.365197 
89 117 164 5.06519 -4.26066 0.000303744 -0.158011 -0.187887 -0.553558 6.61886 0.605554 
90 117 431 -2.17485 -0.788681 -6.62189e-05 0.0105473 -0.0290875 0.0290441 2.31344 0.0424368 
91 117 185 -0.187575 -1.05627 3.695e-05 -0.0890264 0.0158113 0.0515626 1.07279 0.104088 
92 117 611 -0.13432 0.522096 -0.819753 -0.0151731 -0.0660632 -0.0395891 0.981133 0.0784975 
93 117 518 -0.976741 -1.20355 -2.22464 -0.0535433 -0.223232 0.144279 2.71138 0.271138 
94 22 529 -4.70242 -1.70531 0.000306298 0.0293886 -0.081016 0.130352 5.00209 0.156266 
95 22 431 -0.412267 -2.32188 2.49424e-05 0.174571 -0.0309971 -0.06868 2.3582 0.190139 
96 529 431 4.34122 -3.65163 -0.000287368 0.105257 0.125111 0.291775 5.6728 0.334461 
97 529 649 -0.754121 1.19425 -1.97376 0.0341038 -0.0103801 -0.0193108 2.42707 0.0405429 
98 529 220 -8.36911 -2.15308 -3.73489 -0.231625 0.233129 0.38463 9.4142 0.505905 
99 297 142 -0.536499 3.7179 2.11501e-05 0.213307 0.0307812 -0.0987513 3.75641 0.237064 
100 297 305 0.219349 -1.52007 -7.39928e-06 0.00172995 0.000249763 -0.026019 1.53581 0.0260776 
101 297 32 -2.57121 -2.0243 -7.61229e-05 0.0522596 -0.0663771 -0.0431155 3.27245 0.0948469 
102 297 466 0.73375 0.703416 -2.23066 -0.202041 -0.0977919 -0.0972966 2.45133 0.244643 
103 297 220 6.12145 -2.82768 -2.91413 0.344921 0.131434 0.597008 7.34575 0.7019 
104 246 73 -2.62059 1.0476 -4.41172e-06 -0.0158912 -0.0397518 0.0751434 2.82223 0.0864827 
105 246 32 3.34973 -1.33902 7.10939e-06 0.0805794 0.201579 -0.0594962 3.60744 0.225093 
106 246 158 -2.6246 -2.06622 4.92978e-06 -0.0979543 0.124426 0.117305 3.34033 0.197072 
107 246 427 0.372435 -2.58085 4.29178e-05 -0.00303251 -0.000438034 -0.0253579 2.60759 0.0255423 
108 246 51 -1.07595 -0.155248 -1.53745 -0.0499574 0.0382507 0.0310991 1.88296 0.0701856 
109 246 489 0.221644 -0.281517 -0.50672 -0.00207191 0.042572 -0.0245579 0.620599 0.049191 
110 73 487 -0.00509191 0.0352914 -3.0276e-07 0.00293871 0.000423986 -0.00197441 0.0356568 0.00356568 
111 73 48 -2.60368 -2.04975 2.62663e-05 -0.0992516 0.126076 0.171187 3.31371 0.234629 
112 73 158 0.217533 -1.50746 4.62863e-06 -0.0117698 -0.00169843 -0.00115755 1.52308 0.0119479 
113 73 51 0.347693 -0.441653 -0.794929 -0.0319755 -0.0416051 0.00912961 0.973581 0.0532613 
114 73 331 -0.92156 -0.132977 -1.31682 -0.0193962 -0.00635249 0.0142157 1.61275 0.0248727 
115 48 243 -2.91821 1.16657 -1.19403e-05 0.0319548 0.0799363 0.0588712 3.14274 0.104292 
116 48 158 2.60322 -1.04066 -1.37021e-05 0.0294059 0.0735598 -0.0333273 2.80352 0.0859446 
117 48 87 -1.97714 -1.55649 -2.76564e-07 0.0917857 -0.116592 0.053009 2.5163 0.15757 
118 48 197 0.212033 -1.46943 -4.29013e-06 0.00143963 0.000207918 -0.0638152 1.48465 0.0638318 
119 48 331 0.118696 0.29694 -0.452254 -0.040125 0.0016863 -0.00942377 0.553891 0.0412513 
120 48 344 0.335144 -0.425728 -0.766258 0.0326354 -0.0256752 0.028539 0.938465 0.0503861 
121 48 541 -0.850296 -0.122689 -1.21496 -0.0113794 0.0324149 0.00469064 1.48801 0.034673 
122 243 87 0.264714 -1.83457 6.8385e-06 -0.00620463 -0.000895054 0.0592178 1.85357 0.0595486 
123 243 77 -2.09188 -1.64677 -1.03218e-06 -0.0619231 0.0786605 -0.01615 2.66229 0.101404 
124 243 438 -0.0869953 -0.0125495 -0.124306 0.00289682 0.00396653 -0.00242778 0.152242 0.00547896 
125 243 541 0.903419 -1.14763 -2.06558 0.0612406 0.0891639 -0.0227545 2.52979 0.110537 
126 29 47 -1.29513 0.517791 8.06298e-06 0.00793536 0.0198486 -0.00912436 1.3948 0.023242 
127 29 77 1.592 -0.636437 4.01731e-06 0.0329029 0.0823044 0.00186361 1.7145 0.0886571 
128 29 198 -4.04457 -3.18397 -1.04913e-05 -0.030901 0.0392529 0.104803 5.14744 0.116101 
129 29 352 0.291768 -2.02198 -1.93855e-06 0.00683742 0.00098669 -0.0630581 2.04292 0.0634354 
130 29 413 0.0236294 0.0591155 -0.0900323 -0.010042 0.00405968 3.00243e-05 0.110267 0.0108316 
131 29 312 -0.316705 -0.0456774 -0.452531 -0.0430878 -0.0136118 0.031529 0.554232 0.0550992 
132 29 1079 0.655799 -0.833047 -1.49944 -0.00736541 -0.076493 0.039276 1.8364 0.086302 
133 47 198 0.0433586 -0.300462 -2.37356e-06 -0.0266826 -0.00385052 0.00451512 0.303574 0.0273345 
134 47 199 -4.13845 -3.25817 4.8917e-05 0.0824038 -0.104667 0.0175985 5.26711 0.13437 
135 47 362 0.0120244 0.0300841 -0.0458193 0.00509755 -0.00167116 0.000240503 0.0561163 0.00536988 
136 47 312 0.233559 -0.296697 -0.534026 0.0472056 -0.00582973 0.0238845 0.654036 0.0532243 
137 47 686 -1.2055 -0.173919 -1.72244 -0.039541 0.109908 0.0165763 2.10957 0.117975 
138 630 141 -11.9172 4.76428 -0.000287372 -0.188035 -0.470342 0.0575936 12.8343 0.5098 
139 630 199 7.23018 -2.89069 -3.06426e-05 -0.20643 -0.516322 0.176279 7.78663 0.583332 
140 630 109 0.304875 -2.11372 -2.50116e-05 0.0574329 0.0082825 0.116189 2.1356 0.129873 
141 630 230 1.52335 -1.93565 -3.48418 -0.330204 0.0793465 -0.188453 4.26695 0.388388 
142 96 630 2.53416 1.99499 -2.87886e-06 -0.0392027 0.049798 0.0771969 3.22521 0.0998802 
143 96 116 0.752763 -5.2201 -0.000115869 0.21192 0.0305595 0.0190709 5.2741 0.21496 
144 96 11 -2.24613 -1.7679 -4.03366e-05 -0.0564759 0.0717516 0.0623368 2.85842 0.110561 
145 96 1166 -1.84201 -0.180177 -2.71679 0.121915 -0.0472741 -0.0795243 3.28731 0.153043 
146 96 794 0.472122 -0.599892 -1.07997 0.0395088 0.0878356 -0.0315184 1.32254 0.101338 
147 113 56 -5.25313 2.35325 -7.82282e-05 -0.0547402 -0.1222 -0.117825 5.75614 0.178359 
148 113 11 5.09145 -2.03606 -3.42814e-05 -0.045478 -0.113726 0.135911 5.48347 0.182958 
149 113 83 0.227918 -1.58129 -3.13875e-05 0.0149208 0.00215042 0.00917494 1.59763 0.0176475 
150 113 547 -2.482 -0.250777 -3.53377 -0.166962 -0.0915703 0.123767 4.32559 0.227112 
151 56 236 -4.67284 -2.38878 5.33754e-05 0.0513769 -0.100502 -0.0264307 5.24802 0.115926 
152 56 523 0.144708 0.602198 -0.810804 -0.100438 -2.58593e-05 -0.0179449 1.02029 0.102029 
153 56 547 0.415367 -0.572279 -1.00154 -0.100186 0.0298035 -0.0585799 1.22601 0.119821 
154 236 285 -4.49068 -1.19572 -0.000117404 -0.114362 0.429496 0.0770421 4.64714 0.451089 
155 236 248 -0.859203 -3.32897 0.000132705 0.270344 -0.0697783 -0.0732362 3.43807 0.288649 
156 236 996 0.714326 1.51562 -2.78816 -0.0779826 0.0618682 0.0136519 3.25287 0.100476 
157 115 164 -4.69569 -1.7022 0.000366303 -0.0809335 0.223265 0.00588766 4.99469 0.237555 
158 115 330 0.0241085 -0.678873 -0.54991 0.0195133 0.00666339 -0.00737059 0.873986 0.0218974 
159 164 185 -3.00571 -1.09002 -3.65944e-05 -0.0274763 0.0757587 0.190176 3.19725 0.206546 
160 164 160 2.40552 -7.80332 -0.000409644 0.562722 0.173464 0.109305 8.16568 0.59891 
161 164 633 -0.592617 2.03078 -3.31729 0.053224 0.273074 0.157663 3.93442 0.319781 
162 164 584 -0.0213022 -3.38846 -5.5055 0.333221 0.135849 -0.0849004 6.46472 0.369729 
163 431 185 3.92328 -3.30011 0.000323332 -0.0728528 -0.0866356 -0.262965 5.12668 0.286293 
164 431 82 -1.76244 -3.31529 -1.28264e-05 -0.216262 0.114967 0.0390157 3.75464 0.24801 
165 305 32 -4.94433 1.97645 -9.82105e-05 0.0147309 0.0368446 -0.128782 5.32473 0.134757 
166 305 325 5.55553 -2.21995 -3.43617e-05 0.0589689 0.147572 0.0320129 5.98265 0.16211 
167 305 126 -4.00394 -3.15232 0.000111999 -0.133837 0.169992 -0.0350376 5.09594 0.219174 
168 305 583 0.435461 -3.01596 -0.000118898 -0.136309 -0.0196854 0.11115 3.04723 0.17698 
169 305 220 4.17497 3.65719 -2.3986 -0.0407922 0.127661 0.123645 6.04638 0.182344 
170 305 609 -0.701574 0.837323 -1.68475 -0.179286 -0.0824707 0.0336713 2.00791 0.200196 
171 32 126 0.267231 -1.85163 7.56201e-05 -0.0162854 -0.00235273 -0.0585575 1.87081 0.0608254 
172 32 427 -2.49388 -1.96333 4.5985e-05 -0.113015 0.143556 0.0854349 3.17397 0.201693 
173 32 489 -1.49704 -0.216019 -2.13925 0.0728972 -0.0158804 -0.0494097 2.61996 0.0894846 
174 158 427 2.92768 -1.17033 4.72407e-05 0.0755198 0.188917 -0.0618881 3.15293 0.212657 
175 158 396 0.284097 -1.96878 9.82013e-06 -0.0926986 -0.0133766 -0.0199929 1.98917 0.0957688 
176 158 197 -2.00901 -1.58158 5.10806e-06 0.00681497 -0.00865679 -0.0153501 2.55686 0.0188947 
177 158 51 0.0842818 0.210841 -0.321117 -0.0159916 0.0149995 0.00565121 0.393285 0.0226418 
178 158 344 -1.02787 -0.148318 -1.46872 0.000805915 0.0606254 -0.00668627 1.79879 0.0609983 
179 158 1000 0.0305523 -0.0388081 -0.0698505 -0.00765718 -0.00324705 -0.00154519 0.0855488 0.00845952 
180 87 77 -1.93546 0.773729 -8.49817e-06 -0.00265255 -0.00663392 0.121333 2.08438 0.121543 
181 87 197 2.42636 -0.969955 -7.26368e-06 0.0120953 0.0302573 -0.115435 2.61305 0.119946 
182 87 25 -2.33721 -1.83988 7.81869e-06 -0.0381935 0.0485177 0.0706366 2.97451 0.0938203 
183 87 162 0.272141 -1.88598 3.39368e-06 -0.117866 -0.0170078 -0.0548915 1.90551 0.131129 
184 87 541 0.327215 0.818593 -1.24673 0.000172496 0.0382963 0.0251902 1.52693 0.0458387 
185 87 612 -0.406072 -0.0585767 -0.58022 -0.0546943 0.0278834 0.0354633 0.71062 0.0708985 
186 87 1318 0.332061 -0.42182 -0.759236 0.0692882 -0.0360844 0.050352 0.929858 0.0929423 
187 77 25 0.338856 -2.3484 1.59106e-05 -0.0572853 -0.00826602 -0.0309476 2.37272 0.0656329 
188 77 352 -2.81576 -2.21661 -1.17974e-05 -0.0293952 0.0373407 0.0216639 3.58355 0.0522276 
189 77 612 0.878053 -1.11538 -2.0076 0.119619 -0.0729809 0.0928637 2.45876 0.168103 
190 77 1079 -0.171802 -0.0247802 -0.245483 -0.0192213 0.000598081 0.0133917 0.300652 0.0234341 
191 198 199 -4.82518 1.92898 8.88927e-05 -0.142549 -0.35658 0.119196 5.19647 0.402091 
192 198 352 2.75021 -1.09949 3.22604e-06 -0.0166784 -0.041718 0.171946 2.96185 0.177718 
193 198 532 -2.5541 -2.01066 1.48089e-05 -0.164424 0.208864 -0.0509335 3.25057 0.270654 
194 198 161 0.243767 -1.68952 -4.24117e-07 -0.0746549 -0.0107713 -0.0244746 1.70702 0.0792993 
195 198 312 0.115356 0.288614 -0.439563 -0.0235598 0.0179464 0.00560065 0.53835 0.0301414 
196 198 628 0.546407 -0.694131 -1.24938 0.0525868 0.0169746 0.0135678 1.53014 0.0568999 
197 199 532 0.39274 -2.72229 -3.45189e-05 0.0433787 0.00625791 0.0213577 2.75047 0.0487547 
198 199 109 -3.28876 -2.58898 -3.25503e-05 0.000514958 -0.000655548 0.111444 4.18554 0.111447 
199 199 686 0.437261 1.09419 -1.66641 -0.0095243 -0.037577 -0.0271728 2.04092 0.0473403 
200 199 287 0.575518 -0.731154 -1.31608 -0.0145423 0.0180853 -0.0164066 1.61179 0.0284207 
201 116 109 1.69287 1.33257 2.01748e-05 0.00604549 -0.00768162 0.103475 2.15442 0.103936 
202 116 11 -3.90044 1.55951 3.30066e-05 0.00988107 0.0247136 -0.0181688 4.20066 0.0322258 
203 116 148 -1.96114 -1.54364 1.40434e-05 -0.0201585 0.0256108 0.0126299 2.49577 0.0349541 
204 116 15 0.553053 -3.83416 3.31972e-05 -0.144818 -0.0208888 0.0311522 3.87384 0.149596 
205 116 453 0.802939 -1.02008 -1.83611 0.144845 -0.0651468 0.0995349 2.24868 0.187434 
206 11 148 0.539139 -3.73859 -8.42521e-06 0.225904 0.0325773 0.0512747 3.77727 0.23393 
207 11 83 -0.639684 -0.503466 -1.09039e-05 -0.00356399 0.00452922 -0.044029 0.814047 0.0444046 
208 11 591 -1.07144 -0.106883 -1.57978 -0.139187 -0.0843953 0.10011 1.91184 0.191096 
209 11 455 0.418622 -0.531889 -0.95741 -0.00665182 -0.0466091 0.0229852 1.17251 0.0523925 
210 285 192 -4.2552 -6.48032 0.000366756 -0.144085 0.0946134 0.0394666 7.7525 0.176833 
211 285 389 0.0308769 -0.251321 -0.302079 0.0382649 0.00805108 -0.00278703 0.394167 0.039202 
212 185 495 1.13474 -3.68016 -0.000112358 0.0207773 0.00641596 -0.309888 3.85113 0.31065 
213 185 518 -0.511974 1.49329 -2.26598 -0.117873 -0.110253 -0.0460252 2.76164 0.167834 
214 185 376 -0.0463134 -2.6386 -4.47262 0.321916 -0.352271 0.204487 5.19314 0.519172 
215 82 325 -6.21937 2.11603 0.000210556 0.07503 0.220539 -0.141276 6.56948 0.272444 
216 82 317 3.66807 -5.75521 0.000126308 0.39858 0.254032 -0.0705459 6.82475 0.477886 
217 325 44 0.123116 -0.848334 -1.56227e-05 -0.00674196 -0.000980016 0.085451 0.857221 0.0857221 
218 325 583 -0.17733 -0.139639 -7.5103e-06 0.00689526 -0.00875744 0.0193976 0.225709 0.0223719 
219 325 187 0.771169 0.622388 -0.895085 -0.0613078 0.115093 0.0272086 1.33538 0.133212 
220 325 345 -1.01369 0.420935 -2.8609 -0.163273 0.0497126 0.0651665 3.06423 0.182691 
221 126 427 -1.79938 0.719283 -5.02535e-05 0.0292298 0.073121 -0.0183104 1.93782 0.0808476 
222 126 583 0.482068 -0.19268 -3.16653e-05 -0.00722997 -0.0180809 -0.0481245 0.519149 0.0519149 
223 126 214 0.498325 -3.45283 -0.000162249 0.0856084 0.0123593 -0.0846962 3.4886 0.121058 
224 126 106 -1.33527 -1.0512 -4.31146e-05 0.0714203 -0.0907178 -0.0588041 1.69941 0.12957 
225 126 374 0.926391 0.0769988 -1.85386 -0.0316568 -0.0848806 -0.0193447 2.07386 0.0926342 
226 126 668 -2.9017 -0.418702 -4.14642 0.0715079 -0.254425 -0.0243503 5.07819 0.265402 
227 427 396 -1.97616 -1.55574 -2.52668e-05 0.0515518 -0.0654827 -0.0218362 2.51507 0.0861533 
228 427 106 0.173968 -1.20553 6.85213e-07 0.0264375 0.00381511 -0.0851296 1.21802 0.0892219 
229 427 668 1.29784 -1.64832 -2.96673 -0.051172 -0.0456928 0.00300119 3.63357 0.0686689 
230 427 1000 -0.367767 -0.0530748 -0.525531 -0.00249531 -0.00165148 0.00191301 0.643625 0.00355156 
231 396 197 -2.43527 0.973498 -7.70801e-06 -0.0288856 -0.0722584 0.10568 2.62264 0.13124 
232 396 106 1.94826 -0.778816 2.22588e-05 0.0067525 0.01689 -0.0640551 2.09816 0.0665877 
233 396 27 -1.86564 -1.46873 -9.47879e-06 -0.0505397 0.064197 0.0412216 2.3744 0.0915136 
234 396 571 0.185577 -1.286 2.6501e-06 -0.0583788 -0.00842424 0.0800763 1.29932 0.0994548 
235 396 791 0.945499 -1.20111 -2.16178 0.0877013 0.0847351 -0.00872195 2.64763 0.12226 
236 396 542 -0.427031 -0.0616184 -0.610179 0.00979842 0.0357305 -0.0104656 0.747309 0.0384994 
237 197 27 0.175383 -1.21538 -1.2931e-06 -0.10409 -0.0150205 0.00520794 1.22797 0.105297 
238 197 162 -2.24605 -1.76817 1.30371e-05 0.00896034 -0.0113819 0.0108242 2.85852 0.0180831 
239 197 344 0.214173 0.535773 -0.816 0.00487731 -0.0146558 -0.00834264 0.999389 0.017555 
240 197 1318 -0.281331 -0.0405916 -0.401988 0.0388297 0.0105206 -0.0282372 0.49233 0.0491504 
241 197 542 0.505011 -0.641508 -1.15465 -0.0200509 -0.023351 0.00420382 1.41414 0.0310641 
242 25 352 -2.24159 0.896124 -2.41352e-05 -0.0251827 -0.0629924 0.0115723 2.41408 0.0688196 
243 25 162 1.32448 -0.529483 -1.20894e-06 0.0407278 0.101879 -0.0346114 1.42639 0.115048 
244 25 31 -2.37269 -1.86783 -2.67116e-05 -0.0190528 0.0242034 -0.0505352 3.01968 0.059183 
245 25 538 0.228104 -1.58087 5.77565e-06 0.0069279 0.000999728 0.0269649 1.59724 0.0278586 
246 25 612 0.114411 0.286223 -0.435925 -0.0282523 0.0408202 0.0193871 0.533895 0.0532949 
247 25 648 -0.0606547 -0.00874985 -0.0866693 -0.00489827 0.00897893 0.00252153 0.106147 0.0105343 
248 25 512 1.023 -1.29951 -2.33894 -0.0130433 -0.102076 0.0510082 2.8646 0.114854 
249 352 31 0.262413 -1.81867 2.1166e-06 0.0452309 0.00652629 -0.00921106 1.8375 0.0466183 
250 352 161 -2.81116 -2.21299 -4.78577e-06 -0.00691019 0.00877787 0.0794091 3.5777 0.080191 
251 352 1079 0.0651235 0.162925 -0.248137 -0.0284446 0.0102828 -0.000713682 0.303904 0.0302546 
252 352 648 0.586723 -0.745315 -1.3415 -0.0630137 0.0494733 -0.0550465 1.64297 0.0972032 
253 352 628 -0.0808141 -0.0116571 -0.115474 0.00546134 0.0120055 -0.00503407 0.141425 0.0141174 
254 532 109 -4.94261 1.97598 2.54094e-05 -0.0293078 -0.0733077 -0.0971083 5.32296 0.125152 
255 532 161 3.28128 -1.31178 -1.69772e-05 0.0630879 0.157809 -0.0797564 3.53377 0.187736 
256 532 268 0.389229 -2.69797 -4.52352e-06 0.0542347 0.00782445 -0.0818814 2.7259 0.0985251 
257 532 193 -1.89857 -1.49454 -3.04144e-06 -0.0406262 0.051609 0.0487742 2.41624 0.0818101 
258 532 122 0.815253 -1.03567 -1.86413 0.0109367 -0.0253506 0.0188673 2.28303 0.03344 
259 109 96 -7.55022 3.01853 0.000102495 0.0338175 0.084586 0.0402342 8.13125 0.0995852 
260 109 193 0.499113 -3.46022 -2.10889e-05 -0.0551711 -0.00795769 -0.0603651 3.49603 0.0821652 
261 109 230 0.00193243 0.00483574 -0.00736481 0.000813286 0.00019207 0.000339509 0.00901993 0.000901993 
262 109 335 0.960308 -1.22005 -2.1961 -0.0450804 0.104926 -0.0780042 2.68953 0.138298 
263 148 83 -0.219401 0.087724 -2.63798e-06 -0.00186938 -0.00467608 -0.023086 0.236289 0.0236289 
264 148 15 1.22091 -0.48813 3.86908e-06 0.00191565 0.00479141 -0.00177314 1.31487 0.00545631 
265 148 130 -2.91044 -2.29093 5.93113e-06 -0.0648534 0.082391 0.031335 3.70392 0.109435 
266 148 278 0.218387 -1.51383 6.12476e-06 -0.0778673 -0.0112332 0.0145917 1.5295 0.0800151 
267 148 462 -0.227212 -0.032769 -0.324649 0.00515924 0.0386541 -0.00751242 0.397613 0.0397139 
268 148 439 0.834832 -1.06056 -1.90882 0.00908611 0.000676081 0.00359822 2.3378 0.009796 
269 83 130 0.0635677 -0.440638 5.6832e-06 -0.0223114 -0.00321822 0.0383529 0.4452 0.0444871 
270 83 180 -1.13497 -0.893417 2.80774e-05 0.0233018 -0.0296027 -0.0293138 1.44442 0.0477346 
271 83 462 0.517894 -0.657967 -1.18416 -0.0991555 0.00694493 -0.0472248 1.4503 0.110047 
272 248 59 -2.56783 -3.82956 1.79733e-05 -0.357682 0.239837 0.164121 4.61078 0.460862 
273 248 375 3.99509 -0.971224 -3.35541 0.197386 0.321548 0.141944 5.30686 0.403116 
274 248 389 -2.78904 0.320621 -3.35023 0.297343 0.2273 -0.225783 4.37099 0.437099 
275 192 160 -12.7393 2.5199 -0.000261115 0.234288 1.18445 0.102422 12.9862 1.21174 
276 192 59 12.0213 -11.9756 0.000347117 1.15989 1.1643 -0.39022 16.9684 1.68915 
277 192 21 -2.7481 -3.14088 -0.000148107 -0.243317 0.212891 -0.0325199 4.1734 0.324935 
278 192 330 -1.86907 4.33384 -3.82148 -0.00688609 -0.0534099 -0.0572029 6.07283 0.0785634 
279 192 469 0.0499483 -0.712359 -0.805461 0.0851514 -0.0464697 0.0463788 1.07644 0.107523 
280 160 495 -8.99823 -3.26369 9.13531e-05 0.133 -0.366689 0.0430518 9.57182 0.392433 
281 160 21 0.438737 -1.28811 -2.09322e-05 0.115707 0.0394109 -0.0323096 1.36078 0.126433 
282 160 584 -0.964417 1.3969 -2.75706 -0.10888 -0.169341 -0.0477129 3.23772 0.2069 
283 495 317 -8.58244 -1.09836 -0.00016269 -0.0825044 0.644665 0.0837486 8.65244 0.655296 
284 495 242 0.628149 -4.14501 -6.82633e-05 0.175424 0.0265884 -0.243294 4.19234 0.301119 
285 495 424 1.7548 -0.81622 -1.97371 0.0249694 -0.0780691 0.0544852 2.76425 0.098422 
286 495 406 -1.37806 -1.68988 -2.29149 0.000641525 -0.242504 0.178451 3.16317 0.301086 
287 317 560 -5.52091 -4.63338 0.000238326 0.164458 -0.195961 -0.00726048 7.20754 0.25593 
288 317 713 -0.207204 -0.0197968 -0.44958 -0.0441947 -0.00843481 0.02074 0.495426 0.0495426 
289 317 406 1.26344 -0.925208 -1.64554 -0.0507687 -0.0662033 -0.0017571 2.27158 0.0834471 
290 44 560 0.254368 -0.362387 1.67121e-05 -0.00824008 -0.00578191 0.0431151 0.44275 0.0442746 
291 44 350 -0.113019 -0.766435 -0.815219 -0.00172132 0.0138642 -0.0127959 1.12462 0.0189451 
292 44 724 0.0424872 0.217329 -0.747677 -0.0494081 0.0586246 0.0142329 0.77978 0.077978 
293 583 214 -0.0450094 -0.0354336 8.29897e-07 0.0033443 -0.00424812 -0.0018929 0.0572834 0.00572834 
294 583 401 0.481188 -3.3347 8.2302e-05 0.130501 0.0188299 -0.0411729 3.36924 0.138131 
295 214 106 -1.66276 0.664617 3.78496e-05 -0.00362186 -0.00906107 -0.00383607 1.79067 0.010485 
296 214 401 2.52699 -1.01006 2.70488e-05 -0.0189168 -0.0473278 -0.0546467 2.72138 0.0747263 
297 214 125 -1.13478 -0.893394 2.48533e-05 0.0491392 -0.0624174 -0.0472925 1.44426 0.0924509 
298 214 367 0.290113 -2.01014 -2.92083e-05 -0.0456105 -0.00658325 0.0361034 2.03097 0.0585416 
299 214 614 0.764279 0.0594912 -1.14175 0.0185847 -0.123098 0.00602635 1.37523 0.124639 
300 214 578 -0.266073 -0.0383989 -0.380164 0.0268368 0.0250617 -0.0213142 0.465612 0.042457 
301 106 125 0.291856 -2.02215 -8.02682e-06 0.0284148 0.00410162 -0.133007 2.04311 0.136071 
302 106 571 -1.82887 -1.43978 -1.99455e-05 -0.086779 0.110229 0.127062 2.32761 0.189277 
303 106 668 0.558753 1.39758 -2.12838 0.0673367 0.00690945 0.0222147 2.6068 0.0712423 
304 106 791 -0.310616 -0.0448241 -0.443818 0.040648 0.0117105 -0.0296311 0.543567 0.0516469 
305 106 578 0.556219 -0.706542 -1.27175 -0.019392 0.00850406 -0.0132059 1.55754 0.0249553 
306 27 162 -1.64797 0.658795 9.96318e-06 -0.022622 -0.0565896 0.048809 1.77477 0.0780798 
307 27 571 2.24282 -0.89656 1.45689e-05 0.0189239 0.0473395 -0.00610708 2.41538 0.0513462 
308 27 479 -1.70247 -1.34022 1.2674e-05 0.0186418 -0.0236806 -0.0119396 2.1667 0.0324167 
309 27 72 0.186346 -1.29139 -1.09912e-05 0.00362354 0.000523085 -0.0250848 1.30477 0.0253506 
310 27 542 0.169141 0.423152 -0.644466 -0.0201432 0.0174147 0.00614778 0.789305 0.0273279 
311 27 644 -1.0623 -0.153268 -1.51789 -0.00684926 -0.0241318 0.0072302 1.85902 0.0261062 
312 162 479 0.216821 -1.50264 3.57782e-07 -0.0403519 -0.00582251 -0.0306104 1.5182 0.0509821 
313 162 538 -1.76656 -1.39066 1.00353e-05 -0.0328189 0.041691 0.137336 2.24826 0.147229 
314 162 1318 0.0655735 0.164046 -0.249851 0.0288219 0.0029359 0.00949195 0.306001 0.0304864 
315 162 644 0.482482 -0.612886 -1.10312 0.0911404 0.0115907 0.0334233 1.35103 0.0977652 
316 162 512 -1.16881 -0.168608 -1.67004 -0.0963493 -0.0219664 0.06965 2.04538 0.1209 
317 31 161 -2.28075 0.911795 -6.11496e-06 0.000313337 0.000782933 -0.125757 2.45625 0.12576 
318 31 538 1.99212 -0.796394 2.67356e-05 0.0198754 0.0497168 0.00218065 2.14541 0.0535868 
319 31 266 0.236145 -1.63666 -6.47151e-06 -0.0506873 -0.00731357 0.0458778 1.65361 0.0687566 
320 31 140 -2.20356 -1.73465 -4.946e-06 -0.00842339 0.0107003 0.0162878 2.80441 0.0212307 
321 31 648 0.0761323 0.190458 -0.290072 -0.0167446 0.0280272 0.0140075 0.355263 0.0355263 
322 31 783 -0.36622 -0.05283 -0.523285 -0.0420224 0.041142 0.0252556 0.640886 0.0640031 
323 31 254 0.518683 -0.658881 -1.18592 -0.0225646 -0.0189759 0.000673779 1.45243 0.0294907 
324 161 268 -2.00314 -1.57688 8.01708e-06 -0.0282482 0.0358838 -0.104495 2.54934 0.114039 
325 161 140 0.277895 -1.9261 1.41263e-06 -0.0485844 -0.00700964 0.077806 1.94604 0.0919965 
326 161 628 0.0303155 0.0758419 -0.11551 0.00190162 0.0113942 0.00798033 0.141469 0.0140403 
327 161 783 0.515244 -0.65453 -1.17808 0.0356382 -0.00235326 0.0168941 1.44283 0.0395099 
328 161 122 -0.366768 -0.0529068 -0.524057 -0.0430274 0.0254134 0.0275476 0.641836 0.057062 
329 268 193 -2.66072 1.0637 1.14822e-06 -0.0196746 -0.0492137 -0.105907 2.86547 0.118428 
330 268 140 2.0334 -0.812908 -5.29699e-06 0.0136721 0.0341993 0.00266574 2.18987 0.0369273 
331 268 255 -1.84078 -1.44903 1.51936e-05 0.00971673 -0.0123437 -0.00104252 2.34268 0.0157438 
332 268 229 0.341419 -2.36644 9.60619e-06 -0.0720676 -0.0103971 0.128392 2.39094 0.147602 
333 268 122 0.113542 0.284041 -0.432604 0.00370456 0.0152868 0.0110094 0.529828 0.0191994 
334 268 867 0.660072 -0.838514 -1.50924 -0.0927582 -0.0160938 -0.0316266 1.84841 0.0993143 
335 268 722 -0.116578 -0.0168154 -0.166572 -0.0127287 -0.0122947 0.0101495 0.204008 0.0204008 
336 193 116 -3.68911 1.47487 -1.32391e-05 0.0200382 0.0501222 0.0534478 3.97301 0.0759633 
337 193 255 0.421789 -2.9237 1.79746e-05 0.104493 0.015075 0.0407427 2.95397 0.113164 
338 193 722 0.883013 -1.12175 -2.01906 -0.0196134 0.0490189 -0.0358116 2.47278 0.0637967 
339 15 193 1.88106 1.4807 -1.25375e-05 -0.0052972 0.00673016 0.0796372 2.39392 0.0800965 
340 15 255 1.55872 -0.623155 1.42284e-06 -0.0355488 -0.0889192 0.0579314 1.67867 0.111921 
341 15 33 0.328275 -2.27547 1.18415e-05 -0.0944809 -0.0136301 0.0800486 2.29903 0.12458 
342 15 278 -2.18928 -1.72331 2.95852e-06 0.159453 -0.202568 0.0491362 2.78617 0.262437 
343 15 786 0.705217 -0.895886 -1.61244 -0.0473078 0.0949159 -0.0734267 1.97482 0.12899 
344 15 439 -0.701865 -0.101225 -1.00285 0.0616439 -0.0633433 -0.036749 1.22824 0.0957227 
345 130 180 -0.766534 0.30646 5.50866e-06 -0.00875381 -0.0218961 0.0343033 0.825525 0.0416267 
346 130 278 0.870602 -0.348088 2.25319e-06 0.0133009 0.0332672 0.0450353 0.937611 0.0575482 
347 130 3 -3.57878 -2.81717 -5.13032e-05 0.0324313 -0.0412 0.0580447 4.55457 0.0782203 
348 130 462 0.339955 0.850385 -1.29521 -0.0837546 0.0994471 0.04331 1.58628 0.137041 
349 130 399 0.536609 -0.681756 -1.22698 -0.106141 -0.0354994 -0.0266951 1.50274 0.11506 
350 180 111 -0.672614 -0.221133 -8.67145e-06 0.0151193 -0.0459871 -0.0250011 0.708033 0.0544836 
351 180 3 0.203025 -1.40702 -2.54988e-05 0.0522607 0.00754182 -0.0514762 1.4216 0.0737418 
352 180 375 -2.24366 1.40261 -2.15917 0.248057 0.0414065 -0.230866 3.41517 0.341388 
353 180 339 0.261428 -0.332147 -0.59785 -0.0351513 -0.039494 0.00657069 0.732183 0.0532782 
354 111 549 -0.285354 -0.409009 2.12967e-05 0.0303968 -0.0212052 0.0332833 0.498713 0.0498136 
355 111 582 -0.908605 0.281182 -1.54943 0.136098 0.104008 -0.0609352 1.81806 0.181806 
356 111 915 0.16422 -0.249825 -0.297653 0.00732363 -0.00776607 0.0105587 0.421874 0.0150145 
357 59 549 7.58944 -15.2927 -0.000150732 -1.43672 -0.713022 0.584748 17.0724 1.70719 
358 59 582 4.64415 0.711402 -7.65754 -0.152911 0.69323 -0.0283352 8.98399 0.710459 
359 59 469 -0.128972 0.00854813 -0.145796 -0.0145716 -0.00206161 0.0127692 0.194842 0.0194842 
360 21 478 -1.45628 -4.7505 9.16281e-05 0.174885 -0.0536125 -0.0433024 4.9687 0.187974 
361 21 424 -1.29343 0.639675 -1.47144 0.0385073 -0.0340613 -0.0486561 2.06089 0.0707842 
362 560 509 2.96715 -1.24666 -0.00011387 -0.0121963 -0.0290121 -0.176384 3.2184 0.17917 
363 560 277 -5.13677 -4.04144 0.000170136 -0.189491 0.240852 0.105993 6.53602 0.32427 
364 560 350 -3.32985 0.675786 -3.57601 -0.203514 0.0197805 0.193243 4.93279 0.28134 
365 560 562 0.894249 -0.939719 -1.99856 0.179923 0.0470162 0.0583989 2.38265 0.194918 
366 401 277 2.37389 -3.37656 0.000224538 0.180086 0.1266 -0.141301 4.12753 0.261581 
367 401 367 -1.35546 -1.06714 -4.19564e-05 -0.0676408 0.085916 -0.00274221 1.72513 0.109382 
368 401 614 -0.207901 0.231101 -0.462989 0.033081 0.0442563 0.00723578 0.557664 0.0557255 
369 401 350 2.01953 -0.184711 -2.1341 0.0936123 -0.23144 0.108618 2.94398 0.27226 
370 125 571 -0.45669 0.182552 -2.2822e-06 0.00314504 0.00786792 -0.00258958 0.491824 0.0088601 
371 125 367 2.02142 -0.807982 -6.87688e-05 -0.0225792 -0.0564872 -0.0190588 2.17692 0.0637484 
372 125 831 -1.9453 -1.53138 -5.96548e-05 0.0670221 -0.0851309 -0.167776 2.47574 0.19972 
373 125 943 0.00407948 -0.0282636 -8.2292e-07 -0.00280674 -0.000405127 0.000335838 0.0285564 0.00285564 
374 125 578 0.180509 0.451653 -0.687875 0.0284698 -0.0322909 -0.013731 0.842464 0.045186 
375 125 888 -0.235403 -1.20812 -2.61315 -0.285542 -0.0205145 0.0352072 2.88851 0.288435 
376 571 831 0.519137 -3.59708 -7.07084e-05 0.19684 0.0284075 0.0386159 3.63435 0.202594 
377 571 72 -1.37525 -1.08267 -2.53012e-05 -0.0195291 0.0248091 -0.0980455 1.75028 0.103004 
378 571 791 0.598018 1.49616 -2.27868 0.0642519 0.0528927 0.0515911 2.79079 0.0979162 
379 571 764 -0.0881988 -0.220633 -0.336055 0.0298392 0.019269 -0.0204822 0.411571 0.0410023 
380 479 538 -1.06987 0.427698 4.87132e-06 -0.0192186 -0.0480747 0.0233403 1.15219 0.0567917 
381 479 72 1.12821 -0.451015 -1.73423e-05 0.00980173 0.0245197 -0.0177198 1.21502 0.0318007 
382 479 172 -1.41533 -1.11416 -1.16403e-05 -0.0128397 0.0163102 0.0203946 1.80125 0.0291002 
383 479 19 0.257528 -1.78483 -9.56747e-06 -0.0468578 -0.00676063 -0.0600819 1.80332 0.0764931 
384 479 644 0.204662 0.511977 -0.779753 0.0549261 -0.0260166 -0.00266571 0.954998 0.0608346 
385 479 328 -0.948248 -0.136788 -1.3549 -0.0449202 -0.00293069 0.0317341 1.65941 0.055077 
386 479 527 0.294015 -0.373482 -0.672225 0.0513386 0.027467 0.00719386 0.823298 0.0586671 
387 538 266 -1.99358 -1.56937 -4.15475e-05 0.0144071 -0.0182979 -0.130899 2.53718 0.132954 
388 538 172 0.223324 -1.54777 -1.67173e-05 -0.0638365 -0.00921153 0.0659437 1.5638 0.0922417 
389 538 512 0.311493 0.779245 -1.18678 0.0581845 0.0409801 0.0421792 1.45352 0.0827278 
390 538 328 0.767025 -0.974333 -1.75369 0.0138222 0.0135171 -0.0014644 2.14781 0.0193884 
391 538 254 -0.0532945 -0.00768824 -0.0761527 -0.00738709 0.00294573 0.00487236 0.0932665 0.00932665 
392 266 140 -1.7128 0.684742 3.96579e-06 0.0189053 0.0472897 -0.0236273 1.8446 0.0561424 
393 266 172 1.69457 -0.677443 1.03751e-05 0.0257491 0.0644108 0.0842697 1.82497 0.109147 
394 266 306 -2.07868 -1.63633 1.32492e-05 0.0355836 -0.0452027 0.0240063 2.64546 0.062336 
395 266 643 0.25928 -1.79703 -1.27603e-07 -0.0623431 -0.00899502 0.0279335 1.81564 0.0689047 
396 266 254 0.163988 0.410227 -0.624782 -0.0518924 0.0487451 0.0183854 0.7652 0.0735319 
397 266 610 0.237634 -0.301865 -0.543322 -0.0159107 0.00140205 -0.00773784 0.665426 0.017748 
398 266 526 -0.456656 -0.0658763 -0.652507 -0.0168282 0.00323783 0.0114503 0.79915 0.0206103 
399 140 306 0.273856 -1.89807 5.4814e-06 -0.0338067 -0.00487752 0.0517455 1.91773 0.0620023 
400 140 229 -1.95992 -1.54284 1.6055e-05 0.0687134 -0.0872902 -0.108739 2.49433 0.155452 
401 140 783 0.113293 0.283411 -0.431646 -0.0409287 0.0318159 0.0101473 0.528654 0.052824 
402 140 867 -0.37662 -0.0543273 -0.538135 -0.0501727 0.0277648 0.0323109 0.659077 0.0658193 
403 140 526 0.315855 -0.401235 -0.722176 -0.00152548 -0.0351549 0.0188646 0.884472 0.0399258 
404 255 229 1.59696 -0.638431 -4.24424e-06 0.00908497 0.0227248 0.0418432 1.71985 0.0484748 
405 255 16 0.319214 -2.2125 4.62408e-06 0.0132001 0.00190477 0.137798 2.23541 0.138441 
406 255 722 0.0230924 0.0577678 -0.0879831 0.0103187 -0.00231925 0.00118551 0.107756 0.0106423 
407 255 414 0.668931 -0.849764 -1.52948 -0.0258948 -0.0101345 -0.00569467 1.8732 0.0283844 
408 33 255 1.72945 1.36138 -9.47092e-06 -0.00243328 0.00309141 0.0355492 2.20099 0.0357663 
409 33 278 -1.10814 0.443033 -4.8796e-06 -0.0156841 -0.0392307 -0.0484341 1.19342 0.064272 
410 33 16 0.673949 -0.269432 -1.62178e-06 -0.00223303 -0.00558605 0.0704234 0.725811 0.0706799 
411 33 235 -2.14163 -1.68585 -8.75997e-06 -0.00638625 0.0081131 -0.0555355 2.72556 0.0564871 
412 33 63 0.274378 -1.90165 -2.13782e-06 -0.0446704 -0.00644537 0.0942509 1.92134 0.1045 
413 33 786 0.308336 0.771275 -1.1747 -0.131616 0.0310639 -0.0141509 1.4387 0.13597 
414 33 640 -0.1434 -0.020684 -0.204895 0.0199785 0.00359737 -0.0143454 0.250945 0.024857 
415 278 235 0.147749 -1.02409 9.05128e-07 -0.0079662 -0.00114922 0.103156 1.03469 0.103469 
416 278 50 -2.95997 -2.33002 -1.34313e-05 -0.140856 0.178938 -0.0185439 3.76701 0.228479 
417 278 439 0.28282 0.707464 -1.07749 0.052196 0.00682326 0.0181805 1.31965 0.0556912 
418 278 640 0.579749 -0.736509 -1.32559 0.031003 -0.00768817 0.0178309 1.6235 0.0365819 
419 278 399 -0.241401 -0.0348185 -0.344918 -0.0230608 0.0136214 0.0147647 0.422439 0.0305833 
420 3 50 1.63535 -0.653859 1.7791e-05 0.0327231 0.0818406 -0.0734436 1.76122 0.114729 
421 3 81 -5.10767 -4.02208 0.00016962 -0.111809 0.141986 -0.034369 6.50119 0.183963 
422 3 339 0.164361 0.411289 -0.626416 0.0259477 0.0137238 0.0158189 0.767183 0.0333446 
423 3 915 -0.119527 0.0144825 -0.11987 -0.00560101 0.0142597 0.00730781 0.169898 0.016974 
424 3 905 0.218003 -0.277022 -0.498521 0.0159387 -0.00916227 0.0120613 0.610565 0.0219878 
425 549 208 -0.551834 -0.00144791 -2.80066e-05 -4.77255e-05 0.0177677 0.0218015 0.551836 0.0281247 
426 549 81 9.96126 -5.39118 -0.000252651 0.391527 0.723448 -0.530336 11.3266 0.978737 
427 549 507 -4.55602 -8.46886 -0.000506343 0.639746 -0.344183 0.282588 9.61659 0.779482 
428 549 918 -1.33894 0.412155 -2.2971 0.191131 0.171289 -0.0806733 2.6906 0.269034 
429 549 805 0.879207 -2.92425 -3.07075 0.257134 -0.0698972 0.140184 4.33056 0.30109 
430 208 701 -0.65846 0.0603311 -0.994695 0.0521085 -0.0203493 -0.0357285 1.19442 0.0663771 
431 478 242 -3.36762 2.35475 -4.02597e-05 0.117815 0.168493 0.0499571 4.10922 0.21158 
432 478 420 3.01721 -3.71235 -0.000178005 0.087909 0.0714563 -0.173435 4.78384 0.207156 
433 478 186 -0.829841 -0.387651 -3.09032e-05 -0.0263844 0.0564812 -0.0051377 0.91592 0.0625512 
434 478 499 -0.113421 -2.98913 -3.4285 -0.00764714 -0.245792 0.214546 4.54999 0.326346 
435 242 509 -3.16289 -0.540393 -1.55143e-05 0.0185656 -0.108665 0.0539646 3.20872 0.122739 
436 242 186 -0.00417469 -0.0480716 -1.1553e-06 -0.00457857 0.000397585 0.00132273 0.0482525 0.00478236 
437 242 878 1.10121 -0.958395 -2.52865 -0.100898 -0.1405 0.00931117 2.9198 0.173227 
438 509 211 -1.13907 -0.896292 -2.83683e-05 -0.0399374 0.0507573 -0.0711209 1.44942 0.0960702 
439 509 703 0.905795 -0.868867 -1.98764 0.0969414 -0.17638 0.121279 2.35077 0.234981 
440 277 211 0.342219 -0.143815 -3.00609e-05 -0.0108198 -0.0257416 -0.0243552 0.37121 0.0370523 
441 277 67 0.910255 -7.20116 -0.000121866 -0.0818116 -0.0103408 -0.0297386 7.25846 0.087661 
442 277 589 -4.85305 0.641987 -5.81119 0.161421 -0.138038 -0.150056 7.5983 0.260054 
443 277 308 0.619215 -0.551077 -1.98304 0.053402 0.204294 -0.0400972 2.14931 0.214931 
444 367 155 1.91102 -2.88267 -1.7424e-06 0.0500667 0.033191 -0.0800335 3.45859 0.100068 
445 367 943 -1.18769 -0.93509 4.19027e-06 0.0802583 -0.101938 0.00784557 1.51162 0.129978 
446 831 72 -1.50662 0.602212 8.11201e-06 -0.0313443 -0.0784171 -0.0204649 1.62252 0.0868937 
447 831 635 0.792125 -5.48959 3.52838e-05 -0.313806 -0.0452811 -0.0276615 5.54644 0.318261 
448 831 764 -0.110421 0.140259 -0.252449 0.0252794 -0.00813847 -0.0155788 0.309186 0.0307894 
449 831 732 -0.0154758 -0.377405 -0.674031 -0.0648333 -0.0360211 0.0216576 0.772653 0.0772653 
450 72 239 0.200202 -1.38752 -9.03783e-07 -0.054351 -0.00784218 0.0158021 1.40189 0.0571423 
451 72 19 -1.10088 -0.866624 1.25645e-05 -0.0229965 0.0292139 0.0824924 1.40106 0.0904836 
452 72 764 0.0967113 0.0139602 -0.13819 -0.0104435 0.0116261 -0.00613431 0.169247 0.0167888 
453 72 527 -0.961857 -0.138773 -1.37435 0.0604704 0.0214982 -0.0444919 1.68323 0.0780921 
454 172 19 1.26657 -0.506329 1.57795e-06 0.0255344 0.0638735 0.0303077 1.36402 0.075169 
455 172 338 0.330008 -2.28723 5.33899e-06 -0.0171184 -0.00247 -0.0446324 2.31091 0.0478664 
456 172 643 -1.74478 -1.3735 -1.27801e-05 -0.034449 0.0437616 -0.0345169 2.22053 0.0655227 
457 172 328 0.365906 0.915349 -1.39405 0.0233468 0.0532671 0.0411037 1.70738 0.0712178 
458 172 610 -0.150926 -0.0217738 -0.215658 -0.0215429 0.00403541 0.0146691 0.264124 0.0263735 
459 172 634 0.170245 -0.216259 -0.389243 0.0360516 0.0307884 -0.0013377 0.476719 0.0474282 
460 306 229 -1.3941 0.557331 5.37235e-06 0.00748119 0.018714 -0.0728163 1.50138 0.0755539 
461 306 643 1.5503 -0.619776 -8.47901e-06 -0.00767624 -0.0192015 0.0230945 1.66959 0.0309996 
462 306 196 -1.98224 -1.56041 1.01639e-05 0.0239343 -0.0304048 -0.048929 2.52273 0.0623807 
463 306 204 0.190951 -1.32347 5.00185e-08 -0.0134375 -0.00193877 0.0966335 1.33717 0.0975825 
464 306 526 0.0350096 0.0875768 -0.133384 0.006153 0.0118452 0.00939221 0.163361 0.0163212 
465 306 392 -0.734583 -0.105962 -1.04961 -0.0352641 0.00815911 0.0238564 1.2855 0.0433503 
466 306 928 0.395453 -0.502352 -0.904162 0.0336723 0.00244233 0.0133703 1.10736 0.0363119 
467 229 196 0.246739 -1.71011 7.78558e-07 -0.0927843 -0.0133871 0.105223 1.72782 0.140925 
468 229 16 -1.9301 -1.51935 1.1143e-05 0.0525877 -0.0668049 -0.0627936 2.45636 0.105695 
469 229 867 0.0772067 0.193139 -0.294159 -0.0202484 0.0270689 0.0124583 0.360268 0.0360268 
470 229 392 0.667189 -0.847542 -1.52547 -0.0244132 -0.0275602 0.00463477 1.8683 0.0371086 
471 229 414 -0.470639 -0.0678884 -0.67247 -0.0568207 0.0480961 0.0349114 0.823605 0.0822231 
472 235 50 -1.40366 0.561198 -6.71222e-06 -0.00210095 -0.00525501 -0.0117097 1.51169 0.0130057 
473 235 63 0.656698 -0.262537 1.4861e-06 0.00362818 0.0090756 0.0411757 0.707233 0.0423199 
474 235 263 0.0591217 -0.409732 -1.93178e-06 -0.0116928 -0.00168738 0.039676 0.413975 0.0413975 
475 235 60 -2.566 -2.02014 -2.16001e-05 0.0768491 -0.097613 -0.144702 3.26579 0.190716 
476 235 640 0.261291 0.653647 -0.995529 0.0398226 0.0572001 0.0480086 1.21926 0.0846317 
477 235 486 0.764083 -0.970625 -1.74699 -0.101868 -0.136523 0.0312981 2.13961 0.173191 
478 50 291 -3.69891 -2.91233 4.40963e-05 0.109566 -0.139159 -0.0737552 4.70782 0.191859 
479 50 399 0.495297 1.2391 -1.8872 0.0317761 -0.0414282 -0.0188613 2.31132 0.0555137 
480 50 477 0.2071 -0.263126 -0.473553 -0.0244776 -0.0496802 0.0168996 0.579981 0.057904 
481 291 81 -7.92192 3.16724 5.6496e-05 0.119883 0.299863 -0.668143 8.5316 0.742095 
482 291 60 5.95851 -2.38219 -7.40569e-05 0.0326908 0.0817794 -0.347664 6.41706 0.358646 
483 291 238 -3.25705 -2.56397 5.21897e-05 -0.0266152 0.0338145 0.238166 4.14515 0.242022 
484 291 174 0.106767 -0.740196 8.78708e-06 0.0506953 0.00731216 -0.0176138 0.747857 0.0541638 
485 291 905 0.143311 0.358711 -0.546312 -0.0231865 -0.00658432 -0.0104057 0.66908 0.0262535 
486 291 315 0.861706 -1.09499 -1.97078 0.0983703 0.0100813 0.0374103 2.41361 0.105725 
487 81 238 0.476174 -3.3016 1.99105e-05 -0.102712 -0.0148123 0.212746 3.33576 0.236707 
488 81 915 0.0172729 0.148124 -0.148481 -0.0142844 0.0117396 0.0100496 0.210441 0.0210441 
489 81 460 0.739551 -0.940026 -1.69189 -0.0464082 -0.073279 0.0204286 2.07197 0.0891116 
490 81 805 -3.50009 -1.03142 -3.66927 -0.177279 0.20488 0.111514 5.17475 0.292983 
491 507 420 -6.3798 -0.0177101 -8.44247e-05 0.000415604 -0.148614 -0.231045 6.37982 0.274714 
492 507 91 4.18436 -6.67799 0.00068499 -0.628983 -0.39413 -0.161798 7.88063 0.759695 
493 507 154 -0.786921 -1.48425 3.5376e-05 -0.12272 0.065064 0.00947406 1.67995 0.139224 
494 507 661 -0.149155 0.0334858 -0.255977 -0.0206382 -0.0113032 0.0105471 0.298149 0.0257864 
495 420 316 -3.24696 -3.92666 0.000194333 -0.203769 0.168506 0.188918 5.09523 0.324971 
496 420 661 0.116912 0.0269284 -0.200883 0.0174209 -0.0130904 0.00838406 0.233982 0.0233482 
497 186 289 -0.875345 -0.404653 1.76688e-05 0.0157461 -0.0340604 0.0358245 0.964351 0.0518791 
498 211 67 -1.12236 -0.851968 9.04543e-05 0.0493016 -0.0649405 0.0781055 1.40909 0.112909 
499 211 289 0.19314 -0.156302 4.66757e-06 0.0135735 0.0167727 0.00322745 0.248462 0.021817 
500 67 155 -2.24582 0.861174 -0.000150173 -0.0241933 -0.0630998 -0.039389 2.40527 0.0782201 
501 67 565 4.43954 -3.60062 -6.42252e-05 -0.0906424 -0.11176 -0.0975964 5.71612 0.173872 
502 67 593 -3.53181 -2.86218 0.000414957 0.175525 -0.216576 0.0906804 4.54596 0.29315 
503 67 729 2.12047 -1.76034 -6.06963 -0.453955 -0.226107 -0.0930162 6.666 0.515608 
504 155 593 0.303121 -1.90909 0.000297128 -0.0629143 -0.00996887 0.131682 1.93301 0.14628 
505 155 419 -0.333153 -0.269991 4.41525e-06 -0.0203616 0.0251246 -0.0281429 0.428819 0.0428703 
506 155 445 -0.250452 0.0613136 -0.278096 -0.0134182 0.0299842 0.0186951 0.37924 0.037797 
507 943 635 -1.36977 -1.07816 1.93207e-05 -0.029356 0.0372951 -0.0391501 1.74318 0.0615259 
508 943 445 0.289612 -0.0227254 -0.313318 0.0231152 -0.0272722 0.0233444 0.42727 0.0426971 
509 239 19 -0.862464 0.344782 8.92831e-06 0.00428431 0.0107184 -0.0509479 0.928827 0.0522392 
510 239 635 2.76253 -1.10408 5.96887e-06 0.0350115 0.0876027 0.0456493 2.97499 0.104804 
511 239 1 -1.016 -0.799798 2.34329e-05 0.0146715 -0.0186387 -0.0403255 1.29303 0.0467847 
512 239 797 -0.810819 -0.116986 -1.15851 -0.0502073 0.0951549 0.0255303 1.41889 0.110576 
513 19 338 -1.36284 -1.07282 2.00065e-06 0.00613879 -0.00779846 -0.0854753 1.73444 0.0860496 
514 19 1 0.219458 -1.521 1.30777e-05 0.0507972 0.00732987 0.0666357 1.53675 0.0841095 
515 19 527 0.184177 0.460716 -0.701686 0.0169375 0.000229024 0.00459608 0.859386 0.0175515 
516 19 797 0.51728 -0.657119 -1.1827 -0.0602449 0.0427651 -0.05011 1.44851 0.089271 
517 19 634 -0.150815 -0.0217586 -0.215497 0.0136488 0.0105084 -0.0106131 0.263927 0.0202325 
518 338 643 -1.89676 0.75826 -1.64759e-05 -0.029127 -0.0728625 -0.119224 2.0427 0.14273 
519 338 1 0.692976 -0.277032 5.4901e-06 0.00605759 0.0151517 -0.0465144 0.746299 0.0492936 
520 338 588 -1.22071 -0.960961 -9.30512e-06 0.013118 -0.0166632 -0.0682277 1.55357 0.0714476 
521 338 619 0.192586 -1.33486 8.46195e-06 0.0136408 0.00196773 -0.0465646 1.34868 0.0485613 
522 338 634 0.0314336 0.0786285 -0.119757 0.00959407 0.00784418 0.00766849 0.14667 0.0145734 
523 338 360 0.969886 -1.23214 -2.21753 -0.0556324 -0.241459 0.109831 2.71593 0.271036 
524 643 588 0.225287 -1.56147 3.27549e-06 0.108309 0.0156267 -0.0237211 1.57764 0.111972 
525 643 204 -1.80133 -1.41801 1.17283e-05 -0.037431 0.0475499 0.0610943 2.2925 0.0859918 
526 643 610 0.0534321 0.133659 -0.203569 -0.0117023 0.0196864 0.00985405 0.249319 0.0249319 
527 643 361 0.155356 -0.197353 -0.355209 -0.0263348 0.0104389 -0.0173178 0.435037 0.0332023 
528 643 928 -0.821612 -0.118528 -1.17397 0.0556691 -0.0129767 -0.0376502 1.43781 0.0684469 
529 196 16 -1.00492 0.401746 4.42175e-06 0.00940641 0.0235301 -0.105145 1.08225 0.108155 
530 196 204 1.31776 -0.526821 -5.66458e-06 -0.0246271 -0.0616022 0.106709 1.41917 0.125651 
531 196 258 -2.12529 -1.67301 -1.46257e-05 0.0932368 -0.118443 0.0686598 2.70478 0.165638 
532 196 13 0.164097 -1.13733 -1.34372e-05 -0.0351179 -0.00506773 0.0706043 1.14911 0.0790185 
533 196 392 0.193378 0.483752 -0.736765 -0.0517005 0.0597894 0.0256873 0.902349 0.0831116 
534 196 373 -0.759745 -0.109585 -1.08556 -0.0402443 -0.0111031 0.0292862 1.32954 0.0509957 
535 196 1161 0.350682 -0.445477 -0.801795 0.0275603 -0.0321001 0.0298889 0.981989 0.0518009 
536 16 258 0.246966 -1.71165 -1.6417e-05 -0.0619718 -0.00894197 0.0358743 1.72938 0.0721625 
537 16 414 0.154102 0.385498 -0.587128 -0.0510167 0.0444971 0.0158258 0.719079 0.0695209 
538 16 373 0.566732 -0.719916 -1.29577 -0.0372364 -0.0226367 -0.00370945 1.58697 0.0437348 
539 16 252 -0.684887 -0.0987902 -0.978589 -0.034303 0.109287 0.012975 1.19853 0.115277 
540 63 16 2.06185 1.62305 -2.94363e-06 -0.0296684 0.0376892 -0.0251079 2.62402 0.0541396 
541 63 263 -2.1396 -1.68431 -1.84289e-05 0.0533477 -0.0677667 -0.11913 2.72301 0.147073 
542 63 102 0.328781 -2.27865 -2.95074e-05 -0.0556125 -0.00802337 -0.0640914 2.30225 0.085234 
543 63 486 -0.588873 -0.0849378 -0.841404 -0.0166864 -0.00141576 0.0118212 1.03051 0.0204984 
544 263 60 -3.95125 1.57958 -8.28734e-06 0.0526469 0.131693 -0.18907 4.25528 0.236352 
545 263 102 1.99996 -0.799517 -1.30285e-05 -0.00293772 -0.00734827 -0.0182744 2.15385 0.0199143 
546 263 577 -1.35298 -1.06513 1.14312e-05 -0.00316537 0.00402064 -0.0161595 1.72194 0.0169503 
547 263 153 0.308636 -2.13909 -2.04844e-05 0.0813983 0.0117445 0.000170925 2.16124 0.0822414 
548 263 486 0.297923 0.745333 -1.13512 -0.05317 0.0488834 0.0181424 1.39025 0.07447 
549 263 599 0.43361 -0.550815 -0.991442 -0.0437151 -0.0690167 0.0192247 1.21424 0.083928 
550 263 525 -0.0546986 -0.00789162 -0.0781567 0.00776415 -0.00199057 -0.00523282 0.0957219 0.00957219 
551 60 577 0.144281 -1.00007 8.67546e-06 -0.0562668 -0.00811739 0.0365821 1.01042 0.0676024 
552 60 174 -1.84749 -1.45441 5.47614e-05 -0.0769581 0.0977587 0.0301569 2.35128 0.128019 
553 60 477 0.245439 0.614145 -0.935332 -0.00870411 0.029505 0.0170891 1.14554 0.0351901 
554 60 525 0.8806 -1.11871 -2.01357 0.181236 0.0176606 0.0694487 2.46605 0.194889 
555 238 174 5.41396 -2.16464 -4.90042e-06 -0.0305215 -0.0763375 0.0563049 5.83067 0.0996455 
556 238 91 -9.68453 -2.6321 0.000507871 0.040221 -0.148053 -0.333969 10.0358 0.367522 
557 238 460 0.295494 0.739561 -1.12655 -0.0997317 0.044319 0.00293503 1.37963 0.109175 
558 238 566 1.12717 -1.43827 -2.5796 -0.0388821 0.0310062 -0.0342774 3.16125 0.0603999 
559 539 316 4.96854 -0.45278 -0.000285872 0.0173949 0.191091 -0.331966 4.98912 0.383432 
560 539 411 -1.06217 -3.89818 -0.572475 -0.13597 0.00077869 0.246977 4.08065 0.281933 
561 539 1027 -1.31457 4.7007 -7.44275 -0.116957 -0.0360417 -0.00210584 8.90052 0.122402 
562 539 910 -1.63633 -0.452236 -1.11623 -0.0838691 0.122998 0.0731151 2.03176 0.165856 
563 289 864 -0.492837 0.323343 -1.13267 -0.0576129 0.0661477 0.0439511 1.27686 0.0981146 
564 289 910 0.00700311 -0.978224 -0.643075 -0.0394858 -0.0333577 0.0503125 1.17069 0.0721333 
565 565 516 0.25041 -0.660681 -3.58568e-05 0.0649001 0.0245976 0.0132279 0.706544 0.0706544 
566 565 910 4.72495 -1.35408 -3.23159 -0.119756 0.018813 -0.182979 5.88233 0.219492 
567 565 355 -0.268187 -1.37345 -1.97722 -0.00758427 -0.198298 0.138774 2.42234 0.242152 
568 593 419 -0.795768 0.305107 -0.000122226 0.0232782 0.0607354 0.05507 0.852254 0.0852254 
569 593 927 0.0612638 1.48106 -2.56289 0.156708 -0.0706759 -0.0370967 2.96069 0.175865 
570 593 851 3.39561 -2.94155 -5.90312 -0.642133 -0.237351 -0.251096 7.4182 0.72919 
571 593 854 -5.9032 -3.07296 -6.1115 0.539747 -0.208226 -0.416651 9.03555 0.71294 
572 419 826 -0.946149 0.237507 -1.03709 -0.0712378 -0.104534 0.0410515 1.42378 0.132994 
573 635 564 2.37163 -3.80104 -6.76633e-05 -0.0318019 -0.0198422 -0.0212679 4.48024 0.0430976 
574 635 429 -2.33216 -3.6606 0.000278791 0.203623 -0.129718 0.128578 4.34039 0.273535 
575 635 826 1.53536 -0.133103 -1.63846 0.106837 0.0688258 0.0945233 2.24936 0.158385 
576 1 619 -0.554102 -0.436184 -7.63167e-07 -0.0123596 0.0157009 -0.031557 0.705185 0.0373514 
577 1 797 0.193001 0.4828 -0.735333 -0.0600081 -0.0114305 -0.0232552 0.900588 0.0653639 
578 1 360 -0.637418 -0.091972 -0.910741 0.025598 0.0443425 -0.0223937 1.11544 0.0558837 
579 1 573 0.988137 -2.20816 -1.50376 -0.0313512 -0.148794 0.197891 2.84845 0.249566 
580 588 204 -1.80744 0.722573 5.91684e-06 -0.0140795 -0.0352179 -0.0581503 1.94652 0.0694261 
581 588 619 2.16582 -0.865835 2.86052e-05 -0.0503339 -0.125902 0.12271 2.33248 0.182873 
582 588 88 -1.72115 -1.35491 8.59426e-06 -0.047584 0.0604468 0.0866856 2.19047 0.115898 
583 588 40 0.0169892 -0.117746 2.29292e-06 0.0116191 0.00167644 -0.00173409 0.118966 0.0118668 
584 588 361 0.0288175 0.0720861 -0.109792 -0.0103215 0.00801467 0.00255307 0.134466 0.0133149 
585 588 775 -0.343939 -0.0496229 -0.491451 -0.0485337 0.0144512 0.0325069 0.601897 0.0601752 
586 588 761 0.666254 -0.846399 -1.52334 0.107141 -0.00474211 0.0494947 1.8657 0.118116 
587 204 88 0.149447 -1.0358 9.24889e-07 -0.0238961 -0.00344773 0.0287364 1.04653 0.0375325 
588 204 13 -1.99329 -1.56912 -1.95391e-05 0.0629624 -0.0799807 -0.154827 2.5368 0.18529 
589 204 928 0.145407 0.363736 -0.553983 0.000519775 0.0128704 0.00858689 0.678487 0.0154807 
590 204 775 0.0565198 -0.0717994 -0.129228 -0.00905274 0.00924208 -0.00909426 0.158271 0.0158137 
591 204 1161 -0.760459 -0.1097 -1.0866 -0.00990327 -0.0439085 0.0113637 1.3308 0.0464238 
592 258 63 -0.537144 0.214741 6.14037e-06 0.0164961 0.0412637 -0.0370242 0.578478 0.0578412 
593 258 13 0.970112 -0.387839 -6.5678e-06 -0.0156469 -0.0391391 0.0747143 1.04477 0.0857841 
594 258 394 0.296115 -2.0523 -1.45756e-05 -0.100645 -0.0145223 0.0970902 2.07355 0.140595 
595 258 373 0.303637 0.759568 -1.15682 -0.0488135 0.0331099 0.00892759 1.41682 0.0596551 
596 258 642 -0.459915 -0.0663305 -0.657154 0.0282502 0.0131252 -0.021096 0.804844 0.0376216 
597 102 258 2.44185 1.92217 6.8428e-06 -0.0377066 0.0479008 0.095658 3.10763 0.113432 
598 102 394 0.65262 -0.260909 -3.39283e-06 -0.000785724 -0.00196547 0.00873731 0.702842 0.00899006 
599 102 206 0.421663 -2.92244 0.000121778 -0.029053 -0.00418595 0.142948 2.9527 0.145931 
600 102 153 -1.82744 -1.43857 -7.97518e-06 0.0441864 -0.0561303 -0.028963 2.32573 0.0770837 
601 102 642 0.155454 0.388877 -0.592268 -0.00997241 0.000690931 -0.00216382 0.725378 0.0102278 
602 102 599 -0.0689447 -0.00994519 -0.0985127 -0.000539907 0.00573824 -0.000201438 0.120653 0.00576711 
603 577 174 -3.70966 1.48303 5.87449e-05 -0.0473378 -0.118397 -0.348279 3.99512 0.370887 
604 577 153 3.54503 -1.41712 -6.15308e-05 -0.00665746 -0.0166508 -0.0776314 3.81778 0.0796756 
605 577 30 0.227916 -1.57978 -1.60731e-05 0.0446113 0.0064355 0.0604373 1.59613 0.075394 
606 577 492 -1.53067 -0.220876 -2.18704 -0.145995 0.153957 0.0866303 2.6786 0.229177 
607 577 476 0.207385 -0.263448 -0.474182 0.0156857 -0.0011711 0.00751081 0.580743 0.0174306 
608 174 62 0.217849 -1.51559 -2.91935e-05 0.0624612 0.00897715 0.0472025 1.53117 0.0788039 
609 174 315 0.0557508 0.139498 -0.212472 -0.00659734 0.0109759 0.00547517 0.260216 0.0139274 
610 174 492 0.865353 -1.09938 -1.97866 -0.121199 -0.0127983 -0.0458946 2.42334 0.130228 
611 174 566 -1.69891 -0.248709 -2.42385 0.11104 -0.0407662 -0.0736466 2.97039 0.13934 
612 91 154 -1.07424 -0.0388773 -7.07924e-05 -0.00195829 0.0541917 -0.0446149 1.07494 0.0702215 
613 91 391 -2.64672 -6.05682 -0.000641807 0.593243 -0.259233 -0.0327653 6.60986 0.648238 
614 91 676 1.51451 -2.16546 -2.60653 -0.00254419 -0.0106414 0.0073624 3.71173 0.0131878 
615 91 604 -4.36983 -1.49694 -7.54833 -0.177632 -0.0126404 0.10534 8.84949 0.206905 
616 154 314 -0.0353981 -0.0721151 -2.11099e-06 0.0070705 -0.00347061 0.000619727 0.0803343 0.00790071 
617 154 426 -2.37784 -0.807913 -2.989 0.205972 -0.286405 -0.0864435 3.90397 0.363214 
618 316 217 -0.661465 -2.35069 -4.60954e-05 0.12177 -0.0342628 -0.11001 2.44198 0.167642 
619 316 426 2.46664 -1.39726 -3.37417 0.00668531 -0.119748 0.0544755 4.407 0.131727 
620 316 490 -0.052234 -0.00347786 -0.125623 0.0108263 -0.00696373 -0.00430875 0.136095 0.0135745 
621 564 233 2.74724 -3.13089 7.95717e-05 -0.0289935 -0.0254397 0.0392465 4.16531 0.0550281 
622 564 417 -0.32502 -0.607337 6.94045e-05 0.0605568 -0.0324069 0.00431146 0.688837 0.0688181 
623 429 311 -1.53912 -3.47655 -9.55451e-05 0.00863364 -0.00381879 -0.125391 3.80201 0.125746 
624 429 876 -0.718925 2.06231 -3.38408 0.144603 0.179121 0.0784398 4.02765 0.243202 
625 429 976 1.8909 -1.49692 -3.56159 0.0449275 -0.385277 0.185783 4.3013 0.430084 
626 429 573 -1.84279 -0.397978 -1.17202 -0.0985533 -0.0357891 0.167109 2.21989 0.197279 
627 619 323 2.20697 -3.26501 -0.000121192 0.300277 0.202973 -0.049721 3.94094 0.365836 
628 619 40 -1.54029 -1.21258 1.37425e-05 -0.0389707 0.0495024 -0.0490598 1.96031 0.0798502 
629 619 360 0.631753 1.58032 -2.40689 0.195257 -0.115028 -0.0242746 2.94782 0.227917 
630 619 761 -0.308492 -0.044514 -0.440793 -0.0217111 0.0471195 0.0104363 0.539858 0.0529201 
631 88 13 -1.36416 0.545373 -1.2614e-05 0.0266572 0.066678 -0.0373792 1.46914 0.0809554 
632 88 40 0.955378 -0.381945 1.57941e-05 -0.00922106 -0.0230614 0.0896429 1.0289 0.0930199 
633 88 631 -1.92586 -1.51603 -8.53293e-07 0.131838 -0.167479 -0.070971 2.45098 0.224649 
634 88 775 0.0332991 0.0832981 -0.126868 -0.013968 -0.00313603 -0.00572522 0.15538 0.0154181 
635 88 454 -0.382907 -0.0552412 -0.547145 0.0088099 0.0501481 -0.0112285 0.670102 0.0521395 
636 88 828 0.611991 -0.777439 -1.39913 0.0908495 -0.0872465 0.0882176 1.71362 0.153779 
637 13 394 -2.6544 -2.08949 -2.50944e-06 0.0174483 -0.0221656 0.0605591 3.37814 0.0668069 
638 13 631 0.184373 -1.2779 1.06361e-05 -0.00274818 -0.000395728 0.0931691 1.29113 0.0932104 
639 13 1161 0.328176 0.82094 -1.2503 -0.0354308 0.030865 0.010966 1.53131 0.0482518 
640 13 454 0.0182266 -0.0231532 -0.0416721 -0.00345919 -0.00370147 0.000543574 0.0510376 0.00509532 
641 13 677 -0.129048 -0.0186129 -0.184398 -0.0116636 0.0182446 0.00632094 0.225837 0.0225579 
642 394 631 1.09017 -0.435849 1.05439e-05 -0.0388696 -0.0972229 -0.00921974 1.17407 0.10511 
643 394 206 -2.77383 -2.18346 0.000162633 0.110122 -0.139911 -0.189862 3.5301 0.260288 
644 394 447 0.197671 -1.37012 5.10534e-05 0.0104045 0.00150372 0.070535 1.38431 0.0713141 
645 394 517 0.0621968 -0.0790069 -0.142203 0.0156401 0.00395548 0.00464304 0.174161 0.0167874 
646 394 803 -0.528773 -0.0762458 -0.755551 -0.023933 0.0216516 0.0145645 0.925349 0.0354077 
647 153 203 0.54653 -3.78739 5.08495e-05 -0.27611 -0.0398431 0.0186322 3.82662 0.279592 
648 153 30 -0.265254 -0.208819 2.0412e-06 0.0114157 -0.0145009 -0.00135521 0.337587 0.0185049 
649 153 599 0.0403809 0.10102 -0.153855 -0.000947584 0.015813 0.010134 0.188433 0.0188055 
650 153 295 0.210113 -0.266876 -0.48038 0.00937385 -0.0257447 0.0184026 0.588333 0.0330048 
651 153 476 -0.652574 -0.0941737 -0.932446 0.0404812 0.0482621 -0.0332051 1.14201 0.0712077 
652 62 480 -0.269742 -0.212805 -1.3978e-06 0.00806182 -0.0102188 0.000604019 0.343579 0.01303 
653 62 967 1.02268 -1.29792 -2.33581 -0.216979 0.0111195 -0.101178 2.86121 0.239667 
654 231 480 0.0404249 -0.274881 4.47637e-06 -0.0221968 -0.00326406 0.016376 0.277838 0.0277763 
655 231 566 0.108159 0.26797 -0.407846 -0.0419659 -0.0032755 -0.0132813 0.499845 0.0441391 
656 231 676 -0.080688 0.0168343 -0.0812762 0.00326958 0.0110633 -0.000954431 0.115757 0.0115757 
657 391 75 1.24285 -1.44559 9.79677e-05 -0.142281 -0.122327 -0.0067306 1.90642 0.187758 
658 391 781 -2.74292 -4.95663 5.85955e-05 -0.395518 0.218874 0.0727615 5.66496 0.457859 
659 314 217 -0.20821 0.00941997 2.34484e-06 -0.000347061 -0.00767593 0.0193115 0.208423 0.020784 
660 314 697 0.195334 -0.0423681 -0.400046 0.00738811 0.00410909 0.00317227 0.4472 0.00902951 
661 217 411 -0.80683 0.0803331 -0.114819 -0.0114164 -0.0039707 0.0774447 0.818909 0.0783823 
662 217 646 -0.748317 -1.38974 4.20245e-05 -0.0293894 0.015829 0.132905 1.5784 0.137033 
663 217 556 1.00111 -0.778896 -1.74256 -0.0420728 -0.167305 0.0506113 2.15532 0.179785 
664 411 440 -2.22951 -3.69917 0.611693 0.0571969 -0.0790407 -0.269521 4.3622 0.286637 
665 411 709 0.136361 -0.0255557 -0.215135 0.0209832 0.00745751 0.0124141 0.255989 0.0254954 
666 516 440 0.326484 -0.592222 1.71892e-05 -0.043832 -0.0241653 -0.045475 0.676253 0.0676253 
667 516 678 -0.0113977 -0.0219053 -0.02554 -0.00203375 -0.00165799 0.00232963 0.0355252 0.00350888 
668 212 233 -0.123516 -0.00250323 2.32458e-06 6.54317e-05 -0.00321749 0.0119191 0.123541 0.0123459 
669 233 369 1.66638 -2.75618 7.01414e-05 -0.0580259 -0.0350795 0.110198 3.22077 0.129388 
670 233 1141 1.00325 -0.690614 -1.85616 0.0390216 0.210847 -0.0573579 2.22009 0.221966 
671 417 311 -2.82211 -0.0781064 -0.000131434 0.00107744 -0.0390674 0.0819535 2.82319 0.0907954 
672 417 378 0.65806 -0.770689 -8.98213e-05 0.0475868 0.0406417 -0.0796181 1.01341 0.101268 
673 417 976 -0.904083 3.13813 -4.82351 0.403197 0.0487742 -0.0438401 5.82508 0.408495 
674 417 663 2.2974 -0.622635 -3.12886 0.210984 -0.00367766 0.155649 3.93135 0.262211 
675 417 959 -0.665145 -2.517 -2.08027 0.0164897 0.0664771 -0.0857059 3.33245 0.109712 
676 311 323 -3.40479 0.215944 -0.000187022 0.0198682 0.31322 -0.0497002 3.41163 0.31776 
677 311 119 0.392984 -5.86081 -5.5637e-05 0.286301 0.0191972 0.0149842 5.87397 0.287335 
678 311 573 -1.04465 1.80553 -1.29671 -0.0373246 0.0985992 0.167359 2.45615 0.197797 
679 311 865 -0.00884467 -0.166224 -4.29218 -0.249827 -0.119217 0.00513174 4.29541 0.276862 
680 323 205 -0.78797 -2.6115 8.47741e-05 -0.0648351 0.0195615 -0.0389492 2.72778 0.0781235 
681 40 137 -0.334051 -0.262967 -7.52124e-07 0.0216014 -0.0274406 0.0205464 0.425137 0.0405186 
682 40 761 0.0933721 0.233589 -0.355767 -0.00682329 0.0101934 0.004902 0.435721 0.0132096 
683 40 494 0.899121 -0.881561 -0.981512 0.01377 -0.111673 0.112915 1.59654 0.159405 
684 40 828 -1.68567 -0.243257 -2.40862 0.107323 -0.169349 -0.0580069 2.94993 0.208716 
685 631 137 1.28534 -0.513889 1.92822e-05 -0.0328414 -0.0821387 0.106441 1.38426 0.138401 
686 631 447 -2.26706 -1.78457 8.04958e-05 0.0655991 -0.0833423 -0.162802 2.88517 0.194303 
687 631 517 -0.412076 -0.0594347 -0.588831 0.0112817 0.0685408 -0.0148134 0.721153 0.071025 
688 631 521 0.645262 -0.81974 -1.47528 -0.0877916 -0.146141 0.0428045 1.80687 0.175774 
689 206 153 -2.30135 0.919987 -0.000110716 -0.0594534 -0.148735 -0.0989681 2.47843 0.188286 
690 206 447 0.892977 -0.357021 -8.83748e-06 0.00696799 0.0174259 0.0942421 0.961703 0.0960926 
691 206 203 -3.34954 -2.63679 -0.000133787 -0.193535 0.245848 0.0302889 4.26287 0.314348 
692 206 318 2.55176 -3.2412 -5.83408 -0.0469702 0.0462213 -0.0462231 7.14516 0.0804934 
693 203 30 -2.09845 0.838768 -1.63651e-05 0.0264386 0.0661428 -0.0966983 2.25988 0.120102 
694 203 175 -5.22566 -4.11837 -0.000182483 0.343636 -0.436025 -0.0606961 6.65346 0.558469 
695 203 473 -1.3753 -0.198517 -1.96558 0.00357486 0.0302375 -0.00555517 2.40715 0.0309507 
696 203 298 0.234619 -0.568614 -0.598155 -0.0490367 -0.0201897 -4.13957e-05 0.857996 0.0530304 
697 30 224 -0.918321 -0.723742 2.76507e-05 0.0233263 -0.0296 -0.0626635 1.16924 0.0731231 
698 30 476 0.0427577 0.106959 -0.162901 -0.000697855 -0.0165674 -0.0110611 0.199512 0.0199327 
699 30 967 -1.231 -0.177656 -1.75806 -0.0441822 0.0211608 0.0287982 2.15354 0.0568259 
700 480 75 -1.40701 0.0614564 4.06606e-05 -0.00310682 -0.0711415 0.0190092 1.40835 0.0737028 
701 480 224 1.36222 -0.543766 3.22817e-05 -0.0373679 -0.093611 0.0181777 1.46674 0.10242 
702 480 450 -0.667829 -1.04816 4.82808e-05 0.036217 -0.02307 0.116607 1.24284 0.124263 
703 480 546 0.573061 1.43806 -2.19308 -0.0250627 -0.0379042 -0.0314037 2.6844 0.0552364 
704 75 450 1.92322 -3.6948 4.15558e-05 0.154455 0.0803991 0.164763 4.16537 0.239723 
705 75 952 -1.9743 1.44141 -5.30457 -0.203187 0.367364 0.175447 5.84072 0.454997 
706 781 222 -1.51566 -0.0610046 4.71176e-05 0.00495748 -0.1231 0.0884624 1.51689 0.15167 
707 781 551 -1.87906 -4.11655 0.000138487 0.275165 -0.125605 -0.0501423 4.52514 0.306605 
708 781 937 -0.076345 -0.200429 -0.828254 0.0530472 -0.0657191 0.0110137 0.855573 0.0851723 
709 222 377 -1.53658 -3.36635 -1.72029e-05 0.100043 -0.0456663 0.287035 3.70046 0.307381 
710 222 556 -0.478793 3.06767 -4.26614 0.358813 0.199553 0.103224 5.27635 0.423348 
711 646 651 -1.23918 -0.0167901 -2.54668 -0.066426 -0.268889 0.0340947 2.83221 0.279063 
712 646 941 0.865814 -0.663335 -1.4067 -0.120057 -0.0620136 -0.0446519 1.78001 0.142314 
713 440 104 0.415019 -1.30447 3.00519e-05 0.0315725 0.0100442 -0.0281636 1.3689 0.0434845 
714 440 759 -1.98854 -2.96139 -2.64062 -0.174317 -0.160757 0.311555 4.43812 0.39153 
715 533 459 -2.2564 -1.55461 -0.000147916 0.0301453 -0.0437669 0.138288 2.7401 0.148148 
716 533 678 4.81459 3.3238 -6.05371 -0.112556 -0.301195 -0.254889 8.41875 0.410312 
717 533 744 -2.17335 0.651974 -1.70995 -0.0542152 0.00789517 0.0719179 2.8412 0.0904091 
718 533 870 -0.0180995 -1.74395 -0.996792 0.102141 0.0124664 -0.0236652 2.0088 0.105585 
719 369 378 -0.774092 -0.0269615 -2.22734e-05 0.00116808 -0.0335946 0.0697728 0.774561 0.0774481 
720 369 459 2.12825 -1.78389 -1.53896e-05 -0.0510819 -0.0609432 0.0583708 2.77699 0.0986437 
721 369 1141 -0.107762 0.896299 -1.37587 0.057875 0.0172918 0.00673169 1.6456 0.060777 
722 369 1174 -0.00291316 -1.39998 -2.76536 0.147701 -0.150783 0.0761792 3.09954 0.224398 
723 378 663 -0.0392564 0.36371 -0.480682 0.0268352 -0.0419916 -0.0339647 0.604054 0.0603078 
724 378 673 0.104846 -0.883686 -0.756984 -0.0440023 -0.073372 0.0795583 1.1683 0.11683 
725 119 959 1.03064 0.37971 -0.877496 -0.0554129 0.058866 -0.0396112 1.40584 0.0900269 
726 119 435 0.480254 -5.81833 -1.96648 -0.351138 -0.0501423 0.062604 6.16041 0.360182 
727 119 942 -0.182526 -0.335327 -1.54488 0.0106777 -0.0140149 0.00178047 1.59136 0.0177087 
728 205 170 -2.28324 0.0235745 7.50485e-05 0.00079391 0.076839 0.0165959 2.28337 0.0786148 
729 205 213 1.32549 -2.28426 3.15458e-05 0.141526 0.0821242 0.0946472 2.64098 0.189029 
730 205 494 -0.354624 0.441823 -0.44159 -0.0130782 0.044402 0.0549281 0.718309 0.0718309 
731 205 810 0.533448 0.410107 -0.994951 0.0840772 0.0534328 0.0671028 1.20112 0.120112 
732 205 768 -0.2851 -1.19073 -1.98169 -0.107171 -0.170027 0.117582 2.32942 0.232853 
733 170 137 -2.3905 1.52728 -7.92946e-05 -0.0757969 -0.118649 -0.218883 2.83674 0.260254 
734 170 225 1.51355 -2.7134 -7.21547e-05 -0.0858076 -0.0478621 -0.071434 3.10698 0.121477 
735 170 494 0.601618 0.718707 -0.730629 -0.0436304 0.034571 -0.00191946 1.1884 0.0556997 
736 170 708 -1.75441 0.741569 -5.24 -0.0839 0.040564 0.0338313 5.57543 0.0991423 
737 137 272 -0.832635 -0.655437 -9.80338e-06 -0.0252647 0.0320956 -0.0399334 1.05966 0.0571236 
738 137 828 0.482753 1.20744 -1.83897 0.027588 0.0651337 0.050008 2.25228 0.0866273 
739 137 521 -1.27627 -0.184128 -1.82363 -0.086751 0.0479975 0.0558666 2.23347 0.113801 
740 272 447 -1.64246 0.656705 4.10758e-05 0.0427325 0.106882 -0.0859795 1.76888 0.143674 
741 272 114 1.85572 -1.24551 -9.64247e-06 0.0269844 0.0402041 0.0862878 2.23495 0.0989449 
742 272 14 -1.11051 -0.874083 8.78833e-06 0.0173277 -0.0220151 -0.0457857 1.41324 0.0536772 
743 272 521 0.437871 1.09521 -1.66802 -0.0519632 -0.0267824 -0.031226 2.04291 0.0662762 
744 272 42 -0.618774 -0.0892398 -0.884117 0.0164627 -0.084726 -0.00296994 1.08282 0.0863617 
745 447 14 0.38615 -2.67757 -4.59976e-05 0.17371 0.0250507 0.0647667 2.70527 0.187076 
746 447 42 0.10871 -0.138115 -0.248581 0.02816 0.00443332 0.00985176 0.304443 0.0301612 
747 447 318 -3.41008 -0.491465 -4.87227 -0.133962 0.346237 0.0588344 5.96734 0.375882 
748 175 165 0.299552 -0.283777 4.18269e-06 0.00509633 0.00537949 -0.00952187 0.412627 0.0120656 
749 175 28 -4.83907 -4.63863 0.000192801 -0.374381 0.39056 0.052232 6.70325 0.543531 
750 224 967 0.243382 0.610758 -0.929386 -0.0885699 0.0376888 0.00157345 1.13843 0.0962681 
751 224 35 1.07782 -1.36825 -2.46587 0.0257183 -0.0634165 0.0464296 3.01899 0.082697 
752 224 613 -0.932571 -0.667667 -0.948119 0.0370945 0.020367 -0.0508287 1.48809 0.0661391 
753 450 324 3.17853 -3.4016 9.7229e-06 -0.11578 -0.108187 0.100238 4.65552 0.187502 
754 450 882 0.0297549 0.675183 -0.957044 0.0835034 -0.0121141 -0.00595015 1.17162 0.084587 
755 450 919 -2.66576 -2.16447 -4.4853 0.326948 0.294066 -0.336223 5.64882 0.553548 
756 551 377 -2.11006 -0.0849546 -8.8478e-06 -0.00364049 0.0904084 0.114937 2.11177 0.146279 
757 551 502 1.95429 -1.02664 -2.85088 0.0400142 -0.298218 0.134822 3.60565 0.329715 
758 551 544 -1.2938 -2.44177 -1.56744 -0.100721 -0.0646442 0.18384 3.17696 0.219364 
759 377 679 -0.690961 -2.75031 7.03646e-05 0.132499 -0.0332862 0.0603313 2.83578 0.149345 
760 377 941 -0.137115 0.643611 -0.848664 0.10639 0.00964731 -0.00987262 1.0739 0.107282 
761 377 682 -2.63483 -1.12823 -2.3648 -0.0734329 0.116747 0.0261189 3.71585 0.140372 
762 104 759 -2.30144 0.875253 -1.82281 0.0375881 -0.011167 -0.0528199 3.06355 0.0657838 
763 104 682 2.88149 -2.09272 -2.93837 -0.0746723 0.00079086 -0.0737902 4.61698 0.104984 
764 459 696 -1.44075 -0.525591 -2.50888e-05 0.0189268 -0.0518844 0.0478435 1.53363 0.0730699 
765 459 870 1.71514 -0.633452 -1.04484 -0.11992 -0.0527391 -0.164877 2.10586 0.210586 
766 459 716 -0.166785 -2.44292 -1.94225 0.0932447 0.116916 -0.155061 3.12538 0.215425 
767 696 673 -1.25619 0.330652 -1.10501 -0.0184449 -0.00694526 0.0188901 1.70541 0.0273 
768 696 817 -0.0786222 -1.00641 -0.70561 -0.0483072 0.0315708 -0.0396469 1.23164 0.0700156 
769 336 959 -0.0632363 0.271897 -0.222997 0.0246116 0.019605 0.016925 0.357288 0.0357288 
770 336 673 0.848641 -0.000650562 -0.721898 0.0502022 0.0798859 0.0589441 1.11415 0.111249 
771 336 435 -0.876236 -0.477535 -0.336073 -0.0450897 0.0517693 0.044001 1.05298 0.0815428 
772 213 904 -0.300919 -0.508871 -2.29494e-05 -0.000238984 0.00014033 0.0220056 0.591187 0.0220074 
773 213 435 2.49929 -0.492329 -0.857984 -0.0541501 -0.0102854 -0.151836 2.68793 0.161531 
774 213 796 -0.394327 -1.68183 -2.81343 -0.147274 0.262249 -0.136127 3.30143 0.330143 
775 225 904 1.4868 -2.53654 -0.000107374 -0.0610473 -0.0357882 0.125288 2.94017 0.143891 
776 225 209 -1.76181 -2.17882 -7.67784e-06 0.0529841 -0.0428436 0.051462 2.802 0.0853887 
777 225 768 1.95515 1.76188 -4.26035 -0.128797 0.222947 0.033093 5.00774 0.259594 
778 114 839 1.80904 -0.985892 -2.18007 -0.000446699 -0.0818271 0.0366339 2.99955 0.0896544 
779 14 89 -4.77558 1.90906 -9.60922e-05 0.0694155 0.173643 -0.044358 5.14303 0.192193 
780 14 267 1.58578 -5.46782 -8.72643e-05 -0.0745761 -0.0216273 -0.0804736 5.69313 0.111827 
781 14 42 0.33047 0.826519 -1.25887 -0.00455361 -0.0752012 -0.0505693 1.54178 0.0907371 
782 14 483 2.15285 -0.903452 -1.80486 0.0828266 0.0732169 0.0621464 2.95102 0.126819 
783 89 203 -4.6423 1.85634 6.74596e-05 -0.058874 -0.147227 -0.115547 4.9997 0.196196 
784 89 100 0.00127366 -0.12674 -8.90655e-07 7.18895e-05 8.11375e-07 -0.0126548 0.126747 0.012655 
785 89 318 0.245159 0.613277 -0.933751 -0.0420891 0.0335312 0.0109723 1.14372 0.0549202 
786 165 100 0.360641 -0.0233278 -1.16761e-06 -0.000496098 -0.00766851 -0.0206636 0.361394 0.0220462 
787 165 234 0.255408 -0.18656 -0.448537 0.0106718 -0.0110739 0.0106828 0.548838 0.0187254 
788 165 227 -0.425305 -0.106128 -0.459469 0.0355368 0.033459 -0.0406228 0.635026 0.0635026 
789 28 324 -3.5923 -0.508646 0.000123352 0.0498731 -0.352225 0.00846471 3.62813 0.355839 
790 28 9 -1.0489 -2.60392 -7.50732e-05 0.172156 -0.0693479 0.0278247 2.80724 0.187672 
791 28 572 -0.775063 -0.877067 -2.72532 0.0288064 0.094053 -0.0384606 2.96603 0.105617 
792 324 9 1.52016 -1.9416 -0.000149782 0.193597 0.151574 0.0187712 2.46591 0.246591 
793 324 351 -2.42865 -6.02863 -0.000340382 -0.299039 0.120476 -0.122534 6.49944 0.344896 
794 324 613 0.785398 3.78283 -3.19412 0.186889 0.0959159 0.159548 5.01288 0.263786 
795 324 637 -0.835066 -0.808128 -2.91678 0.0642031 0.020217 -0.0239825 3.13975 0.0714557 
796 585 673 0.206185 1.47235 -1.26475 0.0714978 0.0585002 0.0797581 1.9519 0.122047 
797 585 817 0.222881 -0.0735047 -0.164046 -0.0159437 0.00396908 -0.0234403 0.286339 0.0286253 
798 585 662 -0.547652 -1.52485 -1.55697 0.00573758 -0.00903228 0.00682778 2.24705 0.0126933 
799 451 209 0.297634 -0.021867 9.34521e-06 0.00067303 0.00917279 0.0283504 0.298436 0.029805 
800 451 302 0.293288 -0.606728 7.31205e-06 8.43846e-05 4.10463e-05 0.0211871 0.673897 0.0211873 
801 451 483 -0.58615 0.615209 -0.656821 -0.0278421 0.0219392 0.0453958 1.074 0.0575959 
802 100 402 0.450344 -0.254447 -0.620983 -0.0203153 0.020899 -0.0232963 0.808191 0.0373122 
803 46 99 0.100637 -0.208002 1.44118e-06 -0.0149464 -0.00723159 -0.0160667 0.231069 0.0231047 
804 46 227 -0.0582457 0.552177 -0.582006 -0.0277665 -0.0176773 -0.0139924 0.804378 0.0357667 
805 46 120 0.246382 -0.167328 -0.421188 0.0139361 -0.0144488 0.0138923 0.515851 0.0244127 
806 46 857 -0.271039 -0.128592 -0.421378 0.000300001 -0.00842686 0.00237866 0.51726 0.00876128 
807 9 92 3.69173 -4.17547 0.000196924 -0.130434 -0.115324 -0.0225906 5.57345 0.175565 
808 9 351 -2.67934 -0.379246 2.26556e-05 -0.0349844 0.24716 -0.031533 2.70605 0.251607 
809 108 467 -0.411053 -0.0186234 -7.17645e-06 6.63396e-05 -0.00148008 0.0411208 0.411475 0.0411475 
810 108 351 1.01693 -0.913344 -4.18114e-05 -0.0415524 -0.0462629 -0.0473601 1.36687 0.0781655 
811 108 919 -0.130373 2.13922 -2.7991 -0.129633 -0.256963 -0.190347 3.52537 0.345061 
812 108 978 -0.0405915 -0.538624 -1.04082 -0.0440242 -0.0418742 0.0233867 1.17264 0.0651039 
813 467 502 -0.0553349 0.910448 -1.17781 -0.0928919 0.0241262 0.0230136 1.48971 0.0986945 
814 467 769 -0.00951106 -0.866095 -1.07821 -0.0881894 -0.0618897 0.0504921 1.38302 0.118984 
815 679 544 1.70532 0.492862 -1.00693 -0.0723637 0.188394 -0.030341 2.04082 0.204082 
816 679 836 -2.61394 -1.34807 -3.04099 -0.100436 0.180653 0.00624874 4.23055 0.20679 
817 679 812 0.929382 -2.09169 -1.97358 -0.186201 -0.155845 0.0774872 3.02224 0.254878 
818 748 18 -1.16692 -0.479142 8.15603e-05 0.0211842 -0.0515925 0.000809419 1.26145 0.0557783 
819 748 282 1.05487 -1.18462 -2.81156e-05 -0.0145985 -0.0129975 -0.0885477 1.58621 0.0906793 
820 748 870 0.577651 3.01779 -1.75585 0.0453025 0.0223624 0.0533382 3.5389 0.0734666 
821 748 472 -0.35397 -1.22584 -0.941861 -0.042979 -0.0850106 0.126794 1.5859 0.15859 
822 18 716 0.656174 2.23742 -1.84975 -0.0493758 -0.101505 -0.140294 2.97627 0.180066 
823 18 817 -4.1761 2.13843 -3.28031 0.132727 -0.12854 -0.252767 5.72478 0.313097 
824 18 472 2.96131 -1.65869 -2.50607 0.164465 -0.138177 0.285797 4.21912 0.357521 
825 18 393 -1.01868 -2.06343 -1.55741 -0.155761 -0.0845756 0.213936 2.77866 0.277819 
826 950 852 -1.95921 -0.137902 -1.11995e-06 -0.0131964 0.187484 0.0570152 1.96406 0.196406 
827 950 435 -0.0986541 0.136423 -0.0566998 -0.00935473 -0.000491458 0.0150942 0.177648 0.0177648 
828 950 662 2.03103 -0.62488 -2.04202 0.084578 0.223989 0.0155797 2.9471 0.239932 
829 852 292 -4.1049 -4.98578 0.000548764 -0.284201 0.233995 0.0585181 6.45819 0.372758 
830 852 435 2.53013 4.79588 -1.82628 -0.409222 0.29752 0.214363 5.72165 0.549484 
831 852 1005 0.381924 -0.481402 -0.326208 0.052952 0.043978 -0.00290448 0.695719 0.0688943 
832 904 292 1.17466 -3.03387 0.00033199 0.057277 0.0221556 -0.192111 3.25334 0.201688 
833 209 302 -0.927804 -1.36513 -3.37772e-05 -0.104055 0.070723 -0.106723 1.65058 0.164982 
834 209 839 -0.0320389 0.410751 -0.435959 0.00361335 0.043652 0.0408625 0.599836 0.0599024 
835 209 594 0.718918 -0.397029 -1.05959 0.0612836 -0.091869 0.0760033 1.3406 0.13406 
836 209 342 -1.37132 -0.664362 -2.1567 0.0536403 -0.132558 0.00672712 2.64069 0.143158 
837 267 128 2.42879 -5.02302 -3.4581e-05 0.00874035 0.00422513 0.159657 5.5794 0.159952 
838 267 1208 0.37248 -0.252615 -0.636068 -0.0312434 0.0027169 -0.0193751 0.779191 0.0368636 
839 267 402 -1.07391 0.0281374 -1.28978 -0.0653839 -0.10395 0.052173 1.67858 0.133426 
840 228 134 0.413499 -0.854904 1.95145e-05 -0.0165555 -0.00800605 0.0641681 0.949654 0.0667512 
841 228 607 -0.556208 -0.818814 6.33429e-06 0.0257236 -0.017474 -0.0386661 0.989861 0.0496196 
842 228 402 0.446609 1.75608 -2.17561 0.00720984 0.0498452 0.0417135 2.83136 0.0653953 
843 228 93 -0.40622 -0.196459 -0.638093 0.0161087 0.030266 -0.0195735 0.78152 0.0394796 
844 99 92 -3.92682 0.286872 6.22349e-05 -0.0107418 -0.147011 -0.125807 3.93728 0.193791 
845 99 607 3.07426 -0.225123 4.22253e-05 -0.00988584 -0.134979 0.110196 3.08249 0.174529 
846 99 120 0.0401228 0.548874 -0.778311 -0.00940855 -0.0340697 -0.0245114 0.953226 0.0430125 
847 99 444 0.734779 -0.499207 -1.2562 -0.00285615 0.0273958 -0.0125576 1.53855 0.0302718 
848 92 434 0.999101 -2.06543 -1.67562e-05 -0.011725 -0.0056708 -0.108469 2.29439 0.109248 
849 92 299 -0.846033 -1.24565 2.9982e-05 -0.020632 0.0140111 -0.0790181 1.5058 0.0828604 
850 92 857 0.0057802 0.0885243 -0.124615 0.00973696 0.0092832 0.00704624 0.152967 0.0151867 
851 92 505 0.573146 -0.389303 -0.979914 -0.0418772 0.0116202 -0.0291102 1.20012 0.0523081 
852 92 359 -1.50527 -0.728244 -2.36464 0.200917 -0.0320603 -0.118025 2.89616 0.235213 
853 351 357 -5.03374 -5.39608 4.05119e-05 0.491416 -0.458418 0.00939093 7.37945 0.672105 
854 351 506 0.144371 -1.13925 -1.22451 -0.0492248 -0.0635861 0.0533549 1.67874 0.096504 
855 4 57 -2.70159 1.86714 3.50508e-05 -0.138736 -0.200736 -0.172999 3.28402 0.299118 
856 4 357 3.63403 -0.267213 2.14614e-05 -0.0128017 -0.174111 -0.137047 3.64384 0.221947 
857 4 49 0.294831 -0.609984 1.91526e-05 -0.0589859 -0.0285109 -0.0172583 0.677499 0.0677499 
858 4 304 -0.260674 -0.382715 -4.46059e-06 -0.0105424 0.00718075 -0.00778865 0.463057 0.0149456 
859 4 491 -0.604593 -0.108347 -0.618324 -0.0477581 -0.0033323 0.0472815 0.871548 0.0672865 
860 57 437 -1.63963 -2.40717 0.000159141 -0.216324 0.147348 0.000907883 2.91254 0.261741 
861 57 544 -1.02442 3.78314 -2.22309 -0.0670224 0.162267 0.307023 4.50597 0.353675 
862 57 491 0.042933 -0.230723 -0.236254 0.0210494 -0.00672355 0.0103913 0.333005 0.0244185 
863 428 672 -2.13717 -0.171033 1.82407e-05 0.0130433 -0.162987 -0.0174748 2.14401 0.164439 
864 428 437 1.46319 -0.732406 5.18779e-05 -0.0706554 -0.141157 -0.0430799 1.63626 0.163626 
865 428 836 -0.509384 1.49951 -1.63732 -1.77345e-05 -0.081715 -0.0748318 2.27789 0.110802 
866 428 812 1.92922 0.78306 -1.79519 -0.119489 -0.10662 -0.174918 2.74915 0.237154 
867 428 969 -0.362135 -0.510863 -0.558116 0.00684013 -0.0638053 0.0539649 0.838818 0.0838458 
868 672 300 -0.0800375 -5.57784 0.000318466 -0.202658 0.00289864 -0.163574 5.57841 0.260452 
869 672 964 -1.55524 4.46074 -5.20763 -0.136682 0.304421 0.30158 7.0311 0.449783 
870 282 118 0.00376463 -1.28938 2.32411e-05 0.0778295 0.000226456 -0.0434676 1.28939 0.0891455 
871 282 964 0.842369 0.13801 -0.940731 0.0915502 -0.045451 0.0753099 1.27028 0.12696 
872 176 333 -0.700642 -0.299854 2.74711e-06 -0.0148289 0.0346499 0.0662016 0.76211 0.0761785 
873 176 817 0.305691 0.603275 -0.47271 -0.036201 0.0101257 -0.0104879 0.825132 0.0390262 
874 176 393 0.513319 -0.269483 -0.392275 0.0362853 -0.0151273 0.057874 0.699998 0.0699633 
875 333 1005 -1.17008 0.205187 -0.630604 -0.0380687 -0.0306048 0.060678 1.34494 0.0778955 
876 333 508 0.681996 -0.416922 -0.487362 -0.00296713 -0.00483119 -1.91784e-05 0.936196 0.00566962 
877 292 281 -2.33697 0.258559 -4.66415e-05 -0.00317347 -0.0286773 0.032997 2.35123 0.0438322 
878 292 669 3.24555 -3.00584 -0.000192696 -0.0682127 -0.0736655 0.199541 4.42365 0.223374 
879 292 249 -4.66638 -6.35 -0.000496784 0.361101 -0.265354 -0.0720741 7.88021 0.453873 
880 292 887 2.03812 2.12562 -5.81838 0.208099 0.144123 0.125547 6.52117 0.282557 
881 292 684 -3.07221 -1.24584 -4.8002 0.394882 0.23895 -0.314748 5.83374 0.558655 
882 281 249 0.427698 -0.974756 -4.59857e-05 -0.0905328 -0.0397216 -0.0393143 1.06446 0.106394 
883 281 594 0.129764 2.28685 -2.9559 -0.129577 0.0890158 0.063179 3.7395 0.169427 
884 281 684 0.329868 -0.228359 -0.580775 0.0423259 0.0562888 0.00190758 0.705876 0.0704524 
885 281 945 -3.32434 -1.41071 -4.92568 0.177092 0.14085 -0.159859 6.10767 0.277047 
886 302 128 -2.68234 -0.218857 -1.63721e-05 -0.0216312 0.265117 -0.0406599 2.69125 0.269088 
887 302 94 1.76025 -3.5865 2.98235e-05 0.300008 0.147243 -0.047772 3.99518 0.337591 
888 302 342 0.0888073 1.1938 -1.69417 -0.103636 0.0875645 0.0562697 2.07443 0.146882 
889 128 629 1.52925 -3.16054 -5.38167e-06 0.180141 0.0871626 -0.0409644 3.51107 0.20427 
890 128 134 -2.51301 -1.90181 0.000120706 0.0289324 -0.0382351 -0.0699952 3.15152 0.084843 
891 128 1208 0.0154113 0.207694 -0.294328 0.0246845 0.0077891 0.00678891 0.36056 0.0267597 
892 128 326 0.328452 -0.191986 -0.506098 -0.0153067 0.0295528 -0.0211446 0.633147 0.0394304 
893 146 357 -2.71037 2.2065 -0.000151233 0.106085 0.130319 0.131341 3.49497 0.213278 
894 146 299 7.72199 -0.570854 -1.46378e-05 0.0285061 0.385597 0.269666 7.74306 0.4714 
895 146 519 -5.28605 -7.77777 -0.000273485 -0.11015 0.0748741 -0.339572 9.40405 0.364758 
896 146 506 -0.0568323 5.25039 -5.60041 0.115849 0.0265341 0.0237001 7.67688 0.121189 
897 146 370 -0.202912 -0.0980364 -0.318709 -0.0196908 0.0114161 0.00902485 0.390333 0.0244848 
898 357 49 -2.77608 -4.08441 0.000110529 -0.29715 0.201962 -0.15423 4.93852 0.39099 
899 357 793 -0.373375 -0.0594155 -1.34741 0.0436316 -0.110299 -0.00722678 1.39945 0.118835 
900 437 304 1.09728 -0.758397 -9.99666e-05 -0.0691593 -0.100055 -0.0547037 1.33386 0.133366 
901 437 827 -2.86424 -2.44399 -0.000251985 0.168661 -0.19764 -0.218595 3.76523 0.339546 
902 437 812 -0.654595 2.49091 -2.22081 -0.169348 -0.00834741 0.0405536 3.40075 0.174336 
903 437 491 2.01715 0.38955 -2.0686 -0.0401859 -0.0719159 -0.0527294 2.91543 0.097812 
904 437 921 -0.345161 -2.56741 -2.88049 0.284185 -0.0239499 -0.0127063 3.87401 0.285475 
905 118 719 0.563908 0.153662 -1.00629 0.0317644 -0.104543 0.00183635 1.16371 0.109278 
906 118 771 -0.603365 -0.0539352 -1.00408 0.00861508 0.0083103 -0.00562333 1.17266 0.0132251 
907 118 846 0.111171 -1.21075 -0.743916 -0.0230888 -0.0305645 0.0462943 1.42537 0.060087 
908 567 61 -0.514129 -0.239709 -1.4119e-05 -0.006355 0.0136294 0.0135954 0.567265 0.0202727 
909 567 545 0.763542 -1.52204 -0.000119355 -0.117507 -0.0589441 -0.0500403 1.70282 0.140664 
910 567 472 2.09078 4.96125 -3.97503 -0.384469 0.0970248 -0.0811257 6.69225 0.404736 
911 567 972 -1.12735 -3.08255 -3.32542 -0.266587 -0.041706 0.129036 4.67241 0.299096 
912 61 337 -0.373663 -0.208596 -2.01148e-05 -0.020186 0.0361606 -0.0105915 0.427944 0.0427463 
913 61 393 0.608224 3.29619 -2.26827 -0.0138455 0.156955 0.224371 4.0472 0.27417 
914 61 508 -0.407514 0.18988 -0.274136 -0.0216832 0.00648938 0.0367277 0.526567 0.0431416 
915 61 688 -0.337748 -4.3019 -2.35232 0.0354329 0.0997787 -0.187562 4.91465 0.215385 
916 283 669 -0.781767 0.270185 3.20843e-05 0.00827301 0.023935 0.0214145 0.82714 0.0331649 
917 283 218 0.332679 -1.49359 -2.13945e-05 0.0861969 0.0192002 -0.0558568 1.53019 0.104492 
918 283 813 0.381162 1.10542 -2.19654 -0.00198007 -0.0057838 -0.00325432 2.48838 0.00692558 
919 669 1005 0.379118 0.638601 -0.394285 0.063662 -0.0506893 -0.0208854 0.840834 0.0840146 
920 669 395 -0.556734 -0.270402 -0.612586 -0.00423652 -0.0296611 0.016943 0.870822 0.0344208 
921 669 531 2.08509 -3.24158 -4.87767 0.145669 0.175487 -0.0543542 6.21668 0.234456 
922 249 151 0.793833 -1.47138 -4.13294e-05 -0.0859755 -0.0463847 -0.0126376 1.67187 0.098504 
923 249 639 -3.4786 -4.70356 -0.000133815 -0.233875 0.17296 0.199921 5.85014 0.352961 
924 249 395 1.00884 -0.270738 -1.03379 0.0639484 -0.0558226 0.0770242 1.46962 0.114622 
925 249 842 -2.2231 -0.977216 -3.6076 0.0936512 -0.0614749 -0.0410584 4.34878 0.119313 
926 94 639 2.38428 -5.00151 -2.57482e-05 -0.348891 -0.16632 -0.0252849 5.54075 0.387333 
927 94 945 0.239547 1.7811 -2.45048 -0.0670513 -0.030395 -0.0286468 3.03884 0.078996 
928 629 55 1.23117 -2.54574 -2.42469e-05 -0.147163 -0.0711715 0.024482 2.82782 0.165293 
929 629 569 -0.0313071 -0.0236927 5.32236e-07 0.000725566 -0.00095883 -0.00364195 0.0392616 0.00383531 
930 629 385 0.64651 -0.379047 -0.99828 0.00964013 -0.0328809 0.0187281 1.24828 0.039049 
931 134 607 -1.33824 0.0979892 -1.89868e-05 -0.00219567 -0.0299976 -0.0579921 1.34183 0.0653281 
932 134 569 1.26449 -2.61356 -7.62921e-05 -0.130296 -0.063043 0.112043 2.90338 0.183044 
933 134 163 -2.05906 -3.0313 -5.63433e-05 0.0524959 -0.0356565 -0.116467 3.6645 0.132634 
934 134 433 0.228853 3.01313 -4.28318 -0.0414283 -0.00951268 -0.00890553 5.24184 0.0434293 
935 134 105 -0.324632 -0.157007 -0.509994 0.0220741 0.0236814 -0.0213417 0.624605 0.0387756 
936 607 163 0.513185 -1.06093 -1.44382e-06 -0.0146668 -0.00709462 0.0620998 1.17853 0.0642015 
937 607 93 0.0591584 0.80869 -1.14668 -0.0301656 -0.021311 -0.0165857 1.40441 0.0404871 
938 607 105 0.833386 -0.566076 -1.42479 0.0597047 0.0665689 0.00847424 1.74499 0.0898214 
939 607 444 -0.554529 -0.268264 -0.871153 0.0590152 0.00341166 -0.0386164 1.06695 0.0706092 
940 275 607 0.0441574 0.0650131 5.64683e-07 -0.00315786 0.00214482 0.00341281 0.0785912 0.00512051 
941 275 434 -4.04989 0.296153 8.08128e-06 -0.0134393 -0.183781 -0.0212811 4.0607 0.185497 
942 275 195 0.474589 -0.981107 -4.08922e-06 -0.00078549 -0.000379864 -0.0238442 1.08986 0.0238601 
943 275 444 0.0945884 1.29269 -1.83301 0.155002 0.0107178 0.0155571 2.24497 0.156149 
944 275 86 0.298438 -0.202708 -0.510202 -0.0122985 0.0129038 -0.0123207 0.624869 0.0216694 
945 275 464 -0.312075 -0.151 -0.490267 -0.0166061 0.0560952 -0.00670653 0.600461 0.0588847 
946 434 299 -4.84387 0.354389 0.000132178 0.012679 0.173402 -0.274429 4.85681 0.32487 
947 434 23 0.830431 -1.71681 7.00245e-06 0.0064767 0.00313257 -0.0600474 1.90711 0.0604769 
948 434 505 0.00707267 0.0966771 -0.137089 -0.0121758 0.008586 0.00542681 0.167898 0.0158562 
949 434 464 1.08351 -0.735992 -1.85242 0.0732447 -0.0347286 0.0566403 2.26873 0.0988887 
950 434 488 -0.507581 -0.245558 -0.797367 -0.0152965 0.0308531 0.000235775 0.976592 0.0344377 
951 299 41 0.851633 -1.76079 -3.11576e-05 -0.0163833 -0.00792455 0.028719 1.95593 0.0339999 
952 299 359 0.157978 2.16017 -3.06317 0.156433 -0.101614 -0.0635907 3.75157 0.19708 
953 299 488 1.03729 -0.704653 -1.77355 -0.0987619 -0.0521603 -0.0370387 2.17209 0.117671 
954 299 681 -0.542043 -0.262155 -0.851427 -0.0545159 0.00849349 0.0320912 1.04281 0.0638276 
955 49 519 0.862006 -0.701689 -9.1016e-06 -0.018104 -0.0222413 0.0729106 1.1115 0.0783479 
956 49 409 -2.4124 -3.54192 2.40695e-05 0.311154 -0.211927 0.0171197 4.28542 0.376859 
957 49 145 -1.71277 0.266775 -3.98903 0.00142395 -0.203697 -0.0142341 4.34938 0.204198 
958 304 409 0.643706 -1.33165 6.43679e-05 0.124195 0.0600353 0.00987104 1.47907 0.138297 
959 827 843 -1.52853 -3.76263 -1.25077e-05 -0.184143 0.0748054 0.186054 4.06126 0.272251 
960 827 969 -1.02974 0.888374 -1.21204 0.0092383 0.089677 0.0578808 1.82171 0.107133 
961 300 969 0.915259 0.743348 -1.0511 0.05732 -0.0459518 0.0174145 1.57958 0.0755011 
962 300 655 1.47543 -5.35223 -7.84705 0.139163 0.20865 -0.116148 9.61246 0.27639 
963 300 846 -3.06652 -1.25846 -2.02862 0.0353638 -0.159344 0.0453923 3.8862 0.169415 
964 545 540 0.562394 -1.31283 8.22799e-05 0.131263 0.0562307 -0.00249866 1.42822 0.142822 
965 545 801 -0.0746834 -0.280615 -0.352875 -0.0165679 -0.0140457 0.0146759 0.456993 0.0262137 
966 337 218 -0.459337 -0.359444 4.48987e-06 0.0359282 -0.045913 -0.00175194 0.583258 0.0583258 
967 337 508 0.022418 0.191547 -0.11758 0.0170372 -0.00915517 -0.0116661 0.225872 0.0225872 
968 151 135 -0.44973 -0.607961 8.5017e-06 0.00705168 -0.00521622 0.0111212 0.756223 0.0141639 
969 151 925 1.09896 -1.05476 -1.77958 0.093026 0.103991 -0.0041886 2.34247 0.139591 
970 639 55 -5.45647 -0.445526 -0.000104067 0.037499 -0.459256 -0.0177165 5.47463 0.461125 
971 639 135 4.437 -8.22588 8.7813e-05 0.164945 0.0889688 -0.162703 9.34623 0.248183 
972 639 906 -0.891764 -0.725588 -1.53617 0.110973 0.0300519 -0.0786155 1.91873 0.139278 
973 55 183 -4.3823 -3.31648 0.000179798 -0.180619 0.238663 -0.0281699 5.49578 0.300628 
974 55 68 0.201625 -0.39555 2.78751e-06 -0.0103003 -0.00525051 -0.0123783 0.443973 0.0169378 
975 569 183 1.53712 -3.17792 3.73627e-05 0.240448 0.116303 0.141135 3.53014 0.302094 
976 569 84 -0.360348 -0.530466 4.75749e-06 -0.0415577 0.0282307 0.0359087 0.641284 0.0617532 
977 569 932 0.167469 1.18592 -1.59007 0.0319365 0.0324194 0.0275428 1.99067 0.0531936 
978 569 595 -0.4844 -0.234281 -0.760907 -0.0539203 0.0638737 0.0146596 0.931939 0.0848655 
979 163 275 -3.07237 0.224807 -1.83607e-05 0.00481952 0.0658546 -0.150955 3.08058 0.164765 
980 163 84 1.60361 -3.31481 -1.28249e-05 0.062905 0.0304312 0.0791316 3.68233 0.105569 
981 163 195 -0.55099 -0.811235 -9.52421e-06 -0.0672639 0.0456858 -0.0240125 0.980659 0.0847834 
982 163 105 0.0413157 0.56458 -0.800563 -0.0694092 0.00279412 -0.0016116 0.980489 0.0694841 
983 163 595 0.810006 -0.5501 -1.38471 0.0683636 -0.0366667 0.0545569 1.69591 0.0948393 
984 163 86 -0.715965 -0.346373 -1.12483 0.0240757 0.0354697 -0.0262467 1.37762 0.0502656 
985 195 84 1.44428 -0.105622 9.02096e-06 0.00558925 0.0764349 0.0812297 1.44814 0.111677 
986 195 23 -2.0353 0.148829 1.92113e-05 -0.00456326 -0.0623922 -0.0950807 2.04073 0.113815 
987 195 188 1.03764 -2.14504 -3.91309e-06 -0.065593 -0.0317301 0.0372162 2.38283 0.0818186 
988 195 86 0.0623182 0.851412 -1.2073 -0.0449701 -0.0226274 -0.0182786 1.47863 0.0535576 
989 195 600 -0.721549 -0.349135 -1.13355 -0.0134432 0.000204326 0.00849419 1.38833 0.0159033 
990 23 41 -2.10438 0.153929 1.60626e-05 -0.000254234 -0.00345769 -0.172215 2.11 0.172249 
991 23 587 0.988185 -2.04284 -5.41398e-06 0.0274027 0.0132554 0.0571585 2.26929 0.0647588 
992 23 464 0.0608339 0.831186 -1.17862 0.0666309 -0.0335085 -0.0201917 1.44351 0.0772671 
993 23 600 0.402421 -0.273337 -0.687958 -0.0355028 0.0150309 -0.0267394 0.84258 0.0469188 
994 23 695 -0.892434 -0.431757 -1.40202 -0.00573044 0.101816 -0.0277071 1.71712 0.105674 
995 41 372 -0.44172 0.0323402 1.14058e-06 0.00113523 0.0155062 -0.016146 0.442903 0.0224149 
996 41 17 0.161388 -0.333647 -3.63992e-06 0.00771288 0.00373069 0.00942344 0.37063 0.0127361 
997 41 7 -0.45826 -0.674652 -1.10871e-05 -0.0327917 0.0222742 -0.0199202 0.815572 0.044365 
998 41 488 0.0507417 0.69334 -0.983138 0.0768039 0.0288188 0.0242879 1.2041 0.0855527 
999 41 695 0.575903 -0.39116 -0.98455 0.0975764 0.0190646 0.0495021 1.20582 0.111063 
1000 41 930 -1.51025 -0.730503 -2.37256 -0.0712957 -0.150434 0.0917012 2.90577 0.190059 
1001 372 121 -1.30905 -1.92322 -1.04848e-05 0.0502531 -0.0342048 -0.00670047 2.32646 0.0611575 
1002 372 681 0.1771 2.4199 -3.43122 0.0531765 0.00352023 0.00522734 4.20245 0.0535486 
1003 372 930 0.531661 -0.361129 -0.908896 -0.00202115 -0.0270495 0.00956523 1.11318 0.028762 
1004 519 121 0.395399 -0.819229 8.48504e-06 0.0597331 0.0288301 0.000754501 0.909657 0.0663309 
1005 519 219 -4.88803 -7.17624 -0.000108523 -0.0235665 0.0160501 0.132877 8.68281 0.135902 
1006 519 370 0.0241896 0.329997 -0.467905 0.0411877 -0.0116459 -0.00608414 0.573078 0.0432327 
1007 519 605 0.810785 -0.552263 -1.38784 0.117767 0.0973241 0.030072 1.69955 0.155709 
1008 519 307 -1.3727 -0.311549 -1.52445 -0.0120185 -0.103488 0.0319719 2.07493 0.108979 
1009 409 219 3.28522 -2.674 -0.00011142 -0.227483 -0.279486 0.149867 4.23591 0.390283 
1010 409 301 -2.1395 -3.01055 -8.09694e-05 -0.0921065 0.0654517 0.197811 3.69335 0.227808 
1011 409 307 0.651635 0.0433476 -0.707294 0.0218033 -0.0267063 0.0184507 0.962689 0.0391029 
1012 409 340 -2.72416 1.00378 -3.99291 -0.0599522 0.0714996 0.0588766 4.93679 0.110331 
1013 515 313 -0.435247 -0.833472 5.12627e-05 -0.0209815 0.0109574 0.010542 0.940275 0.0259118 
1014 515 921 -0.282233 0.86271 -1.00911 -0.132535 -0.0125262 0.0263591 1.35729 0.13571 
1015 515 340 1.24793 0.0695759 -1.71876 -0.124655 -0.0661473 -0.0931848 2.12516 0.169109 
1016 843 240 -2.3207 -0.104293 4.56414e-06 -0.00461388 0.102662 -0.0961093 2.32304 0.140705 
1017 843 313 1.65245 -1.26948 0.000162318 0.126888 0.165168 0.00637169 2.08379 0.208379 
1018 843 601 -1.2974 -2.58203 6.86614e-05 0.0824047 -0.0414113 -0.187959 2.88966 0.209366 
1019 240 540 -2.6394 -0.175847 0.000142903 0.00670334 -0.100611 0.00412354 2.64525 0.100918 
1020 240 655 0.320755 0.360432 -0.681517 -0.0481075 -0.0483237 -0.0481985 0.835021 0.0835021 
1021 540 274 -2.81071 -6.84931 -7.97751e-05 0.0957461 -0.039299 0.709821 7.40359 0.717327 
1022 540 846 2.46335 4.09874 -2.92633 0.251923 0.0458322 0.27626 5.60635 0.376677 
1023 540 801 -2.73927 1.5002 -3.79641 0.396283 0.114252 -0.240786 4.91599 0.477568 
1024 657 274 0.652616 -0.813509 -1.72608e-05 -0.0152802 -0.0122572 -0.0407936 1.04293 0.0452531 
1025 657 890 -2.39547 -0.653563 -0.000127985 0.0504251 -0.184845 0.121086 2.48303 0.226654 
1026 657 801 2.85313 2.86608 -4.91613 -0.0390388 -0.405312 -0.258951 6.36578 0.482553 
1027 657 1145 -0.643162 -0.21165 -1.58443 -0.0869391 -0.0917744 0.0475501 1.72304 0.135063 
1028 218 103 -1.15921 -1.35063 -1.53459e-05 -0.0805115 0.0691008 0.000657675 1.77987 0.106101 
1029 218 520 1.2356 -0.48315 -0.989952 -0.00128491 -0.096501 0.045494 1.65534 0.106695 
1030 410 103 0.883334 -2.46872 -0.000242096 -0.0739023 -0.026448 0.0499373 2.62199 0.093031 
1031 410 531 1.25327 4.65991 -6.10765 0.224342 -0.0429616 0.0132563 7.78389 0.228803 
1032 410 925 -2.43343 -1.4727 -3.324 0.040406 -0.315001 0.109981 4.37486 0.336086 
1033 135 288 5.20064 -1.56277 0.000176316 -0.115585 -0.384633 0.141183 5.43037 0.425717 
1034 135 168 -1.519 -7.89909 -0.000248559 0.100108 -0.0192492 -0.0489787 8.04382 0.113097 
1035 135 400 0.177508 1.54304 -2.21808 -0.155022 0.0986851 0.056246 2.70783 0.192183 
1036 135 327 0.472165 -0.779509 -1.00007 0.0264422 0.0051399 0.00847794 1.35304 0.0282398 
1037 183 84 -0.598591 0.0438166 -1.89955e-06 -0.00337813 -0.0461495 0.000615388 0.600192 0.046277 
1038 183 407 1.35935 -2.80986 3.11629e-05 -0.0564202 -0.0272954 -0.0383377 3.1214 0.0734715 
1039 183 425 -1.97989 -2.91459 -3.8969e-05 0.0514268 -0.0349339 -0.0390995 3.52347 0.0734429 
1040 183 368 0.0630957 0.450446 -0.604586 0.02558 0.0557314 0.0441922 0.756576 0.0755862 
1041 183 620 -1.65706 -0.80143 -2.60335 -0.0445058 -0.0187802 0.0341099 3.18835 0.059135 
1042 84 425 2.10924 -4.36046 -3.82416e-05 -0.165919 -0.0802605 0.282442 4.84381 0.33726 
1043 84 595 0.0934272 1.27652 -1.81009 -0.0525103 0.0347908 0.021825 2.2169 0.0666638 
1044 84 398 -0.369017 -0.178548 -0.579749 -0.0565857 0.0131719 0.0319608 0.710043 0.0663093 
1045 84 620 0.42282 -0.287144 -0.722814 0.011141 0.0544461 -0.0151121 0.885262 0.0575924 
1046 587 188 1.40848 -0.102987 -1.22445e-05 0.00299064 0.0408951 0.0489534 1.41224 0.0638576 
1047 587 17 -1.50496 0.110045 2.67509e-07 -0.00335573 -0.0458924 -0.0795825 1.50898 0.091928 
1048 587 131 1.44294 -2.98239 0.000131964 0.00302907 0.00145969 -0.13195 3.31311 0.131993 
1049 587 386 -0.292785 -0.431118 2.21992e-06 -0.00563502 0.00382705 0.0290041 0.521139 0.0297933 
1050 587 600 0.113601 1.55178 -2.20047 0.151704 -0.0208812 -0.00689376 2.69499 0.153289 
1051 587 366 -0.432909 -0.209458 -0.680118 -0.0336739 0.0364316 0.0102142 0.832973 0.050651 
1052 17 7 -0.622734 0.0455854 -2.35604e-06 -0.00222346 -0.030376 -0.0312869 0.624401 0.0436637 
1053 17 386 0.0876681 -0.181208 8.218e-07 0.00509781 0.00246634 0.00590572 0.2013 0.00818218 
1054 17 256 -0.00362649 -0.00533975 -1.94375e-07 2.34932e-05 -1.59324e-05 -0.000630202 0.00645479 0.000630841 
1055 17 695 0.0345204 0.471546 -0.668618 0.0247236 -0.0537184 -0.0366087 0.818901 0.0695494 
1056 17 576 -1.22708 -0.593538 -1.92777 -0.00657897 0.156977 -0.0441435 2.361 0.163198 
1057 17 366 0.248653 -0.16888 -0.42508 -0.0174624 0.0231637 -0.0194174 0.520617 0.0349074 
1058 7 481 -1.45557 -2.13831 0.000122509 -0.0573323 0.0390171 -0.171089 2.58671 0.18461 
1059 7 930 0.104956 1.43356 -2.03266 -0.111287 0.0298247 0.0152879 2.48954 0.116224 
1060 7 576 0.321958 -0.218675 -0.550395 0.0142356 0.0231319 -0.000863213 0.6741 0.0271751 
1061 121 481 1.30187 -2.69159 0.000106734 -0.04041 -0.0195452 0.0103555 2.98991 0.0460675 
1062 121 605 0.0510481 0.693275 -0.983461 -0.017488 -0.019796 -0.0148626 1.20434 0.0303086 
1063 121 354 -1.86096 -0.899225 -2.92174 -0.127326 0.126747 0.0420891 3.57887 0.184521 
1064 219 482 2.20365 -4.58548 -5.15716e-05 0.149007 0.0716092 -0.0605877 5.08751 0.176074 
1065 219 625 -3.55181 -5.12611 -0.000105346 0.120613 -0.0835659 -0.237398 6.23637 0.279085 
1066 219 903 -0.965085 -0.237571 -1.11004 0.0209179 -0.118294 0.00713089 1.48997 0.12034 
1067 301 742 -2.39116 -2.79865 -1.81932 0.134746 -0.0494153 -0.101084 4.10609 0.175546 
1068 313 645 -0.0912332 2.07347 -3.02313 0.286471 0.192714 0.123531 3.667 0.366694 
1069 313 800 -1.11953 -1.1026 -2.52739 0.0906673 0.0463402 -0.0603784 2.97603 0.118379 
1070 313 742 2.26742 -4.02111 -2.282 -0.158635 0.161877 -0.442866 5.14957 0.497493 
1071 601 201 3.90668 -3.00193 -8.51634e-06 0.0105016 0.0136668 -0.0176943 4.92684 0.0247013 
1072 601 177 -3.30864 -1.14835 -0.000132719 -0.0600918 0.173154 -0.148325 3.50226 0.235783 
1073 601 380 -1.48321 1.09394 -2.94528 -0.206218 0.000251601 0.103943 3.47438 0.230933 
1074 274 177 5.26422 -0.990813 -0.000317907 0.0397597 0.21132 -0.234696 5.35665 0.318306 
1075 274 26 -5.22027 -1.59112 -0.00014209 -0.0813039 0.266758 -0.114116 5.45737 0.301318 
1076 274 371 -1.35104 -7.03983 7.90064e-05 0.00595979 -0.00114726 -0.311213 7.1683 0.311272 
1077 274 955 -0.33094 0.981049 -3.73552 -0.00834772 0.343935 0.0910664 3.87635 0.355885 
1078 890 624 -0.710178 -1.85147 7.214e-05 -0.142624 0.054709 0.0515942 1.983 0.161235 
1079 890 520 -1.55963 0.907699 -1.34654 0.0926542 0.0462435 -0.0761444 2.25156 0.128535 
1080 470 103 -4.59236 1.01061 -0.00026397 0.0330508 0.150173 -0.0541707 4.70224 0.16303 
1081 470 624 2.25694 -1.95608 -1.54951e-05 0.149726 0.172756 -0.0103316 2.98664 0.228843 
1082 470 520 0.82681 1.33878 -1.17427 0.15228 0.0139484 0.123124 1.96337 0.196324 
1083 470 829 1.24861 -1.17844 -4.45781 -0.129302 0.184085 -0.0848806 4.77701 0.240439 
1084 103 288 -4.65275 -0.170103 0.000283567 0.0110763 -0.302818 0.0883749 4.65586 0.315645 
1085 103 200 -0.418584 -2.17667 5.1375e-05 0.0417512 -0.00803168 -0.115654 2.21656 0.123222 
1086 288 510 -0.831673 -4.32496 -0.00026157 0.179677 -0.0345474 -0.0633929 4.4042 0.193639 
1087 288 925 0.478915 2.89278 -3.42625 0.130731 0.0949537 0.0984424 4.50963 0.189203 
1088 288 353 1.0288 -0.84429 -1.63074 -0.0385935 -0.0107325 -0.0187914 2.10489 0.0442466 
1089 288 327 -0.695085 -0.329275 -0.844074 0.01876 0.00302753 -0.0166297 1.14194 0.0252517 
1090 68 906 0.00447733 0.0342217 -0.0461121 0.00472521 0.0024086 0.00224633 0.0575977 0.00575977 
1091 68 776 0.128182 -0.526511 -0.583404 0.033292 0.039772 -0.0285787 0.796244 0.0592192 
1092 407 245 3.25171 -3.03958 -6.41153e-05 0.194538 0.208117 -0.0892628 4.45114 0.298539 
1093 407 136 -1.68153 -2.47499 -4.79632e-05 -0.206717 0.140448 -0.117566 2.99218 0.276187 
1094 407 553 0.39006 2.41535 -3.17777 -0.0086573 0.024656 0.0176779 4.01052 0.0315496 
1095 407 984 -0.61639 -0.298105 -0.968353 0.0145747 -0.0214704 -0.00266767 1.18596 0.0260867 
1096 425 188 -4.2183 0.308436 9.7936e-08 0.00553278 0.0756687 -0.130946 4.22956 0.151339 
1097 425 136 3.95903 -8.18437 4.55872e-05 0.216325 0.104642 -0.221496 9.09164 0.326814 
1098 425 620 0.0395305 0.539539 -0.765049 0.0434022 0.0667902 0.0493454 0.936998 0.0936998 
1099 425 984 0.171721 -0.116611 -0.293537 0.019813 -0.0220435 0.0203477 0.359513 0.0359513 
1100 425 421 -0.411309 -0.199069 -0.646217 -0.0204957 0.0150735 0.00840185 0.791455 0.0267932 
1101 188 131 -1.91287 -2.81654 0.000165132 0.103395 -0.0702263 -0.0861122 3.4047 0.151781 
1102 188 398 0.0899567 1.22857 -1.74215 0.000424798 -0.0392155 -0.027633 2.13367 0.0479752 
1103 188 276 -0.267385 -0.12939 -0.42007 -0.0402293 0.0103949 0.0224051 0.514486 0.0472064 
1104 131 386 -1.46805 0.107293 -5.23581e-05 -0.000720616 -0.00990476 -0.0918373 1.47197 0.0923727 
1105 131 110 -2.9814 -4.40371 -0.000377279 0.159499 -0.107982 -0.0276964 5.31803 0.194595 
1106 131 276 0.0836729 1.1442 -1.62276 -0.124051 0.00399743 -0.00357775 1.98734 0.124167 
1107 131 95 -3.21032 -1.67508 -5.25092 0.361845 -0.0835483 -0.194573 6.37842 0.419251 
1108 386 256 -0.00831455 0.000607995 -2.85082e-07 5.32925e-06 7.25111e-05 -0.00078542 0.00833675 0.000788778 
1109 386 166 -0.1931 -0.284489 -1.04783e-05 0.0149603 -0.010155 0.0143669 0.343834 0.0230942 
1110 386 366 0.0451979 0.618124 -0.876509 0.0040033 -0.00195006 -0.00116878 1.07349 0.00460382 
1111 386 404 -1.63457 -0.852219 -2.67417 0.0206047 0.0376315 -0.0245872 3.24796 0.0494491 
1112 256 223 -0.0254008 -0.0373021 4.4155e-07 0.00222109 -0.00151249 -0.00362569 0.0451293 0.00451293 
1113 256 576 0.003031 0.0414474 -0.0587637 0.00717262 0.00020966 0.000517838 0.071974 0.00719434 
1114 481 223 2.82256 -5.83634 -0.000414394 0.0732361 0.035405 0.187588 6.48304 0.204466 
1115 481 1380 0.167217 2.25703 -3.20268 -0.23355 0.014544 -0.00194438 3.92164 0.234011 
1116 481 838 -2.80887 -1.47029 -4.60623 -0.137277 0.120699 0.0451847 5.59186 0.188295 
1117 482 216 2.30996 -5.108 -2.68164e-05 -0.125639 -0.0568174 0.102491 5.60603 0.171807 
1118 482 354 0.0468719 0.606862 -0.860272 0.0554428 0.0309429 0.0248489 1.05382 0.0681824 
1119 625 321 0.437521 -1.04502 6.95669e-07 -0.0361727 -0.0151446 0.0220717 1.13291 0.0449998 
1120 625 917 -3.63672 -4.77657 0.000173931 -0.0821705 0.0625729 0.304612 6.00344 0.321645 
1121 625 903 -0.0612192 0.518527 -0.583104 -0.0051208 0.0411701 0.0371482 0.782706 0.0556883 
1122 201 279 1.9436 -2.2256 0.000179986 -0.100921 -0.0881435 -0.123944 2.9548 0.182528 
1123 201 742 2.03706 0.25827 -1.01485 -0.0293668 0.039875 -0.0487989 2.29046 0.0695252 
1124 201 446 0.0614698 -1.09237 -1.49191 0.107549 0.00159686 0.00326204 1.85009 0.107611 
1125 177 471 1.99942 -1.73037 7.7048e-05 -0.0114887 -0.0132695 0.126462 2.64421 0.127674 
1126 26 624 -3.4109 -0.430812 9.42768e-05 0.0317562 -0.251398 0.125114 3.438 0.2826 
1127 26 20 -0.210923 -1.09917 -2.01179e-05 0.084646 -0.0162431 0.0042103 1.11922 0.0862932 
1128 26 641 -1.59819 0.213418 -2.66803 -0.0780246 0.13828 0.0577989 3.1174 0.168967 
1129 624 69 -0.9706 -5.05839 -0.000135234 -0.465514 0.0893222 0.0131059 5.15067 0.474188 
1130 624 557 -2.60789 -0.905097 -4.77569e-05 -0.009154 0.0263766 -0.015958 2.76049 0.0321587 
1131 624 641 2.74894 1.11099 -4.90724 -0.192472 0.288575 -0.042486 5.73341 0.349465 
1132 200 510 -5.92075 -0.216344 -0.000128355 0.00808315 -0.221292 0.132114 5.9247 0.257856 
1133 200 557 6.62747 -1.46422 7.10638e-05 -0.0782212 -0.354053 -0.0594489 6.78729 0.367432 
1134 200 432 0.355336 -1.46927 3.05993e-05 0.0109442 0.00264722 0.0196747 1.51162 0.0226689 
1135 200 353 -1.03624 1.7535 -2.49546 -0.092591 -0.127791 -0.0513471 3.22116 0.165952 
1136 510 168 -4.44361 1.33546 -1.84517e-05 -0.0221589 -0.0737336 -0.127069 4.63995 0.148574 
1137 510 54 -2.63464 -2.48038 0.000150684 -0.159102 0.168997 -0.00752607 3.61852 0.232229 
1138 510 616 0.882806 -3.65065 8.34559e-05 -0.228788 -0.0553254 0.02616 3.75587 0.236832 
1139 168 245 -6.99251 -3.1053 0.000235586 -0.218403 0.491808 0.117878 7.65102 0.550881 
1140 168 54 0.984306 -4.17298 0.000195593 0.337542 0.0796149 -0.0688289 4.28749 0.353568 
1141 245 441 -5.22305 -7.68584 8.98017e-05 0.300143 -0.203965 0.284568 9.29259 0.461158 
1142 245 776 1.00191 2.57817 -2.97831 0.184159 0.129345 0.173918 4.06461 0.284416 
1143 245 364 0.18233 -0.206128 -0.290358 -0.0238475 -0.0147687 -0.00449059 0.400051 0.0284075 
1144 166 76 0.113927 -0.235393 3.68766e-06 -0.0102401 -0.00495646 -0.0235471 0.261513 0.0261513 
1145 166 975 -0.24911 -0.12972 -0.407307 -0.00251321 0.0217713 -0.00539669 0.494755 0.0225705 
1146 223 190 2.94649 -6.10656 -6.12987e-05 -0.0930245 -0.0448841 -0.133168 6.78026 0.168528 
1147 223 727 0.0479242 0.453342 -0.661568 -0.0314729 -0.0541842 -0.0394098 0.803423 0.0740243 
1148 223 415 -0.0103123 -0.00539869 -0.0169147 0.00149176 0.000797376 -0.00116397 0.0205328 0.00205328 
1149 216 45 -0.368633 -0.530235 1.72313e-05 -0.0317625 0.0220835 0.0444224 0.645786 0.0589057 
1150 216 6 2.43489 -4.71378 0.00029267 0.155288 0.0802057 -0.127853 5.30551 0.216549 
1151 321 917 -0.236562 0.0302443 6.76257e-06 0.00200476 0.0156766 0.0178002 0.238487 0.0238038 
1152 321 45 0.585886 -1.1383 3.5898e-05 0.0428922 0.0220764 -0.012198 1.28023 0.0497584 
1153 917 279 -2.80927 -0.321932 0.000165679 -0.000171343 0.00161405 0.230948 2.82766 0.230954 
1154 917 534 -1.03498 -4.72055 -2.38352 0.182403 0.174357 -0.424518 5.3885 0.493849 
1155 279 64 -2.34823 -0.838681 -0.000130833 -0.0440373 0.123274 0.171639 2.49351 0.215861 
1156 279 963 -1.38899 -7.61078 -0.000505489 0.397085 -0.0724383 -0.462889 7.73649 0.614159 
1157 279 742 1.6435 6.14533 -3.14471 0.0226356 -0.0786675 -0.1419 7.09615 0.163819 
1158 279 795 1.854 -0.100594 -4.95794 -0.327036 -0.27941 -0.116625 5.2942 0.445673 
1159 471 579 -0.675189 -0.234465 2.98609e-05 -0.0124772 0.0359228 -0.0605089 0.71474 0.0714664 
1160 471 64 2.44631 -2.51312 5.42619e-05 -0.00548402 -0.00534244 -0.194591 3.50717 0.194741 
1161 471 751 0.366099 0.649774 -1.6013 -0.0679425 0.126961 0.0359845 1.76646 0.148425 
1162 579 371 -3.96918 0.748782 -2.22257e-06 -0.0066924 -0.0354746 0.289386 4.03919 0.291629 
1163 579 173 0.249797 -0.256872 -1.9033e-05 0.00199304 0.00193756 0.00797956 0.358304 0.00844984 
1164 579 608 -0.31177 0.453839 -0.553869 0.0468549 0.0291319 -0.00250381 0.780988 0.0552297 
1165 579 873 3.1622 -0.49044 -5.09113 0.456904 -0.0858768 0.292065 6.01329 0.549033 
1166 579 674 -0.922155 -0.657606 -1.08516 0.118103 0.00438697 -0.103022 1.56856 0.156784 
1167 371 20 -4.22447 -1.2879 -0.000243049 0.0265063 -0.0869971 0.280334 4.41643 0.294717 
1168 371 528 -1.31581 -5.67973 -0.000320156 -0.186969 0.0433095 0.0917101 5.83016 0.212706 
1169 371 608 1.79537 1.21778 -2.18235 0.0754097 -0.0636851 0.0265009 3.07717 0.102199 
1170 371 522 -1.44366 0.822675 -2.9644 -0.123995 -0.233381 -0.00438196 3.39832 0.264312 
1171 371 674 0.764452 -1.17089 -1.33976 -0.0591655 0.0457317 -0.0737267 1.93657 0.105012 
1172 20 69 -5.89162 -0.743933 0.000113676 -0.00260957 0.0206313 -0.231467 5.9384 0.232399 
1173 20 528 1.7222 -1.60844 2.82358e-07 -0.116693 -0.124947 -0.0547759 2.35649 0.179525 
1174 69 557 -4.96258 4.29263 5.87606e-05 -0.29714 -0.34352 0.395703 6.56154 0.602395 
1175 69 408 -3.77401 -3.80868 0.000220509 -0.271124 0.268674 0.308569 5.36183 0.490824 
1176 69 43 1.6573 -3.8678 8.9888e-05 0.227 0.0972621 -0.181745 4.20791 0.306627 
1177 69 1291 -0.00020632 0.0182428 -0.0375188 -0.000245127 -0.00374597 -0.00182006 0.0417193 0.00417193 
1178 69 448 -0.143393 -2.19257 -3.24361 0.31947 -0.180263 0.107728 3.91777 0.38231 
1179 557 965 -1.50289 0.92317 -2.98929 0.232725 0.0352843 -0.106108 3.47085 0.258196 
1180 54 36 -3.32041 -2.6934 -3.86098e-05 0.111797 -0.137822 -0.0210498 4.27546 0.178708 
1181 54 558 0.258674 -1.06964 -5.1653e-05 -0.019509 -0.00471725 -0.0137902 1.10047 0.0243521 
1182 54 685 2.12826 -2.12804 -4.32388 -0.369255 -0.285782 -0.0411007 5.26821 0.468732 
1183 136 107 -8.39999 0.613452 0.000138 -0.0314111 -0.43009 -0.0966141 8.42236 0.441926 
1184 136 441 11.8268 -11.0543 0.000182772 -0.348906 -0.373292 -0.0248867 16.1886 0.511568 
1185 136 423 -0.408071 -0.602986 5.13915e-06 0.0470122 -0.0318152 0.0455937 0.728089 0.0728089 
1186 136 984 0.116516 1.5887 -2.2529 -0.0613229 -0.0658016 -0.0495737 2.75919 0.102703 
1187 136 456 -0.404934 -0.212193 -0.663029 -0.00412635 -0.0053022 0.004217 0.80536 0.00793241 
1188 107 131 -6.55169 0.479548 0.000178205 0.0393657 0.53779 0.0868281 6.56922 0.546174 
1189 107 78 -0.0154493 -0.0228245 -8.60547e-07 0.00189998 -0.00128599 -0.00152731 0.0275615 0.00275615 
1190 107 421 0.0389953 0.532584 -0.755256 -0.0239898 0.00179002 2.36306e-05 0.924975 0.0240565 
1191 107 537 -2.26429 -1.1835 -3.70317 0.17603 -0.0909834 -0.0785554 4.49901 0.213156 
1192 110 76 -3.09447 -4.54575 0.000104468 -0.128336 0.0873634 0.0177532 5.49905 0.156261 
1193 45 10 -1.59013 -0.685475 -1.44613e-05 -0.0291147 0.0675368 0.0814174 1.73158 0.109716 
1194 45 939 1.77801 -1.10118 -2.90288 0.0730062 0.0873888 0.0115662 3.5778 0.114457 
1195 64 963 0.660502 -0.560971 -1.11488e-05 0.0189377 0.022297 0.034146 0.866574 0.0449638 
1196 64 58 -0.394277 -2.0593 1.26391e-06 0.0763996 -0.0146277 -0.0269843 2.0967 0.0823349 
1197 64 446 0.522495 0.822163 -1.32837 0.128207 -0.099976 -0.0114496 1.64727 0.162982 
1198 64 647 -1.04245 -1.01736 -2.19737 0.127027 -0.180226 0.0231805 2.63632 0.221709 
1199 173 555 -0.496323 -0.177872 1.89162e-05 -0.00166719 0.00464771 -0.0404591 0.527233 0.0407593 
1200 173 647 0.527906 -0.0552202 -0.800586 0.0701615 -0.0322331 0.0484878 0.960558 0.0911739 
1201 528 555 0.863386 -0.237769 3.42268e-05 -0.019996 -0.0726164 -0.0484428 0.895527 0.0895527 
1202 528 90 -1.48184 -7.16029 0.000175442 0.480418 -0.0994269 -0.129993 7.31201 0.507528 
1203 528 674 0.320331 0.190797 -0.357163 0.0192508 -0.0472407 -0.0079705 0.516314 0.0516314 
1204 408 432 -1.17159 0.897724 -3.30563e-05 -0.0358766 -0.0468162 0.135301 1.47598 0.147598 
1205 408 65 -2.01236 -2.44882 -0.000206968 0.170666 -0.14025 0.0245475 3.16959 0.22226 
1206 408 1269 -1.60259 -2.10264 -6.29887 0.475171 0.207031 -0.190005 6.83119 0.552043 
1207 432 616 -3.26696 -0.119317 -6.43591e-05 -0.00270443 0.0740352 0.0244302 3.26914 0.0780087 
1208 432 807 2.52897 0.301729 -3.23125 0.134951 -0.132131 0.0932824 4.11433 0.210646 
1209 432 615 -0.479635 -0.724575 -1.05367 0.125591 -0.0138767 -0.0476268 1.36575 0.135033 
1210 616 358 0.414636 -1.75752 2.15709e-05 -0.0269769 -0.00636487 -0.0397896 1.80577 0.048492 
1211 616 558 -2.3579 -2.21997 -8.91102e-05 0.137967 -0.146533 -0.143554 3.23851 0.247214 
1212 616 746 0.271548 0.621416 -0.84969 -0.0368687 0.0869117 0.0517798 1.08714 0.107676 
1213 616 685 -0.9712 -0.203943 -1.42547 -0.0289744 -0.165654 0.0434412 1.73689 0.173689 
1214 36 441 -3.69564 1.47347 1.53766e-05 0.0387979 0.0973101 -0.0109178 3.97855 0.105327 
1215 36 251 1.29431 -5.35241 8.15568e-05 -0.0309827 -0.00748942 0.180718 5.50668 0.183508 
1216 36 364 0.162433 1.24594 -1.32577 -0.0323664 -0.103616 -0.101343 1.82659 0.148507 
1217 36 561 -1.37749 -0.179145 -2.03364 0.145232 0.135326 -0.110294 2.46278 0.227091 
1218 441 597 2.90982 -20.2598 -0.00082209 0.166754 0.0239544 -0.106578 20.4677 0.199348 
1219 441 650 0.160969 2.42662 -3.48533 -0.105747 0.0891581 0.0571913 4.24994 0.149675 
1220 423 78 -0.853342 0.06235 -1.87361e-05 -0.00147468 -0.0201772 0.0191874 0.855617 0.0278828 
1221 423 456 0.0530958 0.51991 -0.757977 -0.0586341 -0.016504 -0.0154277 0.920681 0.0628359 
1222 423 1567 1.43893 -0.499238 -1.5145 -0.0328603 -0.135111 0.0133173 2.1479 0.139686 
1223 423 412 -0.704724 -0.368179 -1.14798 -0.0523434 -0.00173734 0.0326898 1.39644 0.0617372 
1224 78 110 -0.446173 0.0327006 -5.63303e-06 0.00253943 0.0346522 0.0219519 0.447369 0.0410988 
1225 78 537 0.0234592 0.231451 -0.337106 0.0044573 -0.0146406 -0.0097418 0.409586 0.0181416 
1226 78 1162 -0.509013 -0.264728 -0.829777 0.0370703 0.012642 -0.0267734 1.00881 0.047443 
1227 524 270 -0.351486 -0.515508 1.65871e-06 -0.0283943 0.01936 0.00114386 0.623932 0.0343853 
1228 524 1162 0.0753117 0.734045 -1.06721 -0.0397807 0.0134161 0.00642049 1.29747 0.0424702 
1229 524 916 -0.151443 -0.0784991 -0.247201 0.0146223 -0.0261099 -0.000666788 0.300342 0.029933 
1230 76 270 0.188051 -0.390278 -1.07614e-06 0.0102917 0.00495901 -0.0289146 0.433221 0.0310896 
1231 76 264 -3.77491 -5.53912 0.000413504 0.190173 -0.129589 0.194024 6.70312 0.301005 
1232 76 253 0.145562 1.413 -2.0594 0.128273 0.0190375 0.0221287 2.50177 0.131553 
1233 190 264 2.93833 -6.05486 0.00053012 0.0783837 0.0380461 0.0890428 6.73017 0.12458 
1234 190 581 -0.217479 -0.113881 -0.356497 0.0173964 -0.0306316 -0.000827487 0.432846 0.0352365 
1235 6 347 3.16759 -6.58429 -0.000391934 -0.245262 -0.117994 0.0397859 7.30661 0.275061 
1236 6 415 0.349858 3.17729 -4.64664 -0.0774965 -0.315963 -0.221885 5.63993 0.393791 
1237 6 939 -0.649895 -0.29325 -0.989679 0.0624536 -0.104259 -0.0101188 1.21976 0.121954 
1238 10 171 -1.77724 -0.62918 8.02761e-05 -0.00984886 0.0278301 0.0788776 1.88533 0.084221 
1239 10 284 -0.0598999 -0.584795 2.80736e-05 0.0541176 -0.00554227 0.0194966 0.587855 0.0577888 
1240 10 1037 0.74118 0.58053 -1.59808 -0.038427 0.175541 0.045946 1.85478 0.185478 
1241 10 766 -0.233886 -0.297501 -0.515482 -0.0587095 0.00243934 0.02523 0.639477 0.0639477 
1242 171 963 -2.02371 1.72183 -0.000108023 -0.129387 -0.152076 -0.0615736 2.65708 0.208948 
1243 171 143 -1.37198 -7.20717 -0.000350712 0.222886 -0.0424307 0.02957 7.3366 0.228808 
1244 171 534 1.6897 6.69899 -3.4079 0.2319 -0.144896 -0.169845 7.70359 0.3219 
1245 171 766 0.734217 -0.167361 -1.02595 -0.0507836 -0.115312 -0.0175325 1.27266 0.127214 
1246 171 442 -0.735584 -0.84703 -1.58225 -0.179414 0.0321452 0.066201 1.9396 0.193921 
1247 963 169 -1.35403 -7.11433 -4.12085e-05 -0.649697 0.123651 0.25557 7.24204 0.709022 
1248 963 683 -0.0777834 0.402191 -2.94489 -0.260373 -0.130383 -0.0109295 2.97325 0.291399 
1249 58 39 -0.995411 -0.356513 -2.09691e-05 0.0232464 -0.064908 0.0428098 1.05733 0.0811549 
1250 58 866 1.0458 -1.09952 -3.62273 -0.185347 -0.285577 0.0331682 3.9277 0.342064 
1251 39 555 -0.263969 0.227929 9.86804e-06 -0.0171806 -0.0198961 -0.0228309 0.348757 0.0348177 
1252 39 498 -0.28115 -1.55189 6.46264e-05 -0.0785942 0.0142435 0.116403 1.57715 0.141172 
1253 39 841 -0.389291 1.04677 -1.60753 0.0605429 0.00303324 -0.0126864 1.9574 0.0619322 
1254 555 303 -0.0327565 -0.158269 -2.88906e-07 -0.0137748 0.00285095 -0.0078758 0.161623 0.0161215 
1255 555 674 -0.562688 1.0397 -1.13261 0.123146 -0.0417299 -0.0994866 1.63719 0.163719 
1256 555 841 1.0886 -0.231727 -1.60219 0.144772 0.0413419 0.0923852 1.95084 0.176644 
1257 555 334 -1.34287 -0.742008 -1.63385 0.172359 -0.109031 -0.0921463 2.24128 0.223799 
1258 43 241 0.777375 -3.91355 6.28385e-05 -0.274869 -0.0546038 -0.28399 3.99001 0.39898 
1259 43 448 -0.858322 0.716891 -1.65092 -0.0606166 -0.183733 -0.0482687 1.99404 0.199404 
1260 43 422 2.6025 -0.378103 -2.7934 -0.0388266 -0.0853349 -0.0246226 3.83654 0.096932 
1261 65 358 -4.71919 1.88563 0.000178686 -0.0332263 -0.0831713 0.164749 5.08197 0.18752 
1262 65 80 5.30178 -2.11947 6.07728e-05 -0.105468 -0.26382 0.165506 5.70974 0.328811 
1263 65 194 -2.02726 -1.96635 5.35929e-05 -0.0104341 0.0107597 0.0883983 2.82424 0.0896599 
1264 65 1546 -0.264298 -0.0755289 -0.433942 0.0278105 0.0183037 -0.0201242 0.513677 0.0389028 
1265 358 558 -1.97054 0.59218 -8.11951e-05 -0.0135899 -0.0452233 -0.00997638 2.0576 0.0482635 
1266 358 207 -0.610242 -0.591764 -1.65213e-05 0.0222394 -0.0229341 0.00951103 0.850047 0.033332 
1267 358 615 0.228818 0.262023 -0.421805 0.0430177 -0.033659 0.00242722 0.546748 0.0546748 
1268 358 1170 -1.94578 -0.595407 -2.99747 -0.00219788 0.209698 -0.0402268 3.6229 0.213532 
1269 558 251 -3.80331 -3.08482 0.000258167 -0.140498 0.173237 0.195472 4.89707 0.29658 
1270 251 777 -5.05501 -3.98278 -0.000188118 0.0918092 -0.116524 -0.0393165 6.4355 0.153468 
1271 251 271 1.65994 -6.99377 -4.49357e-05 -7.0681e-05 -1.63407e-05 -0.0677131 7.18806 0.0677131 
1272 251 706 1.05541 2.85869 -4.39487 -0.200845 0.0860471 0.00773826 5.34798 0.218639 
1273 597 341 -1.55702 -0.0891128 7.66764e-05 0.00598433 -0.104524 0.0425428 1.55957 0.113009 
1274 597 777 4.86939 -20.018 0.000450706 -0.266916 -0.0649248 0.116644 20.6018 0.298438 
1275 341 535 -1.59442 0.113957 -3.18874e-05 -0.000659414 -0.00919407 0.114404 1.59848 0.114775 
1276 341 1567 0.627006 1.78314 -1.87962 -0.0157803 -0.15815 -0.155297 2.66565 0.222211 
1277 341 825 -1.09461 -0.572939 -1.78388 0.0330231 0.0154232 -0.0252169 2.16994 0.0443203 
1278 341 832 0.7078 -0.891449 -1.02834 -0.0432402 -0.124634 0.0782814 1.53399 0.153399 
1279 535 524 -0.437691 0.032817 -6.11162e-06 -0.000341176 -0.00454989 0.00255758 0.43892 0.0052306 
1280 535 132 -0.526636 -0.77238 -4.01131e-06 0.054986 -0.037491 -0.0655723 0.934834 0.0934278 
1281 535 412 0.112653 1.09839 -1.59417 0.0878067 0.0348076 0.0301874 1.93921 0.0991608 
1282 535 667 -0.648992 -0.336382 -1.05932 -0.0973266 0.00596657 0.0577325 1.28705 0.113319 
1283 270 264 -2.02745 0.151628 0.000130464 0.00181519 0.0242771 -0.00679014 2.03311 0.0252741 
1284 270 53 0.400583 -0.831885 3.64133e-05 -0.000586209 -0.000283198 -0.0209632 0.923309 0.0209733 
1285 270 916 0.0271283 0.259262 -0.377777 0.00475719 0.00588507 0.00438043 0.458986 0.00874375 
1286 270 1315 0.442764 -0.586584 -1.23957 0.0562713 0.0530215 -0.00499101 1.44106 0.0774768 
1287 264 215 2.8449 -5.9069 -0.000295868 0.166754 0.0803083 0.0864506 6.55629 0.204279 
1288 264 5 -6.38572 -9.35773 -0.000830026 -0.326785 0.22302 -0.241773 11.3289 0.46366 
1289 264 632 0.453872 4.33566 -6.33363 0.0864478 -0.0431583 -0.0233489 7.68887 0.0994034 
1290 264 550 0.448765 -0.594311 -1.25642 -0.0400842 -0.0495725 0.00913156 1.46054 0.0644016 
1291 347 262 -0.701199 0.0527946 2.27302e-06 -0.00523759 -0.0695642 0.00870035 0.703184 0.0703016 
1292 347 5 3.40486 -6.98234 2.69373e-05 0.193945 0.0945751 -0.0403105 7.76828 0.219509 
1293 347 581 0.0212881 0.190849 -0.278867 0.00677637 0.0252086 0.0177694 0.33859 0.0315775 
1294 262 592 -0.768867 -0.13342 -0.600141 0.0153792 0.0862242 -0.0388718 0.984442 0.0958236 
1295 284 191 -0.696341 -2.55906 -0.000154725 -0.138821 0.0377697 0.0770699 2.65211 0.16321 
1296 284 592 1.94237 0.996379 -1.67919 -0.0756814 0.173504 0.0154089 2.75413 0.189917 
1297 284 766 -1.03295 2.07322 -3.15599 -0.0971436 -0.0345192 0.00911858 3.91478 0.103497 
1298 284 356 0.658176 -1.42098 -1.96695 -0.21953 0.0519565 -0.110994 2.51421 0.251421 
1299 169 85 -7.4907 -2.67754 -3.00782e-05 0.180531 -0.505052 -0.207785 7.95486 0.57519 
1300 169 143 4.56809 -3.8868 -8.7342e-06 0.0490876 0.0576923 -0.250233 5.99789 0.261447 
1301 169 442 0.641059 -0.115299 -0.918476 0.047443 0.0762202 0.0235452 1.12599 0.0928156 
1302 85 403 0.40311 -0.343058 -5.3276e-06 0.0296995 0.0348979 0.0264943 0.529327 0.0529327 
1303 85 498 -6.84363 -2.45052 0.000320467 -0.202663 0.565995 0.0941502 7.26913 0.608512 
1304 85 493 -0.722301 -0.819267 -1.66132 -0.0324328 -0.0525383 0.0400098 1.98819 0.0735727 
1305 303 90 -1.75206 0.482637 -2.26078e-05 -0.0105267 -0.038217 -0.065988 1.81732 0.076979 
1306 303 320 2.63503 -0.560709 -3.7924 -0.379825 0.0239345 -0.267449 4.65189 0.465155 
1307 90 241 -2.12386 -0.828685 7.32715e-05 -0.0107655 0.0276109 0.225048 2.2798 0.226991 
1308 90 210 -1.1638 -7.61772 8.80803e-05 -0.345732 0.0528199 0.0529967 7.70611 0.353736 
1309 90 334 1.75782 1.18492 -2.25749 0.163282 -0.262901 -0.0108522 3.09681 0.30967 
1310 90 422 -0.789457 0.913997 -1.28274 -0.124698 -0.0707692 0.0263191 1.76183 0.145775 
1311 241 80 -8.12021 0.373005 -0.000411661 -0.019452 -0.423351 0.102846 8.12878 0.436099 
1312 241 210 4.98302 -3.98974 -0.000132208 0.0761885 0.095157 -0.01804 6.38346 0.123227 
1313 241 418 3.21414 -0.64347 -4.81242 -0.0561826 -0.578188 0.0397863 5.82273 0.582273 
1314 241 804 -1.06609 0.772001 -1.7643 -0.106469 -0.0488934 0.0429403 2.2012 0.12478 
1315 80 181 -2.25086 -2.18379 -3.29815e-07 -0.0905003 0.0932796 -0.0226012 3.13613 0.131917 
1316 80 623 -0.540213 -0.172775 -0.910906 -0.0529937 -0.0306804 0.0372472 1.07305 0.0716727 
1317 194 449 -1.53419 -1.2085 1.18463e-05 0.00345231 -0.00438173 0.0980457 1.953 0.0982042 
1318 194 384 0.403622 -0.512737 -0.922769 -0.0460853 -0.0031108 -0.0184293 1.13018 0.049731 
1319 194 1152 -0.718014 -0.10366 -1.02591 0.0181646 -0.00691438 -0.0120144 1.25649 0.0228497 
1320 207 271 -1.20919 -0.952684 4.07029e-05 0.020777 -0.0263749 -0.088756 1.5394 0.0948944 
1321 207 1170 0.21926 0.644839 -1.00315 0.0685103 -0.033291 -0.00642548 1.21252 0.0764411 
1322 207 1152 0.233171 -0.296071 -0.532928 -0.0148684 0.00725637 -0.0105367 0.652717 0.0196149 
1323 777 127 -6.3166 -2.71108 0.000282961 -0.05211 0.121405 -0.0688159 6.87382 0.148964 
1324 777 74 5.49309 -23.1546 0.00108713 0.129123 0.0306408 0.179047 23.7973 0.222866 
1325 777 349 0.504444 1.40193 -2.13281 -0.166325 0.182891 0.0808785 2.60168 0.260105 
1326 167 127 0.206727 -0.112566 1.2636e-05 -0.00411427 -0.0075534 0.0218124 0.235387 0.023447 
1327 167 269 -0.279642 -0.408886 -1.68029e-06 0.0107735 -0.0073682 0.0209449 0.495366 0.0246789 
1328 167 825 0.055558 0.542391 -0.787093 -0.0268155 0.0100261 0.00501626 0.957491 0.0290647 
1329 132 524 -0.0749825 0.155715 -1.6649e-06 -0.0010537 -0.000507213 0.0172307 0.172828 0.0172704 
1330 132 270 -0.862304 0.0646482 -6.03135e-06 -0.0010259 -0.0136846 -0.00851099 0.864724 0.016148 
1331 132 269 0.569947 -1.18372 -2.49153e-05 -0.0389079 -0.0187328 -0.0399565 1.31379 0.0588326 
1332 132 53 -0.524261 -0.768897 3.02107e-05 0.0402819 -0.0274682 -0.0646788 0.93062 0.0809968 
1333 132 667 0.121559 1.16181 -1.69285 0.0962698 -0.016883 -0.00467397 2.05678 0.0978507 
1334 132 785 0.194185 -0.257247 -0.543716 -0.0590772 -0.018882 -0.0121655 0.632069 0.0632032 
1335 53 269 4.49197 -0.336845 -0.000231667 -0.0143833 -0.191842 0.0493723 4.50459 0.198615 
1336 53 215 -5.37077 0.402123 -0.000109843 -0.0104847 -0.140102 -0.251204 5.38581 0.287823 
1337 53 626 -0.301331 -1.11208 -3.16133e-05 -0.0149065 0.00404227 -0.111973 1.15219 0.113033 
1338 53 1315 -0.317155 1.23731 -2.15485 0.00838734 -0.0359784 -0.0218932 2.50497 0.042943 
1339 53 485 1.00466 -1.54377 -3.13379 0.0356359 0.012951 0.00504455 3.63499 0.0382504 
1340 215 756 -2.8221 -4.13508 -1.81818e-05 -0.203747 0.139053 -0.0789126 5.00631 0.25899 
1341 215 550 -0.150807 0.588269 -1.02436 -0.114592 0.017584 0.0269684 1.19085 0.119028 
1342 215 627 0.962502 -1.98414 -2.60898 -0.176449 -0.0915804 0.00455189 3.41614 0.198852 
1343 5 756 3.45962 -7.18472 0.000195399 -0.180787 -0.087052 0.0494195 7.97428 0.20665 
1344 5 247 -6.29568 -9.23224 0.000348555 0.235822 -0.160804 0.232784 11.1745 0.368318 
1345 5 622 -0.182019 0.713004 -1.2395 -0.139045 -0.0374692 -0.00113496 1.44148 0.144009 
1346 603 157 -0.496714 -1.23418 -2.51932e-05 0.0561779 -0.022611 0.0636301 1.33038 0.0878408 
1347 603 699 1.90501 1.24623 -3.38148 0.090015 -0.108831 0.0106021 4.07634 0.141631 
1348 603 356 -1.88292 0.366913 -2.40943 0.121389 -0.0442629 -0.101604 3.07983 0.164371 
1349 143 403 -2.02574 -0.724319 -2.66546e-05 0.0164048 -0.0458801 -0.00457609 2.15134 0.0489392 
1350 143 191 6.22564 -5.23695 -4.3626e-05 -0.0117399 -0.0139586 0.269369 8.13537 0.269986 
1351 143 138 -0.74775 -4.10502 -5.4818e-05 -0.290291 0.052877 0.0750224 4.17257 0.304456 
1352 143 442 -0.0984666 0.279446 -0.417791 -0.00449015 0.0338194 0.0236789 0.512187 0.0415284 
1353 143 568 0.463868 -1.04797 -1.71154 -0.0245231 -0.0957959 0.0520088 2.0598 0.111728 
1354 403 138 0.593733 -0.503938 -5.82259e-07 -0.0257689 -0.0303606 0.0114965 0.778764 0.0414484 
1355 403 261 -2.05492 -0.735847 5.65829e-05 -0.0235575 0.0657858 -0.00546636 2.18269 0.07009 
1356 403 179 -0.0344879 0.114135 -0.281443 -0.0238379 0.0165335 0.00962601 0.305657 0.0305657 
1357 498 66 -6.68948 -2.48219 -0.000408602 0.216745 -0.584112 -0.0903305 7.13515 0.629543 
1358 498 261 1.25923 -1.07175 -4.66724e-05 0.00686514 0.00805883 0.165018 1.65357 0.165357 
1359 498 320 -0.970657 2.42914 -3.68258 -0.172416 -0.367964 -0.197274 4.51711 0.451711 
1360 498 859 -0.696992 -0.90965 -1.64677 -0.156976 0.124912 -0.00255991 2.00627 0.200627 
1361 66 210 -13.2741 3.9209 0.000578389 0.0230011 0.0778257 0.295775 13.841 0.306706 
1362 66 133 7.65141 -6.56909 0.000204328 -0.40531 -0.472079 0.308775 10.0845 0.694606 
1363 66 273 -0.328612 -0.39444 9.87981e-06 0.0382856 -0.0318964 -0.0120476 0.513389 0.051267 
1364 66 496 -0.181445 0.454856 -0.667898 -0.0770975 0.00500445 0.0243528 0.828193 0.081007 
1365 210 221 -8.48324 -10.1789 -0.000514059 0.244003 -0.203356 -0.000569772 13.2505 0.317634 
1366 210 418 -1.09038 2.45394 -3.9419 -0.0287756 0.128015 0.0876522 4.76962 0.157793 
1367 181 293 0.523326 -0.209222 2.48404e-05 -0.00695984 -0.0174085 0.0014262 0.563599 0.0188024 
1368 181 436 -2.08814 -1.64452 2.67591e-05 0.10532 -0.133729 0.0712655 2.65797 0.184538 
1369 181 384 -0.859922 -0.123988 -1.22858 -0.0101123 0.0284679 0.00420492 1.50474 0.0305018 
1370 449 271 -1.37857 0.550796 2.54196e-05 0.00734021 0.0183718 -0.00651084 1.48453 0.0208277 
1371 449 436 1.83587 -0.733906 -8.77051e-06 -0.0116219 -0.0290721 -0.00149193 1.97713 0.0313446 
1372 449 152 -0.585339 -0.460941 4.6111e-06 0.0390763 -0.0496218 0.0376611 0.745043 0.0735366 
1373 449 808 -1.53867 -0.222194 -2.19846 0.019399 0.00349269 -0.0139301 2.6926 0.0241364 
1374 449 1142 0.14317 -0.181874 -0.327329 -0.00651965 -0.0144678 0.00518714 0.400899 0.0166952 
1375 271 152 0.494647 -3.42414 -3.78287e-05 0.218908 0.0316226 0.0448882 3.45968 0.225689 
1376 271 74 -3.0822 -2.42745 8.90382e-05 -0.118825 0.150878 0.0883487 3.92332 0.211398 
1377 271 1218 0.199428 0.582953 -0.908994 -0.0571475 0.0433028 0.015233 1.09812 0.0733008 
1378 271 808 1.64365 -2.08706 -3.75722 -0.0880077 -0.168174 0.054917 4.60153 0.197595 
1379 127 497 -1.79333 -2.62185 -0.000140606 0.0967966 -0.0662058 -0.0437033 3.1765 0.125151 
1380 127 832 0.140028 0.699665 -0.644643 -0.0530201 0.0565364 0.0498451 0.961615 0.0921522 
1381 127 853 -4.26409 -0.750901 -5.56663 -0.212008 0.00972271 0.161089 7.05221 0.266442 
1382 127 693 0.114 -0.13009 -0.183324 0.00684847 -0.0175357 0.0167024 0.252045 0.0251669 
1383 269 497 4.77121 -2.59779 6.95974e-05 0.0901747 0.165619 -0.00212188 5.43258 0.188588 
1384 269 785 -0.0545297 0.212786 -0.37052 -0.0374114 0.015666 0.0145027 0.43074 0.043074 
1385 756 247 -5.13366 0.385202 3.44259e-05 -0.00582589 -0.0776346 -0.0889354 5.14809 0.118197 
1386 756 189 4.94722 -10.8207 -0.000247134 0.399654 0.182724 -0.0848522 11.898 0.447561 
1387 756 543 -0.102032 0.418588 -0.739893 -0.0513502 0.0102188 0.0128624 0.856194 0.0539139 
1388 756 970 0.344001 -1.29061 -2.32732 -0.102586 -0.0972818 0.0387842 2.68336 0.146601 
1389 247 79 1.24386 -2.72095 -0.000104426 -0.0264394 -0.0120869 0.00808428 2.99178 0.0301744 
1390 247 70 -11.2182 -6.22404 -0.000272921 -0.17303 0.311873 -0.0775783 12.8292 0.364997 
1391 247 346 -0.304158 1.24044 -2.20521 -0.109186 0.0225279 0.0277317 2.54836 0.114883 
1392 247 390 -0.443281 -1.34796 -1.52556 -0.0765432 -0.0824469 0.09509 2.08346 0.147304 
1393 191 157 5.63199 -4.78057 0.000217333 0.092681 0.109175 -0.279583 7.38737 0.314127 
1394 191 257 -0.499189 -2.74114 0.000148825 -0.012418 0.00226462 0.0583248 2.78622 0.0596751 
1395 191 150 0.0973297 -0.272188 -0.408796 0.0478655 0.0145873 0.00168363 0.500673 0.0500673 
1396 138 257 2.81676 -2.36938 0.000225229 0.214939 0.255519 -0.0322114 3.68077 0.335449 
1397 138 294 -3.26591 -1.18434 0.000239861 0.0215252 -0.0593736 -0.0800821 3.47402 0.101989 
1398 138 286 -0.213714 -1.20377 2.14586e-06 -0.0608227 0.0107983 0.00948633 1.2226 0.062498 
1399 261 443 -1.0173 -1.3325 -2.68521 0.0285245 -0.140193 0.0587627 3.16557 0.154664 
1400 133 265 7.63777 -6.42506 0.000124766 0.488135 0.580267 -0.096545 9.98083 0.764399 
1401 133 159 -0.414774 -2.33437 7.173e-05 -0.130168 0.023125 -0.109153 2.37093 0.171443 
1402 133 859 -0.310501 1.00527 -1.5117 -0.104867 0.115259 0.0981864 1.8418 0.18418 
1403 273 221 -2.17068 0.641622 -3.67884e-05 -0.014852 -0.0502435 0.0458004 2.26352 0.0695893 
1404 273 383 1.84899 -1.06483 -1.86194 -0.00174228 -0.0648653 0.0353656 2.83186 0.0739004 
1405 221 293 -1.60032 0.640178 9.10619e-05 0.048319 0.120804 -0.11305 1.72362 0.172362 
1406 221 142 0.495346 -3.42851 0.000164985 -0.0506563 -0.00732184 -0.0640197 3.4641 0.0819646 
1407 221 232 -9.302 -7.32423 0.000782868 -0.138924 0.176446 0.0809986 11.8394 0.238734 
1408 293 259 -2.07995 -1.63798 -0.000107047 -0.0247401 0.0314056 0.154023 2.64748 0.159127 
1409 293 596 2.09826 1.85034 -3.97284 -0.131264 0.309889 0.0750025 4.859 0.3448 
1410 293 475 -1.25817 -0.182025 -1.79846 0.1775 0.0139717 -0.12559 2.20241 0.217886 
1411 259 436 -2.81765 1.12643 1.94981e-05 0.0625857 0.15655 0.119379 3.03446 0.206582 
1412 259 232 3.51734 -1.40656 0.000203498 0.0690505 0.172678 0.0394813 3.78816 0.190117 
1413 259 487 -1.9652 -1.54728 -1.42302e-05 0.0164278 -0.0208642 -0.0768215 2.50122 0.0812818 
1414 259 475 0.0118072 0.0295259 -0.0449767 0.00137072 0.00428767 0.00317457 0.0550826 0.00550826 
1415 259 958 -0.967651 -0.1397 -1.38273 0.0159814 0.0195 -0.0131541 1.69346 0.0284374 
1416 436 280 -1.43032 -1.12621 -9.4669e-06 0.0410748 -0.0521667 0.0322781 1.82048 0.0738268 
1417 436 1142 -1.36942 -0.197653 -1.95673 0.013653 0.069018 -0.0165267 2.3965 0.0722704 
1418 152 74 -7.55173 3.01723 0.000273487 -0.00290942 -0.00728271 0.00885971 8.13218 0.011832 
1419 152 280 6.11793 -2.44542 -0.000104271 -0.133664 -0.334394 -0.107981 6.58856 0.375959 
1420 152 530 0.58962 -4.08676 -0.000112315 0.0813605 0.0117407 -0.0867013 4.12908 0.119476 
1421 152 808 0.384614 0.962662 -1.46596 -0.0242709 0.0585998 0.0321134 1.79546 0.0710935 
1422 152 554 0.710911 -0.903066 -1.62569 0.0453936 -0.140402 0.0978432 1.99093 0.17705 
1423 74 97 2.28532 -15.8368 -0.000597338 -0.228074 -0.0329108 -0.0363802 16.0008 0.23329 
1424 74 226 -9.47046 -7.45261 -0.00048695 0.135126 -0.171726 0.20679 12.0512 0.30085 
1425 74 365 0.819601 2.45958 -3.79567 0.0302935 0.209752 0.14246 4.59656 0.25536 
1426 74 638 1.25602 -1.59485 -2.87256 0.0787908 0.027214 0.0193417 3.51749 0.0855728 
1427 497 226 5.09996 -2.0399 4.59838e-05 -0.0827599 -0.20691 -0.0669432 5.49279 0.232685 
1428 497 322 -2.47355 -1.9459 -5.45528e-05 -0.0129075 0.016409 -0.0514955 3.14722 0.0555666 
1429 497 1586 0.696316 -0.884944 -1.59256 -0.0463763 -0.0535644 0.00948719 1.95045 0.0714836 
1430 626 237 0.9744 -1.42135 -1.75895e-05 -0.00617958 -0.00423768 0.103781 1.72327 0.104051 
1431 626 627 -0.959031 0.969939 -1.61362 -0.0716122 0.12084 0.115198 2.11289 0.181662 
1432 626 618 -0.428607 -1.09758 -1.36938 0.106918 0.0538126 -0.0765963 1.80654 0.142107 
1433 79 189 5.13716 -0.384939 3.83698e-05 -0.0146807 -0.195918 0.00609291 5.15156 0.196562 
1434 79 390 -0.310383 0.129625 -0.361578 -0.0374256 -0.0129131 0.0274973 0.493841 0.0482029 
1435 70 157 -16.714 2.98449 0.000377953 -0.00605262 -0.0338964 1.22501e-05 16.9784 0.0344325 
1436 70 144 4.15057 -9.0816 0.000194302 0.291382 0.133173 0.125705 9.98512 0.344152 
1437 70 363 -0.286178 0.302299 -0.524727 0.0600941 0.00700969 -0.0287361 0.669791 0.0669791 
1438 70 390 1.12721 -0.275823 -1.24755 -0.0960946 0.0803604 -0.104593 1.70384 0.163192 
1439 157 257 -11.0195 -3.94102 0.000280859 -0.0532223 0.148805 -0.149913 11.7031 0.217829 
1440 157 363 1.01092 0.500154 -1.42188 -0.0755473 -0.10805 -0.0917191 1.8149 0.160607 
1441 157 150 -1.60999 0.293233 -2.31471 0.228327 0.0414688 -0.153559 2.83478 0.278269 
1442 257 430 -2.94528 0.442534 -4.32403 0.0683103 0.520544 0.00674491 5.2505 0.52505 
1443 257 184 0.696112 -1.5289 -2.20127 0.0473567 0.00987488 0.00811705 2.76906 0.0490515 
1444 294 265 -7.70629 -2.82226 -0.000317219 0.0082917 -0.0225952 -0.405531 8.20683 0.406245 
1445 294 552 2.95115 3.3017 -6.65298 -0.20225 -0.195914 -0.186941 7.99204 0.337986 
1446 265 22 -0.693348 -3.90443 -0.000148879 -0.357126 0.0634226 -0.1078 3.96551 0.378394 
1447 265 260 -1.67956 -1.7152 -3.6003 -0.0421371 -0.0244157 0.031289 4.32724 0.0578849 
1448 142 232 -0.281373 0.112458 5.60296e-06 0.00416753 0.0104286 -0.0281434 0.303014 0.0303014 
1449 142 244 -2.16367 -1.7034 -8.37576e-05 0.0877989 -0.111523 0.00814918 2.75373 0.14217 
1450 142 617 2.51227 1.67069 -4.78885 -0.0318966 0.260078 0.0740005 5.66002 0.272276 
1451 142 894 -0.181384 -0.0991041 -0.351392 0.0357075 0.00336628 -0.0193811 0.407674 0.0407674 
1452 232 244 0.670674 -4.6457 -0.000229568 0.156059 0.0225267 0.055377 4.69387 0.167118 
1453 232 309 1.43692 1.65923 -3.87277 -0.0488016 0.123393 0.0347592 4.45153 0.13717 
1454 232 575 -2.08663 -0.300987 -2.98219 0.176927 0.10134 -0.134023 3.65214 0.243998 
1455 487 280 -4.40789 1.76208 3.28245e-05 -0.0713489 -0.178482 0.0299647 4.74705 0.194536 
1456 487 52 4.62027 -1.84722 3.18424e-05 -0.0852715 -0.213282 -0.0285013 4.97585 0.231458 
1457 487 958 0.148201 0.370778 -0.564699 0.0182363 -0.00351406 0.00247869 0.69161 0.0187365 
1458 487 602 -0.408337 -0.0589226 -0.583466 -0.0184678 -0.0209579 0.0150411 0.714593 0.0317259 
1459 280 129 0.205682 -1.42557 -1.47792e-06 0.0716222 0.0103337 0.0563525 1.44033 0.0917177 
1460 280 530 -0.690452 -0.543575 -9.99581e-06 0.015925 -0.020227 -0.0545844 0.878748 0.0603506 
1461 280 1142 0.155229 0.388442 -0.591542 -0.0436889 0.0481791 0.0201727 0.724503 0.0680947 
1462 280 602 0.514014 -0.652984 -1.17532 -0.00225551 -0.100151 0.0546553 1.43943 0.114116 
1463 226 202 -5.68015 -4.47082 -9.51512e-05 0.0342636 -0.0435322 0.0283587 7.22858 0.0622355 
1464 226 290 0.650771 -4.50979 -9.57581e-06 -0.130155 -0.0187817 0.0324825 4.5565 0.135456 
1465 226 693 0.0439929 0.338663 -0.361911 0.00726114 -0.00360733 -0.00249296 0.497602 0.00848245 
1466 226 895 0.864827 -1.09844 -1.9774 0.085723 0.0805415 -0.00724914 2.4217 0.117847 
1467 226 1586 -0.062808 -0.00905114 -0.0897444 0.00549482 -0.00894654 -0.00294327 0.109913 0.010904 
1468 202 1586 0.156566 0.391671 -0.596523 -0.00617117 0.0279663 0.0167427 0.730588 0.033174 
1469 202 362 0.203384 -0.258355 -0.465 0.000389192 0.0371714 -0.0204823 0.569506 0.0424428 
1470 322 237 -2.46963 -1.94527 5.75494e-05 -0.00124288 0.00158014 0.0753983 3.14375 0.0754251 
1471 322 468 0.0253643 0.0824284 -0.130633 -0.0152659 0.00310015 -0.00100792 0.156533 0.0156101 
1472 1123 970 0.528502 0.650472 0.0329774 -0.00637186 0.000937313 0.0836282 0.838759 0.0838759 
1473 1123 390 -0.694105 0.670887 0.170985 0.00845509 0.0322448 -0.0921946 0.98036 0.098036 
1474 1123 310 1.43288 -0.566679 0.24808 0.0453416 0.0563907 -0.133077 1.56071 0.151477 
1475 1123 523 -1.23062 -1.03278 0.180947 -0.0490715 0.0604586 0.0113401 1.61672 0.0786884 
1476 463 112 -1.09212 -0.905773 -0.103013 -0.00029436 -0.015725 0.141387 1.42259 0.142259 
1477 463 889 -1.92595 1.44079 -1.50016 -0.022394 -0.101366 -0.068604 2.83472 0.124431 
1478 463 707 0.667056 0.259189 -0.993207 0.0309768 0.0342882 0.0297525 1.22417 0.0549587 
1479 184 112 1.33224 -1.32249 -0.105744 0.0454953 0.0495527 -0.0465509 1.88017 0.0818064 
1480 184 536 -0.901639 -0.134681 -0.870127 -0.0342953 0.119968 0.0169683 1.26024 0.125923 
1481 184 457 0.181974 -0.209602 -0.704415 0.013199 -0.0704567 0.0243745 0.757131 0.0757131 
1482 514 149 -0.534332 0.413708 0.0172245 0.0353516 0.0441159 0.037063 0.675989 0.0675989 
1483 514 156 0.624603 -0.548203 0.0112469 0.0387753 0.045366 0.0578466 0.831133 0.0831133 
1484 514 611 -0.279245 -0.11459 0.0040008 0.00138842 -0.00313226 0.00719445 0.301868 0.00796862 
1485 260 397 -0.0981346 -0.872997 -0.0829657 0.087036 -0.0106595 0.00921433 0.882404 0.0881691 
1486 260 1251 1.0489 -0.464963 -1.67072 0.113254 -0.114702 0.103024 2.02674 0.191303 
1487 260 1107 -1.65268 -0.53961 -2.45106 -0.0973468 0.100329 0.0435505 3.00504 0.14642 
1488 649 957 -0.577535 0.744606 -0.880766 0.113303 0.0183066 -0.0588185 1.28986 0.128967 
1489 466 220 1.35059 -1.69942 1.2983 -0.0705842 0.0108629 0.0876465 2.52937 0.113058 
1490 466 1088 -0.666275 -1.02016 -3.36278 0.0410481 0.33709 -0.110395 3.57672 0.357073 
1491 250 570 -0.596347 0.238385 1.01848e-06 0.00331741 0.00829875 0.0306445 0.642229 0.0319211 
1492 250 51 -0.448251 -0.352876 1.74993e-05 -0.00116332 0.00148057 0.056994 0.570483 0.0570251 
1493 250 489 0.368795 -2.55586 7.12638e-05 0.00780591 0.00112621 -0.00478369 2.58233 0.00922412 
1494 250 500 0.0997419 0.3674 -0.757218 -0.0374087 0.0702409 0.0291531 0.847532 0.0847532 
1495 570 602 -2.08421 0.833192 3.97444e-05 0.0366465 0.091675 -0.101932 2.24458 0.141906 
1496 570 51 0.202959 -1.40652 4.13381e-05 0.00652914 0.000942793 0.0219164 1.42109 0.0228877 
1497 570 331 -1.46672 -1.15467 5.73012e-05 0.0345022 -0.0438263 0.00593718 1.86669 0.0560927 
1498 896 658 -1.79565 0.717836 3.54632e-05 0.00130167 0.00325893 -0.0577004 1.93381 0.057807 
1499 896 331 2.40756 -0.962469 0.000119361 -0.0258447 -0.0646471 0.0145928 2.59281 0.0711347 
1500 896 438 -2.22494 -1.75153 0.000112408 0.0175061 -0.0222349 0.0442114 2.83165 0.0524929 
1501 896 541 0.108719 -0.753469 4.4995e-05 -0.019501 -0.00281455 -0.0123068 0.761273 0.0232307 
1502 658 97 -1.35119 1.71609 3.08963 -0.0223629 -0.113435 0.053226 3.78371 0.127282 
1503 658 438 0.225174 -1.56049 3.36742e-05 -0.00453425 -0.000653634 0.0298298 1.57665 0.0301795 
1504 658 413 -2.60215 -2.04843 8.87085e-05 -0.036167 0.0459428 -0.0177112 3.31169 0.061094 
1505 658 1261 0.574498 -0.591613 -2.57545 -0.0307623 0.0571489 -0.0199899 2.70425 0.067911 
1506 362 1586 -0.0441161 0.305722 1.90114e-07 0.0130135 0.00187789 -0.0279508 0.308889 0.0308889 
1507 362 1289 -0.752156 0.300671 -1.0306e-05 -0.0216847 -0.0542455 0.0229981 0.810025 0.0627831 
1508 362 413 0.326955 -0.13071 2.13286e-06 0.0119908 0.0299938 0.0135648 0.352115 0.0350344 
1509 362 312 0.122566 -0.849341 1.25868e-06 0.00746964 0.00107793 0.00662072 0.858139 0.0100395 
1510 362 686 -2.63694 -2.07591 0.000110451 -0.0119778 0.0152177 0.0522616 3.35602 0.0557344 
1511 362 1372 0.0841866 0.0401698 -0.277274 0.02199 0.0168006 0.00911063 0.292544 0.0291346 
1512 1289 468 -0.498134 2.50294 -0.0460531 -0.0817191 -0.0177494 -0.0807461 2.55245 0.116245 
1513 1289 686 0.266624 -1.84739 8.51773e-05 -0.112037 -0.016168 0.0376289 1.86653 0.119288 
1514 606 630 0.148199 0.0144927 0.218607 -0.0142564 -0.0138363 0.0105821 0.264504 0.0225093 
1515 310 1194 0.357684 -0.397673 -0.79613 0.0195945 -0.0801709 0.0488494 0.959117 0.0959041 
1516 523 996 -1.28755 -0.91814 -0.0989107 0.0522087 -0.0584022 -0.137494 1.58447 0.158244 
1517 523 1226 0.0480941 -0.000202029 -0.585238 0.0563078 0.0159101 0.00462181 0.587211 0.0586947 
1518 112 996 0.890742 -0.757865 -0.00698637 -0.0707059 -0.0827093 -0.0426963 1.16954 0.116889 
1519 112 580 -0.636513 -0.715442 -0.0269209 0.0618748 -0.056783 0.0460923 0.957983 0.0957983 
1520 112 1390 1.31879 0.642896 -2.09997 0.00973876 -0.0265245 -0.00200435 2.56172 0.0283268 
1521 156 580 2.52514 -1.82496 -0.137261 -0.15842 -0.225797 0.0877037 3.1186 0.289436 
1522 156 633 -2.36383 -0.97023 -0.0200215 -0.00686801 0.0124979 0.205229 2.55528 0.205723 
1523 156 536 0.130674 1.9774 -1.69558 -0.125053 0.142856 0.156962 2.60809 0.246339 
1524 156 1238 -0.19055 -0.790434 -0.54007 0.0521563 -0.0546467 0.0615777 0.9761 0.0974595 
1525 611 633 1.33233 -1.16952 -0.0133972 0.0282262 0.030389 0.154228 1.77287 0.159708 
1526 611 397 -1.54273 -0.468865 -0.146504 -0.00997898 0.0170198 0.0506121 1.61904 0.0543216 
1527 611 1251 -0.715698 1.03856 -1.81241 -0.0181541 0.172543 0.10604 2.20809 0.203335 
1528 220 187 3.01217 -1.8828 -1.01049 -0.11424 -0.0201274 -0.303034 3.69313 0.324477 
1529 220 1054 0.394906 0.129021 -4.17463 -0.0102835 0.0855426 0.001671 4.19525 0.0861747 
1530 220 345 -0.100033 -0.904798 -0.579403 0.0100409 -0.0587235 0.0899693 1.07906 0.107906 
1531 51 331 -2.04313 0.81674 3.53719e-06 -0.0182823 -0.0457342 -0.0407943 2.20033 0.0639534 
1532 51 489 1.53775 -0.614691 -5.09818e-06 -0.0412936 -0.103303 0.00220116 1.65606 0.111272 
1533 51 344 -1.83036 -1.44095 1.61252e-05 0.0430103 -0.0546345 -0.065994 2.3295 0.0958646 
1534 51 1000 0.154836 -1.07293 -2.63179e-06 -0.0230017 -0.00331955 0.050628 1.08404 0.0557072 
1535 51 881 1.18402 0.298179 -1.93124 0.0327152 0.102037 0.0358115 2.28484 0.112979 
1536 331 344 0.206098 -1.42822 7.66893e-06 -0.0269651 -0.00389093 0.0449577 1.44301 0.0525686 
1537 331 541 -2.07771 -1.63566 3.4563e-05 -0.00329868 0.00419068 0.0227808 2.64429 0.0233967 
1538 331 824 0.294968 1.13866 -1.82326 0.0229716 0.0667935 0.0454301 2.16976 0.0839819 
1539 331 934 0.359728 -0.458189 -0.824742 -0.0735111 -0.005756 -0.0288656 1.00972 0.0791848 
1540 438 413 -0.987092 0.394617 5.77018e-06 -0.00179909 -0.00449995 -0.0193531 1.06305 0.0199507 
1541 438 541 1.89862 -0.759023 3.96861e-05 0.0103877 0.0259793 -0.0829147 2.04472 0.0875082 
1542 438 612 0.285551 -1.97903 2.54524e-05 -0.0216168 -0.00312068 -0.126465 1.99952 0.128337 
1543 438 1079 -2.40947 -1.89674 6.78537e-06 -0.00898065 0.0114079 -0.106616 3.06646 0.1076 
1544 438 504 0.0762118 -0.201918 -0.855999 -0.0735795 -0.00559933 -0.00523017 0.882788 0.0739774 
1545 413 895 -0.193489 1.34083 -2.37344e-05 0.0281025 0.00405491 -0.025533 1.35471 0.0381855 
1546 413 312 -2.77243 -2.18249 -1.61978e-05 -0.0360023 0.0457332 0.0982843 3.52841 0.114226 
1547 413 1079 0.215413 -1.49287 -4.84965e-06 0.0203486 0.00293618 0.00413321 1.50833 0.0209707 
1548 413 1008 0.276338 -0.223913 -1.9288 -0.063284 -0.0612266 -0.00195888 1.96132 0.0880761 
1549 312 686 -1.70287 0.680751 5.76651e-05 -0.00851342 -0.0212924 -0.042931 1.8339 0.0486715 
1550 312 1079 1.57645 -0.630232 2.33501e-06 -0.0222406 -0.0556325 -0.0475072 1.69776 0.0764628 
1551 312 287 -2.47005 -1.94449 -2.18817e-05 -0.0266135 0.033808 -0.119134 3.1436 0.126665 
1552 312 628 0.137497 -0.952876 -4.47148e-06 0.0569236 0.008214 -0.0265052 0.962745 0.0633268 
1553 312 1260 0.105019 -0.133366 -0.240121 0.00747075 -0.02291 0.0159919 0.294064 0.028921 
1554 312 872 -0.187337 -0.0270011 -0.267682 -0.0193594 -0.0211258 0.0156796 0.327838 0.0326639 
1555 686 287 0.212535 -1.47287 -5.71505e-05 0.0972733 0.0140384 -0.0480266 1.48812 0.109388 
1556 686 230 -3.33673 -2.62672 -0.000131415 0.0520402 -0.0661048 -0.0403521 4.24657 0.0933076 
1557 686 1852 -2.18744 0.935105 -1.30766 0.0693561 -0.0248862 -0.133814 2.71465 0.152761 
1558 686 798 0.195834 0.932834 -1.54311 -0.0653112 -0.00151291 -0.00920313 1.81376 0.0659738 
1559 686 872 0.556338 -0.706602 -1.27209 0.0250788 0.0211624 -0.000786954 1.55789 0.032824 
1560 1166 1229 -1.54126 -0.271703 -2.54334 -0.101404 0.0329529 0.0579303 2.98629 0.121345 
1561 34 547 -1.20087 -0.94517 7.03032e-05 0.0540447 -0.0686751 -0.125014 1.52822 0.152531 
1562 34 591 0.275847 -1.74623 -0.0165306 -0.1157 -0.0195284 0.132211 1.76796 0.17677 
1563 34 902 0.265737 1.38747 -2.49643 0.0518889 0.244192 0.141241 2.86842 0.28683 
1564 547 511 -3.85456 -1.96323 -2.38741 0.0654369 0.0614702 -0.156199 4.94081 0.180163 
1565 547 1451 0.311997 0.13818 -1.37945 -0.0122604 -0.111674 -0.0139594 1.42103 0.113209 
1566 996 1276 0.243537 -0.0551449 -2.47777 -0.0141595 -0.199744 0.00305375 2.49032 0.200268 
1567 580 330 -1.36736 -1.65612 0.55459 0.0459087 -0.00866552 0.0873127 2.21811 0.0990263 
1568 580 1146 2.29106 -1.83082 -1.61643 0.101444 0.14329 -0.0185119 3.34869 0.176538 
1569 633 849 -1.58145 0.329728 -2.28485 0.0505799 -0.108637 -0.0506862 2.79825 0.130113 
1570 518 830 -1.85468 -0.454043 -3.86405 0.131869 0.39339 -0.10952 4.31009 0.429115 
1571 187 397 1.35773 1.3368 -0.504014 0.0722678 -0.0452964 0.0745377 1.97092 0.113271 
1572 187 636 2.23168 -2.29646 -0.929049 0.14499 0.0196931 0.299604 3.33426 0.333426 
1573 187 1126 -0.0927968 -0.276903 -0.593916 -0.0630984 -0.0121598 0.0155281 0.661833 0.066109 
1574 609 374 0.00137527 -0.131821 -0.00723948 -0.0123748 -0.000369613 0.0043793 0.132026 0.0131321 
1575 609 1404 -0.954301 0.839047 -0.97634 0.110665 0.0628843 -0.054125 1.60248 0.138313 
1576 489 668 0.282482 -1.9572 0.000128914 0.103859 0.0149902 0.00468863 1.97748 0.10504 
1577 489 1000 -1.0765 -0.84749 8.91544e-07 0.0094561 -0.0120114 0.000532326 1.37007 0.0152962 
1578 489 907 1.42412 -0.915404 -2.13409 -0.083855 -0.0168579 -0.0487269 2.72404 0.0984386 
1579 344 541 -1.66917 0.66726 1.39424e-05 -0.0439023 -0.109823 0.0257288 1.7976 0.12104 
1580 344 1000 1.26022 -0.503769 -1.26894e-05 -0.0224586 -0.0561822 0.016409 1.35718 0.0626904 
1581 344 1318 -1.59218 -1.25341 -1.371e-05 -0.0271907 0.0345406 -0.066834 2.02635 0.0799948 
1582 344 542 0.300269 -2.08098 -4.29805e-06 -0.0227492 -0.00328236 -0.0862947 2.10253 0.0893033 
1583 344 934 0.335804 0.843236 -1.28508 -0.0614425 -0.086604 -0.0728829 1.57329 0.128792 
1584 344 1086 -0.474297 -0.395245 -1.06883 -0.0543829 -0.0136283 0.0291722 1.23433 0.0632001 
1585 541 612 -2.54261 -2.00156 -2.16156e-05 -0.0336875 0.0427917 0.183204 3.23591 0.191127 
1586 541 1318 0.259522 -1.79856 -2.63892e-05 -0.0558773 -0.00806317 0.0252296 1.81718 0.061837 
1587 541 773 0.685624 0.996505 -4.27249 0.261969 -0.0793148 0.0235401 4.44042 0.274723 
1588 612 1079 -1.70012 0.679667 -1.92551e-05 -0.0304245 -0.0761022 0.0633926 1.83095 0.103614 
1589 612 1318 1.30707 -0.522533 -1.1039e-05 0.00307689 0.00769787 -0.0613571 1.40765 0.0619146 
1590 612 648 -2.68359 -2.11258 -3.23807e-05 -0.0607002 0.077108 -0.0802394 3.41536 0.126762 
1591 612 512 0.239119 -1.65712 2.98578e-05 0.0199442 0.0028767 -0.0668721 1.67429 0.0698422 
1592 612 1245 1.06357 -1.07944 -2.34539 0.156763 -0.0595419 0.0984907 2.79235 0.194474 
1593 1079 648 0.178578 -1.23757 1.29502e-06 0.0567711 0.00819189 -0.00579297 1.25039 0.0576509 
1594 1079 628 -2.68821 -2.11622 -2.05958e-05 -0.0201867 0.0256433 -0.0355007 3.42124 0.0482222 
1595 1079 1630 0.670632 -0.851857 -1.53337 0.0349813 -0.0546333 0.0456508 1.87793 0.0793252 
1596 287 230 -1.56962 0.627507 1.26089e-05 -0.00203032 -0.0050779 -0.0335578 1.69041 0.0340005 
1597 287 628 1.76299 -0.704797 4.39742e-06 -0.0199638 -0.0499381 -0.0706466 1.89865 0.088788 
1598 287 335 -2.43605 -1.91766 -1.16632e-05 -0.12472 0.158434 0.0338282 3.10029 0.204452 
1599 287 122 0.232216 -1.60936 1.69183e-05 0.138933 0.0200471 0.0262818 1.62603 0.142811 
1600 287 1284 0.351947 -0.44699 -0.804673 0.0403275 -0.0697521 0.0563852 0.985477 0.098341 
1601 230 335 0.244536 -1.69481 -1.92144e-05 0.138485 0.019981 0.0369189 1.71236 0.144708 
1602 230 794 -3.01349 -2.37214 -0.000238097 -0.0882389 0.112097 -0.00804751 3.83512 0.142886 
1603 230 1124 0.306568 -0.389419 -0.700968 0.0123298 0.0762498 -0.0369677 0.85848 0.085631 
1604 230 1082 -1.36493 0.459348 -2.54018 0.117923 -0.172856 -0.0946227 2.92002 0.229649 
1605 794 335 0.661375 -0.264417 3.62266e-05 -0.00636359 -0.0159076 0.0685258 0.712273 0.0706352 
1606 794 453 0.00509058 -0.0352813 1.76108e-06 0.0020321 0.000293326 0.00247806 0.0356467 0.00321811 
1607 794 455 -3.24088 -2.55118 0.000117172 -0.0300381 0.0381586 -0.00203483 4.12454 0.0486056 
1608 794 868 0.185111 -0.235164 -0.423191 0.0477691 0.0128904 0.013732 0.518323 0.051348 
1609 591 455 1.03039 -0.446687 0.0109644 0.0337399 0.0759843 -0.0751597 1.1231 0.112076 
1610 591 720 -2.06266 -1.6725 -0.537783 0.03426 0.0430528 -0.265298 2.70943 0.270943 
1611 330 584 -1.63779 -0.148685 -0.374969 0.00987607 0.0214231 -0.0516316 1.68673 0.0567654 
1612 330 1238 -1.51488 2.03573 -2.96111 -0.00730352 0.134925 0.0964959 3.89964 0.166041 
1613 584 376 -2.39227 -0.821809 -0.0244264 -0.0148594 0.0358255 0.24997 2.52961 0.252961 
1614 584 1238 0.438835 0.459657 -0.404544 0.0379853 -0.0594722 -0.0263694 0.753337 0.0753337 
1615 584 721 -2.0462 0.592011 -2.82777 0.0488133 0.141846 -0.0056254 3.54029 0.150115 
1616 584 1305 1.54347 -2.49368 -5.23799 -0.0231729 0.0224487 -0.0175156 6.0031 0.0367114 
1617 374 345 1.07904 0.400593 -0.0457862 -0.0382023 0.0976009 -0.0463796 1.15191 0.114614 
1618 374 692 0.35385 -0.216151 -0.346656 -0.0219074 -0.0486109 0.00794839 0.540464 0.0539086 
1619 374 802 -0.568583 -0.501655 -0.787939 0.0256859 0.0802905 -0.0696535 1.09352 0.109352 
1620 668 1000 -0.55815 0.2231 -3.8794e-05 -0.0169359 -0.0423768 -0.0389812 0.601087 0.0600179 
1621 668 578 0.323831 -2.24494 -0.000117317 -0.098675 -0.0142343 0.00824315 2.26817 0.100037 
1622 668 802 2.39554 -1.63114 -3.83757 -0.367448 0.126646 -0.283204 4.80897 0.480897 
1623 668 740 -2.50796 0.623416 -4.42652 0.242272 0.0348639 -0.132355 5.12568 0.278261 
1624 1000 791 0.245668 -1.70285 4.62708e-05 0.0427988 0.00617237 -0.0793027 1.72048 0.0903258 
1625 1000 542 -0.900785 -0.709115 8.37525e-06 0.0010797 -0.00137056 0.0827637 1.14641 0.0827821 
1626 1318 542 2.0093 -0.803224 1.02172e-05 0.0330819 0.0827557 0.0110347 2.16389 0.0898036 
1627 1318 644 0.213598 -1.48016 1.92506e-05 -0.00525003 -0.000757969 -0.0271991 1.4955 0.0277115 
1628 1318 512 -2.6705 -2.10225 8.72637e-05 -0.0208646 0.0265102 0.140715 3.39868 0.144703 
1629 1318 1086 0.54326 0.403698 -1.1717 -0.016482 0.0783068 0.0193379 1.35314 0.082326 
1630 648 628 -1.677 0.670424 -1.27427e-05 0.0141211 0.035322 -0.0358309 1.80604 0.052258 
1631 648 512 1.84426 -0.73728 5.42502e-05 0.036015 0.0900935 0.0600997 1.98617 0.114131 
1632 648 783 -2.30917 -1.81782 -5.3332e-06 -0.0599028 0.0760939 0.135569 2.93883 0.166606 
1633 648 254 0.20523 -1.42232 3.46207e-06 0.0519854 0.00750103 -0.0164833 1.43705 0.0550495 
1634 648 1438 -0.470132 -0.0678182 -0.671774 -0.0668699 0.0118925 0.0455974 0.822741 0.0818054 
1635 648 1002 0.418092 -0.531026 -0.955826 0.0878244 -0.0403109 0.060811 1.17064 0.114176 
1636 628 783 0.169544 -1.17501 6.22182e-06 0.0411174 0.00593308 0.0346679 1.18718 0.0541083 
1637 628 122 -2.37244 -1.86762 2.44227e-05 0.0345534 -0.0438929 0.0215143 3.01935 0.0598614 
1638 628 1438 0.435891 -0.553699 -0.996601 -0.0686 -0.0250072 -0.0161104 1.22057 0.074772 
1639 628 1284 -0.0596599 -0.00860026 -0.0852533 0.007566 0.0043474 -0.00573322 0.10441 0.010441 
1640 335 122 1.0884 -0.43512 1.66053e-05 -0.0358022 -0.0895573 -0.0666116 1.17215 0.117215 
1641 335 453 -2.35014 -1.85003 -4.35587e-06 0.019377 -0.0246152 0.0566017 2.99095 0.0646926 
1642 335 722 0.259897 -1.80131 2.74798e-05 0.120597 0.0173995 -0.0356006 1.81996 0.12694 
1643 335 586 0.477306 -0.606254 -1.09123 0.106726 -0.0407802 0.0693387 1.33647 0.133647 
1644 453 455 -0.739154 0.295524 -1.67142e-05 -0.0256859 -0.064247 -0.0383072 0.796042 0.0790879 
1645 453 786 0.196454 -1.36164 4.39375e-05 -0.01016 -0.00146999 -0.128207 1.37574 0.128617 
1646 453 439 -2.79471 -2.1999 0.000111214 -0.0360727 0.0458282 0.0459667 3.55668 0.074259 
1647 453 868 0.323377 0.808796 -1.23195 -0.0636858 0.0107562 -0.0096554 1.50878 0.0653055 
1648 455 462 -2.46474 -1.94018 0.000133373 0.0626879 -0.0796386 -0.0271794 3.13676 0.104932 
1649 455 439 0.12295 -0.852196 4.50011e-05 -0.0450856 -0.0065021 0.0488503 0.86102 0.0667933 
1650 455 1184 -0.147211 -0.388734 -0.596927 -0.0707023 0.0107325 0.010447 0.727398 0.0722713 
1651 462 439 0.825595 -0.330078 8.66599e-06 -0.00852817 -0.0213296 0.0438514 0.889134 0.0495038 
1652 462 339 -0.376549 -0.296379 -1.231e-05 0.0188689 -0.0239744 0.0369525 0.479197 0.0479197 
1653 462 399 0.115187 -0.798498 6.83132e-06 -0.0204628 -0.00295221 -0.0403582 0.806763 0.0453456 
1654 462 720 -2.07605 0.927538 -0.484238 0.0959861 0.126103 -0.169972 2.32483 0.232392 
1655 462 1053 -0.480939 -1.20307 -1.83236 0.011264 -0.117369 0.0741046 2.24416 0.139262 
1656 375 582 -2.803 -2.00948 -0.777947 -0.17269 0.216647 0.0626027 3.53553 0.284037 
1657 375 511 -0.125621 1.73195 -1.55833 -0.2329 -0.0134742 0.00379919 2.3332 0.23332 
1658 375 720 5.63224 0.951072 -2.4383 -0.0910859 -0.0708347 -0.238029 6.21063 0.264522 
1659 389 1146 0.441747 0.864117 -0.719452 -0.0989436 0.0499159 -0.000798937 1.20808 0.110825 
1660 389 653 -2.67336 -0.341262 -2.85631 -0.23111 -0.206413 0.240968 3.92706 0.392535 
1661 376 406 -0.479276 -3.56221 0.496303 -0.215591 -0.00244996 -0.225779 3.62841 0.312188 
1662 376 636 -2.67651 1.0648 -0.253685 -0.0135129 0.034363 0.286802 2.89169 0.289169 
1663 376 1264 1.19175 -1.96654 -2.10953 0.226351 0.0212401 0.108074 3.12053 0.251726 
1664 376 721 0.410548 0.549381 -0.880932 0.0426067 0.0771986 0.0680002 1.11643 0.111351 
1665 376 911 -0.574303 -0.0575379 -1.05978 -0.0266315 0.117341 0.00806109 1.20676 0.120595 
1666 713 562 0.0461531 -1.66735 0.11488 0.148786 0.00933374 0.0756939 1.67194 0.167194 
1667 713 636 0.206699 1.12251 -0.047333 0.0675621 -0.00857342 0.0917165 1.14237 0.114237 
1668 713 724 -0.919029 0.523568 -0.0544079 0.0523755 0.0920459 0.00106011 1.0591 0.105909 
1669 713 762 0.0606126 -0.0467533 -0.0794831 0.00175497 -0.0086146 0.00640556 0.110351 0.0108776 
1670 614 692 0.315346 0.456902 -0.551931 -0.06994 0.0327282 -0.0128671 0.782834 0.0782834 
1671 614 858 0.309962 -0.347238 -0.46078 0.0268505 0.0549785 -0.023369 0.654958 0.0654958 
1672 791 542 -2.92486 1.16926 -6.17028e-05 0.0212236 0.0530963 0.117189 3.14992 0.130396 
1673 791 578 2.31794 -0.926527 -3.51386e-05 0.0309105 0.0773338 -0.0857287 2.49626 0.119522 
1674 791 900 2.29435 -1.30917 -4.52215 0.00508613 -0.250487 0.0750965 5.23716 0.261551 
1675 542 644 -2.34809 -1.84853 2.43581e-05 0.0188382 -0.0239303 -0.0810986 2.98841 0.0866286 
1676 542 837 0.903741 -0.512322 -1.77948 0.122853 -0.13113 0.100146 2.06053 0.205711 
1677 644 512 -0.474062 0.189516 6.53633e-06 -0.00184737 -0.00462243 0.0392314 0.51054 0.039546 
1678 644 328 -1.84518 -1.45252 1.89821e-05 -0.0319571 0.0405956 -0.0370558 2.3483 0.0635798 
1679 644 527 0.213442 -1.47923 -9.49621e-06 -0.0569112 -0.00821191 0.00721035 1.49455 0.057951 
1680 644 856 1.07085 -0.68998 -1.08248 -0.0928603 0.0238873 -0.107089 1.67169 0.143741 
1681 644 1435 -1.18969 -0.0324892 -1.83253 -0.0307366 -0.158114 0.0227577 2.18508 0.162674 
1682 512 328 0.242557 -1.681 -8.01591e-06 -0.0623631 -0.00899856 -0.00663258 1.69841 0.0633571 
1683 512 254 -2.21494 -1.74364 -7.0205e-05 -0.112822 0.143316 -0.00571479 2.81891 0.182485 
1684 512 1435 1.63785 -1.64628 -3.57614 0.265965 0.19073 0.0340077 4.26398 0.329047 
1685 512 1002 -0.647348 -0.0933724 -0.925067 -0.0670584 -0.0721377 0.0542078 1.13293 0.112424 
1686 783 122 -1.52151 0.608265 4.66625e-06 -0.00481494 -0.0120431 -0.118103 1.63859 0.118813 
1687 783 254 1.76543 -0.705771 8.03075e-06 0.0326537 0.0816814 0.055771 1.90128 0.104156 
1688 783 867 -1.86288 -1.46644 9.0827e-06 -0.0200438 0.0254622 -0.0378882 2.37081 0.0498557 
1689 783 526 0.232065 -1.60839 -3.4945e-06 -0.00727001 -0.00104894 -0.00625619 1.62504 0.00964849 
1690 783 1353 -0.659283 -0.0950984 -0.942031 -0.0486425 0.101646 0.0237814 1.15374 0.115167 
1691 783 1280 0.180721 -0.229561 -0.413193 0.00244805 0.0229435 -0.0116762 0.50605 0.0258598 
1692 122 867 0.293709 -2.0357 2.02243e-06 0.01999 0.00288418 0.0572366 2.05678 0.0606955 
1693 122 722 -1.9236 -1.51424 2.28292e-06 -0.00386081 0.0049046 0.0374468 2.44809 0.0379634 
1694 122 1353 0.516199 -0.655723 -1.18024 -0.0193854 0.00312479 -0.0102146 1.44548 0.0221336 
1695 122 586 -0.846767 -0.122123 -1.20999 0.0556562 0.112753 -0.0503289 1.48189 0.135439 
1696 786 255 0.666659 0.0961694 0.952551 0.0367802 -0.0495712 -0.0207366 1.16663 0.065116 
1697 786 439 -0.754342 0.301591 -5.43373e-07 0.000117406 0.0002938 0.0800794 0.812397 0.08008 
1698 786 640 -1.75066 -1.37805 -8.32757e-06 0.0907278 -0.11526 0.0671462 2.22797 0.161323 
1699 786 1256 -1.46507 1.9324 -3.48307 0.186161 -0.117536 -0.143513 4.2441 0.262806 
1700 439 640 0.183446 -1.27162 -3.94281e-06 -0.0807687 -0.0116519 0.0263853 1.28478 0.0857644 
1701 439 399 -1.19094 -0.937463 -1.9385e-06 0.0881297 -0.111959 -0.0307228 1.51565 0.145759 
1702 439 1184 -0.247823 0.326912 -0.589222 -0.0655942 0.000933106 0.0281063 0.717962 0.0713683 
1703 439 675 -0.696606 -1.74262 -2.65428 -0.0272198 0.0718081 -0.0400007 3.25072 0.0865874 
1704 339 1053 0.146434 0.0211159 -0.209204 0.0124448 -0.0169386 0.00700116 0.256232 0.0221541 
1705 339 1062 -0.121877 -0.301565 -0.458419 0.0215845 0.0404263 -0.0323325 0.562088 0.0560854 
1706 582 918 -0.533881 -0.769484 -0.00136896 0.0403105 -0.0279521 -0.00903304 0.936556 0.0498784 
1707 582 1077 -1.22586 -0.0739364 -1.39509 -0.0122207 -0.184318 0.0205067 1.85862 0.185857 
1708 582 1237 1.89221 -2.41344 -3.34488 -0.00570219 -0.369501 0.263382 4.53799 0.453799 
1709 582 1052 0.531342 3.98052 -4.89531 0.00741918 -0.102623 -0.0826401 6.33174 0.131969 
1710 469 918 0.18082 -0.233546 -0.031324 -0.00798858 -0.00236282 -0.0284978 0.29702 0.0296905 
1711 469 701 -0.286214 -0.573621 -0.0544036 -0.0561007 0.0291178 -0.0118702 0.643365 0.064312 
1712 469 1077 0.141654 -0.00122026 -0.233123 -0.0143188 0.0214811 -0.00881309 0.272789 0.0272789 
1713 424 1264 -0.883696 0.178804 -1.30726 -0.106161 0.0602798 0.0800087 1.58802 0.145963 
1714 424 741 1.4891 -0.572385 -1.76434 0.018394 0.0518729 -0.00130396 2.37865 0.055053 
1715 406 703 -0.094779 -6.31102 -0.770226 0.143583 0.00191476 -0.0333575 6.35855 0.147419 
1716 406 762 -0.991685 -0.131442 -2.10714 0.0604314 0.0529648 -0.0317447 2.33255 0.0864 
1717 350 659 1.04139 -0.367211 -1.83565 0.0545735 0.167464 -0.00253996 2.14218 0.17615 
1718 350 858 -2.80443 -0.25394 -3.87417 0.0511424 -0.0448773 -0.0340793 4.78941 0.0760981 
1719 578 1055 3.03387 -3.36347 -1.98536 0.0326641 0.00531455 0.0409111 4.9456 0.0526204 
1720 328 254 -1.8415 0.736171 -4.00312e-05 -0.0305089 -0.0763154 0.0228536 1.9832 0.085306 
1721 328 527 0.466738 -0.18659 -7.2568e-06 -0.00646579 -0.0161755 0.0471503 0.502653 0.0502653 
1722 328 610 -1.61266 -1.26953 -5.96403e-05 0.00895007 -0.0113698 0.0145077 2.05241 0.0204902 
1723 328 634 0.0897551 -0.622047 -1.55043e-05 0.03201 0.00461775 0.0390428 0.628489 0.0506982 
1724 328 1127 -0.292121 -0.0421411 -0.417428 0.0247549 -0.0427393 -0.013009 0.51123 0.0510753 
1725 328 1254 1.6527 -1.67679 -3.64381 -0.0472785 -0.0139698 -0.0150152 4.33825 0.0515351 
1726 254 610 0.156298 -1.08323 -9.71149e-06 0.0243747 0.00351717 -0.0216636 1.09445 0.0327995 
1727 254 526 -1.89633 -1.49281 -1.53839e-05 -0.00357763 0.00454539 -0.0671358 2.41341 0.0673845 
1728 254 1127 0.39726 -0.504603 -0.908243 0.00268711 -0.0967052 0.0549029 1.11236 0.111236 
1729 254 1280 -0.295485 -0.0426245 -0.422226 -0.0336002 0.0336904 0.0201132 0.517111 0.051658 
1730 867 722 -1.47093 0.588046 -8.042e-08 0.0037787 0.00945196 0.0255361 1.58412 0.0274902 
1731 867 526 0.862691 -0.344886 -5.55716e-06 0.0276464 0.0691544 -0.00782616 0.929076 0.0748859 
1732 867 392 0.288909 -2.00237 1.83994e-05 -0.0477422 -0.00688929 -0.0984586 2.02311 0.10964 
1733 867 414 -1.96289 -1.54517 2.24105e-05 0.00634907 -0.00806501 0.0330364 2.4981 0.0345942 
1734 867 1353 0.042161 0.105466 -0.160627 0.00992367 0.0128312 0.0110295 0.196727 0.0196156 
1735 867 946 0.717367 -0.911278 -1.6402 0.122819 -0.0802818 0.0983204 2.00881 0.176626 
1736 722 453 -1.73891 0.695186 -3.10039e-05 0.0419507 0.104936 0.0507464 1.87273 0.123882 
1737 722 786 -1.80536 -1.42118 3.5342e-05 -0.0100658 0.0127864 -0.020746 2.29762 0.0263668 
1738 722 414 0.294723 -2.04272 1.86197e-05 -0.00292815 -0.000422468 0.000406896 2.06388 0.00298632 
1739 722 922 0.8275 -1.05123 -1.8921 0.141357 -0.109972 0.122921 2.31731 0.217222 
1740 640 399 -0.535208 0.213975 1.03167e-06 0.0134468 0.0336341 -0.0285145 0.576397 0.0460993 
1741 640 477 -0.703515 -0.553807 -5.87366e-06 0.0373372 -0.0474297 -0.0660726 0.895341 0.0894943 
1742 640 486 0.297521 -2.06199 1.22271e-05 0.00984669 0.00142103 0.0443669 2.08334 0.0454687 
1743 640 675 -0.263729 0.335091 -0.603057 0.0319171 0.0630344 0.0210674 0.738591 0.0737284 
1744 640 1047 0.16496 -0.683716 -1.21115 -0.138889 -0.0144988 -0.0107321 1.40056 0.140056 
1745 399 1053 -0.307381 0.390528 -0.702857 0.0227517 -0.00463163 -0.0125235 0.860815 0.0263805 
1746 399 789 -0.621013 -1.55352 -2.36613 0.0335892 0.0105742 -0.0157585 2.89786 0.0385795 
1747 918 1401 -1.33239 -0.266596 -2.0699 -0.158853 -0.146318 0.121099 2.47605 0.247605 
1748 701 878 -1.1895 0.106999 -0.0396944 -0.00207897 0.0205515 0.117697 1.19496 0.119496 
1749 701 661 0.050452 -0.0713279 -0.00225261 0.00701988 0.00500209 -0.0011642 0.0873965 0.00869799 
1750 701 499 -0.407107 -0.57205 0.0558665 0.0524625 -0.0341862 0.0322486 0.704343 0.0704343 
1751 701 1401 0.486261 -0.00223967 -0.808176 0.0768875 0.028678 0.0461819 0.943188 0.0941641 
1752 878 703 -1.72766 -0.370765 0.0362245 -0.00382401 0.0170281 -0.00809272 1.76737 0.0192373 
1753 878 499 0.193574 -0.418153 0.052186 0.0118024 -0.000133159 -0.0448459 0.463731 0.0463731 
1754 878 1073 1.1942 -0.374359 -1.95977 0.162432 0.150863 0.0701606 2.32528 0.232522 
1755 703 562 -3.11961 1.21367 0.0226419 0.0238238 0.06053 0.037888 3.34746 0.0752792 
1756 703 864 -0.987279 -0.790802 -0.0526095 -0.0715851 0.0925835 -0.0482952 1.26604 0.126604 
1757 703 1027 2.62261 -9.35796 0.0917538 -0.0541831 -0.0146567 0.0538916 9.71895 0.0778135 
1758 703 1021 1.06555 0.92826 -2.14777 -0.174536 0.188546 -0.00510156 2.57099 0.256979 
1759 562 864 0.206975 -1.34336 -0.0657513 -0.000769405 -0.000707543 0.0120338 1.3608 0.0120791 
1760 562 659 -0.872356 0.556581 -1.14886 -0.0180073 0.0926264 0.0585477 1.54617 0.111048 
1761 562 308 -1.11641 -0.614153 -0.107171 -0.055899 0.0889133 0.0727819 1.27869 0.127779 
1762 589 445 -0.398595 -0.267391 0.0150635 -0.0265892 0.0397961 0.00283942 0.480211 0.0479456 
1763 589 858 0.0361554 0.136205 -0.169558 0.00618765 0.015834 0.0140388 0.220474 0.0220474 
1764 589 308 0.996326 -0.366468 -0.169727 0.0395234 0.0792987 0.06079 1.07507 0.107451 
1765 589 1055 -5.66199 2.35386 -3.1179 -0.135341 0.121943 0.337836 6.87897 0.383823 
1766 589 926 0.44223 -1.60428 -2.48246 0.0263686 -0.0537506 0.0394335 2.98862 0.0716899 
1767 888 732 -1.14706 -1.09083 0.0511008 0.071314 -0.07358 0.0301074 1.58375 0.1068 
1768 888 1055 1.46323 0.441433 -0.504186 0.0617884 -0.0420033 0.142544 1.60938 0.160938 
1769 888 1179 0.0547949 -0.508087 -0.471273 0.0059607 -0.0121474 0.0137893 0.695164 0.0193192 
1770 888 877 -1.07858 0.106882 -1.37779 0.0571941 0.00751712 -0.0441904 1.75301 0.0726668 
1771 764 992 -0.0689996 -0.0796696 -0.0890708 -0.0100407 -0.00162728 0.00923364 0.137992 0.0137377 
1772 764 877 0.0283182 -0.0122113 -0.0554849 -0.00518604 0.00197592 -0.0030817 0.0634792 0.00634792 
1773 527 797 0.156805 -1.08683 3.73925e-06 0.0147359 0.00212625 0.0600516 1.09809 0.0618697 
1774 527 634 -1.33314 -1.04945 -1.73605e-05 0.011473 -0.0145724 -0.119742 1.69665 0.121169 
1775 527 856 0.84041 0.9742 -1.09327 -0.132316 0.016698 -0.0868341 1.68837 0.159143 
1776 527 992 0.773218 -0.49608 -0.776434 -0.0911826 -0.0270505 -0.0735218 1.20284 0.120214 
1777 610 526 -1.25114 0.500174 3.36738e-06 0.0284544 0.0711758 -0.00378848 1.34741 0.0767464 
1778 610 634 1.48422 -0.593349 7.01568e-06 0.0168294 0.0420981 0.0474155 1.59843 0.0656026 
1779 610 361 0.187841 -1.30194 -1.96155e-06 -0.0604202 -0.00871725 -0.0168626 1.31542 0.0633319 
1780 610 928 -1.67847 -1.32128 2.25661e-05 0.0317225 -0.040298 -0.00173375 2.13613 0.0513152 
1781 610 1127 0.0599333 0.14992 -0.228324 -0.00972595 -0.0205347 -0.0160363 0.279642 0.0278106 
1782 610 782 -0.18785 -0.0270975 -0.268417 0.0137315 -0.00800844 -0.00880143 0.328739 0.0181702 
1783 526 392 -1.91186 -1.50499 3.66824e-05 0.016024 -0.0203541 0.0817168 2.43315 0.0857245 
1784 526 928 0.224129 -1.55341 1.26577e-05 0.0218694 0.0031553 -0.00646419 1.56949 0.023022 
1785 526 782 0.0941275 -0.119568 -0.215213 0.024618 0.00429758 0.00837951 0.263578 0.0263578 
1786 526 946 -0.664448 -0.0958376 -0.949382 -0.00236037 0.0340992 -0.00179027 1.16276 0.0342277 
1787 392 414 -1.1637 0.46522 -1.5494e-07 -0.0198972 -0.0497707 -0.0477309 1.25324 0.0717722 
1788 392 928 0.73523 -0.293933 -5.55145e-06 0.00519514 0.0129944 0.0256311 0.791808 0.0292027 
1789 392 373 -2.35769 -1.85596 7.48436e-06 0.0169498 -0.0215325 -0.125177 3.00055 0.128141 
1790 392 1161 0.130192 -0.90231 -3.40677e-06 -0.0388115 -0.00560031 0.0796353 0.911655 0.0887664 
1791 392 946 0.0312213 0.0781033 -0.118954 0.010934 -0.00637165 -0.00131372 0.145688 0.0127231 
1792 392 994 1.10617 -1.40522 -2.52922 -0.0157798 -0.0592049 0.0259926 3.09761 0.0665571 
1793 392 962 -0.074828 -0.0107933 -0.106916 -0.00795024 0.00642778 0.0049153 0.130945 0.0113438 
1794 414 786 -1.85028 0.739693 1.26738e-05 0.0241455 0.0603994 -0.0937563 1.99266 0.114111 
1795 414 373 0.307717 -2.13265 5.64098e-06 0.0366119 0.0052826 -0.0258153 2.15474 0.0451084 
1796 414 252 -1.94794 -1.53339 2.45257e-05 0.00744025 -0.00945145 0.0162797 2.47906 0.0202415 
1797 414 922 0.0615904 0.154083 -0.234675 0.00726662 0.0221043 0.0164203 0.287415 0.0284786 
1798 414 962 0.794578 -1.00939 -1.81679 -0.0119132 -0.000331109 -0.00502631 2.22508 0.0129344 
1799 477 905 -0.1277 0.0510518 -6.28524e-07 0.00502901 0.0125794 -0.00184557 0.137526 0.0136726 
1800 477 486 0.511046 -0.204293 6.84058e-06 -0.0200021 -0.0500364 -0.0109844 0.550367 0.0549944 
1801 477 315 -0.218645 -0.172131 -1.73084e-06 0.0162372 -0.020625 0.00923639 0.278271 0.0278271 
1802 477 525 0.0586974 -0.406756 -1.94995e-06 -0.0327012 -0.00471903 0.0109009 0.41097 0.0347918 
1803 477 789 -0.429985 0.54631 -0.983156 -0.0329592 -0.0224276 0.00195242 1.20413 0.0399138 
1804 905 1062 -0.0780145 0.0983332 -0.17692 0.0166005 0.0138789 0.000393852 0.216925 0.0216416 
1805 905 789 0.232738 0.0335901 -0.332523 -0.00346647 -0.00684428 -0.00311762 0.407267 0.00828131 
1806 460 315 0.854833 -0.341723 2.57203e-05 -0.0140223 -0.0350811 -0.050073 0.920605 0.0627265 
1807 460 821 0.475739 0.0687006 -0.681493 0.00241029 0.0503863 0.00676197 0.833954 0.0508951 
1808 460 1034 -0.359857 0.453595 -0.819354 0.0753796 -0.0380609 -0.054177 1.00329 0.100329 
1809 460 730 -0.178847 -0.401257 -0.597805 0.0686779 0.00898314 -0.0265762 0.741866 0.0741866 
1810 805 780 -2.61176 -3.89281 -5.95097 -0.0871401 -0.00512882 0.0415991 7.57557 0.0966964 
1811 499 1069 1.15072 -1.27536 -1.79796 0.0307529 0.0727079 -0.0318922 2.48664 0.0851428 
1812 499 490 -1.27927 -3.20403 -0.593643 -0.117172 0.0859447 -0.211363 3.50068 0.256496 
1813 864 729 -1.86059 -1.05421 -0.0499864 0.0795956 -0.139511 -0.0204084 2.13908 0.161912 
1814 864 726 -0.000593941 -0.392454 -0.256703 0.0326968 -0.0183351 0.0279555 0.468953 0.0467629 
1815 864 822 0.356579 0.0320181 -0.431098 0.0203947 -0.0505191 0.0131172 0.560374 0.0560374 
1816 445 826 -0.335916 -0.268585 0.00211341 0.00484473 -0.00596106 0.0124778 0.430095 0.0146527 
1817 732 876 -1.0863 -1.63565 0.0633507 -0.025622 0.0135291 -0.0900462 1.96454 0.0945931 
1818 797 634 -1.69049 0.675815 -2.48281e-05 0.0377021 0.0943113 0.0905895 1.82057 0.136097 
1819 797 876 2.82022 -2.22964 -0.0849939 0.121753 0.146131 0.206503 3.59613 0.280752 
1820 797 360 -0.360709 -0.283952 9.01738e-06 -0.0195173 0.024793 -0.00388809 0.459064 0.0317921 
1821 797 992 0.185145 0.213765 -0.239009 -0.0214543 -0.0119544 -0.027311 0.370269 0.0367299 
1822 797 1063 -1.2271 0.00749388 -2.37363 0.0702209 0.0514876 -0.0361398 2.67207 0.0942764 
1823 634 361 -1.07009 -0.842384 -8.00823e-06 0.0256058 -0.032528 0.0653895 1.36188 0.077392 
1824 634 360 0.101647 -0.704584 2.36916e-05 -0.0523396 -0.00754915 0.0476249 0.711878 0.0711657 
1825 634 1629 -0.211308 -0.0304895 -0.301942 -0.015912 0.000696373 0.0110654 0.369797 0.0193938 
1826 361 928 -1.47432 0.589406 1.91409e-05 0.0173162 0.0433116 0.0805467 1.58777 0.093078 
1827 361 360 2.21942 -0.887288 9.36036e-05 -0.0237431 -0.0593656 0.229197 2.39021 0.237948 
1828 361 775 -1.55262 -1.22223 7.48764e-06 0.118292 -0.150268 0.0471121 1.97598 0.196959 
1829 361 761 0.111373 -0.771984 1.62743e-05 -0.0209138 -0.00301864 -0.0675241 0.779976 0.0707531 
1830 361 1629 0.0319104 0.0798174 -0.121567 -0.00683045 -0.0100579 -0.00839664 0.148888 0.0147757 
1831 361 1518 -0.116875 -0.0168595 -0.166993 0.000618582 0.0202898 -0.00248137 0.204526 0.0204503 
1832 928 775 0.099628 -0.690521 -5.7668e-06 0.0630754 0.00910066 -0.022496 0.697672 0.0675825 
1833 928 1161 -2.00883 -1.58134 8.37086e-06 -0.0667668 0.0848159 0.0385426 2.55657 0.114617 
1834 928 994 -0.784323 -0.113121 -1.12063 0.0147144 -0.00313164 -0.00998243 1.3725 0.0180546 
1835 928 1518 0.427883 -0.543578 -0.978375 -0.0432198 -0.0318822 -0.00118825 1.19824 0.05372 
1836 373 252 -0.546117 0.218324 4.27874e-06 0.00816844 0.0204336 -0.0539316 0.58814 0.0582484 
1837 373 1161 0.655122 -0.261912 -4.39633e-06 -0.00256552 -0.00641833 0.0702144 0.705538 0.0705538 
1838 373 642 -2.41672 -1.90239 -3.40428e-05 0.0693145 -0.088054 -0.0271444 3.07565 0.115303 
1839 373 677 0.220358 -1.52716 -5.02086e-05 -0.100585 -0.0145141 0.0138442 1.54298 0.102565 
1840 373 962 0.236115 0.590703 -0.899662 -0.00289408 0.0316148 0.0199982 1.10185 0.0375207 
1841 373 694 0.0600463 -1.14137 -2.31431 -0.133357 -0.0907038 0.0412733 2.58116 0.166477 
1842 252 33 -0.680941 0.865012 1.5569 -0.0353378 0.04153 -0.0385297 1.9068 0.0667685 
1843 252 63 -0.33117 -0.828444 1.26174 0.00466287 -0.0633922 -0.0403986 1.54531 0.0753151 
1844 252 786 -0.42099 2.91794 -1.04154e-05 0.02442 0.00352265 -0.161908 2.94816 0.163777 
1845 252 640 -0.368882 0.147472 -2.88831e-06 0.00570174 0.0142614 -0.0366377 0.397268 0.0397268 
1846 252 642 0.406647 -2.81824 -5.22322e-05 -0.014122 -0.00203869 0.0543284 2.84743 0.0561708 
1847 252 486 -2.22175 -1.74892 -3.96298e-06 0.0264854 -0.0336461 0.0673947 2.82752 0.0798473 
1848 252 1234 0.548203 -0.144505 -2.99503 -0.0733473 0.258024 -0.0258746 3.04821 0.269492 
1849 486 642 0.513457 -0.205266 -9.36819e-06 -0.0110879 -0.0277376 0.0465339 0.552967 0.0552967 
1850 486 599 0.240004 -1.66335 -4.23152e-05 -0.0227684 -0.00328554 0.011921 1.68058 0.0259095 
1851 486 525 -1.2262 -0.965309 -2.68013e-05 0.0531967 -0.0675715 -0.0863183 1.56057 0.121847 
1852 486 1047 -0.00629339 0.126127 -0.217459 0.00532673 0.0213256 0.0122148 0.251467 0.0251467 
1853 486 484 -0.724372 -1.80379 -2.77968 0.0747103 0.0871051 -0.0759932 3.3919 0.137637 
1854 315 525 1.12993 -0.451668 1.79519e-06 -0.00754302 -0.0188706 -0.119977 1.21686 0.121686 
1855 315 492 0.0778113 -0.539175 2.10242e-05 -0.0406972 -0.00587287 0.00938035 0.544761 0.0421752 
1856 315 704 0.597778 0.0863319 -0.856316 0.0632497 -0.00402304 0.0437478 1.04789 0.0770103 
1857 315 961 -0.202749 -0.505229 -0.76892 0.00588977 -0.0487279 0.0304643 0.942126 0.0577682 
1858 1027 1169 1.10215 0.449171 -1.4313 0.0901619 0.121823 0.107658 1.86148 0.185904 
1859 1027 490 1.7672 -1.49898 -0.202319 0.0528802 0.0523199 0.0742566 2.32612 0.105108 
1860 1027 1080 -0.617392 -4.69909 -3.08484 -0.243507 0.168129 -0.207374 5.65498 0.361341 
1861 1027 822 -0.990555 0.947355 -1.96596 -0.00588773 -0.197715 -0.0923079 2.3966 0.218281 
1862 729 355 0.534015 -1.43208 0.144677 0.0319041 0.00679864 -0.0504648 1.53523 0.0600899 
1863 729 851 -1.20279 -1.43829 0.216798 0.000936448 -0.00831033 -0.0499374 1.88743 0.0506328 
1864 729 1306 0.507981 1.9747 -3.18047 0.230083 -0.0296053 0.0183672 3.77795 0.232706 
1865 729 1154 -0.483297 -2.39917 -2.70849 0.199642 0.0814128 -0.107739 3.65041 0.241024 
1866 927 851 0.238244 -0.488863 0.0381125 0.048796 0.0232192 -0.00719861 0.545161 0.0545161 
1867 927 926 0.386216 1.84451 -2.0119 -0.0348544 0.0280501 0.0190255 2.75665 0.0486169 
1868 927 892 -0.383085 -0.059635 -0.220088 -0.0227774 0.0120232 0.0363885 0.445813 0.0445813 
1869 826 1179 -0.0199139 0.243879 -0.401922 0.00368422 0.0401265 0.0241655 0.470547 0.0469859 
1870 826 892 1.00095 -0.208652 -0.831127 -0.0142005 -0.0408887 -0.00683718 1.31765 0.0438211 
1871 826 1296 -0.62764 -0.302169 -0.747793 -0.0633969 0.0332273 0.039784 1.02197 0.0818901 
1872 876 573 -0.797104 -0.845636 0.381932 0.0507435 -0.0567263 -0.0196945 1.22325 0.0786171 
1873 876 1296 3.05369 -0.0915708 -2.41423 -0.132901 -0.189418 -0.160918 3.89383 0.281845 
1874 876 1268 -0.847593 -0.234233 -0.605344 -0.045804 -0.0489602 0.0830788 1.06758 0.106758 
1875 360 761 -1.36957 -1.07814 -3.18897e-05 0.0193923 -0.0246349 0.0223273 1.74301 0.0384896 
1876 360 1268 4.62643 -1.31665 -3.52143 -0.0617148 0.52421 -0.27708 5.96137 0.596137 
1877 360 1219 -0.141714 -0.210694 -0.816173 -0.0696986 0.0494611 -0.000666396 0.854759 0.0854678 
1878 775 1161 -1.25894 0.503311 1.56462e-05 -0.0102677 -0.0256854 0.0871694 1.35582 0.0914531 
1879 775 761 2.34376 -0.937002 4.31021e-05 -0.039164 -0.0979536 0.187307 2.52412 0.214971 
1880 775 454 -2.69929 -2.12491 -1.0794e-05 -0.080447 0.102192 0.0425671 3.43532 0.136846 
1881 775 1518 0.154502 0.386531 -0.588691 0.0521102 0.0342345 0.0361545 0.720995 0.0720737 
1882 1161 454 0.0458269 -0.317599 -4.71125e-06 -0.0241453 -0.00348428 0.0207763 0.320888 0.0320435 
1883 1161 677 -2.98039 -2.34613 -9.97926e-05 0.0591135 -0.0750864 -0.191226 3.79303 0.213775 
1884 1161 994 0.380693 0.952435 -1.45053 -0.0645171 0.00356221 -0.0145936 1.77654 0.0662429 
1885 1161 1039 0.016736 -0.318441 -0.645722 -0.063189 0.0303074 -0.016584 0.720168 0.0720168 
1886 642 63 -0.279087 0.354516 0.638107 0.00932439 0.0618491 -0.0302836 0.781506 0.0694936 
1887 642 599 -1.65038 -1.29917 -1.73009e-05 0.0341278 -0.0433536 -0.0100965 2.10038 0.0560908 
1888 642 803 0.53511 -3.70853 -3.88687e-05 -0.106674 -0.0153904 -0.166192 3.74694 0.198081 
1889 642 405 -0.193196 -0.0439793 -1.16266 -0.091044 -0.0727245 0.0178794 1.17943 0.117888 
1890 599 525 -2.41806 0.966621 2.08456e-05 0.023277 0.0582277 0.0533443 2.6041 0.082328 
1891 599 803 1.2837 -0.513157 -2.95324e-06 0.00510711 0.0127758 -0.0140327 1.38246 0.0196525 
1892 599 295 0.433595 -3.00447 -3.33255e-05 -0.00709972 -0.00102463 0.00198001 3.03559 0.00744153 
1893 599 476 -0.750793 -0.59107 5.66729e-06 0.020417 -0.0259344 -0.0320992 0.955539 0.0460414 
1894 599 1168 0.314122 -0.420987 -0.759118 0.0715589 0.0142513 0.0217076 0.923127 0.0761248 
1895 525 492 -0.883352 -0.695434 4.17304e-05 -0.00234063 0.00297312 0.000265455 1.12425 0.00379321 
1896 525 476 0.0140932 -0.0976715 -2.04646e-07 -0.00751956 -0.00108502 0.0062978 0.098683 0.0098683 
1897 525 705 -0.450947 -1.14699 -1.75152 -0.100953 -0.0567679 0.0631665 2.14167 0.131925 
1898 492 566 -3.99478 1.5907 0.00214916 -0.0587267 -0.147198 -0.2107 4.29983 0.263649 
1899 492 476 2.79105 -1.11572 -0.000117806 -0.0579071 -0.144841 -0.15875 3.0058 0.222562 
1900 492 967 0.0868789 -0.60297 6.83409e-05 -0.00197765 -0.000291848 -0.0608661 0.609196 0.0608989 
1901 492 961 -0.114219 0.144667 -0.260374 -0.00368132 0.000612647 0.00195528 0.319013 0.00421314 
1902 492 986 -0.757322 -1.9267 -2.94206 0.308061 -0.181474 0.0395451 3.59742 0.35972 
1903 566 676 -3.11504 -1.33231 0.388148 -0.120699 0.307191 0.0857744 3.41016 0.341016 
1904 566 546 0.248729 -1.72655 -0.00172997 0.0192992 0.00283186 -0.0515013 1.74438 0.0550714 
1905 566 730 -2.18907 2.5698 -4.60359 -0.245459 0.0185362 0.127067 5.70867 0.277019 
1906 566 961 0.84849 0.124163 -1.21362 0.065144 0.0306607 0.0486817 1.48601 0.0869122 
1907 676 952 -1.87642 -3.20406 -0.78162 0.31719 -0.165901 -0.0813987 3.79446 0.367094 
1908 676 687 -0.228989 0.194446 -0.900881 -0.0614556 0.0394607 0.0241382 0.949648 0.0769194 
1909 604 697 -2.11684 -3.57133 -0.173507 -0.354166 0.209959 -0.000676791 4.15518 0.411724 
1910 604 780 1.18196 2.83828 -2.57253 -0.228265 0.0155247 -0.0877487 4.00883 0.245042 
1911 604 1061 -3.30455 -0.823915 -4.17115 0.413402 -0.184651 -0.29104 5.38492 0.538239 
1912 426 697 2.55427 -3.31509 -0.54435 0.188368 0.162227 -0.104077 4.22024 0.269504 
1913 426 1592 -0.854355 -0.680908 -1.4903 -0.0416786 0.0959714 -0.0199554 1.84785 0.106517 
1914 426 490 -3.30046 1.01966 -0.550796 0.0971905 0.334063 0.0360507 3.49802 0.349777 
1915 426 1061 1.88773 -0.297777 -3.24706 -0.131652 0.131179 -0.0885679 3.7677 0.205875 
1916 910 1080 2.28108 -0.33373 -3.46106 0.181162 0.0534065 0.114249 4.15856 0.220737 
1917 910 935 0.218905 -2.42873 -1.27458 0.170678 -0.031615 0.0895563 2.75158 0.195323 
1918 355 851 -0.990263 0.171666 0.0207346 0.0147333 0.0900462 -0.0418645 1.00525 0.100389 
1919 355 678 0.46649 -3.18356 0.314409 0.0760269 -0.00549201 -0.168411 3.23288 0.184858 
1920 355 726 0.321983 0.364068 -0.382319 0.0213645 -0.00514471 0.0130937 0.618374 0.0255803 
1921 355 1300 0.349083 -0.408844 -1.03851 0.000651988 -0.00151432 0.000815322 1.16941 0.0018393 
1922 851 850 -2.07922 -0.996134 -2.19392 0.191436 0.0338029 -0.196776 3.18257 0.276606 
1923 851 1158 1.79526 -4.09892 -2.30746 0.399424 0.13078 0.0784478 5.03472 0.427547 
1924 851 1154 0.453035 0.094055 -0.768849 0.0583057 -0.0627522 0.0266793 0.897338 0.0897172 
1925 854 1141 0.0493602 -3.68746 -0.597274 -0.0889427 -0.0591749 0.357985 3.73585 0.373585 
1926 854 892 -0.274464 1.04634 -1.01145 -0.138488 0.0128487 0.0508715 1.48094 0.148094 
1927 854 850 0.812683 -0.655966 -1.436 -0.0369135 0.138946 -0.0843616 1.77562 0.16669 
1928 854 1185 -5.38928 -0.485511 -3.59134 -0.29128 0.411355 0.381493 6.49444 0.632135 
1929 976 1185 5.31133 1.14207 -2.37974 0.0193834 0.380809 0.226017 5.93108 0.443255 
1930 976 1096 0.0255898 -1.23837 -1.07426 -0.120683 0.0711784 -0.0849266 1.63959 0.163839 
1931 976 702 -3.26421 1.00279 -4.72876 -0.476393 0.0300104 0.335212 5.83282 0.583282 
1932 573 1274 -3.26112 -1.20832 -2.08816 0.0447837 0.0867346 -0.120129 4.05652 0.154788 
1933 573 865 0.339211 -0.620149 -0.377704 0.0714486 0.0210755 0.0295636 0.801442 0.0801442 
1934 761 828 -2.41217 -1.89901 7.48834e-05 0.0282508 -0.03588 0.121092 3.06998 0.129417 
1935 761 1274 4.13894 -1.7107 -1.03985 -0.0485812 0.0152415 -0.218444 4.59767 0.224299 
1936 761 1579 -0.171338 0.00159365 -0.526601 0.0526035 -0.00252076 -0.017123 0.553776 0.0553776 
1937 454 677 -0.16263 0.0650199 -2.03636e-06 0.00576826 0.0144275 -0.00806793 0.175146 0.0175076 
1938 454 828 0.0367448 -0.0146909 1.7653e-06 -0.000912175 -0.0022819 -0.00306733 0.0395727 0.00393035 
1939 454 517 -3.09713 -2.43797 -1.4139e-05 0.0991089 -0.125905 -0.0154137 3.94156 0.160973 
1940 677 517 0.190238 -1.31846 1.07098e-05 -0.04912 -0.00708757 -0.0197067 1.33211 0.0533981 
1941 677 803 -3.20968 -2.52648 4.5336e-05 0.0426547 -0.0541855 0.2011 4.08475 0.212595 
1942 295 803 3.05087 2.40172 3.4332e-05 -0.0105739 0.0134289 0.212641 3.88279 0.213327 
1943 295 476 -1.77971 0.711362 3.24084e-05 -0.0418965 -0.104814 -0.0957715 1.91661 0.148032 
1944 295 473 -5.72558 -4.50799 -0.000150486 -0.121735 0.154608 0.207439 7.28727 0.285926 
1945 295 1168 0.0390585 0.105572 -0.162671 -0.0162921 0.0107868 0.00308869 0.19782 0.019782 
1946 476 473 0.278227 -1.92681 -7.31186e-05 -0.00771676 -0.00111251 -0.0466636 1.94679 0.0473105 
1947 476 705 -0.465318 0.598098 -1.0769 -0.0501339 -0.0879615 -0.0271904 1.3168 0.104833 
1948 476 1203 0.0911834 -0.122208 -0.220385 -0.00724044 -0.0236927 0.0101424 0.26799 0.02677 
1949 546 967 1.52905 -0.608856 0.000994255 -0.0106324 -0.0264771 0.137457 1.64581 0.140387 
1950 546 790 0.0658901 -0.557664 -0.457049 -0.0216399 -0.0187647 0.0197759 0.724034 0.0348064 
1951 546 971 -0.662038 0.832918 -1.49594 -0.0672531 0.0507279 0.0580078 1.83573 0.10228 
1952 697 556 -6.84533 -1.56061 0.606748 0.100257 -0.37627 0.163302 7.04715 0.422254 
1953 697 952 6.64382 -2.893 -0.0982104 -0.128984 -0.2999 0.108564 7.24703 0.344039 
1954 697 937 0.0294109 -0.997623 -0.0735579 0.0876517 0.00122805 0.0183908 1.00076 0.0895687 
1955 697 1089 0.680987 -0.112005 -1.18364 0.0802003 -0.0960001 0.0552263 1.37014 0.136741 
1956 697 1312 -0.174289 -0.182487 -0.309102 0.0322995 0.00383206 -0.0204746 0.399027 0.0384338 
1957 556 941 -0.554564 -1.09368 0.0223716 -0.0566934 0.0290531 0.014962 1.22645 0.0654377 
1958 556 1592 -0.158029 1.04807 -1.25352 -0.150711 0.038756 0.0514037 1.64156 0.163885 
1959 556 709 -3.42215 1.34209 -0.64238 0.0412122 0.012209 -0.194042 3.73162 0.198746 
1960 556 861 -1.47137 -0.966848 -2.64747 -0.159539 -0.012259 0.0931434 3.17944 0.185145 
1961 1141 663 -4.09332 0.0928004 0.165122 0.00554391 0.0983492 0.082158 4.0977 0.12827 
1962 1141 744 2.35914 -1.03391 0.620811 -0.0342247 -0.0100279 0.113356 2.64951 0.118834 
1963 1141 1174 0.14858 -2.29351 -0.129088 0.151897 0.0195062 -0.171734 2.30194 0.2301 
1964 1141 850 0.719817 1.00018 -1.0508 0.00992452 0.0235429 0.0292073 1.61947 0.038805 
1965 1141 1065 1.79201 -1.20796 -2.42554 -0.094326 0.0107745 -0.0750548 3.24865 0.121024 
1966 663 1096 -1.89807 -0.152625 -1.80214 -0.105279 -0.0834448 0.117949 2.62177 0.17877 
1967 663 875 0.401821 -0.021021 -0.870548 -0.0431668 0.0827382 -0.0219225 0.959039 0.0958623 
1968 494 810 0.340027 -0.0992187 -0.077441 -0.00281308 -0.01832 0.0111202 0.362574 0.0216147 
1969 494 1274 0.727227 0.944714 -0.564422 -0.0383222 0.0440288 0.024318 1.31906 0.0632336 
1970 494 855 0.0899711 -0.452828 -0.939038 -0.0905 -0.0498212 0.0153541 1.04639 0.104442 
1971 828 521 -0.987022 -0.776958 -1.04655e-05 0.0553394 -0.0703002 -0.0880935 1.25614 0.125559 
1972 828 708 0.805314 -2.41698 -0.3165 -0.0588286 -0.0516119 0.244454 2.5672 0.256675 
1973 828 1098 -2.25561 0.848885 -5.01197 -0.251897 0.440015 0.187891 5.56132 0.540711 
1974 517 521 1.12569 -0.45009 4.83298e-05 -0.0106511 -0.0266358 0.0282223 1.21233 0.0402418 
1975 517 42 0.00900798 -0.0624584 1.87589e-06 0.00319042 0.000459972 -0.00542509 0.0631046 0.00631046 
1976 517 318 -4.39146 -3.45644 0.000534698 -0.0367548 0.0467065 0.0582327 5.58856 0.0832073 
1977 517 923 0.134382 0.0631151 -0.368112 -0.0103165 -0.0369721 -0.0101052 0.396924 0.0396924 
1978 803 102 -0.565727 0.7186 1.29347 0.0679819 0.0309235 0.0125535 1.58414 0.0757324 
1979 803 318 0.782657 -5.42454 0.000507613 0.111233 0.0160578 0.0964796 5.48071 0.148118 
1980 803 844 0.55604 0.327353 -1.39186 0.103615 -0.0861326 0.0211359 1.53415 0.136388 
1981 473 35 -7.50723 -5.91091 -0.00195741 0.134264 -0.170474 -0.147468 9.55496 0.262364 
1982 473 901 0.328602 -0.601388 -0.742618 0.0464589 -0.00580409 0.025258 1.01051 0.0531985 
1983 473 1203 0.0952537 0.257617 -0.396934 -0.00479436 0.00139813 -0.000243109 0.482697 0.00499998 
1984 967 35 0.0793443 -0.548302 -0.000218155 0.00506247 0.000742312 -0.0244443 0.554013 0.024974 
1985 967 986 -0.415617 0.534598 -0.962659 0.0383565 -0.0894109 -0.066213 1.17696 0.117685 
1986 967 811 1.43675 -1.92752 -3.48009 0.167787 0.00250132 0.0678852 4.22973 0.181017 
1987 882 952 -3.41387 2.30662 -0.377819 0.071209 0.134028 0.174831 4.13736 0.231517 
1988 882 613 3.48937 -2.36767 0.770332 0.116857 0.176614 0.0135075 4.28661 0.212204 
1989 882 755 -0.236348 0.463687 -0.946214 0.0884265 -0.0438825 -0.0435918 1.0799 0.107913 
1990 952 1115 -0.135212 -2.81487 -1.76223 0.172003 -0.119526 0.177726 3.32373 0.274697 
1991 952 1089 -1.41376 1.06928 -2.86441 0.123266 -0.268805 -0.161185 3.36852 0.336796 
1992 952 755 0.747742 -0.158015 -0.968077 -0.0755836 -0.00186759 -0.0580758 1.23339 0.0953371 
1993 651 941 1.41418 -0.561317 0.166684 0.0250218 0.0973134 0.115418 1.53061 0.153027 
1994 651 709 0.627206 1.20872 -0.111328 0.0133052 0.00560967 0.135865 1.3663 0.13663 
1995 651 935 -1.61669 2.50233 -0.339965 -0.100809 -0.056382 0.0643923 2.99848 0.132242 
1996 651 1246 -1.40817 -3.54522 -1.39473 -0.291967 0.146755 -0.0782492 4.06163 0.336013 
1997 651 1163 0.0166236 -0.0976108 -0.519073 0.0089605 -0.0259718 0.00517091 0.528432 0.0279564 
1998 678 759 1.11794 -2.91247 0.389833 0.042922 0.0281023 0.0868655 3.14392 0.100884 
1999 678 935 5.05636 2.61324 -1.74804 -0.00500494 0.159382 0.223792 5.95412 0.274792 
2000 678 1158 -2.95727 1.30637 -2.04689 0.0494039 0.167832 0.0357373 3.82646 0.178565 
2001 678 1301 1.90687 -1.55536 -2.6137 0.0254992 -0.0212829 0.0312685 3.58981 0.0456168 
2002 744 1015 0.0564524 -0.396696 -0.298571 -0.000378262 0.0170319 -0.022701 0.499699 0.0283825 
2003 959 670 0.137004 -1.49769 -2.86526 -0.0154163 -0.181049 0.0938982 3.23598 0.204531 
2004 810 865 1.10035 0.672688 -0.223616 -0.0373216 0.044641 -0.0493584 1.30892 0.0763019 
2005 810 1136 0.013292 -0.256141 -0.327822 -0.0250768 -0.026664 0.0198169 0.416236 0.0416236 
2006 521 42 -0.664746 -0.523241 -8.5765e-06 0.00196599 -0.00249629 -0.0845375 0.845972 0.0845972 
2007 521 897 0.405494 -0.901349 -4.3556 0.0429751 0.038824 -0.00403339 4.46633 0.0580554 
2008 42 318 -0.992042 0.396718 7.04583e-05 0.0107222 0.0268172 -0.0286582 1.06843 0.0406869 
2009 42 736 0.359133 -0.609253 -1.95928 -0.0983443 0.0876215 -0.0452729 2.08301 0.139279 
2010 318 295 -5.25361 2.10011 -0.000574046 -0.0261833 -0.0654755 0.089063 5.65782 0.113599 
2011 318 38 0.603436 -12.4269 -3.65574 -0.0266319 -0.0239667 0.0770735 12.9675 0.0849941 
2012 318 621 1.35626 0.925365 -4.16148 0.106554 -0.0619507 0.0209512 4.47366 0.125022 
2013 298 89 0.295689 0.131564 0.314698 -0.0105452 -0.0135583 0.0155764 0.451416 0.0231873 
2014 298 234 0.0890898 -0.66143 -0.0807494 0.031129 0.00445079 -0.00211272 0.67227 0.0315165 
2015 298 901 -0.208097 -0.00595835 -0.34214 -0.0083086 -0.010845 0.00524234 0.400499 0.0146332 
2016 35 613 -3.78475 0.0174337 0.691131 0.0213696 0.140355 0.113483 3.84737 0.181754 
2017 35 227 0.259492 -0.319405 0.038518 -0.0052905 -0.00683143 -0.0210072 0.413327 0.0227148 
2018 35 572 -3.27287 -7.20114 -0.811684 -0.0979491 0.0370001 0.0666912 7.95153 0.12414 
2019 35 811 0.110228 0.299627 -0.461417 -0.00590828 0.0107025 0.00553841 0.561099 0.0134211 
2020 35 863 0.569886 -1.07879 -1.67345 0.0239349 0.0150173 -0.00152993 2.07099 0.0282973 
2021 613 790 0.00544393 1.30911 -1.81543 -0.0952277 -0.128339 -0.0928307 2.23821 0.184815 
2022 941 711 1.73041 -1.31923 -0.818933 0.0225161 0.0940935 -0.103999 2.32493 0.142044 
2023 941 1322 -0.226442 -0.405112 -0.53459 0.0114878 -0.000659924 -0.00436593 0.70794 0.0123072 
2024 759 870 -3.10029 -1.11427 0.327165 0.0110722 -0.0341419 -0.0113589 3.31065 0.0376469 
2025 759 1301 0.231173 0.649165 -1.12174 0.0847417 0.000773376 0.0179116 1.31649 0.0866175 
2026 759 933 -0.490828 -4.7731 -2.05809 0.035163 0.152367 -0.361752 5.22102 0.394102 
2027 870 716 -1.58419 -0.877739 -0.228691 0.0382767 -0.0342767 -0.133593 1.82548 0.143133 
2028 870 754 0.958392 0.495155 -2.52692 0.00469085 -0.168071 -0.0311547 2.74755 0.170998 
2029 870 1015 -0.135775 0.0641427 -0.148484 -0.0132603 -0.0155152 0.00542301 0.211179 0.0211179 
2030 1174 1135 0.592548 -3.83378 -2.42199 -0.25459 -0.0216657 -0.0279918 4.57329 0.257039 
2031 673 774 0.31684 1.1398 -2.95124 -0.0570026 -0.041889 -0.0222977 3.17952 0.0741699 
2032 673 884 -0.266679 -0.180515 -0.0901831 0.0113895 -0.0257021 0.0177671 0.334419 0.0332564 
2033 768 796 2.58932 -4.42722 -0.00740627 0.0141103 0.00829178 -0.0234319 5.12883 0.0285816 
2034 768 855 -2.00921 4.88355 -4.65791 0.231048 0.0372789 -0.0605789 7.04145 0.241749 
2035 768 1136 0.572598 0.226974 -0.732179 0.0259979 0.0522718 0.0365357 0.956803 0.0688702 
2036 234 93 0.383698 -0.847933 0.000736541 -0.019522 -0.0088561 -0.0255401 0.930707 0.0333442 
2037 227 863 -0.219593 0.156843 -0.5612 -0.0319782 -0.0324793 0.00343557 0.622709 0.045709 
2038 919 502 -2.26298 -0.0926248 0.00751849 0.00907104 -0.221247 0.00460392 2.26489 0.221481 
2039 919 1140 1.3157 0.38944 -1.29912 -0.107614 -0.0508854 -0.124242 1.88956 0.172064 
2040 919 1115 -1.08942 1.98092 -1.905 0.16227 0.0828728 -0.0066223 2.95633 0.182327 
2041 919 1252 -0.340857 -2.06556 -3.97671 -0.290051 -0.0114853 0.0308268 4.49411 0.291911 
2042 502 937 -0.229524 1.02029 -0.188572 0.0884698 0.0293351 0.0510387 1.06266 0.106266 
2043 502 913 -0.255026 -1.93311 -3.09455 -0.0389378 0.150565 -0.0908461 3.65762 0.180108 
2044 544 711 0.0839592 2.58947 -2.21101 0.26404 -0.144598 -0.159323 3.40602 0.340602 
2045 544 1041 -1.32146 -0.227498 -1.37672 0.083007 -0.0705855 -0.0680112 1.92182 0.128445 
2046 682 836 -0.285714 -1.84584 -0.154392 0.0030493 0.00631518 -0.0811445 1.8742 0.081447 
2047 682 1246 -2.55839 1.47302 -2.24999 -0.0883508 -0.0995249 0.0353042 3.71182 0.137686 
2048 682 1041 2.87764 -2.54784 -2.68967 0.142566 -0.0737064 0.22235 4.69112 0.274221 
2049 716 1015 0.0910813 0.317777 -0.234051 0.0120642 -0.0251123 -0.0294007 0.40504 0.040504 
2050 716 1135 -1.59777 0.366538 -2.18811 -0.154329 0.0579205 0.122394 2.73405 0.205311 
2051 716 1071 1.12955 -0.543412 -0.791931 0.0632527 -0.0499085 0.124465 1.48268 0.148268 
2052 716 940 -0.424582 -1.25972 -0.906038 -0.114856 0.0122437 0.0367998 1.60875 0.121227 
2053 435 942 -0.0679233 0.258683 -0.229732 0.0219708 0.0212143 0.0173917 0.352573 0.0351459 
2054 435 884 3.66619 -0.399894 -2.75493 0.150003 -0.191757 0.227455 4.60331 0.333178 
2055 435 848 -0.201196 -1.13371 -1.60088 0.133235 -0.125983 0.0724734 1.97196 0.197169 
2056 796 887 1.80964 -6.10381 -0.254553 0.109731 0.0220926 0.250338 6.3715 0.274222 
2057 796 869 -0.0581693 0.308381 -2.28462 0.0886964 -0.0872248 -0.014032 2.30608 0.125188 
2058 839 1209 1.77571 -0.69495 -2.09684 0.0182087 0.00991489 0.012134 2.83422 0.0240229 
2059 483 1208 0.039005 -1.4108 -0.295216 -0.0583328 -0.00885452 0.0346074 1.44188 0.0684017 
2060 483 503 1.63749 1.24202 -1.46332 -0.0224543 -0.0221415 -0.0439198 2.52295 0.0540684 
2061 978 769 -1.73173 -0.378292 0.192514 0.0269447 -0.130916 -0.014875 1.78299 0.134485 
2062 978 637 2.10042 1.09314 -0.0980031 -0.0135349 0.0294822 0.0387677 2.36988 0.0505503 
2063 978 793 -0.270065 -1.55816 -0.119333 -0.154248 0.028519 -0.023299 1.58589 0.158583 
2064 978 1252 -0.0437664 0.339418 -0.442781 -0.00459226 -0.00293687 -0.00179737 0.559621 0.00573974 
2065 836 964 -1.78183 -0.185748 -0.0391126 0.0162812 -0.168487 0.0584411 1.79191 0.179076 
2066 836 914 -0.396645 1.15606 -1.92617 0.151712 -0.0176787 -0.0418516 2.28121 0.158368 
2067 836 847 -1.49585 -2.30338 -2.54695 0.00443733 -0.0646908 0.0558983 3.74568 0.0856108 
2068 964 719 -0.222721 -1.23838 -0.157413 0.0856153 -0.0043507 -0.0869087 1.26806 0.122074 
2069 964 933 -1.99138 5.63944 -1.53479 0.306171 -0.00804225 -0.426805 6.1745 0.525326 
2070 964 983 -0.421511 -0.151487 -0.26351 -0.00745707 -0.0385219 0.0340739 0.51967 0.051967 
2071 964 717 -0.178855 0.485233 -2.81723 -0.0986035 -0.0897 -0.00918974 2.8643 0.133616 
2072 817 1275 -3.52406 1.43322 -4.55647 -0.108763 0.100241 0.11565 5.93587 0.187757 
2073 662 1258 2.65564 -1.09422 -1.9287 -0.176131 -0.233058 -0.110294 3.45971 0.312255 
2074 662 787 -1.01955 -0.476482 -0.945131 0.0958218 -0.097292 -0.054318 1.46963 0.146963 
2075 594 1209 0.121601 2.42883 -2.23239 -0.0171863 0.0418918 0.0446419 3.30115 0.063586 
2076 594 815 0.68624 -0.468136 -1.19522 0.0133533 -0.059555 0.0309929 1.45555 0.068452 
2077 342 1208 -0.526525 -0.0426618 0.000192279 0.00216588 -0.0269355 -0.0453903 0.528251 0.0528251 
2078 342 772 0.195299 1.21844 -1.59661 0.123879 -0.02425 -0.00335309 2.0179 0.126275 
2079 342 951 -0.987919 -0.723135 -1.71178 -0.126716 0.0336242 0.0589272 2.10454 0.143736 
2080 1208 326 0.856193 -1.58148 0.0305284 -0.000486334 0.000511138 0.0401184 1.79863 0.0401246 
2081 1208 433 -0.970488 -0.736801 -0.000884124 -0.0272387 0.0359165 -0.0322112 1.21849 0.0554031 
2082 1208 715 0.0985916 0.690854 -0.767842 -0.0943337 0.0374381 0.0215718 1.03758 0.103758 
2083 402 433 2.29625 -6.75738 -0.347805 0.0674912 0.0239988 -0.020679 7.14535 0.0745561 
2084 402 38 -2.80524 8.17424 -3.02068 0.148601 0.0298608 -0.0571968 9.15489 0.162005 
2085 120 93 0.0317261 -0.00232274 9.71901e-07 -0.000232261 -0.00317242 3.47769e-05 0.031811 0.0031811 
2086 120 548 0.258843 0.284293 -0.693275 -0.010029 0.0442342 0.0143948 0.79275 0.0475863 
2087 857 359 -0.139727 -0.208055 -0.000450935 0.015219 -0.0101906 -0.0139674 0.250621 0.0230338 
2088 857 572 -0.117421 0.160264 -0.0208098 0.00355793 0.00460209 0.0153664 0.199763 0.0164306 
2089 506 1266 2.01388 2.00833 -1.73891 0.117725 0.0532663 0.19786 3.3336 0.236316 
2090 506 1481 -1.69925 2.14944 -4.70202 -0.273676 -0.14233 0.0338391 5.44211 0.310325 
2091 769 491 -1.24078 -1.55065 0.139627 -0.0203128 0.0096151 -0.0737258 1.99087 0.077075 
2092 769 710 -0.57157 0.0647405 -0.382269 0.0122444 0.0536556 -0.0092208 0.690662 0.0558021 
2093 812 710 2.77768 1.11834 -2.77811 0.211675 0.14539 0.27017 4.08462 0.372741 
2094 812 1041 -0.366902 1.87508 -1.28057 0.0925813 0.122185 0.152383 2.30008 0.216151 
2095 812 883 -1.15569 -2.17453 -1.95771 0.142098 -0.132254 0.0630162 3.14592 0.204093 
2096 472 1071 1.22881 3.41059 -2.46101 0.303329 0.105736 0.29799 4.38163 0.438163 
2097 472 983 3.70186 -0.78376 -3.26943 -0.11392 0.00026594 -0.129052 5.00072 0.17214 
2098 472 947 -0.596675 -0.840025 -0.978885 -0.0582286 0.0351606 0.00532009 1.42122 0.0682285 
2099 393 940 0.809486 1.78177 -1.56362 0.0423378 -0.0140543 0.00590323 2.50497 0.0449985 
2100 393 1258 -0.545071 0.333691 -0.609128 -0.00977059 -0.0180935 -0.00116884 0.882887 0.0205962 
2101 393 718 -0.398843 -1.0569 -1.01926 0.0804578 -0.028347 -0.00208984 1.52151 0.085331 
2102 1005 887 -0.640093 0.180516 -0.310654 -0.0256821 0.0212026 0.0652375 0.734038 0.0732465 
2103 1005 787 0.284154 0.144597 -0.554987 0.0551796 -0.0237759 0.0220575 0.640048 0.0640048 
2104 887 684 -1.27294 -0.818394 0.105256 0.0113425 0.00136695 0.147802 1.51698 0.148243 
2105 887 848 0.991276 1.06013 -0.35707 0.111689 -0.0911174 0.0395386 1.49466 0.149466 
2106 887 1195 3.39352 -4.07593 -2.46574 0.0141124 -0.0175432 0.0484217 5.84885 0.0534002 
2107 887 1026 0.477125 0.187321 -2.86538 -0.240616 0.161034 -0.0295384 2.91087 0.291033 
2108 684 842 -0.895725 -1.26882 -0.0105711 0.0891466 -0.0638494 0.109949 1.55317 0.155283 
2109 684 815 0.0499611 0.78902 -1.01461 0.0450046 -0.0126811 -0.00764543 1.28627 0.047378 
2110 684 1177 -2.53752 -1.31283 -4.26791 -0.313869 -0.0348379 0.197329 5.13591 0.372379 
2111 945 326 -0.583478 -0.0426878 0.0041049 -0.000493152 0.0049394 -0.0187316 0.585052 0.0193782 
2112 945 1192 0.206808 2.30897 -3.15866 -0.0730787 -0.0709669 -0.0566613 3.91806 0.116565 
2113 945 1004 -2.37477 -1.71343 -3.96797 -0.141551 0.00223524 0.0837507 4.93154 0.164486 
2114 326 932 -0.241823 -0.183575 0.000181893 -0.0110218 0.0145366 0.0178604 0.303608 0.0255302 
2115 326 385 0.774803 -1.60519 -0.000677133 0.0429039 0.0207176 -0.0199227 1.7824 0.0516419 
2116 433 932 1.97206 -3.64275 0.0758095 -0.134523 -0.0696506 0.152584 4.14299 0.21501 
2117 433 105 -1.24218 -1.82153 0.00125375 0.013978 -0.00953068 0.00219498 2.20477 0.0170598 
2118 433 931 1.27838 1.4966 -3.39246 -0.140937 0.100074 -0.00896116 3.9221 0.173085 
2119 433 949 -0.233331 -0.520364 -0.965827 0.0469508 0.032389 -0.0287931 1.12163 0.0638942 
2120 93 105 0.00717362 -0.0148299 -1.61062e-07 -0.00141067 -0.000682378 -0.000352464 0.0164738 0.0016062 
2121 93 1249 0.216567 0.257458 -0.567608 0.0222715 0.0340736 0.0239528 0.659822 0.047231 
2122 444 105 2.6371 -0.192938 -1.09923e-05 -0.00227755 -0.0311187 -0.196781 2.64414 0.199239 
2123 444 505 -3.22983 0.236203 -6.37676e-05 0.00494586 0.0675646 -0.241041 3.23846 0.25038 
2124 444 86 0.207502 -0.428951 -6.18232e-06 0.0249457 0.0120667 0.0387432 0.476504 0.0476333 
2125 444 750 1.10699 1.13048 -2.68241 -0.273403 0.0351004 -0.0980369 3.11428 0.292562 
2126 444 734 -0.0162716 -0.222266 -0.315161 0.0299892 -0.0205511 0.0129452 0.385997 0.0385912 
2127 505 359 -3.39388 0.248213 0.000177517 -0.00389941 -0.0534679 0.210111 3.40295 0.216843 
2128 505 464 0.239496 -0.495112 8.60407e-06 0.0227866 0.0110225 0.00649568 0.549995 0.0261327 
2129 505 862 0.415032 0.399215 -1.02078 0.0153346 -0.0200796 -0.00161811 1.17202 0.0253172 
2130 505 1028 -0.00316319 -0.0431842 -0.0612303 0.00625336 -0.00352811 0.00216524 0.0749936 0.00749936 
2131 359 488 1.30766 -2.70336 -7.91349e-05 -0.101094 -0.0489076 0.232232 3.00302 0.25796 
2132 359 681 -1.89319 -2.787 3.77777e-05 0.107695 -0.0731556 0.074906 3.3692 0.150203 
2133 359 1266 -4.0581 7.19021 -3.9846 -0.0434465 0.188357 0.384139 9.16757 0.430034 
2134 359 920 0.265929 0.258142 -0.652609 0.0128705 0.020828 0.0134831 0.750502 0.0279508 
2135 359 691 -0.0521464 -0.711362 -1.0088 -0.0450843 -0.048089 0.0362406 1.23549 0.0752232 
2136 491 671 0.308825 0.0501407 -0.41778 -0.010314 0.00617608 -0.00688289 0.521945 0.0138526 
2137 491 823 -0.251755 -1.6231 -1.87718 0.0829788 -0.00578518 -0.00612643 2.49432 0.0834055 
2138 969 719 -1.19732 0.232833 -0.248175 -0.00923805 -0.0582699 -0.010099 1.24474 0.0598558 
2139 969 847 -0.210153 0.716899 -0.805896 -0.0662741 0.0254636 0.0399338 1.0989 0.0814578 
2140 969 883 1.15831 0.306401 -0.922153 0.0312104 -0.00236646 0.0384168 1.51193 0.0495535 
2141 969 1010 -0.122978 -0.108429 -0.284209 -0.000355358 -0.030486 0.0117845 0.328108 0.0326863 
2142 719 723 -0.64771 -1.11459 -0.997074 -0.121097 0.058105 0.0137127 1.62972 0.135014 
2143 771 947 -0.367652 0.19794 -0.196842 0.00100348 0.0334177 0.0317299 0.461622 0.0460927 
2144 771 656 -0.205961 -0.317904 -0.366543 0.0421633 -0.0313274 0.00347875 0.527102 0.0526426 
2145 508 718 0.330066 -0.120062 -0.353828 0.0283154 0.0386727 0.0132913 0.498551 0.0497393 
2146 813 531 -0.465569 -0.389927 0.0599099 0.0394286 -0.0458397 0.00805472 0.610235 0.0609981 
2147 813 787 -0.324334 1.38327 -0.722505 -0.0150441 0.040188 0.083695 1.59394 0.0940545 
2148 813 767 1.10353 0.180461 -1.10422 0.0451709 -0.106019 0.0278162 1.57151 0.11855 
2149 395 778 0.474598 -0.677695 -1.11798 -0.0443086 0.0536995 -0.0513608 1.39083 0.0865149 
2150 842 385 -1.43721 -0.092307 0.0429143 4.56362e-05 0.014959 0.0337046 1.44081 0.0368751 
2151 842 400 0.429029 -0.835329 0.0097708 -0.0324121 -0.0158898 0.0647329 0.939114 0.0741174 
2152 842 666 -1.8332 -1.5981 -3.21274 -0.0652839 0.155711 -0.0402034 4.02942 0.173564 
2153 932 368 1.44724 -2.9983 -0.00115115 0.137213 0.0662839 -0.137766 3.32931 0.205428 
2154 932 1100 0.237116 0.282669 -0.65574 -0.0287433 -0.0263889 -0.021769 0.75241 0.0446815 
2155 105 595 1.14133 -2.35923 1.36926e-05 0.0182846 0.00884531 -0.0402203 2.6208 0.0450582 
2156 105 86 -0.425657 -0.626719 -6.67994e-06 0.0289568 -0.019667 0.00444425 0.757602 0.0352851 
2157 105 949 0.994761 1.01397 -2.41199 0.210943 -0.152727 0.0227935 2.79917 0.261423 
2158 86 464 -1.76809 0.129289 1.58279e-05 0.00502404 0.0687013 0.0376903 1.77281 0.0785218 
2159 86 398 0.305219 -0.630941 -7.67226e-07 0.0609942 0.029506 0.00806262 0.700889 0.0682342 
2160 86 734 -0.822678 0.558729 -1.40633 0.00830144 -0.00980552 -0.00875186 1.72243 0.0155453 
2161 86 598 -0.0512843 -0.700363 -0.993038 -0.0121396 0.0322586 -0.0221242 1.21625 0.0409569 
2162 464 488 -1.82725 0.133672 1.86314e-05 -0.000669863 -0.00915862 0.01323 1.83213 0.0161047 
2163 464 600 0.230348 -0.476188 1.47205e-06 0.0312534 0.0151185 0.0385179 0.528976 0.0518553 
2164 464 734 1.19161 0.576549 -1.87209 -0.113226 0.0501382 -0.0566289 2.29283 0.136165 
2165 464 1028 -0.0334725 0.0227319 -0.0572199 0.00580362 0.0032053 -0.00212162 0.0700804 0.00696112 
2166 464 974 -0.0505293 -0.690349 -0.978885 0.0257649 0.0380567 -0.0281691 1.1989 0.053904 
2167 488 681 -0.462766 0.0338799 1.74296e-05 0.000608261 0.00832282 -0.0283461 0.464005 0.029549 
2168 488 695 0.47819 -0.98854 -3.68053e-06 0.0633494 0.0306444 -0.0388547 1.09812 0.080386 
2169 488 930 -1.37141 -2.01904 2.06844e-05 0.116758 -0.0793062 0.0296067 2.44076 0.144217 
2170 488 1028 1.21955 0.589983 -1.91608 0.00193416 0.132021 0.0418818 2.34664 0.138518 
2171 488 788 -0.0450492 -0.615411 -0.872652 -0.0790421 0.0416043 -0.0252597 1.06878 0.0928258 
2172 681 370 -0.170438 0.0126382 -6.66641e-06 -8.55797e-05 -0.00114901 0.00969741 0.170906 0.00976562 
2173 681 605 -1.39561 -2.0517 -0.000360266 -0.0604653 0.0411224 0.0409504 2.48137 0.0838095 
2174 681 739 -1.46839 1.48577 -2.4325 0.0280746 0.0473763 0.0119901 3.20636 0.0563601 
2175 681 691 0.432614 0.209284 -0.679717 0.00248095 0.0184017 0.00724489 0.832448 0.0199316 
2176 681 874 -0.0309444 -0.422715 -0.599372 0.0472576 0.0289829 -0.0228804 0.734092 0.0599733 
2177 370 793 -0.248229 0.399124 -0.0695332 -0.0160241 -0.00831236 0.00949164 0.475134 0.0203951 
2178 370 898 -0.0729514 -0.111449 -0.184657 0.00812861 -0.0112487 0.00357779 0.227687 0.0143321 
2179 921 340 1.83424 -1.3907 -0.150598 0.047742 0.0784891 -0.143325 2.30677 0.170241 
2180 921 645 -1.23834 -4.23321 -0.357844 -0.0802002 -0.0118968 0.418276 4.42511 0.426061 
2181 921 883 -2.17877 3.25811 -2.46131 0.283211 0.307276 0.15605 4.62822 0.44607 
2182 921 823 0.815598 0.174639 -0.861809 0.0400989 0.0667296 0.0514709 1.19934 0.0933274 
2183 655 1010 0.0331913 0.452303 -0.464301 -0.00691894 0.00611981 0.00546705 0.649042 0.0107337 
2184 655 991 3.3622 -3.99905 -3.27425 -0.185588 -0.102667 -0.0651791 6.16583 0.221882 
2185 655 1090 -1.43545 -1.0019 -4.36656 0.121568 -0.163996 -0.00233523 4.70437 0.204154 
2186 846 723 0.0457825 1.48916 -4.77745 -0.224577 -0.0846384 -0.0285343 5.00437 0.241687 
2187 972 688 -1.29966 -1.13027 0.412766 -0.0873671 0.0468723 -0.146739 1.77116 0.177095 
2188 972 801 0.987833 -1.59214 -0.113668 0.131025 0.0847388 -0.0482599 1.87714 0.163331 
2189 972 947 0.153733 0.930339 -0.655882 0.0493086 0.0542023 0.0884411 1.14863 0.114852 
2190 972 718 -0.302719 0.139069 -0.202094 -0.00907165 -0.0361375 -0.0112791 0.389642 0.0389286 
2191 972 1121 -1.13796 -1.53714 -2.05754 0.121301 -0.11378 0.017915 2.80914 0.167274 
2192 688 520 -3.35655 -2.0654 -0.474201 0.0475072 -0.135017 0.251801 3.96953 0.289638 
2193 688 1145 1.68165 -3.00247 -1.69059 -0.0486562 -0.10462 0.137406 3.83417 0.179425 
2194 531 1195 -0.890728 4.19222 -2.67262 -0.365824 0.128592 0.323628 5.05084 0.505072 
2195 531 563 3.50476 -2.22928 -0.821354 -0.113963 -0.276371 0.263826 4.23411 0.398714 
2196 531 778 -1.3126 -0.572651 -1.49751 -0.0744107 -0.117249 0.110059 2.07204 0.177193 
2197 531 879 2.62429 0.138092 -6.11486 -0.0761697 -0.184945 -0.036866 6.65563 0.203386 
2198 385 368 -0.504986 -0.383338 0.00040148 -0.0368065 0.0485051 0.0176672 0.634003 0.0634003 
2199 385 906 0.78437 -1.55949 -0.00153473 -0.0030689 -0.00150817 -0.0359578 1.74563 0.03612 
2200 385 416 -0.225579 -0.115651 -0.430253 0.0422015 -0.0210056 -0.0164798 0.499379 0.0499379 
2201 368 553 1.26579 -2.51642 0.0191175 -0.0202769 -0.00844845 0.230484 2.81691 0.231529 
2202 368 652 -0.0968373 -0.261265 -0.453098 -0.045668 0.0266855 -0.00562708 0.531916 0.0531916 
2203 595 86 -1.72621 0.126243 -2.4304e-05 0.00504128 0.0689249 -0.0439588 1.73082 0.081905 
2204 595 620 1.70432 -3.52295 -5.01698e-05 0.0211926 0.0102514 0.074621 3.91355 0.0782465 
2205 595 343 1.55631 1.52536 -3.4037 -0.0645194 -0.00470579 -0.0316097 4.04153 0.0720005 
2206 600 695 -1.52091 0.111269 6.1528e-06 -0.000108645 -0.00148901 0.0716446 1.52497 0.0716602 
2207 600 276 0.224167 -0.463405 -5.19789e-06 -0.00704911 -0.00341049 0.0506587 0.514777 0.0512603 
2208 600 598 1.49669 0.724143 -2.35141 0.0037362 0.120665 0.0395384 2.87986 0.127033 
2209 600 974 -0.538014 0.36542 -0.919754 -0.0381461 -0.0661036 -0.00394934 1.12647 0.0764226 
2210 600 731 -0.0196206 -0.268148 -0.380234 -0.0386504 0.0186866 -0.0111837 0.465689 0.0443635 
2211 695 930 -1.03713 0.075913 1.22981e-05 -0.00344348 -0.0470482 0.0184369 1.03991 0.0506489 
2212 695 576 -0.669991 -0.98639 -1.34529e-05 -0.0413431 0.028081 0.0496257 1.19242 0.0704309 
2213 695 366 0.132627 -0.274176 -3.67225e-06 0.020891 0.0101055 0.00858714 0.304569 0.0247445 
2214 695 974 0.8318 0.402405 -1.30678 0.0619386 -0.0549916 0.0224916 1.60047 0.0858273 
2215 695 788 -0.344448 0.233952 -0.588846 -0.0265076 0.0191454 0.0231123 0.721192 0.0400422 
2216 695 749 -0.0389542 -0.532369 -0.754911 -0.0368708 -0.00108061 0.00266463 0.924567 0.0369828 
2217 930 576 0.122138 -0.252496 -6.48144e-06 0.0141247 0.00683223 0.00741707 0.280485 0.0173551 
2218 930 1380 -2.3336 -3.43238 -0.000527252 -0.216059 0.146916 -0.143786 4.15053 0.298228 
2219 930 788 0.769143 0.372047 -1.20836 -0.0105701 0.027412 0.00171191 1.47991 0.0294292 
2220 930 874 -1.85206 1.25789 -3.16597 0.14859 0.0593804 -0.063331 3.8776 0.172092 
2221 930 1465 -0.00299273 -0.0408914 -0.0579844 -0.00247308 -0.00399095 0.00294211 0.0710159 0.00554075 
2222 605 354 -0.328246 -0.482658 0.00013547 0.0244645 -0.0166456 -0.02755 0.583699 0.0404301 
2223 605 1320 -0.0927959 -1.26208 -1.78834 -0.0978689 -0.0282892 0.0250429 2.19081 0.104908 
2224 307 903 -0.175488 -0.267106 -0.00329964 0.00476989 -0.0029868 -0.0119005 0.319614 0.0131641 
2225 307 379 -0.727096 -0.350386 -1.16081 -0.00996534 0.0896686 -0.0208241 1.41383 0.0925927 
2226 307 898 0.195411 0.120548 -0.45509 -0.0110616 0.0155012 -0.000643687 0.50973 0.0190542 
2227 340 145 1.13189 1.07471 -0.170116 0.0909601 -0.0938709 0.0121876 1.57007 0.131278 
2228 340 1217 -1.35026 -1.10283 -5.28862 0.331227 -0.132694 -0.0568961 5.56857 0.361326 
2229 645 800 -1.20849 -3.21961 -0.0854436 -0.041228 0.0173397 -0.07026 3.44 0.083288 
2230 645 665 -1.55509 2.47033 -1.99509 -0.228356 -0.00551877 0.171161 3.5357 0.285435 
2231 645 101 1.83876 -1.36179 -0.419319 0.0876091 0.0982939 0.0649539 2.32623 0.14682 
2232 801 656 0.117882 5.55169 -6.91016 -0.202512 0.391089 0.31075 8.86484 0.539005 
2233 801 885 1.71954 -0.719256 -0.856097 0.0187078 0.0910645 -0.0389323 2.05111 0.100789 
2234 801 955 0.235268 -2.49325 -0.48843 0.00484833 -0.0260644 0.135384 2.55152 0.137956 
2235 801 1085 -0.32104 -0.530452 -1.36666 -0.0835402 -0.0296751 0.0311424 1.50073 0.0939651 
2236 520 563 -1.6233 1.18982 -0.828021 -0.136546 -0.0954731 0.130503 2.17632 0.211639 
2237 520 1023 -0.602428 -0.299704 -1.92422 0.0840031 0.131464 -0.0467755 2.03847 0.162872 
2238 520 829 -0.241652 -1.40467 -0.506871 -0.0233486 -0.0088756 0.035728 1.51275 0.0435939 
2239 925 778 0.329687 2.59408 -2.9432 0.147885 0.0286166 0.0417877 3.93705 0.156317 
2240 925 899 -2.02217 -1.21688 -2.81568 -0.212253 0.0866329 0.114995 3.67396 0.256478 
2241 925 660 1.26054 -1.17863 -2.2413 -0.0497845 -0.0107862 -0.0223273 2.8287 0.0556178 
2242 400 899 0.124382 -0.152003 -0.196319 -0.0136742 -0.0224399 0.00871083 0.2777 0.0276841 
2243 400 909 0.176025 1.01923 -1.45968 0.127862 -0.0214345 0.00045225 1.78899 0.129647 
2244 906 553 -0.976533 -0.741251 0.0101749 0.0185546 -0.0228102 0.119026 1.22604 0.122604 
2245 906 745 1.02858 -1.38367 -1.33699 -0.0544837 -0.0336758 -0.00706403 2.18175 0.0644394 
2246 398 195 -0.0485331 0.0329635 0.0829676 9.91034e-05 0.00886207 -0.00346298 0.101615 0.00951516 
2247 398 600 -0.603219 0.0441044 7.74517e-06 0.000714578 0.00977419 -0.00488283 0.604829 0.0109493 
2248 398 620 1.5486 -0.113194 3.59809e-06 0.000150392 0.00205807 0.0179079 1.55274 0.0180264 
2249 398 598 -0.901593 0.612273 -1.54117 0.045423 0.0336479 -0.0132051 1.88758 0.05805 
2250 398 1202 -0.0164492 -0.224742 -0.318669 -0.0161732 0.0293479 -0.0198628 0.390294 0.0389539 
2251 576 366 0.451678 -0.033059 -3.51107e-07 0.00280254 0.0382903 0.0239236 0.452886 0.0452365 
2252 576 727 -1.71263 -2.63241 -0.0218689 0.0697215 -0.0471191 0.211692 3.14057 0.227804 
2253 576 749 0.498653 0.241212 -0.783358 0.0332415 0.0408468 0.0337377 0.95942 0.0625436 
2254 576 1465 -0.848883 0.576602 -1.45122 0.0338361 0.0309568 -0.00749243 1.77739 0.0464688 
2255 1380 838 -1.25336 -1.92844 -0.0162335 0.102522 -0.06692 0.0341281 2.30001 0.127097 
2256 1380 1320 -1.59203 1.07995 -2.71856 0.105412 -0.0930984 -0.0987144 3.33038 0.171824 
2257 354 809 -2.49722 -0.547801 -2.90258 0.0461173 -0.184377 -0.00487939 3.86796 0.19012 
2258 354 1320 0.230653 0.111256 -0.362175 0.0325092 -0.0140249 0.0163953 0.443564 0.0390173 
2259 903 809 0.486104 -0.311682 -0.832652 0.0860883 0.00513159 0.0483377 1.01329 0.0988639 
2260 903 101 -1.72729 0.0983246 -0.465039 -0.0182056 0.124209 0.093883 1.7915 0.156758 
2261 800 742 3.69502 -1.85706 1.83787 0.141253 0.231895 -0.0496713 4.52544 0.276035 
2262 800 751 -4.41655 -2.75421 -0.29888 -0.0219326 0.0398158 -0.0428088 5.21354 0.0624414 
2263 800 991 -0.854389 1.26103 -0.874796 0.148458 0.093297 -0.0105058 1.75654 0.175654 
2264 800 948 -0.86176 -1.19779 -2.86042 -0.133835 -0.0978956 0.0813139 3.21859 0.184681 
2265 380 991 0.939836 0.369361 -0.58224 -0.0533434 0.0481356 -0.0555692 1.16564 0.0908322 
2266 380 885 -2.38732 1.19912 -0.971937 0.129994 0.099771 -0.196207 2.84286 0.255636 
2267 380 816 -0.348056 -0.614818 -0.43398 0.064708 -0.00799296 -0.0405728 0.829146 0.076793 
2268 353 965 0.236602 -0.135136 -0.0236669 0.0132234 0.0213701 0.010175 0.2735 0.0271122 
2269 353 746 -0.167374 -0.851953 -0.00598405 -0.0307976 0.00562992 0.0598741 0.868259 0.0675655 
2270 353 319 0.72003 0.426523 -0.140652 -0.0160144 0.00946778 -0.0532704 0.848615 0.0564255 
2271 353 660 0.163228 1.62041 -2.01251 0.0474771 0.0986267 0.0832619 2.58894 0.137528 
2272 353 806 -1.19143 -0.459781 -1.50448 0.0733919 0.0742496 -0.0808118 1.97341 0.132022 
2273 327 806 0.48374 -0.338757 -0.781816 -0.00107696 -0.000883894 -0.000283368 0.979794 0.00142176 
2274 327 998 -0.612844 -0.762782 -0.646139 -0.0350744 -0.00879772 0.043653 1.17257 0.056685 
2275 553 871 0.300679 -1.36719 -1.16198 -0.0594305 0.103545 -0.13721 1.8193 0.181879 
2276 553 1290 0.426757 0.369092 -1.0253 0.0516717 0.0899505 0.0538879 1.1703 0.116897 
2277 620 984 1.6585 -3.42841 5.20946e-06 -0.0244166 -0.0118112 0.264642 3.8085 0.266029 
2278 620 652 0.688116 0.581067 -1.36369 -0.138391 -0.0284511 -0.0819552 1.63425 0.163335 
2279 620 814 -0.102654 -1.36519 -2.1396 -0.0257398 0.213553 -0.135024 2.54011 0.253967 
2280 276 366 -1.07464 0.0786149 2.23565e-06 0.00213142 0.0291383 -0.0874016 1.07751 0.0921554 
2281 276 1202 0.215418 0.104225 -0.33842 0.0269718 -0.00768978 0.0148003 0.414482 0.0317121 
2282 276 731 -0.640582 0.435101 -1.09512 -0.000975737 0.0389767 0.0160565 1.34125 0.0421657 
2283 366 404 -0.259983 -0.399585 -0.00325023 -0.0203013 0.0131007 0.0132789 0.476728 0.0275699 
2284 366 731 0.303333 0.146747 -0.476529 -0.0375807 0.00964033 -0.0209531 0.583631 0.044094 
2285 366 749 -0.612695 0.41618 -1.04746 -0.0139891 -0.0291409 -0.00339568 1.28288 0.0325025 
2286 838 382 -10.967 0.747398 9.58903e-05 0.00142813 0.0210236 -0.528856 10.9924 0.529275 
2287 838 727 4.62351 -0.33849 0.000920907 -0.00598056 -0.0823264 -0.233928 4.63589 0.248064 
2288 838 415 1.42925 -2.95501 -0.000525659 0.0322582 0.0156304 -0.157544 3.28251 0.16157 
2289 838 1131 -0.87176 -1.38403 -0.572249 0.0583454 -0.0683763 0.07649 1.73291 0.118026 
2290 838 1308 1.62434 0.785209 -2.55105 -0.0322196 -0.0869322 -0.0472729 3.12456 0.104067 
2291 382 1120 -10.9566 0.778752 -0.503709 -0.0248772 -0.00555574 0.532535 10.9958 0.533144 
2292 1120 742 -7.52219 2.00621 3.67006 -0.117027 0.406972 -0.462328 8.60684 0.626952 
2293 1120 795 -3.12477 -2.69682 -0.276903 0.173564 -0.166551 -0.336536 4.13687 0.413667 
2294 1120 886 -0.19638 1.19747 -2.092 -0.20011 0.0284214 0.0350533 2.41846 0.205136 
2295 742 101 0.227171 0.531398 -0.39218 -0.0203377 0.0300546 0.0289429 0.698424 0.0464176 
2296 742 654 -0.34519 -0.155278 -3.13047 -0.130073 0.00876746 0.013908 3.15327 0.131108 
2297 751 873 -1.83034 -2.27286 0.175211 0.138581 -0.0931239 0.239675 2.92348 0.292098 
2298 751 816 -2.63826 0.572478 -1.41644 0.103838 0.161096 -0.128299 3.04868 0.23064 
2299 751 770 0.0419896 -0.325667 -0.270725 0.010306 -0.0247062 0.0313185 0.425575 0.0412002 
2300 608 955 -0.354032 0.618638 -0.187547 -0.0272541 -0.0188453 -0.0107153 0.737039 0.0348246 
2301 608 816 2.08562 0.920141 -2.01319 -0.0870347 0.100268 -0.0443376 3.04128 0.139981 
2302 522 641 -1.92996 1.16546 0.0370209 0.105893 0.177457 -0.0661869 2.25487 0.216991 
2303 522 1050 -0.23301 0.831715 -0.875585 0.0124191 0.090351 0.082519 1.22992 0.122992 
2304 522 1097 1.34901 -0.710047 -1.37477 -0.0300089 0.0299603 -0.0449206 2.0528 0.061774 
2305 522 924 -0.916657 -0.998947 -0.138984 0.0578872 -0.0410259 -0.0869169 1.36289 0.112199 
2306 641 1291 -0.704427 -0.773228 -0.0455299 -0.00847468 0.0136839 -0.101274 1.04698 0.102545 
2307 641 1145 1.19588 2.23908 -0.161952 0.0140699 0.0041599 0.161407 2.54358 0.162073 
2308 641 1050 0.391375 0.0935955 -0.427712 0.0147681 -0.012636 0.0107483 0.587258 0.0222101 
2309 641 1020 -1.78633 2.75963 -5.22698 -0.0179814 -0.435501 -0.223781 6.17477 0.489961 
2310 641 1164 -0.0389103 -0.748918 -1.07728 0.0138423 -0.0679439 0.0467341 1.3126 0.0836185 
2311 965 807 0.407145 -1.26122 0.10089 0.0496918 0.00620089 -0.123016 1.32915 0.132818 
2312 965 319 -0.0253353 1.51963 -0.120765 0.0183715 -0.00725071 -0.0950926 1.52464 0.097122 
2313 965 1051 -1.33348 0.575934 -2.52442 -0.165118 -0.0129314 0.0842704 2.91248 0.18583 
2314 776 745 1.50865 2.41425 -2.64545 -0.161844 -0.154792 -0.23356 3.88626 0.32358 
2315 984 421 -1.44383 0.105443 -8.80158e-06 0.000623322 0.00853353 -0.0192781 1.44768 0.0210916 
2316 984 650 1.83285 -1.73556 -0.00898473 0.00339654 0.00461288 -0.198177 2.5242 0.19826 
2317 984 871 0.970695 0.126701 -0.762544 0.0373361 0.0338188 0.0531469 1.24088 0.0732277 
2318 984 1105 -0.0467898 -1.08492 -1.74111 -0.0551087 0.163994 -0.100707 2.052 0.200182 
2319 421 276 -1.33425 0.097593 6.82669e-06 0.000480232 0.0065662 -0.0100583 1.33781 0.0120215 
2320 421 1202 -0.530172 0.360117 -0.906358 -0.000535904 -0.0292469 -0.011307 1.11007 0.0313611 
2321 95 537 1.72359 -0.126927 0.00014348 0.00186041 0.0252515 -0.0102481 1.72826 0.0273153 
2322 95 404 -3.33216 0.244281 -0.000553867 0.0057305 0.0786769 0.224577 3.3411 0.238029 
2323 95 253 -0.557431 -0.820768 -2.66223e-05 0.0236959 -0.0160958 0.0795447 0.992164 0.0845454 
2324 95 700 0.464558 0.224701 -0.729396 -0.0332281 -0.0684416 -0.0422477 0.89349 0.0870243 
2325 95 891 -0.899055 0.611012 -1.53784 0.00463465 0.0394524 0.0129657 1.88324 0.0417861 
2326 95 690 -0.146711 -2.0427 -2.89341 -0.0837066 0.0751671 -0.0488223 3.54485 0.12264 
2327 404 727 -4.10334 0.300376 -0.00059499 -0.00492615 -0.0678685 -0.289794 4.11432 0.297676 
2328 404 975 -0.784625 -1.15517 4.71888e-05 0.00404447 -0.0027461 0.0249731 1.39645 0.0254471 
2329 404 891 0.234785 0.1135 -0.368689 -0.0374041 0.0171177 -0.0185497 0.451595 0.045124 
2330 404 1263 -0.452643 0.307495 -0.774247 -0.0473548 0.0230348 0.0368331 0.948102 0.0642632 
2331 404 1675 -0.0290061 -0.398321 -0.564678 0.0121712 -0.0348976 0.0239914 0.691637 0.0440632 
2332 727 975 0.331555 -0.685471 0.000135843 -0.00700068 -0.00340117 -0.0757458 0.761446 0.0761446 
2333 727 415 -1.29325 -1.90389 -0.000825764 -0.0558395 0.0380228 -0.21372 2.30158 0.224143 
2334 727 1308 -0.110068 0.074765 -0.188263 0.0110527 0.00742921 -0.00351162 0.230538 0.0137727 
2335 446 795 0.395223 -0.0736996 -0.0527092 0.00836148 0.0205995 0.033893 0.405477 0.0405338 
2336 446 1167 0.62268 -0.380326 -2.20461 -0.200995 0.0909767 -0.0724646 2.32222 0.232222 
2337 873 647 3.59156 -3.45175 0.0652209 -0.0470149 -0.0502051 -0.0680521 4.98178 0.0967577 
2338 873 1036 -1.33945 0.265183 -4.045 -0.341357 0.222385 0.127615 4.26925 0.426925 
2339 1291 448 -0.141913 -4.46938 0.320213 -0.164134 0.0197634 0.203107 4.48308 0.261884 
2340 1291 829 -1.40241 4.44151 -0.157477 -0.148493 -0.0417098 0.146011 4.66032 0.212389 
2341 1291 924 1.1453 -0.683979 -0.100209 -0.00904146 -0.0100808 -0.0345297 1.33775 0.03709 
2342 807 448 3.07261 -1.92734 -0.154576 0.042061 0.0911981 -0.301036 3.63035 0.317347 
2343 807 1211 -0.115209 0.867799 -2.13631 0.128845 -0.174966 -0.0780222 2.30871 0.230871 
2344 746 757 0.0841965 -0.0701891 -0.227621 0.018551 -0.0132114 0.0109358 0.25264 0.025264 
2345 364 561 -0.642079 -0.747671 -0.0989768 -0.0714957 0.0644555 -0.0230927 0.990491 0.098992 
2346 364 998 1.02331 1.46259 -1.22034 -0.034239 0.10314 0.0949039 2.16231 0.144281 
2347 650 871 0.079197 1.11354 -0.861541 -0.0263378 -0.0835274 -0.11038 1.41014 0.140905 
2348 650 752 1.6804 -0.0988513 -2.31698 0.189895 -0.157952 0.144461 2.8639 0.286143 
2349 456 988 0.00433047 -0.0904045 -0.112369 0.0057287 -0.0102093 0.00843442 0.144287 0.0144287 
2350 456 1134 -0.473598 0.334883 -0.805915 0.0552646 0.0589388 -0.0079855 0.992946 0.0811895 
2351 537 1134 0.382604 0.193959 -0.596453 -0.0312469 -0.0250864 -0.0282016 0.734686 0.0490003 
2352 537 1478 -0.119692 -1.66645 -2.35676 -0.132999 0.023746 -0.0100361 2.88889 0.135475 
2353 1162 253 -0.643111 0.0475229 -0.000405619 0.000409324 0.0052996 -0.0280774 0.644865 0.0285761 
2354 1162 1478 0.194923 0.0938885 -0.305751 -0.00656039 -0.00510098 -0.00574876 0.374558 0.0101048 
2355 1162 690 -0.614668 0.418577 -1.05291 -0.0276302 -0.0189942 0.00857891 1.28905 0.0346093 
2356 253 1675 -0.861828 0.58571 -1.47411 -0.0866089 0.0123392 0.0555379 1.80522 0.103623 
2357 975 415 -2.08744 0.152853 -0.00112434 0.0140005 0.191048 -0.0203733 2.09303 0.192641 
2358 975 632 1.1594 -2.39947 -0.000944625 0.190794 0.0921622 0.0687363 2.66489 0.222757 
2359 415 581 0.254742 -0.528294 0.00010143 0.014307 0.00690707 0.0429911 0.586505 0.0458327 
2360 415 939 -1.00162 -1.3534 0.0210089 0.00767073 -0.00798203 -0.148496 1.68386 0.148908 
2361 415 1131 -2.47431 0.267719 -0.870226 -0.0318945 -0.186783 0.0332229 2.63651 0.192377 
2362 415 1286 1.74904 0.845417 -2.74642 -0.0284296 0.00941711 -0.0152064 3.36403 0.0335881 
2363 415 1392 -0.170513 -0.686718 -1.06684 -0.0407836 0.0338616 -0.0152781 1.28016 0.0551664 
2364 534 795 -0.495865 0.816656 -0.542937 -0.0434802 -0.0549545 -0.0429491 1.0989 0.0821897 
2365 534 1311 2.06473 2.00239 -3.3175 -0.160884 -0.0519255 -0.131472 4.39072 0.214161 
2366 534 1201 -0.237257 -0.665233 -1.86879 -0.0549364 -0.0802396 0.0355376 1.9978 0.103534 
2367 647 770 0.00181169 0.333757 -0.335711 -0.0168171 0.0314268 0.0311532 0.47339 0.047339 
2368 647 866 2.59119 -4.79357 -0.486045 -0.0404708 -0.0127518 -0.0899932 5.47073 0.0994951 
2369 647 733 0.764678 -0.393568 -1.52035 -0.0583035 -0.00107458 -0.0290463 1.74674 0.0651471 
2370 674 334 -0.232918 -0.88087 -0.0338959 0.0788049 -0.0192647 -0.0408721 0.911774 0.0908398 
2371 674 1097 -0.373522 1.15186 -1.95543 -0.189235 0.0935889 0.0912763 2.3 0.23 
2372 674 953 0.593566 -0.866405 -1.74452 -0.0541699 -0.181374 0.0716475 2.03625 0.202397 
2373 448 804 0.930153 -6.53069 0.174411 -0.107765 -0.0257853 -0.390787 6.59891 0.406192 
2374 448 834 1.89163 -1.55827 -2.54026 -0.0649183 -0.0169022 -0.0379737 3.52978 0.0770849 
2375 448 1384 -0.725578 -0.00350412 -1.32735 0.120551 0.0631368 -0.0660643 1.51273 0.151273 
2376 615 1546 -0.000605229 -0.135409 -0.00995664 -0.00658054 0.000899836 -0.0118376 0.135776 0.0135736 
2377 615 1295 -0.710042 -0.0216194 -0.856493 -0.0813457 -0.0329157 0.0682673 1.11275 0.11118 
2378 615 1269 0.729531 -0.308902 -0.120611 -0.0194378 -0.0192361 -0.0683054 0.801363 0.0735764 
2379 685 706 -2.39148 -2.12063 -0.00327622 -0.0418792 0.0475756 -0.224962 3.19629 0.23372 
2380 685 1295 2.82629 -1.96656 -3.57758 0.264739 0.131892 0.136645 4.96532 0.325813 
2381 685 893 0.23347 0.924265 -1.6398 -0.0652833 0.158957 0.0803001 1.89677 0.189677 
2382 561 1567 -0.585025 0.0385158 0.0712492 -0.00620972 0.0119421 -0.0574435 0.590605 0.0589994 
2383 561 349 0.32633 -1.57572 0.00958477 0.067446 0.0148521 0.145332 1.60918 0.160907 
2384 561 725 -1.56819 0.853871 -2.05483 -0.213717 -0.040625 0.146222 2.72225 0.262119 
2385 1567 725 1.42891 0.856461 -3.01794 -0.0159299 0.324035 0.0844154 3.44721 0.335229 
2386 1567 1366 -0.0033403 -0.089914 -0.104268 -0.0022654 0.0103236 -0.00882985 0.137723 0.0137723 
2387 412 1162 -0.651121 0.0483878 -0.000311936 0.00211276 0.0284161 -0.002145 0.652917 0.0285751 
2388 412 988 0.794672 0.270715 -1.04645 0.0478225 0.0434874 0.0475667 1.34158 0.0802542 
2389 412 1478 -0.674408 0.459338 -1.15519 -0.0902331 -0.0995828 0.0130816 1.41431 0.135018 
2390 916 667 1.2845 -0.0962978 3.59224e-05 0.00174061 0.0232471 0.078889 1.2881 0.0822613 
2391 916 632 -1.58069 0.116604 -0.00086673 0.00270187 0.0372772 0.0875125 1.58498 0.0951595 
2392 916 1791 0.179274 0.0864752 -0.281297 0.00504703 0.0315169 0.0129053 0.344594 0.0344287 
2393 632 1159 1.8672 0.902394 -2.92881 -0.129987 -0.0260927 -0.0909097 3.58868 0.160754 
2394 632 735 -1.56589 1.06519 -2.68099 0.160319 0.201511 -0.0135751 3.28243 0.257863 
2395 581 622 0.109976 -0.427228 -0.0160047 -0.0123917 -0.00160375 -0.0423394 0.441446 0.0441446 
2396 939 1138 1.12151 -2.14021 -1.25863 -0.124509 -0.0942532 0.0493263 2.72442 0.163766 
2397 939 1392 0.230564 0.13351 -0.422454 -0.0370572 0.0184171 -0.0144044 0.499452 0.0438168 
2398 939 1064 -0.830767 -0.646325 -1.89668 -0.112093 -0.0225795 0.0567922 2.16917 0.127671 
2399 1037 592 0.808327 -3.75315 0.999575 0.0723117 0.0448962 0.110097 3.9672 0.139162 
2400 1037 1131 2.15386 2.18071 -0.936777 0.215752 -0.202023 0.0257764 3.20502 0.296693 
2401 1037 1311 -2.47371 2.57282 -1.27439 -0.119129 -0.0876878 0.0542108 3.78982 0.157543 
2402 841 819 1.09969 0.817814 -2.58011 -0.188614 -0.0447384 -0.0945715 2.92148 0.215686 
2403 334 513 -0.318883 0.467172 -0.472659 -0.0591082 0.00356749 0.0434038 0.737118 0.0734193 
2404 334 1040 1.12151 -1.35886 -2.51311 -0.175779 0.179417 -0.175457 3.0692 0.306388 
2405 422 418 0.281783 -4.08553 -0.404742 -0.212643 -0.026838 0.122864 4.11519 0.247048 
2406 422 513 2.24228 1.91366 -2.46929 -0.0734766 0.327729 0.187264 3.84543 0.384543 
2407 422 924 -0.524142 2.23836 -0.583897 0.0832392 -0.00545062 -0.0956154 2.3719 0.126889 
2408 422 834 -0.170002 0.00492963 -0.243183 0.0223777 0.0119442 -0.0154014 0.296754 0.0296754 
2409 1170 1218 -2.87045 -2.26727 -0.00152187 0.0478074 -0.0603983 -0.190252 3.65786 0.205254 
2410 1170 1295 1.35351 2.66098 -3.04337 -0.216468 -0.15643 -0.233048 4.2632 0.354458 
2411 706 1218 0.067184 -0.304897 -0.00188263 -0.0147738 -0.00342329 0.0271885 0.312217 0.0311319 
2412 706 349 -1.45596 -1.13412 0.00359513 -0.104943 0.134944 0.0694506 1.84555 0.184517 
2413 706 1210 0.00654371 2.84992 -3.13164 -0.0558324 -0.1542 -0.140445 4.2343 0.215916 
2414 706 1182 -0.1101 -0.568646 -0.90461 0.0771642 0.0269358 -0.0263237 1.07415 0.0858649 
2415 825 667 -0.966511 0.0716824 -0.000969099 -0.00398513 -0.0543489 -0.045603 0.969166 0.0710586 
2416 825 1366 0.603639 0.236331 -0.540135 0.0356048 -0.0760973 0.00649514 0.843788 0.0842656 
2417 825 1697 -0.0897189 -0.522791 -0.62379 -0.0444826 0.0159687 -0.00698528 0.818825 0.0477754 
2418 825 1497 -0.496047 0.339406 -0.850295 -0.0378378 -0.0120362 0.0172694 1.04128 0.043299 
2419 667 1497 0.627949 0.303786 -0.983237 0.036838 -0.053029 0.00714265 1.20555 0.0649625 
2420 667 1791 -0.730834 0.499087 -1.2509 -0.114254 0.0462305 0.0851977 1.5323 0.149833 
2421 550 622 -0.974393 0.0738971 0.000281321 0.00453811 0.0597394 0.0260713 0.977191 0.0653384 
2422 550 1315 1.99362 -0.149379 -3.95765e-06 0.00283782 0.0378689 0.188038 1.99921 0.191834 
2423 550 543 -0.0906692 -0.135468 -0.00064837 -0.00264407 0.00169313 0.015996 0.163012 0.0163012 
2424 550 956 -0.769341 0.535629 -1.33341 -0.0305126 0.0451961 0.0357602 1.62996 0.0652112 
2425 550 960 -0.0298521 -0.486918 -0.696508 0.025001 -0.00577484 0.00296556 0.850355 0.0258301 
2426 622 1138 -1.25523 0.404456 -0.598771 0.0618761 -0.00180158 -0.13093 1.44834 0.144826 
2427 592 699 2.11868 -2.4694 -0.73324 -0.117938 -0.11557 0.0484342 3.33532 0.17208 
2428 766 1201 -1.47455 2.068 -1.76946 0.138902 0.0218483 -0.0902168 3.09547 0.167063 
2429 766 1058 -0.0585346 -1.01569 -1.0092 0.117955 0.0538351 -0.0610228 1.43301 0.143301 
2430 766 1397 0.548114 0.226214 -1.22693 -0.0239772 0.0989669 0.0075355 1.3627 0.102108 
2431 442 938 -0.324812 0.408136 -0.733748 0.0213198 -0.044602 -0.0342469 0.900257 0.0601392 
2432 442 954 -0.11419 -0.871938 -1.50236 0.107012 -0.0362627 0.0129124 1.74081 0.113725 
2433 320 496 -0.389745 -0.139224 0.00360571 0.011557 -0.0317331 0.0239253 0.413881 0.0413881 
2434 320 859 -0.383504 -2.86816 -0.01615 -0.14047 0.0180715 0.126243 2.89373 0.189725 
2435 320 737 4.90741 2.13764 -3.88062 0.259076 0.284002 0.484068 6.61146 0.618142 
2436 320 1040 -3.18996 1.74044 -3.91106 0.147831 0.397691 0.0564001 5.33867 0.428011 
2437 418 496 0.710028 -0.182196 0.0146143 -0.0155083 -0.0569478 0.0434964 0.733177 0.0733177 
2438 418 465 -0.171583 -6.46513 -0.334405 0.598169 -0.00304009 -0.248145 6.47604 0.647604 
2439 418 680 2.29771 3.8374 -5.55961 -0.150597 0.218879 0.0888368 7.13543 0.280142 
2440 418 968 -1.45526 0.0266156 -1.82569 0.146526 0.1405 -0.114747 2.33488 0.233189 
2441 418 784 0.229632 -0.323607 -0.567907 -0.0467182 -0.0502242 0.00972855 0.692799 0.0692799 
2442 804 596 0.726404 -5.62298 -0.0912604 -0.0409376 -0.00881622 0.217359 5.67044 0.221356 
2443 804 1285 -1.08212 -0.0180787 -1.54411 0.0626243 -0.172596 -0.0418668 1.88562 0.188319 
2444 623 384 -1.15405 -0.907248 0.0476269 0.0613364 -0.0790696 -0.0199611 1.46874 0.102042 
2445 623 475 0.317745 -2.19766 0.0718928 0.0664315 0.0058908 -0.113534 2.22168 0.131673 
2446 623 1269 -0.0762643 3.06928 -0.224951 0.17053 -0.00297002 -0.0983381 3.07846 0.196875 
2447 1546 1152 -0.257609 -0.210051 0.00941598 0.00516781 -0.00600331 0.00746311 0.332524 0.0108832 
2448 1218 808 0.12543 -0.703249 0.00806163 0.0480202 0.00916194 0.052093 0.714392 0.0714392 
2449 1218 365 -2.37326 -1.84861 0.00619535 -0.112407 0.144696 0.11542 3.00828 0.21655 
2450 1218 1182 -0.270644 0.380956 -0.712323 -0.0592504 -0.036315 0.00309039 0.851927 0.0695625 
2451 349 832 -0.912117 -0.193934 0.140931 0.00366147 -0.040073 -0.031447 0.943095 0.0510702 
2452 349 365 0.385425 -1.74909 -0.0106007 0.0526104 0.0105574 0.170882 1.79109 0.179109 
2453 349 1014 -0.465448 0.870061 -1.64226 0.109729 0.149499 0.0481042 1.9159 0.191584 
2454 832 1222 -0.0913316 -0.615211 -0.881441 -0.0209414 0.0695412 -0.0463671 1.07878 0.0861651 
2455 1315 966 -1.47988 1.0359 -2.56379 -0.0911906 -0.0237249 0.0430513 3.13626 0.103595 
2456 699 346 3.22983 -1.57186 -0.128812 0.0717786 0.140911 0.0802735 3.59432 0.177347 
2457 699 363 -0.253196 -0.854911 0.0411031 0.0677048 -0.0220504 -0.0415671 0.892564 0.0824499 
2458 699 1138 0.753356 0.865522 -0.568324 -0.0937569 0.0780197 -0.00546273 1.28049 0.122095 
2459 699 1495 -0.673266 0.281348 -0.771229 0.0434941 0.0967864 -0.00266133 1.06171 0.106143 
2460 699 1488 0.987427 -0.484702 -2.07356 -0.15239 0.0259362 -0.0786306 2.34726 0.173431 
2461 356 150 -0.552369 -1.57937 -0.0573169 0.144458 -0.0529187 0.0660175 1.67416 0.167412 
2462 356 1495 0.381313 0.387342 -0.663564 -0.05492 0.0655467 0.00670215 0.857759 0.0857759 
2463 356 1058 -1.6113 1.09786 -2.07096 0.105433 0.089099 -0.0347984 2.84438 0.142358 
2464 356 979 0.270836 -0.952345 -1.39905 -0.0126641 -0.104342 0.068575 1.71396 0.125499 
2465 493 859 -0.424953 -0.173756 0.00680746 -0.00967372 0.0221306 -0.0390073 0.459154 0.0458794 
2466 493 1259 -0.393845 -0.643074 -1.21287 -0.0190985 -0.00862413 0.0107743 1.42818 0.023563 
2467 596 465 1.95994 -1.04009 -0.134449 -0.0731811 -0.134579 -0.0257057 2.22289 0.155331 
2468 596 309 0.0606651 -1.78963 -0.0938692 -0.140808 -0.00763134 0.0544922 1.79312 0.151177 
2469 596 968 0.308821 0.58719 -0.857065 -0.0878221 -0.0330149 -0.0542635 1.08385 0.108385 
2470 596 1277 0.454744 -1.14157 -2.22589 0.24286 0.0725738 0.0123957 2.54254 0.253775 
2471 384 1152 -0.234993 0.0939333 -1.43921e-06 0.00625161 0.0156394 -0.0188886 0.253071 0.0253071 
2472 384 1142 -1.60377 -1.26329 -1.65145e-05 -0.00180484 0.0022908 0.0357229 2.04156 0.0358417 
2473 384 1584 -0.275841 0.129737 -0.526741 0.0419836 0.0425281 -0.011511 0.608585 0.0608585 
2474 384 779 0.451963 -0.605016 -1.09058 0.0259301 -0.0329503 0.0290258 1.32653 0.050996 
2475 1152 808 -0.999763 -0.78756 2.67246e-05 0.00904764 -0.0114812 0.126428 1.2727 0.12727 
2476 1152 1831 -0.337379 0.296973 -0.728855 0.0366596 0.0293118 -0.0050262 0.856299 0.0472056 
2477 1152 1584 0.271969 -0.0904032 -0.495231 0.0288473 0.0489287 0.00691044 0.572183 0.0572183 
2478 808 1142 2.02405 -0.809024 -5.10072e-05 0.00993833 0.0248601 0.0637816 2.17975 0.0691728 
2479 808 638 -3.14559 -2.47642 -0.000493588 -0.0455607 0.0578641 0.0396398 4.00342 0.0836382 
2480 808 554 0.101924 -0.706143 -4.83124e-05 -0.0349871 -0.00505199 0.0292035 0.713461 0.0458527 
2481 808 1536 -1.47169 1.29361 -3.1936 -0.00766081 0.122963 0.053338 3.74678 0.134252 
2482 808 1439 2.0058 -0.666533 -3.65274 0.137289 0.236343 0.0322616 4.22019 0.275222 
2483 365 693 -0.187038 -0.100994 0.0210133 -0.0060089 0.0128261 0.00815962 0.213598 0.0163461 
2484 365 1215 -0.65253 -1.34748 -1.84418 0.135296 -0.105615 0.0292977 2.3754 0.17412 
2485 365 1880 -0.430021 0.606086 -1.15498 -0.0573173 0.100462 0.0740582 1.37341 0.137341 
2486 853 785 -4.22189 1.10833 -0.310532 -0.0221235 -0.160835 -0.273258 4.37598 0.317848 
2487 853 468 -1.52091 -2.11162 -0.118026 -0.0184924 0.0189012 -0.0998675 2.605 0.103309 
2488 853 1697 -0.306367 0.483025 -0.748622 0.0398831 0.0239903 -0.000842801 0.94213 0.04655 
2489 853 1222 1.67377 0.66336 -1.75572 -0.0747558 -0.159326 -0.131465 2.51478 0.219673 
2490 853 689 -0.0103917 -0.709113 -1.40491 0.0285839 0.123221 -0.062406 1.57376 0.14105 
2491 785 1315 -3.7891 0.283871 0.00014303 0.00877753 0.117089 0.144177 3.79972 0.185941 
2492 785 1697 0.154219 0.0625558 -0.174493 -0.0178852 -0.000781721 -0.0160874 0.241132 0.0240686 
2493 785 929 -0.544832 0.38558 -0.951419 0.00538693 0.0705867 0.0255217 1.1622 0.0752519 
2494 485 468 2.12231 -0.478702 0.0598421 -0.0221206 -0.111664 -0.108734 2.17645 0.15742 
2495 485 627 -2.1345 -0.175306 0.211708 -0.0109272 0.0437365 -0.0739555 2.15212 0.0866123 
2496 485 763 0.344948 -1.69473 -0.0764523 0.0714891 0.0099187 0.102685 1.73117 0.125512 
2497 485 1309 -0.505835 0.403723 -0.956851 0.0235284 -0.0235039 -0.0223552 1.15517 0.0400721 
2498 485 1589 1.17798 0.478811 -1.69341 -0.0697277 0.0922518 -0.02242 2.11767 0.117792 
2499 627 543 -2.71475 0.68602 -0.282752 -0.0398324 -0.222754 -0.158014 2.81433 0.275997 
2500 627 1102 0.36008 -1.56939 -2.99153 0.0241109 -0.0495887 0.0289169 3.39734 0.062262 
2501 543 346 -2.58879 0.188653 -0.00300252 0.0167291 0.229856 0.0182688 2.59565 0.231187 
2502 543 1800 -0.409203 0.284811 -0.699845 -0.0466684 0.0494004 0.0473914 0.859271 0.082851 
2503 346 738 0.0250841 -0.175451 -0.1914 0.000768915 0.0192709 -0.0175643 0.260857 0.0260857 
2504 346 1800 0.574786 0.285428 -0.897068 0.0108418 -0.0163285 0.00175137 1.10299 0.0196782 
2505 346 1488 -0.327679 0.158259 -0.581132 0.0256418 -0.0352256 -0.0240514 0.685663 0.0497676 
2506 363 936 0.479422 -0.262784 -1.57989 0.0672605 0.0634215 0.00986141 1.67181 0.0929705 
2507 150 568 -0.694079 0.641305 -0.0136234 -0.0083225 -0.00745478 0.0730866 0.945094 0.0739357 
2508 150 430 -2.74066 -1.0437 -0.0204166 -0.074426 0.191341 0.209269 2.93274 0.293162 
2509 150 184 -0.0159007 -0.129143 0.00281282 -0.00898992 0.00130783 0.00922608 0.130148 0.012948 
2510 150 979 0.431141 0.342593 -0.690975 -0.0516621 0.0715428 0.00323656 0.883572 0.0883053 
2511 150 889 1.66965 -1.36284 -1.21611 0.0141208 0.0115735 0.00641713 2.47466 0.0193526 
2512 150 474 -0.15815 -0.24068 -0.679645 -0.0293695 0.00787979 0.0040437 0.738144 0.0306759 
2513 568 1060 -0.351963 -0.510335 -1.01592 0.0649254 0.0376163 -0.0413893 1.19013 0.0856935 
2514 552 430 5.87864 -4.79005 0.0672974 0.330432 0.40786 0.166145 7.58337 0.550581 
2515 552 179 -3.29651 10.2698 -0.95798 0.550896 0.209592 0.351183 10.8283 0.686109 
2516 552 1187 -0.0883364 -3.73294 -3.54935 0.0373125 0.120961 -0.128146 5.15175 0.180126 
2517 552 1273 -0.731849 0.847511 -2.17619 0.121314 -0.181019 -0.111295 2.44738 0.244686 
2518 443 149 1.2231 -1.1298 0.0415591 0.0447941 0.0466384 -0.0504181 1.66557 0.0819978 
2519 443 387 -2.37338 -0.517587 -1.76698 0.0209761 0.124574 -0.0646651 3.00384 0.141916 
2520 443 1056 0.155335 -0.0699931 -0.259159 0.0209251 0.021561 0.00671895 0.310147 0.0307876 
2521 859 381 -2.57309 -0.780021 -1.15857 0.130999 -0.219014 -0.143483 2.92772 0.292772 
2522 859 387 -0.00500071 -1.55124 -1.21208 0.0445667 -0.0823016 0.105147 1.96863 0.140768 
2523 465 309 -0.584601 -0.365539 0.00560826 0.0323499 -0.0522172 -0.0313198 0.689498 0.0689498 
2524 465 617 1.36467 -6.62005 0.216601 -0.407577 -0.0733332 0.326589 6.76272 0.527406 
2525 465 381 2.04242 -0.378403 -0.747105 -0.0213468 -0.123889 0.00439173 2.20745 0.125792 
2526 309 1277 0.224425 0.849713 -1.27378 0.105978 -0.0898854 -0.0412886 1.54755 0.144967 
2527 309 698 0.487624 -1.09782 -1.95414 -0.182614 -0.0791708 -0.00109092 2.29383 0.199041 
2528 475 958 -1.20205 -0.946226 5.01855e-05 -0.00534449 0.0067945 0.0949109 1.5298 0.0953038 
2529 475 575 0.294001 -2.03774 0.000110213 -0.11325 -0.0163373 0.0401214 2.05884 0.121252 
2530 475 977 0.456198 0.79241 -1.51521 -0.123522 -0.0315402 -0.0536846 1.76971 0.138328 
2531 958 1142 -0.515143 0.205948 1.485e-05 0.00702084 0.0175629 -0.019745 0.554786 0.0273425 
2532 958 575 0.304487 -0.121727 6.79636e-06 0.00288355 0.00721463 0.0307048 0.327917 0.0316726 
2533 958 602 -2.03602 -1.6029 -5.37447e-06 0.0215346 -0.0273532 -0.0987964 2.59127 0.10475 
2534 958 779 0.305619 0.825313 -1.27077 -0.0614728 0.0173403 -0.00352234 1.54577 0.0639687 
2535 1142 554 -1.28491 -1.01163 -7.24722e-05 0.0707408 -0.0898488 -0.0235438 1.63536 0.116754 
2536 1142 1439 -0.44297 0.208363 -0.845785 -0.00118674 0.0947335 0.0239595 0.977236 0.0977236 
2537 1142 845 0.55407 -0.787562 -1.49043 -0.072856 -0.146951 0.0505666 1.77444 0.171638 
2538 638 554 0.682861 -0.272972 4.08677e-05 0.00179566 0.0044923 0.00205186 0.7354 0.00525503 
2539 638 895 -3.24754 -2.55649 0.000271162 0.017407 -0.0220905 0.205892 4.13306 0.207804 
2540 638 658 0.247149 -1.71258 9.74869e-05 -0.0068414 -0.000981081 0.10936 1.73032 0.109578 
2541 638 1215 -0.604865 0.561835 -1.0477 0.0723744 0.11066 0.0175582 1.33386 0.133386 
2542 638 1427 0.908256 -0.302008 -1.65375 0.065731 0.179384 0.00334105 1.91077 0.191077 
2543 618 189 -0.936026 -0.127285 1.09776 0.0505039 0.123033 0.0573285 1.44825 0.144825 
2544 618 970 -0.402325 0.146695 -0.0470837 -0.00833386 -0.0119755 0.0339007 0.430815 0.036907 
2545 618 1048 0.983503 -1.19872 -2.25447 0.023381 0.0926245 -0.0390491 2.73621 0.103203 
2546 970 1240 0.473067 -0.903673 -1.12908 0.0980701 0.0743916 -0.0184503 1.52159 0.124468 
2547 970 1664 -0.101825 0.205064 -0.560979 -0.0224231 -0.00784613 0.00120198 0.605902 0.0237866 
2548 390 738 0.0658325 0.160137 -0.301038 0.0290941 -0.0102288 0.000921253 0.347277 0.0308536 
2549 430 536 0.52352 -4.01709 -3.57711 -0.0263778 -0.190221 0.209757 5.40434 0.28439 
2550 149 1187 0.562645 0.109579 -0.558723 -0.0395266 0.0366373 -0.0326186 0.800468 0.0629969 
2551 149 1056 -0.707863 1.37227 -2.60895 0.151435 0.111687 0.0176582 3.03163 0.188993 
2552 383 381 -0.62589 1.6028 -1.16003 0.0382098 0.129045 0.157684 2.07518 0.207309 
2553 383 387 0.792218 0.345727 -1.07378 0.0236712 0.122347 0.0568565 1.37846 0.136973 
2554 383 957 -1.11465 -1.2516 -2.57953 -0.126117 0.247725 -0.0657009 3.07619 0.285639 
2555 617 466 -0.00511264 -2.99954 -0.192148 0.0403367 -0.011593 0.1799 3.00569 0.184731 
2556 617 957 3.44477 -1.93256 -3.37872 0.0849109 0.31394 -0.0929962 5.19779 0.338255 
2557 575 52 -0.0582589 -0.145721 0.221927 -0.026043 0.00749304 -0.00191657 0.27181 0.0271672 
2558 575 250 0.29875 -2.07009 -8.80388e-05 -0.0546521 -0.00789097 0.0875049 2.09153 0.103471 
2559 575 570 -1.9446 -1.53085 -0.00010025 0.041786 -0.0530791 -0.00812959 2.47487 0.0680408 
2560 575 1070 0.67329 1.40535 -2.76867 -0.305318 0.0768839 -0.0352222 3.17709 0.316813 
2561 602 554 -2.4779 0.990566 -4.12943e-05 -0.0151268 -0.0378369 0.0675404 2.66856 0.0788807 
2562 602 896 -1.91013 -1.50374 -8.03335e-05 0.0590127 -0.0749622 0.0244672 2.43102 0.0984909 
2563 602 331 0.0339891 -0.235559 3.09153e-06 -0.022797 -0.00328948 -0.00590642 0.237998 0.0237783 
2564 602 824 0.457989 -0.763941 -1.38056 -0.10444 0.0398775 -0.0567134 1.64296 0.125357 
2565 554 896 0.141955 -0.983782 -1.74647e-05 -0.0423183 -0.00610491 -0.0788628 0.993971 0.0897075 
2566 554 658 -1.86428 -1.46762 1.82146e-06 0.00301514 -0.00382999 0.0491873 2.37265 0.0494282 
2567 554 1427 -0.468806 0.22046 -0.895287 0.0430315 0.0940281 0.000621068 1.03437 0.103409 
2568 895 1586 -0.210556 0.0841784 2.73877e-06 -0.000234751 -0.000587921 0.0226671 0.226759 0.0226759 
2569 895 658 0.173716 -0.069447 -1.73351e-06 -0.000383982 -0.000960032 -0.018649 0.187083 0.0186777 
2570 895 362 -2.93271 -2.30864 4.27835e-05 -0.044729 0.0568193 -0.0430606 3.73237 0.0841625 
2571 895 501 0.491862 0.0457215 -1.27656 0.073282 0.0292303 0.0292825 1.36881 0.0841553 
2572 1586 1289 -0.476962 -0.375486 -8.09687e-06 0.00865218 -0.0109917 0.0589956 0.607028 0.0606313 
2573 1586 1116 0.829598 0.296027 -1.79742 0.0761628 0.0419676 0.0420649 2.00164 0.0965997 
2574 763 1289 0.228875 -0.0522303 0.0211428 0.00338981 0.0198278 0.0122864 0.235709 0.0235709 
2575 763 1221 -0.0319593 0.0989829 -0.273066 0.00693775 0.0268837 0.008933 0.292205 0.0291661 
2576 1048 1852 1.9549 -0.54992 0.60094 0.0134706 0.130082 0.0752174 2.11782 0.150866 
2577 1048 1240 -1.59548 0.299957 -0.0444996 -0.0031172 -0.0114741 0.0344201 1.62404 0.0364159 
2578 1048 1194 -0.739649 -0.906027 0.00491714 -0.0072069 0.00525149 -0.116447 1.16961 0.116788 
2579 1240 902 -2.31841 -2.86762 -0.28824 -0.196043 0.129795 0.285542 3.69883 0.369883 
2580 1240 1883 0.00495626 -0.480081 -0.697704 0.0733182 -0.0324527 0.0228512 0.846932 0.0833722 
2581 707 390 0.786336 1.0146 2.14294 -0.169679 -0.063967 0.0925484 2.49799 0.203588 
2582 707 1519 2.07288 0.0238183 -0.764659 -0.0401694 -0.123885 -0.112753 2.20955 0.172262 
2583 707 1226 0.641095 -1.71194 -0.375637 -0.0645206 -0.0293334 0.0235682 1.86624 0.0746914 
2584 707 1390 -1.39107 -1.04177 -0.140927 0.0200006 -0.0491631 0.166004 1.74363 0.174282 
2585 536 457 0.946236 -0.16827 -0.237534 0.000216681 -0.0803743 0.0578006 0.99 0.099 
2586 536 1148 -1.64975 -0.54715 -0.689471 -0.0508151 -0.0105522 0.129963 1.86987 0.139942 
2587 536 1303 0.903441 -3.00194 -1.41612 0.229475 0.0658728 0.00675858 3.43995 0.238838 
2588 957 1247 0.471949 1.41945 -1.29207 0.16642 -0.096558 -0.0452898 1.97662 0.197662 
2589 957 1107 2.82051 -0.964356 -0.457142 -0.0415868 -0.0255196 -0.202751 3.01567 0.20854 
2590 957 574 0.412714 -1.9951 -2.3231 0.136872 -0.0891229 0.100856 3.08991 0.19196 
2591 957 458 -1.90863 -0.00271106 -2.04885 -0.15591 -0.181478 0.14548 2.80012 0.280012 
2592 1852 763 -0.395048 1.11158 0.502601 0.0984351 0.00898908 0.05749 1.2823 0.114348 
2593 1852 798 0.829843 0.154249 -0.335185 -0.0243332 0.0202744 -0.0509135 0.908174 0.0599611 
2594 1194 902 -0.288271 0.0543251 -0.0323242 -0.00276067 0.00273051 0.0292089 0.295121 0.0294659 
2595 1194 1032 0.430487 -1.17682 -0.154467 -0.0523621 -0.0114812 -0.0584585 1.26257 0.0793158 
2596 1194 1229 -0.293835 -0.346374 -0.0458101 -0.00278464 -0.000738108 0.0234421 0.456522 0.0236184 
2597 397 758 -0.0158549 -0.00583692 -0.0276379 -0.000388014 -0.00308194 0.000873472 0.032393 0.00322674 
2598 1054 758 1.99024 -0.091823 -0.837467 -0.0335995 0.137338 -0.0949074 2.16121 0.170288 
2599 1054 1088 -2.13457 0.932867 -1.20151 0.0512608 -0.149982 -0.207516 2.62112 0.261123 
2600 1054 1248 0.242724 -0.651271 -1.58567 -0.0200043 -0.14428 0.0561972 1.7313 0.156125 
2601 1404 907 -0.00312521 -0.0958601 -0.0147125 0.00195772 -0.00141155 0.00878118 0.0970329 0.00910682 
2602 1404 500 -0.815587 1.08443 -0.367893 -0.108223 -0.0582291 0.0682809 1.40589 0.140589 
2603 1238 1303 0.424522 0.58111 -0.424967 -0.0670618 0.0139771 -0.0478789 0.835766 0.0835766 
2604 1238 1250 -1.62156 1.19487 -2.75866 0.0425881 -0.0217285 -0.034445 3.41575 0.0589265 
2605 907 802 0.315052 -2.6468 -0.038637 -0.064914 -0.0114973 0.258296 2.66576 0.266576 
2606 907 1317 0.130611 0.00650927 -0.0146926 -0.000886523 0.0100461 -0.00343009 0.131596 0.0106525 
2607 907 1458 0.80521 1.42266 -2.19376 -0.163957 0.206157 0.0735134 2.73585 0.273472 
2608 511 1146 -4.60832 1.08805 -0.293391 0.0436001 0.137406 -0.175255 4.74411 0.226927 
2609 511 1660 1.15556 -0.618627 -2.35977 -0.220516 -0.138145 -0.0717692 2.69935 0.269931 
2610 511 1052 -0.460001 -0.478953 -0.228404 0.0420748 -0.0145043 -0.054323 0.702258 0.0702258 
2611 1146 1230 -0.156562 0.903609 -0.643201 0.0731582 -0.040411 -0.0745795 1.12015 0.112015 
2612 1146 1385 -1.93654 0.187734 -1.27973 -0.0345874 -0.0667007 0.0425542 2.32876 0.0863489 
2613 1146 1052 0.153682 -0.442798 -0.127978 -0.0257542 0.00293857 -0.0410944 0.485867 0.0485867 
2614 1126 345 -0.666066 0.0777717 0.549827 -0.054426 0.00419317 -0.0665252 0.86718 0.0860545 
2615 1126 758 0.481363 1.29891 -0.299842 -0.0085306 0.0286662 0.110486 1.41731 0.114463 
2616 1126 820 0.209363 -1.73563 -0.597239 -0.057461 -0.0278359 0.0607503 1.84741 0.0881317 
2617 345 724 0.660936 -1.06003 -0.0315217 0.0488045 0.0271223 0.111229 1.2496 0.124456 
2618 345 1317 -1.62817 0.659317 -2.17506 0.116124 0.119403 -0.0507322 2.7958 0.174114 
2619 720 1339 -0.800021 -0.530402 -0.670768 0.0277117 -0.102962 0.0483642 1.17102 0.117082 
2620 720 1558 2.46123 0.867237 -2.79049 -0.164587 0.112916 -0.110075 3.82055 0.227937 
2621 1339 1237 -0.532813 -0.711357 0.00737447 -0.0233996 0.0166556 -0.0840108 0.888805 0.0887849 
2622 1339 1052 -0.174995 0.0675734 -0.00520615 0.00279579 0.00591055 -0.0172592 0.187661 0.0184562 
2623 653 1077 0.329163 -0.413336 -0.0580022 -0.0233672 -0.0121285 -0.0461786 0.531562 0.0531562 
2624 653 741 -1.71412 -2.24456 0.10741 -0.0928814 0.0584683 -0.260447 2.82627 0.282627 
2625 653 1385 0.420192 1.72669 -0.817072 -0.0648508 -0.0339499 -0.105096 1.95592 0.128076 
2626 653 1855 0.231335 0.0167256 -0.292263 0.0105918 0.0341626 0.0103388 0.373113 0.0372311 
2627 653 1305 -2.03473 0.207532 -0.48405 0.0515998 0.0398757 -0.199806 2.10178 0.210178 
2628 1264 1377 1.11964 -0.458928 -1.4398 0.0283025 0.0359725 0.010543 1.88075 0.0469703 
2629 1264 1021 -0.202965 -1.74329 -0.25488 -0.132933 -0.00168489 0.117381 1.77348 0.177348 
2630 1264 1106 -0.296974 0.40979 -1.22994 -0.114603 0.0506901 0.04456 1.32999 0.132999 
2631 724 692 -0.232677 0.0288629 -0.165393 -0.0063231 -0.0276907 0.0040631 0.286926 0.0286926 
2632 692 1627 0.176261 0.199968 -0.588901 0.0619975 -0.00080487 0.0182828 0.64642 0.064642 
2633 802 1156 3.55349 -3.52073 -3.14149 0.177668 -0.0446292 0.250985 5.90693 0.310727 
2634 802 900 -2.68779 -1.68218 -0.208148 0.0518539 -0.0725622 -0.0831582 3.17762 0.12194 
2635 802 714 0.452589 0.68565 -1.00592 0.0223867 0.100352 0.0784738 1.29878 0.129344 
2636 1077 1052 0.427792 0.384606 -0.0129462 -0.00248239 0.00468975 0.0572958 0.575409 0.0575409 
2637 1077 1918 -0.895976 0.116849 -0.888119 0.0764593 0.0754204 -0.0672128 1.26696 0.126696 
2638 1077 1401 -0.625183 -1.23962 -0.120993 -0.0548519 0.0216033 0.0620913 1.39361 0.0856199 
2639 1077 1019 0.164086 -0.0952111 -0.250419 -0.0262084 -0.0110929 -0.0129553 0.314164 0.0312694 
2640 741 1305 -0.0443609 0.109541 -0.0329156 -0.0103461 -0.0052972 -0.00368512 0.122681 0.0121935 
2641 741 1918 0.480482 0.100816 -0.785859 -0.079221 0.00749442 -0.0474751 0.926608 0.0926608 
2642 741 1073 -0.690746 -2.95371 -0.793607 0.033259 -0.0668162 0.219733 3.1355 0.232063 
2643 659 820 0.0571345 2.54488 -0.827504 -0.025134 0.00716588 0.0203023 2.67665 0.0330946 
2644 659 1232 1.25993 -1.17908 -0.732385 0.0482927 -0.0554945 0.17242 1.87458 0.187458 
2645 659 1006 -1.20787 -0.836086 -1.27818 -0.101953 -0.0771025 0.146779 1.94724 0.194636 
2646 858 1156 -2.05517 1.46582 -1.95589 0.0410672 0.126377 0.0515598 3.19341 0.142534 
2647 858 1006 0.730992 -0.887122 -1.14084 0.0693922 0.0169121 0.0313122 1.61952 0.0779855 
2648 858 1114 -1.17368 -1.02947 -1.09487 -0.101448 -0.0480824 0.153961 1.90685 0.190546 
2649 856 992 0.0268544 -0.18316 0.000374342 0.00404418 0.000556053 -0.0180525 0.185118 0.0185083 
2650 856 837 0.764063 1.02444 -0.282823 0.08711 -0.0490423 0.057692 1.30892 0.11542 
2651 856 1378 0.772085 -0.333216 -1.50354 0.135182 -0.0659073 0.0840237 1.72273 0.172273 
2652 1237 1034 1.53944 -3.64987 -0.174101 0.157526 0.0833364 -0.354191 3.96507 0.396498 
2653 1237 1485 -0.257832 -0.307705 -0.138066 0.0100226 0.00960316 -0.0401191 0.424525 0.0424525 
2654 1237 1400 0.667885 0.148512 -0.800509 -0.0432417 -0.0285152 -0.0413678 1.05306 0.0662892 
2655 1237 1019 -0.68778 0.234512 -1.00602 0.0102556 0.00614025 -0.00558002 1.24101 0.0131915 
2656 308 1306 0.615387 -1.01283 -1.7616 -0.0568225 -0.185296 0.0866854 2.12315 0.212315 
2657 1055 1191 -2.08312 0.0804386 -2.89975 0.00824466 -0.113595 -0.00907391 3.57133 0.114255 
2658 1055 1114 0.698714 -0.496962 -1.6738 0.174191 0.00906544 0.070023 1.88064 0.187958 
2659 992 1614 0.725756 -0.568834 -0.628677 0.0758848 0.0531713 0.0394928 1.11603 0.100724 
2660 1169 1073 1.40999 1.72613 -0.232689 -0.0610124 0.0381141 -0.0869689 2.24092 0.112866 
2661 1169 1663 0.0478787 -1.14799 -0.545192 -0.1241 -0.015981 0.022752 1.27177 0.127177 
2662 926 1006 1.72291 2.23687 -2.36981 0.0267877 0.0471241 0.0639559 3.6862 0.0838368 
2663 926 1114 -0.356446 0.365495 -0.304799 -0.0218768 0.0159159 0.044669 0.594594 0.0522229 
2664 926 818 -0.315249 -2.37884 -0.558535 -0.0384839 0.00624785 -0.00488898 2.46378 0.0392931 
2665 926 1307 -0.0949734 -0.0986386 -0.771745 -0.027184 -0.0475573 0.00942376 0.783798 0.055583 
2666 1179 1175 -0.0350765 -0.274414 -0.30349 -0.0346353 -0.0137958 0.0164772 0.410658 0.0407606 
2667 780 1485 0.00776029 0.296401 -0.137219 -0.00270778 -0.0136202 -0.0295734 0.326715 0.0326715 
2668 780 1621 -2.38832 0.909879 -1.62383 -0.0585387 0.0146121 0.0942861 3.028 0.111938 
2669 780 1007 1.53293 0.40237 -2.26582 -0.00777356 -0.196195 -0.0400999 2.76509 0.200401 
2670 780 687 0.078307 -0.196396 -0.0334522 -0.0196765 -0.00818724 0.00200676 0.214061 0.0214061 
2671 780 1921 -1.25384 -2.40641 -3.83333 0.371576 0.172258 -0.229675 4.69653 0.469566 
2672 1069 1621 0.208924 0.110295 -0.157319 0.0166168 0.00129427 0.0229749 0.283837 0.0283837 
2673 1069 1061 1.45267 -1.82163 -0.355596 0.04805 0.0496199 -0.0578985 2.35691 0.0901287 
2674 1069 1281 -0.235724 0.52872 -0.932537 -0.0642882 -0.0417448 -0.00741747 1.0976 0.0770105 
2675 726 1080 0.351501 -0.123992 0.0197487 -0.0114241 -0.03402 -0.0102616 0.373252 0.0373252 
2676 726 1225 0.000287713 0.0992117 -0.180088 -0.0129627 0.0139876 0.00768515 0.205608 0.0205608 
2677 892 1035 -0.0597316 0.821657 -1.33277 0.135116 -0.0646807 -0.0459315 1.56683 0.156683 
2678 1296 1185 1.86719 -1.64863 0.591314 0.0778652 0.130125 0.116925 2.56009 0.191486 
2679 1296 1614 -0.946156 1.6093 -1.27901 0.100783 0.0574189 -0.00230816 2.26294 0.116015 
2680 1296 1175 0.717742 0.215034 -1.27121 0.0956533 0.0510072 0.0626354 1.47559 0.125198 
2681 1296 1283 0.255437 -1.03838 -0.804699 0.080666 0.0771 -0.0738835 1.33829 0.133829 
2682 1268 1063 -1.59409 2.98676 -1.05552 -0.0449192 0.00338533 0.0774181 3.54626 0.0895698 
2683 1268 702 5.20273 -2.86073 -1.41272 -0.0985383 -0.401099 0.449322 6.10311 0.610311 
2684 1268 1598 0.249995 -0.703976 -1.74288 -0.047444 -0.101732 0.034286 1.89624 0.117371 
2685 1592 1663 -1.04306 1.09744 -0.787778 0.0683273 -0.0189157 -0.11682 1.70673 0.13665 
2686 1592 1228 -0.164755 -0.457448 -1.3671 -0.00110257 -0.051179 0.017258 1.45099 0.0540217 
2687 490 1080 -2.13013 -0.45728 -1.12407 -0.00269937 -0.22523 0.0967412 2.45155 0.245143 
2688 490 709 -0.878272 -2.4277 -0.148885 0.164837 -0.0664807 0.111653 2.58597 0.209898 
2689 1080 935 -1.46327 -2.50372 1.1515 -0.263249 0.165559 0.0254534 3.12022 0.312022 
2690 1080 1663 2.43782 0.559412 -2.15147 -0.119354 0.240788 -0.0726311 3.29921 0.278387 
2691 1080 1329 -2.19867 -0.358582 -3.75797 -0.110901 -0.0494075 0.0695992 4.36865 0.139944 
2692 1080 1150 1.32314 -3.62281 -2.66112 0.203098 -0.0899305 0.223412 4.68583 0.315039 
2693 850 1065 0.163897 -1.51369 -0.149566 -0.0751682 -0.00475557 -0.0342418 1.52987 0.0827368 
2694 850 818 0.68902 2.75482 -1.01675 -0.0229094 -0.041814 -0.128818 3.01622 0.137358 
2695 850 999 -1.01482 -1.49121 -3.06946 -0.149591 -0.156089 0.125289 3.56022 0.249877 
2696 1185 1205 1.72205 0.317803 -3.53404 0.141024 -0.251299 0.0461193 3.9441 0.291832 
2697 1185 1283 -0.352921 -0.0864707 -0.545476 0.0503963 -0.031523 -0.0276091 0.65542 0.065542 
2698 1274 1083 2.10257 -1.43305 -2.5917 0.247657 -0.0747115 0.242229 3.63199 0.354387 
2699 1274 987 -0.605352 -0.329434 -1.22658 -0.126632 0.0260556 0.0554986 1.40694 0.140694 
2700 709 935 -3.20687 -0.161102 -0.102468 -0.0137208 0.119298 0.241846 3.21255 0.270018 
2701 709 1150 -0.165076 -0.0139448 -0.64776 0.0244543 0.0617671 -0.00756169 0.668608 0.0668608 
2702 935 1300 -1.19517 0.337471 -1.18963 -0.0578962 0.00173244 0.0586569 1.71975 0.0824355 
2703 1158 1279 -0.425821 0.278924 -1.24261 -0.0486064 0.0477271 0.0273696 1.34284 0.0734135 
2704 1158 1018 0.011153 -2.83689 -2.52285 -0.286066 -0.066447 0.0734536 3.79643 0.302728 
2705 1096 865 -3.41497 0.595092 1.91713 -0.125429 0.00182953 -0.223994 3.96126 0.256728 
2706 1096 1043 1.38115 -1.95658 -3.85498 -0.0255369 -0.0502757 0.0163679 4.53835 0.0587171 
2707 865 1083 -2.2892 0.287368 -2.67329 0.063216 0.22567 -0.0298747 3.53121 0.236254 
2708 461 318 2.29117 1.29266 3.27639 -0.197956 0.19458 0.0616609 4.2018 0.284341 
2709 461 901 -2.06736 -1.31068 0.109568 -0.0375885 0.0630882 0.0454453 2.45027 0.0863614 
2710 461 1623 0.608954 -0.32361 -0.474565 -0.0506942 -0.0627985 -0.0222272 0.837115 0.0837115 
2711 461 1149 0.108626 0.769636 -1.00305 -0.0427323 0.0822011 0.0584449 1.26896 0.109539 
2712 461 1620 -0.531481 -0.741425 -1.52685 -0.0650904 0.0876551 -0.0199072 1.77861 0.11098 
2713 790 1140 -2.26926 -2.88848 -0.122221 -0.224165 0.185606 -0.224437 3.6753 0.36752 
2714 790 986 2.19685 3.87118 -0.842898 -0.22787 0.127746 -0.00720032 4.5302 0.261334 
2715 790 1450 0.484984 -0.691014 -0.615999 0.002142 -0.00197359 0.00390035 1.04507 0.00486785 
2716 937 1115 0.369866 -0.108862 -0.205427 -0.00952671 0.028115 -0.0320516 0.436866 0.0436866 
2717 937 711 -0.31081 -0.29991 -0.076497 -0.019662 0.021094 -0.0028131 0.438635 0.0289735 
2718 937 1312 -0.103429 0.119704 -0.155561 -0.00716738 0.00608225 0.00944573 0.221869 0.0133262 
2719 1301 1246 1.26795 -2.07456 0.507938 -0.0813632 -0.0281404 0.0881708 2.48385 0.123231 
2720 1301 1345 0.695245 1.46337 -2.56798 -0.148023 0.137633 0.0383555 3.03634 0.20573 
2721 1301 1163 0.870187 -0.144046 -0.425406 -0.029753 0.0267816 -0.0699295 0.979257 0.0805769 
2722 1301 1143 -0.365912 -0.25451 -0.712288 0.0422356 -0.0723962 0.00417113 0.840251 0.0839193 
2723 1065 1018 2.18994 -0.626071 -0.811736 0.0943434 0.130166 0.154131 2.418 0.222711 
2724 1065 1267 -0.349572 -2.17418 -1.52901 -0.0194927 -0.0234647 0.0378222 2.68088 0.0485909 
2725 855 1136 0.265144 -0.13689 -0.0311347 -0.00235879 0.00221508 -0.0298266 0.300016 0.0300016 
2726 855 987 0.142259 3.7099 -1.63148 -0.0551865 -0.0807061 -0.188334 4.05528 0.212199 
2727 855 1016 -2.27624 1.17666 -0.819808 -0.134994 -0.172939 0.1266 2.69033 0.253296 
2728 855 1846 -1.07368 -0.768482 -0.373178 -0.0712465 0.102675 -0.00645116 1.37209 0.125139 
2729 855 1333 1.28626 0.390164 -2.11414 0.106646 0.202335 0.102225 2.50525 0.250525 
2730 708 503 -1.58623 -1.42009 -0.554003 -0.0335491 0.0293236 0.0208928 2.19993 0.0492131 
2731 708 1016 0.130047 1.01881 -1.8759 -0.0555969 0.15664 0.0812178 2.13866 0.184996 
2732 708 1846 0.3647 -1.5281 -2.47627 0.144374 0.00367589 0.0189947 2.93257 0.145664 
2733 901 559 0.408376 -0.272563 -0.101988 -0.00673306 0.0024329 -0.0334623 0.50146 0.0342195 
2734 901 863 -2.37714 -1.54847 -0.208651 0.0162864 -0.0206338 -0.0324177 2.84466 0.0417361 
2735 1140 637 0.60101 -2.53379 1.72638 0.177882 -0.0241202 -0.0973271 3.12437 0.204197 
2736 1140 980 -2.14647 0.454731 -2.75276 0.0968522 -0.275698 -0.121063 3.5202 0.316301 
2737 1115 755 0.268217 0.298002 -0.105601 -0.0312487 0.0269649 -0.00327496 0.414605 0.0414042 
2738 1115 980 1.12192 -0.825386 -2.03434 -0.189591 0.0785622 -0.136433 2.46546 0.246436 
2739 1115 1024 -1.74864 -0.558593 -0.832238 0.0128969 0.0504967 -0.0609912 2.01554 0.0802257 
2740 711 1024 2.05968 0.471471 -2.12283 -0.0657028 0.181277 -0.0234875 2.99516 0.194242 
2741 711 1412 -0.216491 0.293702 -0.704549 -0.0372798 -0.00806374 0.0080937 0.793422 0.0389912 
2742 1322 1041 0.0214204 -0.0531916 0.020434 -0.00184424 -0.00269883 -0.00509204 0.0608747 0.00605093 
2743 1322 914 -0.231547 -0.318581 -0.0069801 -0.0126629 0.00935066 -0.00671548 0.393899 0.0171138 
2744 1246 933 -1.78873 -1.31175 0.581038 -0.0258461 -0.0185589 -0.121466 2.29301 0.125565 
2745 1246 914 0.648769 -1.56406 -0.573074 0.138564 0.0847722 -0.0744982 1.78762 0.178707 
2746 1246 1302 -2.11088 -1.18634 -2.42067 0.024795 -0.166151 0.0598063 3.42386 0.178319 
2747 754 933 0.220276 -0.338174 0.190408 0.0274559 0.00987585 -0.0142227 0.44625 0.0324599 
2748 754 1018 -0.594963 0.748761 -0.555932 0.0300802 0.0776947 0.0724516 1.1062 0.110411 
2749 754 1143 0.41596 0.439833 -1.11548 -0.0444518 0.0686548 0.0104945 1.26916 0.0824596 
2750 754 1302 0.820439 -0.664455 -0.66626 0.0625171 0.0270499 0.0500076 1.24841 0.0845035 
2751 1015 1068 0.0335548 -0.184536 -0.200387 0.0220295 -0.00973127 0.0126504 0.274471 0.0272035 
2752 774 670 -0.927997 -0.0556201 0.0620147 0.0023851 0.043849 0.0750184 0.931729 0.0869263 
2753 774 875 0.0023555 0.0139969 -0.00182274 -0.000393326 0.000225174 0.00122083 0.0143102 0.00130224 
2754 774 1046 1.127 1.00394 -2.60663 0.105571 0.0465753 0.063583 3.01207 0.131747 
2755 670 1578 -1.45197 0.923147 -0.551974 0.0994006 0.132777 -0.0394117 1.80696 0.17048 
2756 670 1293 -0.24329 -0.182751 -0.0893288 0.0173069 -0.0257078 0.00545774 0.317124 0.0314675 
2757 670 1624 0.544034 -2.71458 -1.24544 0.213057 0.123959 -0.177116 3.03579 0.303528 
2758 942 1136 -0.310129 0.0164333 -0.262244 -0.00774838 0.0381158 0.0115517 0.406475 0.0405746 
2759 942 1578 0.0592942 0.362098 -0.578036 -0.024532 0.0552255 0.0320783 0.684658 0.0684155 
2760 942 1293 0.0800744 -0.363565 -0.534316 0.0130704 -0.0518166 0.0372163 0.651218 0.0651218 
2761 1136 1578 0.513508 0.29523 -0.120342 -0.0229466 0.0183863 -0.0528084 0.604428 0.0604428 
2762 1136 1593 -0.151266 -0.056813 -0.112021 -0.00800337 -0.00915488 0.0154503 0.196615 0.0196615 
2763 1136 1147 0.137272 -0.180056 -0.485662 0.0168706 -0.0459488 0.0218037 0.535846 0.0535846 
2764 503 1094 -0.0998545 -0.247137 -1.49394 0.0564828 0.00987232 -0.00540843 1.51753 0.0575936 
2765 38 765 1.62774 -1.71518 -1.99165 -0.0281295 0.138822 -0.142541 3.09161 0.20095 
2766 572 637 -0.580321 -0.0594317 -0.00589546 0.00429228 -0.0413648 -0.00551611 0.583386 0.0419511 
2767 572 1266 -3.72363 -7.65961 -3.0002 0.072553 -0.0545504 0.0492215 9.02974 0.103259 
2768 933 1071 -4.19436 -1.19285 -0.735896 -0.00811217 -0.210458 0.387377 4.42234 0.44093 
2769 933 1302 0.504963 0.696403 -2.96486 -0.0231816 0.0877376 0.0166601 3.08713 0.092265 
2770 1135 1275 -1.78268 -0.503367 0.150981 -0.0282512 0.0467701 -0.177639 1.85852 0.185852 
2771 1135 940 0.373956 -1.07018 0.27669 0.104966 0.0275128 -0.0354524 1.16691 0.114157 
2772 1135 1265 -0.882824 0.178048 -1.0965 -0.0829944 -0.0342961 0.0612523 1.41894 0.108702 
2773 1135 1298 0.516448 -2.0232 -3.23618 0.355124 -0.0940264 0.115456 3.85135 0.385077 
2774 1275 884 -3.68739 0.966648 1.77889 0.0568044 -0.191952 0.222054 4.20662 0.298965 
2775 1275 1265 1.18041 1.38814 -2.99117 0.188994 -0.268199 -0.0498823 3.50248 0.33187 
2776 1275 1624 -2.51859 0.550948 -1.83248 0.00661659 0.0397435 0.00285519 3.16304 0.0403915 
2777 1275 995 -0.660859 -1.33525 -1.07912 0.0626772 -0.0621794 0.0385538 1.8396 0.0963385 
2778 1209 1593 0.974472 2.25971 -2.54659 0.0145754 -0.130946 -0.110617 3.54132 0.172033 
2779 1209 869 0.795355 -0.0340485 -0.323262 -0.0274549 0.0383079 -0.0715851 0.859213 0.085707 
2780 1209 1618 -0.0231086 -0.414203 -0.674275 0.0462042 0.0540576 -0.0347907 0.791672 0.0791672 
2781 772 715 -0.38586 -0.00724252 0.0199225 -0.00175707 0.0312442 -0.0226727 0.386442 0.0386437 
2782 772 1192 0.652816 -1.36053 -0.00696502 0.0949783 0.0456676 -0.0184966 1.50906 0.106998 
2783 772 1846 0.661552 1.61138 -0.311857 -0.0390886 0.0022823 -0.0711269 1.76959 0.0811922 
2784 772 1094 -0.669148 0.776178 -0.707468 -0.00449312 0.0815637 0.093735 1.24528 0.124335 
2785 715 736 -0.398692 0.739638 -0.17216 0.0393425 0.00674508 -0.0621317 0.857706 0.073849 
2786 637 1266 1.68877 -2.16406 -0.934044 -0.163485 -0.174956 0.109765 2.89958 0.263411 
2787 710 913 2.81106 2.37667 -1.17289 -0.132896 0.0289262 -0.259896 3.86345 0.293332 
2788 710 1189 -0.116261 -1.03996 -1.00287 -0.136847 -0.0243312 0.0410954 1.44941 0.144941 
2789 1041 1157 2.0961 0.902023 -2.39737 -0.239976 -0.039165 -0.224554 3.30978 0.330978 
2790 1041 1172 -0.319435 -1.90238 -1.79144 -0.0365022 0.0792525 -0.077652 2.63255 0.116804 
2791 914 1118 1.22116 0.249949 -1.40589 -0.0561148 -0.115027 -0.0691916 1.87889 0.145491 
2792 914 717 -0.766029 -0.382629 -0.139703 0.0122398 -0.0499297 0.0696371 0.867596 0.086557 
2793 914 1137 -0.0614845 -0.450728 -0.478464 -0.0333171 0.0407262 -0.034084 0.6602 0.0626927 
2794 1071 1068 -1.40898 1.62651 -2.6291 -0.0551278 -0.0962532 -0.0300035 3.39749 0.114909 
2795 940 1258 -0.593347 -0.210286 -0.0414674 0.0144936 -0.0303808 -0.053321 0.630873 0.063057 
2796 940 990 1.39239 -0.347898 -1.5661 0.0123087 -0.0301092 0.017632 2.12425 0.0369994 
2797 848 787 1.21875 -1.3616 -0.382734 -0.0330443 0.00368238 -0.118324 1.86703 0.122907 
2798 848 1293 0.0441709 1.02491 -0.901887 -0.109522 0.0563569 0.0586806 1.36594 0.136435 
2799 815 1192 -2.37309 0.16278 -0.00240611 0.0085389 0.124897 0.0279267 2.37867 0.128266 
2800 815 1026 3.40189 -0.0337963 -0.934765 0.000839073 0.192745 -0.00391503 3.52814 0.192787 
2801 815 1618 -0.20622 0.237494 -0.314255 -0.00159784 0.0349318 0.0274478 0.444619 0.0444541 
2802 815 1563 -0.0433225 -0.340704 -0.562133 -0.009379 -0.0553662 0.0342799 0.658749 0.0657913 
2803 1192 1618 0.43323 0.37796 -0.572787 -0.0469516 -0.00278592 -0.0373504 0.811558 0.0600605 
2804 1192 951 -0.942672 -0.0432666 -0.0165456 0.00357787 -0.0664922 -0.0299697 0.943809 0.0730219 
2805 1192 1132 -1.13574 0.825511 -2.02545 0.136699 0.128219 -0.0243938 2.46451 0.189002 
2806 1266 1481 -5.00029 -1.13224 -1.86816 0.019799 -0.215746 0.0777643 5.45664 0.230186 
2807 1266 1171 1.3259 2.02172 -2.33994 0.0305229 0.0290162 0.0423656 3.36462 0.0597363 
2808 1266 1707 -0.483358 -1.05832 -4.36129 0.0207964 -0.263338 0.0615975 4.51381 0.271245 
2809 1481 739 0.542519 -1.50478 0.0293294 0.0476009 0.0155358 -0.0834124 1.59986 0.0972874 
2810 1481 1565 0.0460014 0.130157 -0.0495034 -0.000251038 -0.0051351 -0.0137348 0.146655 0.0146655 
2811 1481 944 -7.67652 1.58712 -3.335 0.115314 0.405971 -0.0722296 8.51881 0.428167 
2812 1481 1648 -0.283979 0.0217262 -2.35969 0.235974 0.00176776 -0.0283822 2.37681 0.237681 
2813 671 793 0.214516 -0.0225561 0.14097 -0.00809193 -0.0126281 0.010293 0.257679 0.0181905 
2814 671 944 0.0902232 0.0812044 -0.0655132 -0.00118881 0.00937008 0.00997714 0.137936 0.0137388 
2815 847 1025 0.710707 -0.774679 -1.15613 -0.0587289 -0.0454288 -0.0056622 1.56265 0.0744643 
2816 847 743 -2.46234 -0.890022 -1.42269 0.0508802 0.0802551 -0.138268 2.97982 0.167773 
2817 983 717 1.47183 0.906109 -0.936706 0.106862 -0.0603657 0.109516 1.96589 0.164491 
2818 983 743 1.75034 -1.56505 -1.89726 0.107294 0.0827125 0.0307559 3.01872 0.138922 
2819 983 1212 -0.239877 -0.349029 -0.393022 -0.0426992 -0.0120584 0.0367696 0.577779 0.0576249 
2820 947 1144 -0.878229 0.565922 -0.990016 -0.035367 -0.132314 -0.044261 1.43934 0.143934 
2821 947 1212 0.150136 -0.0342155 -0.13005 -0.0117472 -0.0126777 -0.0102261 0.201556 0.0200822 
2822 1258 767 -0.537753 -0.736457 -0.32423 0.0326061 -0.0244554 0.00146917 0.967818 0.0407846 
2823 1258 1144 1.73597 -0.599183 -1.90615 0.119952 0.151142 0.0617326 2.64689 0.202591 
2824 787 1195 -0.268629 -0.247102 0.00815363 -0.0240269 0.0258176 -0.00916961 0.365086 0.0364407 
2825 787 995 1.09837 0.376765 -0.850964 0.0643841 -0.0417747 0.0646071 1.43962 0.100322 
2826 787 1108 -0.162784 0.250111 -0.532494 -0.0570292 0.00685917 0.0206557 0.610413 0.0610413 
2827 787 1437 -0.196478 -0.680974 -0.930033 -0.0692821 -0.0684248 0.0647375 1.16931 0.116931 
2828 739 712 -1.53326 0.299919 -0.56577 -0.0237707 -0.0337275 0.0465404 1.66161 0.0621981 
2829 739 1573 0.642433 -0.073887 -1.45807 0.0690898 -0.127482 0.0369014 1.59504 0.149622 
2830 793 145 -0.98055 -1.02913 0.065053 0.098307 -0.0950085 -0.0212311 1.42296 0.138353 
2831 793 712 0.13221 -0.256895 -0.906136 -0.055264 0.0430832 -0.0202776 0.951082 0.0729483 
2832 883 665 -0.157127 -0.607203 -0.0715424 -0.0307292 0.00271595 0.0444388 0.631271 0.0540969 
2833 883 1172 0.279968 2.53681 -1.9903 -0.0988502 0.0951855 0.107417 3.23652 0.17427 
2834 883 1025 -1.58636 -0.14527 -2.72516 -0.0871562 -0.296008 0.0665144 3.1566 0.31566 
2835 1010 665 2.81594 -1.35351 0.451316 -0.0549079 -0.0623494 0.155605 3.15677 0.176395 
2836 1010 723 -0.856422 -0.144737 0.0478689 0.00443393 -0.00453214 0.0656239 0.869885 0.0659295 
2837 1010 743 -1.9371 2.06192 -1.03851 -0.0502315 0.00399623 0.10163 3.01369 0.113436 
2838 1010 1090 -0.0554092 -0.141509 -0.0330953 0.0144445 -0.00497288 -0.00292044 0.155532 0.0155532 
2839 718 973 -0.786569 -1.03245 -0.0432434 -0.0823223 0.0636185 -0.0215306 1.29866 0.106244 
2840 718 1418 0.682673 -0.13229 -0.954114 -0.080073 -0.00216512 -0.0569924 1.18063 0.0983083 
2841 767 1292 0.604944 -0.710157 -0.704102 -0.0111069 0.0770102 -0.0872151 1.16878 0.116878 
2842 1195 1437 2.71448 0.451634 -3.90935 0.191526 -0.400244 0.0867481 4.78073 0.452109 
2843 1195 981 -1.0858 -0.155492 -0.453569 0.00203801 -0.014837 0.000207574 1.18696 0.0149777 
2844 1004 1177 4.11362 -0.00300469 -0.175914 0.00843833 -0.0902763 0.198866 4.11738 0.218561 
2845 1004 1100 -6.62679 0.302393 -0.394282 -0.0141722 -0.019852 0.22297 6.64539 0.2243 
2846 1004 1641 -0.236273 -1.90623 -3.25608 0.223937 -0.00383038 -0.0140073 3.78042 0.224407 
2847 145 823 -1.48147 0.113393 -0.965651 -0.0618441 0.122915 0.109313 1.77203 0.175733 
2848 145 799 0.0930513 -0.425061 -2.72044 0.0955475 0.095625 -0.011673 2.75502 0.135682 
2849 823 1189 -0.322708 1.41618 -0.989376 -0.0682206 -0.00662543 0.0127682 1.75743 0.0697207 
2850 823 799 1.1016 -0.276443 -0.560419 0.0346078 -0.0411207 0.0883113 1.26649 0.10338 
2851 823 1224 -1.30679 0.0100163 -1.00176 -0.0342707 0.0693235 0.0453992 1.64661 0.0896734 
2852 823 1217 -0.30879 -2.29491 -0.718643 0.0364492 -0.0452826 0.128943 2.42454 0.141441 
2853 665 1224 0.711433 0.480848 -0.800363 0.0636098 -0.0490489 0.027074 1.17385 0.0847644 
2854 723 656 -1.99054 -0.195059 -0.150649 0.000740317 0.0586941 -0.0857789 2.00574 0.10394 
2855 723 743 1.2232 3.04413 -1.43023 0.0898985 -0.0599481 -0.0507092 3.5789 0.119361 
2856 723 1045 -1.56206 -2.76504 -2.44001 0.260305 -0.0383682 -0.123164 4.00489 0.290517 
2857 723 1554 0.13354 0.0619043 -0.921297 0.0505261 0.0774257 0.0125261 0.932981 0.0932981 
2858 656 1212 1.44532 3.67366 -1.60324 0.0148344 -0.105102 -0.227456 4.26088 0.251003 
2859 656 1418 -4.58937 2.90211 -3.0264 0.0713962 -0.0721354 -0.177441 6.2164 0.204417 
2860 656 1045 0.915935 -0.901886 -0.812154 -0.0505533 -0.0970525 0.0507622 1.5205 0.12063 
2861 656 1461 0.0440099 0.0925574 -0.915373 -0.0530703 -0.0457472 -0.00717725 0.921092 0.0704328 
2862 1121 973 -1.27178 0.141929 0.234794 -0.0172909 0.0449833 -0.120849 1.30103 0.130103 
2863 1121 1085 1.45227 -1.32482 -0.483363 -0.0457841 0.0212971 -0.195931 2.02432 0.202333 
2864 1121 1231 -1.05144 -0.597526 -0.995053 -0.0634735 0.0290932 0.0496 1.56611 0.0856473 
2865 973 563 -2.35927 -0.434614 0.713555 0.0526168 -0.140627 0.0883167 2.50284 0.174196 
2866 973 1231 0.122167 -0.195784 -0.32556 0.00435128 -0.0332517 0.0216297 0.399056 0.0399056 
2867 563 319 -0.650037 -1.96468 0.0788545 -0.00991232 -0.00152909 -0.11981 2.07093 0.120229 
2868 778 1581 1.03833 2.27229 -3.08086 0.026943 0.040008 0.0385885 3.9665 0.0617708 
2869 778 909 -0.520985 0.0672719 -0.0676833 -0.00642997 0.00294001 0.0524161 0.529652 0.0528908 
2870 778 1340 -1.08757 -0.936192 -1.91159 0.0828065 -0.0453459 -0.0249034 2.39028 0.0976388 
2871 379 809 0.646744 -1.30166 -0.0160212 -0.0954965 -0.0476909 0.0197099 1.45357 0.108547 
2872 379 799 0.0398881 0.927083 -0.345371 -0.0558494 -0.0124997 -0.0400035 0.990129 0.069826 
2873 379 1217 -1.28149 0.278671 -0.271489 -0.0181032 -0.0934192 -0.0104397 1.33924 0.095728 
2874 991 835 4.5216 -1.30635 -1.78078 0.158892 0.257055 0.214873 5.03215 0.370802 
2875 991 1413 -1.17476 -1.21294 -2.84545 -0.111696 -0.0553757 0.0697196 3.30876 0.14284 
2876 885 1045 -0.377572 0.650713 -1.51975 -0.163725 0.00681359 0.0435941 1.69576 0.169567 
2877 1023 829 0.450713 -2.59416 2.02108 -0.23337 0.0597556 0.128743 3.31927 0.273143 
2878 1023 1551 -0.555181 3.96608 -3.0434 -0.414628 -0.022268 0.0466178 5.02994 0.417834 
2879 1023 1020 0.474902 -0.317929 -0.0928151 -0.0312822 -0.0483874 0.00568603 0.578986 0.0578986 
2880 1023 880 -0.11461 -1.28319 -0.489724 -0.0582584 0.00467526 0.00138392 1.37824 0.0584621 
2881 899 660 0.89324 -0.0766347 -0.0232832 0.000647958 -0.00403041 0.0381241 0.896824 0.038342 
2882 899 745 -3.77327 -0.594973 0.433102 0.00458233 -0.19952 -0.234168 3.84437 0.307675 
2883 899 1340 0.201126 0.671869 -0.87675 0.00997541 -0.0896695 -0.0664269 1.12274 0.112039 
2884 899 1477 -0.212894 -0.3134 -0.25597 0.0328231 0.00350616 -0.0315923 0.457235 0.0456915 
2885 899 1907 0.763516 -0.624551 -1.39999 -0.0680567 -0.045943 -0.0166206 1.7126 0.0837778 
2886 809 1013 0.68543 -0.789277 -0.161906 -0.013732 -0.021128 0.0448625 1.05782 0.0514549 
2887 809 1009 -0.823172 -2.23727 -0.652402 0.0241992 -0.00680357 -0.00720209 2.47156 0.0261488 
2888 809 1110 -1.04704 0.471718 -2.50552 -0.160898 0.197883 0.104494 2.75617 0.275617 
2889 101 886 0.396711 -0.423319 -0.619408 -0.0065392 -0.0717167 0.0448248 0.848672 0.0848251 
2890 955 1145 -0.741253 0.327858 0.0357874 -0.0269706 -0.0653175 0.0397578 0.811312 0.0810832 
2891 955 1050 -0.186525 -0.08237 -0.161353 0.0141989 -0.0210301 -0.00567818 0.260022 0.0260022 
2892 955 1085 -0.360978 0.735442 -0.848102 0.00591344 0.0731496 0.0609157 1.17918 0.0953759 
2893 955 1101 0.797925 -1.29158 -2.90182 0.00807283 -0.283423 0.128369 3.27496 0.311244 
2894 1145 1050 0.357955 -1.31456 -1.21201 0.043284 0.0953338 -0.0906169 1.8235 0.138468 
2895 1145 1085 0.945162 0.341617 -1.18758 0.0131058 -0.0555508 -0.00554908 1.55576 0.057345 
2896 829 880 -0.522014 -0.356464 -2.29892 0.0497027 -0.193582 0.0187303 2.38424 0.200737 
2897 660 1343 0.706004 2.65402 -2.69306 -0.0554189 -0.00582548 -0.0202695 3.84641 0.0592963 
2898 660 1084 0.891099 -0.155852 -0.717196 -0.022316 0.0079724 -0.0294596 1.15443 0.0378078 
2899 660 1051 0.741407 -1.98648 -0.378962 0.0209088 -0.0181542 0.136069 2.15393 0.138858 
2900 745 1081 -0.0435717 0.168674 -0.303387 -0.000110367 -0.0303988 -0.016885 0.349848 0.0347736 
2901 745 1290 -3.34472 1.27745 -0.944254 0.0968529 0.290743 0.0502651 3.70279 0.310546 
2902 745 1477 1.75634 -1.80674 -2.28957 0.0721714 0.132406 -0.0491205 3.40458 0.158596 
2903 654 795 1.79633 -6.58259 3.93385 0.123996 -0.141082 -0.292696 7.87607 0.347778 
2904 654 835 -2.48034 7.72032 -2.2309 0.149004 0.0231227 -0.0856451 8.41025 0.173413 
2905 654 886 0.134275 0.0463315 -0.0444464 0.0059642 -0.0127563 0.00472088 0.148835 0.014852 
2906 654 1167 -0.279999 -0.478478 -0.187193 0.0426666 -0.0335065 0.021825 0.585134 0.0584761 
2907 654 1241 -0.146822 -0.485403 -3.72025 0.185999 -0.210544 0.0201303 3.75465 0.281655 
2908 816 1502 -0.506293 2.90428 -2.97071 -0.0938517 0.034421 0.0496463 4.18524 0.111614 
2909 816 1036 -0.143751 -1.74384 -0.816624 -0.0989325 -0.0635663 0.153156 1.93093 0.193093 
2910 1050 1101 0.709157 -0.0572544 -0.195923 -0.00774366 -0.0554808 -0.0118156 0.737948 0.0572511 
2911 1050 1665 0.175121 -0.901201 -0.737612 -0.0533683 -0.0359964 0.0313092 1.17767 0.0715834 
2912 1050 1165 -0.358788 0.869856 -1.13082 -0.0081119 -0.117658 -0.087932 1.4711 0.14711 
2913 806 1477 -0.138303 0.0450487 -0.0954976 0.0103501 0.00852555 -0.0109677 0.174002 0.0173234 
2914 806 893 -0.594582 -2.0548 -0.320455 -0.0106373 -0.0185826 0.138891 2.16297 0.140531 
2915 806 1907 0.235297 1.16977 -1.6275 -0.0908301 0.0743757 0.0403256 2.01804 0.124129 
2916 998 1477 0.330447 0.840823 -1.18696 0.0277078 -0.0655881 -0.0387477 1.49166 0.0810611 
2917 871 1516 -0.28866 0.453904 -0.876845 -0.0740157 0.0159367 0.032616 1.02869 0.0824385 
2918 871 1099 1.31598 -0.0162236 -1.56029 0.0575665 -0.162016 0.0502376 2.04122 0.179128 
2919 871 752 0.268196 -0.416602 -0.100112 0.0346998 0.0280474 -0.0237562 0.505479 0.0505479 
2920 795 1311 5.13392 -1.59968 -1.45679 -0.0491497 -0.341985 0.202319 5.5712 0.400378 
2921 795 683 -4.91733 -7.33724 -0.478275 0.0390199 -0.030001 0.0590679 8.84556 0.0768871 
2922 795 1044 0.141426 0.026779 -0.468959 0.0212883 -0.00348032 0.00622126 0.490552 0.0224502 
2923 770 1167 0.0271552 0.000449924 -0.00592326 -0.000134649 0.00268307 -0.000413496 0.0277974 0.00271808 
2924 1097 513 -2.43951 -3.86635 0.797157 -0.162555 0.150087 0.230491 4.64062 0.319494 
2925 1097 1101 0.577391 4.76774 -1.5532 -0.104563 0.066059 0.163906 5.04749 0.205334 
2926 1097 1036 3.17196 -0.332897 -0.83075 0.085485 0.0229302 0.317209 3.2958 0.329326 
2927 1097 1665 -0.812459 0.299051 -0.778279 -0.000134243 0.0292234 0.0113691 1.16415 0.0313573 
2928 1097 1363 0.313258 -0.500693 -1.1267 0.0193584 -0.112758 0.0554906 1.27212 0.127155 
2929 1131 1013 0.0644592 1.01344 -0.697061 -0.111121 0.0347282 0.0402149 1.23171 0.123171 
2930 1131 1362 -0.948367 -0.563925 -0.987301 -0.00769008 0.128137 -0.0658021 1.4806 0.14425 
2931 1311 1009 2.03543 3.41914 -3.25255 0.102905 0.0342437 0.100395 5.13932 0.147787 
2932 1311 1044 -0.112377 0.0606479 -0.123265 -0.0127895 -0.0103737 0.00655578 0.177485 0.0177246 
2933 1311 1362 2.2752 -1.26147 -2.07119 0.0710776 0.229285 -0.0615681 3.32531 0.247819 
2934 683 1201 0.573656 -0.15932 -0.250089 0.0278772 0.0474559 0.033713 0.645762 0.0645428 
2935 683 866 -4.49232 -5.1218 0.465262 -0.130672 0.0777952 -0.405302 6.82864 0.432894 
2936 683 733 -1.26587 -0.180907 -1.30189 0.0420466 -0.0836459 -0.0292602 1.82484 0.0980853 
2937 683 938 0.105603 -1.69595 -1.41654 -0.0853029 -0.0351294 0.0356995 2.21224 0.0989198 
2938 953 513 -0.128877 0.012257 0.0234605 0.00150519 0.0129858 0.0014841 0.131567 0.0131567 
2939 953 1040 -0.697111 -3.77581 0.00287035 0.140941 -0.0257509 0.355641 3.83963 0.383416 
2940 953 1036 1.83709 2.98151 -0.886964 -0.168044 0.10862 0.0170667 3.61262 0.200819 
2941 513 680 -0.246343 -1.21833 -0.300978 0.0488069 -0.0370244 0.109924 1.27891 0.125842 
2942 513 1304 -0.813698 0.296498 -0.792343 0.0841414 0.018071 -0.0796469 1.17381 0.11726 
2943 924 1164 -0.147924 0.471814 -0.487834 -0.0653841 0.00331679 0.023034 0.694602 0.0694021 
2944 1295 757 0.937862 1.32121 -0.231396 0.019794 -0.020058 -0.0342997 1.63668 0.0443914 
2945 1295 893 -0.256842 0.508575 -0.0829266 0.0355019 0.0119983 -0.0363736 0.575755 0.0522243 
2946 1295 1139 2.87256 -0.308775 -0.474122 0.0193285 -0.176991 0.232371 2.92775 0.292738 
2947 1295 1160 -1.72476 0.0599328 -1.74774 -0.00481902 0.22063 0.0123214 2.45621 0.221026 
2948 1295 1199 0.410585 -1.82633 -1.50258 -0.00706354 0.0313425 -0.0400259 2.40038 0.0513256 
2949 1295 1642 1.28015 0.614038 -3.06072 -0.15815 0.163385 -0.0333683 3.37399 0.229825 
2950 1210 893 1.57289 0.863904 -0.22412 -0.000957409 0.00868231 0.0267482 1.80846 0.0281383 
2951 1210 1654 0.0368192 0.471118 -0.425264 -0.0145556 0.0333674 0.035705 0.635734 0.0509911 
2952 1210 752 -2.24918 2.04507 -0.206524 0.0301708 0.0561687 0.227624 3.04693 0.236385 
2953 1210 1160 1.26866 -0.788168 -1.42953 0.0986775 0.00489162 0.0848764 2.06743 0.13025 
2954 1210 1710 -0.806278 -0.112384 -0.811653 0.0606893 0.0682309 -0.0697349 1.14956 0.114898 
2955 725 988 -0.722744 -0.0564733 -0.0156089 -0.00356481 0.0270824 0.0670781 0.725115 0.0724267 
2956 725 1105 -1.74682 2.97496 -0.292341 0.100033 0.0451506 -0.138259 3.46226 0.176524 
2957 725 1014 1.43308 -2.24287 -0.257778 0.0448173 0.0116339 0.147932 2.67407 0.155009 
2958 725 1443 0.542902 2.04409 -2.68602 0.158862 -0.168754 -0.0963141 3.41873 0.250981 
2959 725 1442 -0.174989 -0.723692 -0.954419 0.000530335 0.0950745 -0.0721878 1.21048 0.119376 
2960 988 1819 0.138293 0.174989 -0.52994 -0.00848725 -0.0161011 -0.00753152 0.574963 0.0196978 
2961 1201 1356 0.620857 0.267506 -1.35226 -0.0603311 0.138531 -0.000295074 1.51183 0.151099 
2962 1201 1216 -1.53987 0.799007 -2.05019 -0.043895 -0.011257 0.0285819 2.68568 0.0535763 
2963 866 737 -5.38019 -1.12902 -3.00645 -0.236917 0.45747 0.252181 6.26577 0.573588 
2964 866 179 2.24814 -10.778 0.0166109 0.645332 0.135154 0.355129 11.01 0.74889 
2965 866 938 1.31929 -0.0310616 -1.32467 0.11733 0.0895981 0.114752 1.86982 0.186982 
2966 680 1104 2.9388 2.45955 -3.327 0.00432532 -0.161245 -0.115383 5.07493 0.198323 
2967 680 1504 -1.0979 0.523873 -1.70037 0.159394 0.117554 -0.0667 2.09072 0.208984 
2968 834 968 0.0402944 -2.22354 -0.135422 0.0578145 -0.00250803 0.0583829 2.22802 0.0822033 
2969 834 1304 0.771198 1.22261 -0.82937 0.0431021 -0.027858 -0.00098775 1.66655 0.0513307 
2970 834 1504 0.582331 -0.293737 -1.15779 -0.0648949 -0.0999834 -0.00727377 1.32886 0.119419 
2971 1269 1384 1.20666 1.30373 -2.23903 -0.0840423 -0.0473758 -0.0728779 2.85815 0.120908 
2972 1269 1139 -2.09993 0.964513 -2.89132 -0.2605 -0.144556 0.140976 3.70131 0.329592 
2973 1269 1285 0.983325 -1.134 -1.46455 -0.0744567 -0.0421012 -0.0173927 2.09709 0.0872859 
2974 1366 1014 0.666522 0.042794 -0.146859 -0.0130051 0.0504188 -0.044332 0.68385 0.068385 
2975 1138 1242 0.865455 0.459952 -1.31845 -0.0243258 0.157628 0.0390219 1.64283 0.164198 
2976 1138 1488 -0.279764 -1.47241 -0.733445 -0.0633255 -0.00669539 0.0375959 1.66859 0.0739487 
2977 737 819 -0.71835 3.92624 -1.26577 -0.337561 -0.129799 -0.211046 4.18731 0.418731 
2978 737 1206 1.36517 -0.765054 -0.718179 0.0699962 0.0129115 0.1193 1.72186 0.13892 
2979 737 912 -0.99556 -1.40552 -2.05968 -0.229686 -0.0341848 0.134347 2.68494 0.268279 
2980 737 1288 0.448171 0.408403 -1.44846 -0.023354 -0.147414 -0.0487904 1.57025 0.157025 
2981 1040 1117 0.369275 0.252278 -0.480029 -0.0150521 0.059095 0.019478 0.656076 0.064017 
2982 1040 1012 -2.61466 -2.19804 -4.50945 0.165208 0.0895962 -0.139462 5.65711 0.234032 
2983 968 1277 -0.127476 -1.19058 -0.101761 0.117219 -0.0144465 0.0221814 1.20171 0.120171 
2984 968 2306 -1.24385 -0.294909 -1.88494 -0.137731 0.16895 0.0644539 2.27753 0.227306 
2985 968 1297 0.216653 -0.106715 -0.417837 -0.0349929 0.021664 -0.0236771 0.482612 0.0474809 
2986 1697 1969 0.187025 0.376174 -0.420246 0.0157709 0.0389729 0.0419043 0.594215 0.0593597 
2987 1697 1547 -0.411024 -0.22827 -0.728929 -0.00498923 -0.0817437 0.0284119 0.867401 0.0866843 
2988 1495 1397 -0.457847 0.652307 -0.121396 -0.0118054 -0.0225164 -0.0764645 0.806142 0.0805802 
2989 1495 1498 0.154541 0.232131 -0.658594 -0.0128555 -0.0653184 -0.026039 0.715202 0.0714827 
2990 1058 1397 0.197418 0.389772 -0.0873825 -0.0391831 0.0207806 0.00416826 0.445569 0.0445479 
2991 1058 1602 -0.411096 0.617199 -0.586951 -0.0630309 -0.0487368 -0.00710206 0.945751 0.0799913 
2992 1058 954 -1.24123 -0.123121 -0.213069 -0.0219951 0.0771899 0.0835288 1.26539 0.115841 
2993 1058 1667 0.184452 -0.619654 -1.91087 -0.057802 -0.100447 0.0269935 2.01728 0.118993 
2994 1222 1880 2.1786 0.549669 -0.409364 0.0246359 -0.0253128 0.0971212 2.28386 0.103345 
2995 1222 689 -1.4797 -1.57259 -0.428287 0.0972853 -0.131629 0.147204 2.20135 0.220135 
2996 1222 1850 0.547051 1.06853 -1.88307 0.112586 0.151819 0.118856 2.23315 0.223274 
2997 738 1664 0.0867791 -0.00278686 -0.0171789 -0.00142441 0.0038823 -0.0078252 0.088507 0.0088507 
2998 979 889 0.152621 -0.767012 0.237522 -0.0330065 -0.0253861 -0.0607689 0.817323 0.0736664 
2999 979 1868 0.684229 0.405741 -0.865846 0.0650942 0.0581206 0.0786758 1.17579 0.117495 
3000 979 1686 -0.200662 -0.254014 -0.885424 -0.035522 -0.0436803 0.0205815 0.942743 0.0599448 
3001 381 760 1.11021 1.1284 -0.915192 0.0885971 -0.113274 -0.0321866 1.82851 0.147365 
3002 381 1505 -2.02301 -0.715893 -1.64917 -0.113847 -0.100764 0.183395 2.70645 0.23822 
3003 1215 1116 -1.09902 -0.676037 -0.145988 -0.0170902 -4.64621e-06 0.128678 1.29853 0.129808 
3004 1215 1919 -0.600379 0.246844 -0.884973 -0.0107543 0.0377268 0.0178189 1.09753 0.0430869 
3005 1215 1945 0.729418 -0.371571 -1.46316 -0.00857833 0.0192897 -0.00917513 1.67659 0.0230187 
3006 889 1511 0.382272 -0.145145 -1.76194 0.0345038 0.0741346 0.00137893 1.80876 0.0817823 
3007 1187 1060 0.775752 0.777913 -0.181805 -0.00674055 -0.00703135 -0.0588474 1.11355 0.059648 
3008 1187 1148 0.035829 -4.90293 -1.73038 -0.0270854 -0.0243185 0.0683442 5.19944 0.0774334 
3009 1187 1066 -0.353719 0.738674 -1.79758 0.0600321 -0.0723772 -0.0415546 1.97536 0.102806 
3010 387 1259 0.265955 0.291983 -0.101267 -0.00420148 -0.00982013 -0.0393488 0.407727 0.0407727 
3011 387 1467 0.465667 -0.315038 -0.732871 -0.0345082 0.0682787 -0.0512774 0.923685 0.0920987 
3012 387 1247 -2.17478 0.188261 -2.22132 -0.100341 0.107775 0.107373 3.11438 0.182243 
3013 387 1107 -0.00370468 -2.02948 -0.438408 0.136082 -0.0332956 0.152983 2.0763 0.207438 
3014 1519 902 0.699783 -1.54836 0.4366 0.0444189 -0.0011403 -0.0752384 1.75435 0.0873794 
3015 1519 1690 0.0420164 -0.622231 -0.572798 0.0845735 0.00315901 0.00277208 0.846778 0.0846778 
3016 457 889 0.509207 0.657343 0.381871 0.0635189 -0.011536 -0.0648417 0.914996 0.0914996 
3017 457 1230 0.635864 -1.66813 -0.385112 0.118627 0.0725514 -0.118393 1.82628 0.182628 
3018 1148 849 -1.68367 -1.86117 0.497623 0.00162985 -0.0674519 -0.246764 2.55858 0.255822 
3019 1148 1250 0.575094 -3.28089 -1.21257 -0.0423517 -0.0315265 0.0652157 3.54475 0.0839087 
3020 1148 1902 -0.50681 -0.342939 -0.884426 -0.0183223 -0.0111741 0.0148322 1.07549 0.0260876 
3021 1251 1056 0.164958 0.713238 -0.0201651 -0.00335227 0.00284044 0.0730433 0.732342 0.0731754 
3022 1251 1074 -0.215871 -0.742889 -0.636747 0.0704855 -0.0408387 0.0237502 1.00196 0.0848533 
3023 1251 1379 0.682082 0.690863 -2.02023 -0.188721 -0.0796763 -0.0909643 2.2414 0.22414 
3024 1107 1467 1.05821 1.33106 -1.2179 0.172617 -0.0338335 0.113005 2.0916 0.209073 
3025 1107 758 -0.232949 -4.54727 -0.604501 0.104097 -0.0206873 0.115502 4.59319 0.15686 
3026 1107 1411 0.169569 -0.286213 -1.4066 0.143274 0.000303849 0.0172102 1.4454 0.144304 
3027 574 1248 -0.0680647 -2.2869 -0.136955 -0.0238511 0.00957684 -0.148062 2.29201 0.150276 
3028 574 1411 0.296347 0.0412364 -0.120252 -0.00856758 0.0290133 -0.0111647 0.322463 0.0322463 
3029 574 1430 0.0398541 -0.498761 -0.993098 0.0807631 -0.0618763 0.0343171 1.11202 0.107373 
3030 458 1088 -0.311516 -1.67736 0.695721 0.0668499 -0.0386557 -0.0632648 1.84245 0.0998279 
3031 458 1476 0.271736 1.18539 -1.58562 0.187864 0.0340213 0.0576289 1.9983 0.199428 
3032 458 989 -2.51137 -1.21795 -0.338183 -0.0826505 0.215112 -0.160947 2.81154 0.281085 
3033 500 1070 -0.0730747 1.50127 0.0331515 0.119024 0.00781356 -0.0914788 1.50342 0.15032 
3034 500 698 1.06757 0.672191 -0.0149321 -0.0663188 0.105737 0.0184206 1.26166 0.126166 
3035 500 881 -0.602508 -1.44133 0.0754494 -0.0926595 0.0435763 0.0925052 1.56401 0.137992 
3036 500 1287 -0.0860193 -0.249521 -0.42423 0.0244633 0.0352018 -0.0256651 0.499631 0.0499631 
3037 824 1440 -1.12437 0.532169 -0.294163 -0.0379894 -0.109758 -0.0533576 1.27825 0.127817 
3038 824 1562 1.70066 0.10846 -2.22957 0.00922074 -0.0822732 0.00303104 2.80624 0.0828437 
3039 1261 504 0.0294727 -1.76335 -0.0304828 0.121505 0.0033693 -0.0774268 1.76386 0.144117 
3040 1261 1008 -0.501138 -0.300426 -0.0181398 0.00210233 -0.00589657 0.0395774 0.584572 0.0400695 
3041 1261 1321 -0.292519 0.378877 -0.765891 0.0660375 -0.0410676 -0.0455376 0.903163 0.0901175 
3042 1261 1653 0.14093 -0.521226 -0.934398 0.0933014 -0.0166589 0.0233648 1.07918 0.0976145 
3043 1372 501 0.805354 0.483444 0.0142715 0.0306426 -0.0520282 0.0332529 0.939424 0.0689323 
3044 1372 798 -0.710569 -0.177771 0.0714375 0.00982536 -0.0275438 0.0291877 0.735944 0.0413173 
3045 1372 1008 0.0158608 -0.012635 -0.000722248 0.000671983 0.000745457 0.00171594 0.0202911 0.00198789 
3046 798 1526 -0.669775 1.81335 -0.0597783 0.0143883 0.00331114 -0.0607685 1.93401 0.0625364 
3047 798 872 0.126449 -0.491235 0.0173732 -0.0410764 -0.00958437 0.0279672 0.507546 0.0506093 
3048 798 1612 0.878226 -0.536633 -1.35947 0.0618406 0.00967429 0.0361305 1.70512 0.0722721 
3049 1953 1048 -1.75199 0.0424995 1.87841 0.10109 0.218624 0.0893399 2.56899 0.256899 
3050 1953 1748 1.70958 0.492974 -0.508452 -0.0226042 0.163888 0.0828965 1.85046 0.185046 
3051 1953 1652 -0.0612503 -1.44169 -1.30539 0.0722583 -0.122284 0.131661 1.94584 0.193673 
3052 902 1226 -3.89712 -0.178538 -0.408263 0.00313976 -0.0441628 -0.010658 3.92251 0.045539 
3053 902 1229 1.00669 -2.84885 0.0277482 0.146834 0.0539004 0.206808 3.02161 0.259297 
3054 902 1883 0.984591 0.324355 -1.16084 0.0604557 0.115601 0.083577 1.55634 0.154931 
3055 902 1690 -0.0676479 0.0286185 -0.179221 0.0159253 0.0101098 -0.00439672 0.193689 0.0193689 
3056 1226 1276 -2.90262 -2.19054 -0.22124 0.0423933 -0.0656731 0.0940504 3.64316 0.122293 
3057 1226 2104 -0.303995 0.184368 -0.74604 0.00646684 0.0805582 0.0172732 0.826427 0.0826427 
3058 1390 1276 0.170276 -0.455131 -0.0895244 -0.0327669 -0.00508107 -0.0364915 0.494118 0.0493063 
3059 1390 1482 -0.320173 -0.172096 -1.37803 0.0951914 0.100249 -0.0346365 1.42517 0.142517 
3060 1303 1385 0.904192 -2.42325 -0.0374015 -0.207048 -0.0751662 -0.135422 2.58672 0.25857 
3061 1303 1674 0.720632 0.295303 -1.28211 0.0746354 -0.129488 0.0121257 1.50011 0.149949 
3062 849 1074 -1.20045 0.447719 -1.04549 -0.0130108 -0.0572854 -0.00959257 1.65366 0.0595224 
3063 849 1250 1.04445 -0.252274 -0.683196 0.0582892 0.0999771 0.052194 1.2733 0.126954 
3064 849 830 -2.93373 -1.88431 -0.200355 -0.113514 0.145194 0.296608 3.4925 0.349204 
3065 849 721 0.0279625 -0.205987 0.00194121 -0.0150389 -0.00217521 -0.0141867 0.207885 0.0207885 
3066 1074 830 -0.12629 -0.897167 0.636517 0.076575 -0.0531675 -0.0597462 1.10725 0.110725 
3067 1074 1411 -1.1981 0.96743 -0.536422 0.00471452 0.0300242 0.0436183 1.63068 0.0531624 
3068 1074 1902 1.15478 0.174342 -0.486604 0.00116639 -0.0999172 -0.0330306 1.26518 0.105242 
3069 1074 1038 -1.17523 -0.58657 -0.683546 0.0236395 0.0182776 -0.0563282 1.4807 0.0637633 
3070 758 830 3.36315 -2.60788 0.26553 -0.0875346 -0.107726 0.0506761 4.26407 0.147767 
3071 758 1248 -0.847174 -0.362105 -0.573382 -0.0512412 0.0942805 0.0161686 1.08517 0.108517 
3072 758 1038 0.112833 -0.204299 -1.00799 0.0234156 -0.0982309 0.0225304 1.03466 0.103466 
3073 1088 1317 0.00560554 -0.122754 0.0171888 0.0111437 0.00119555 0.0049039 0.124079 0.0122335 
3074 1088 989 -0.788778 0.519795 -0.542325 -0.0665393 -0.0843858 0.0158972 1.08925 0.108633 
3075 1088 1033 0.101265 0.0973909 -0.887444 -0.0227641 0.0857492 0.00681282 0.898497 0.0889805 
3076 1088 1458 -2.64375 -2.10033 -2.23334 -0.144045 -0.047849 0.215515 4.04828 0.2636 
3077 881 1076 0.453814 -1.03646 -1.07614 0.0365061 0.0264582 -0.0100879 1.5615 0.0462007 
3078 934 773 -0.627848 0.0379119 -0.0923961 -0.00715888 0.0239263 0.0584633 0.635742 0.0635742 
3079 934 1173 1.01156 0.0515908 -1.6902 0.153063 0.080922 0.0940764 1.97046 0.197046 
3080 773 504 -1.19879 -0.0985503 -0.00905241 -0.00226193 0.0358195 -0.0904118 1.20287 0.0972751 
3081 773 1086 0.683572 -1.60562 0.168705 0.00891922 0.00277692 -0.00971074 1.75321 0.0134745 
3082 773 1153 0.810336 2.77881 -3.31796 -0.294889 0.114904 0.0242126 4.4031 0.317409 
3083 773 792 0.422906 -0.283005 -0.554849 -0.0309443 -0.0395273 -0.00342452 0.75286 0.0503158 
3084 504 1008 -0.0200034 0.0111182 -0.000314688 0.000880165 0.00154394 -0.00139952 0.0228878 0.0022621 
3085 504 1630 -0.984337 -1.61219 0.292739 -0.0156448 0.00853488 -0.00560178 1.91149 0.0186811 
3086 504 1653 0.0216186 0.0980928 -0.161087 -0.00460086 0.0159283 0.00908198 0.189838 0.018904 
3087 504 1826 0.080514 -0.442523 -0.775631 -0.0477623 -0.0679362 0.0338019 0.896612 0.0896612 
3088 1008 1425 -0.122341 0.157118 -0.340859 0.0339411 0.0199356 -0.00299284 0.394763 0.0394763 
3089 1008 1122 -0.234203 -0.870216 -1.11108 0.0311745 0.020684 -0.0227712 1.43061 0.0437973 
3090 1082 1852 0.631278 1.13689 0.54783 0.0764335 -0.0831854 0.0845551 1.41108 0.141108 
3091 1082 1032 -0.127123 -0.106285 -0.0022631 -0.00927366 0.0109143 0.00833637 0.165716 0.0165716 
3092 1082 1310 -2.29273 0.347309 -2.71571 -0.154553 -0.308448 0.0910341 3.57104 0.356811 
3093 1082 1270 0.0260504 -0.70561 -0.827199 0.0396191 0.0775562 -0.0649086 1.08758 0.108618 
3094 1032 1229 -2.22547 0.391825 0.0497169 -0.00861475 -0.0439247 -0.0394445 2.26024 0.0596612 
3095 1032 868 2.31723 -1.69103 0.19272 0.0406584 0.0522627 -0.0302869 2.87512 0.0728134 
3096 1229 1451 -0.918025 -0.0574933 -0.101402 0.00978192 0.00523848 -0.0915292 0.925396 0.0921993 
3097 1229 1558 -1.42511 -3.38501 -0.283976 -0.20102 0.0965783 -0.142417 3.68374 0.264611 
3098 1229 1954 -0.257499 0.26405 -1.19307 -0.0611355 0.00594396 0.0145103 1.24878 0.0631144 
3099 1451 1660 -0.361798 -0.458104 -0.244721 -0.00672553 0.00292937 0.00445948 0.632966 0.00858493 
3100 1451 1405 -0.201217 0.2863 -0.859362 -0.00717401 0.0872508 0.0307477 0.927879 0.0927879 
3101 1276 1230 -0.924548 0.173018 -0.079372 0.0168288 0.0926868 0.0060151 0.943941 0.0943941 
3102 1276 1342 -1.66702 -3.40779 -1.88118 0.0927459 0.0649819 -0.199904 4.23448 0.229752 
3103 1230 1619 -0.0907144 -0.37918 -0.67432 -0.0526789 -0.0466455 0.0333162 0.778919 0.0778514 
3104 1250 1813 0.359903 0.540381 -0.371401 0.0640845 -0.037957 0.00687395 0.747985 0.0747985 
3105 1250 1902 -0.502595 0.48133 -0.381055 -0.0150497 -0.0131973 0.00317971 0.7934 0.0202676 
3106 1250 1734 0.847116 -0.236039 -0.512291 -0.0351447 0.0501873 -0.0812385 1.01772 0.101753 
3107 1250 860 -0.602261 -3.14667 -1.21909 0.041217 0.0290619 -0.0953756 3.42789 0.107889 
3108 1250 1974 -0.0275781 0.0199614 -1.51718 -0.0971621 -0.0543218 0.00105143 1.51757 0.111321 
3109 830 911 0.41492 -3.14257 -0.071136 0.078277 0.00851615 0.0803545 3.17064 0.112502 
3110 830 1513 -2.20358 -2.01311 -2.6444 0.194057 -0.315169 0.078222 3.98763 0.378297 
3111 1248 1402 -0.183326 -0.0363641 -0.128223 0.0133176 -0.00585667 -0.0173798 0.226654 0.0226654 
3112 1248 1627 -0.905012 -2.50602 -0.373183 0.111074 -0.0393245 -0.00529193 2.69044 0.117948 
3113 1248 1494 0.330744 -0.742974 -1.35988 0.00975971 -0.0188022 0.0126463 1.58451 0.0246719 
3114 1317 714 -1.20734 -1.18104 -1.55513 0.0667523 -0.194979 0.0962536 2.29586 0.227459 
3115 1260 872 -0.712313 0.284727 4.14496e-05 0.0217895 0.0545189 -0.0489622 0.76711 0.0764486 
3116 1260 1630 0.858402 -0.343254 5.1018e-05 0.0215682 0.0539266 -0.0717422 0.924487 0.0923049 
3117 1260 1284 -0.218704 -0.172183 7.79409e-06 -0.00940993 0.0119513 -0.0228308 0.27835 0.027434 
3118 872 1124 -0.57835 -0.455323 -8.17691e-06 0.0208181 -0.0264431 0.000665147 0.736076 0.0336611 
3119 872 1728 0.508485 -0.4417 -1.11623 0.0102757 0.0463316 -0.0136527 1.3037 0.0493822 
3120 1124 1284 0.487548 -0.194887 -7.83565e-06 -0.0193528 -0.0484145 -0.00619238 0.525056 0.0525056 
3121 1124 586 0.0611261 -0.423553 5.86567e-06 -0.0378465 -0.00546218 -0.018959 0.427941 0.0426807 
3122 1124 1436 0.0528409 0.427975 -0.435083 0.0302425 -0.0397025 -0.035381 0.612578 0.0611777 
3123 868 335 0.371918 0.0536804 0.531455 -0.038563 -0.0420365 0.0312328 0.650883 0.0650359 
3124 868 1124 0.593158 0.467004 2.83139e-06 -0.0304384 0.0386605 0.0572483 0.754937 0.0754884 
3125 868 1272 -1.3056 -0.694003 -1.28432 -0.143136 0.0876186 0.0981617 1.9585 0.194424 
3126 868 1270 -0.0107968 0.421504 -0.590783 0.064838 -0.0259829 -0.0197228 0.725814 0.0725814 
3127 1660 1398 0.501313 -0.650811 -0.0628957 0.0349813 0.0333493 -0.0662613 0.823909 0.0820148 
3128 1660 1716 1.15131 0.206283 -0.77974 0.0802958 -0.0164758 0.1142 1.40572 0.140572 
3129 1660 1638 -1.0291 -1.00629 -0.519657 0.0827568 -0.0189188 -0.127252 1.53027 0.15297 
3130 1660 2049 -0.111409 0.208903 -0.877101 -0.0563383 0.0223836 0.0124873 0.908492 0.0618947 
3131 1342 1052 -0.606627 -3.41397 3.13782 -0.00796548 0.123496 0.132824 4.67644 0.181541 
3132 1342 1595 0.517692 1.24152 -0.911985 -0.14942 0.0173607 -0.0611848 1.62514 0.162392 
3133 1342 1619 -0.950151 0.678173 -0.684028 0.0235971 -0.0509911 -0.0833323 1.353 0.100505 
3134 1342 1638 0.373536 -1.243 -0.289307 -0.127128 -0.0335907 -0.0198191 1.32976 0.132976 
3135 1342 1752 -0.597342 -0.922913 -2.69446 -0.0265951 0.12003 -0.035217 2.9101 0.127885 
3136 1385 1855 0.177016 -0.366084 -0.15971 0.0201937 0.0129169 -0.00722598 0.436874 0.0250369 
3137 1385 1734 -0.570356 0.410054 -0.899204 0.0314876 -0.0342211 -0.0355777 1.14106 0.0585519 
3138 1385 1389 -0.677759 -0.759408 -0.7003 0.0885846 0.000286152 -0.0860436 1.23551 0.123494 
3139 721 1357 -1.39164 1.27551 -3.19752 -0.0862737 -0.193642 -0.0396962 3.71319 0.215676 
3140 740 1452 -2.157 0.704446 -1.1131 -0.111814 0.0149955 0.226167 2.52742 0.252742 
3141 740 837 -1.31686 -1.0342 -0.00015369 -0.00747296 0.00951566 -0.00178924 1.67443 0.0122309 
3142 740 1076 0.515178 1.60452 -1.52468 -0.00400573 -0.0502918 -0.054279 2.27256 0.0741048 
3143 740 1608 0.841195 -0.64563 -1.66077 0.0529849 0.0673731 0.000645845 1.97043 0.0857144 
3144 1452 1086 -3.48855 0.0846405 1.70022 -0.0818921 -0.119973 -0.162056 3.88174 0.217628 
3145 1452 1173 0.232319 0.989095 -0.405478 0.0337683 0.0108267 0.0457575 1.09393 0.0578901 
3146 1452 792 -0.0533033 0.0411929 -0.0289839 -0.00409225 -0.0016171 0.00522765 0.073336 0.00683299 
3147 1452 1736 0.816767 -0.151631 -1.39634 0.0951213 -0.112874 0.0678969 1.62477 0.162477 
3148 1086 1245 -2.89148 -0.95564 0.0792007 -0.0598477 0.193034 0.144216 3.04634 0.248278 
3149 1086 1590 0.03288 -0.837656 -0.330893 0.0138071 -0.0239858 0.062092 0.901243 0.0679806 
3150 1245 1630 -3.05788 0.976659 0.0751262 -0.0168949 -0.0618726 0.116684 3.21094 0.133149 
3151 1245 1435 0.452632 -3.0661 0.00396723 -0.106371 -0.0156209 0.063447 3.09933 0.124837 
3152 1245 1480 0.986741 0.194711 -1.83339 0.0858458 0.179135 0.0652275 2.09114 0.209077 
3153 1245 1337 -0.0834906 -0.0622038 -0.158036 0.00559216 -0.0176348 0.00398682 0.189249 0.0189249 
3154 1630 1438 -1.98019 -1.55893 1.31818e-05 -0.0471979 0.0599511 -0.0798785 2.5202 0.110464 
3155 1630 2229 -0.334861 -0.214495 -0.684429 0.0601744 -0.0488771 -0.014123 0.79157 0.0787997 
3156 1438 1284 -0.962105 0.384693 -3.35865e-05 -0.0367744 -0.0919689 0.0300447 1.03616 0.103505 
3157 1438 1353 -2.03191 -1.59953 1.84341e-05 0.0191363 -0.0243077 0.122965 2.58595 0.126797 
3158 1438 1280 0.214815 -1.48871 -6.01514e-06 -0.0879664 -0.0126936 0.0976515 1.50413 0.132042 
3159 1438 2229 0.67345 0.645435 -1.60556 0.0178097 0.114635 0.0535536 1.85686 0.127775 
3160 1284 586 -0.5089 -0.400639 1.85433e-05 0.0235927 -0.0299656 0.0520406 0.647681 0.0645196 
3161 1284 1731 0.055045 -0.0552714 -0.140314 -0.00183746 0.0145797 -0.00646398 0.160539 0.0160539 
3162 1184 1558 -0.63832 0.41564 -0.0904976 8.12534e-05 -0.0160727 -0.0743923 0.767072 0.0761088 
3163 1184 1256 0.727122 -0.290739 2.37721e-05 0.02244 0.0561251 0.048197 0.783093 0.077308 
3164 1184 675 0.0473376 -0.35855 0.00151407 0.0304378 0.00394274 -0.017954 0.361664 0.0355577 
3165 1184 1639 -0.0976023 -0.231997 -0.350508 0.0207217 0.028542 -0.0246617 0.431514 0.0430376 
3166 1272 1256 0.547744 -1.56966 1.42829 0.20258 -0.000929318 -0.0787101 2.19177 0.217335 
3167 1272 1271 1.1431 -0.359672 -0.0673672 -0.00842049 -0.0473583 0.109964 1.20024 0.120024 
3168 1272 2066 -3.55037 0.408065 -1.08349 -0.0618 -0.106051 0.162565 3.73438 0.203699 
3169 1272 1530 0.700839 0.29644 -1.15735 0.0573691 -0.0664942 0.0177085 1.3851 0.0895896 
3170 1558 1398 -1.29775 -1.50003 -1.13137 0.157962 -0.160537 0.0316566 2.28347 0.227434 
3171 1558 2066 1.17043 -0.183277 -1.7215 0.0997006 -0.16246 0.0850816 2.08975 0.20874 
3172 1398 1053 0.957355 -0.802246 0.980884 -0.0607103 -0.136946 -0.0527513 1.58816 0.158816 
3173 1398 1400 -1.31268 -1.23666 -0.17916 -0.0334734 0.019514 0.110559 1.81234 0.117152 
3174 1398 1993 0.228181 -0.0140906 -0.37036 -0.0298055 0.0250083 -0.0193148 0.435238 0.0434378 
3175 1398 1881 -0.626892 0.0704142 -1.16008 0.0978798 -0.0333522 -0.0549176 1.3205 0.117084 
3176 1052 1855 -0.563533 0.11686 -0.494496 -0.0201373 0.0625792 0.0377375 0.758783 0.075801 
3177 1052 1638 0.464518 -0.231614 -1.00515 -0.0210036 0.105804 -0.0340866 1.13126 0.113126 
3178 1855 1389 -0.240291 0.0562624 -0.0506995 0.00686393 0.00909909 -0.0224342 0.251944 0.0251635 
3179 1855 1784 0.0375581 -0.246929 -0.362604 0.0297551 -0.0251836 0.0202317 0.440302 0.0439193 
3180 1305 1377 -0.892102 -3.0992 -2.28853 -0.0681403 0.0708417 -0.0693741 3.95452 0.12031 
3181 1305 1389 1.19459 0.319015 -1.42038 -0.14351 -0.00491912 -0.121802 1.88316 0.188295 
3182 1305 860 -0.548328 0.771751 -1.39659 -0.0274208 -0.0918919 -0.0400132 1.68723 0.103909 
3183 911 762 -0.216509 -2.63662 0.297168 0.0174196 -0.00547833 -0.035915 2.66213 0.0402907 
3184 911 1106 0.358532 -0.155044 -0.40829 0.0433493 0.0166605 0.0317396 0.565053 0.0562507 
3185 911 1087 -0.191806 -0.241304 -0.45993 -0.0488525 -0.00826727 0.0247106 0.553672 0.0553672 
3186 820 1513 0.575717 0.920761 -0.608994 0.0131518 0.00717551 0.023282 1.24504 0.0276859 
3187 820 1299 -0.519103 -0.270563 -0.338718 -0.0153997 0.0497873 -0.0161685 0.676315 0.0545651 
3188 1156 1114 0.0110543 -0.393633 0.0150891 -0.035886 -0.00038771 0.0161758 0.394077 0.0393651 
3189 1156 1299 2.21947 -0.0611631 -0.56241 -0.00305718 0.14911 -0.0282807 2.29044 0.151799 
3190 1156 1391 0.665124 -1.5037 -2.3425 -0.0687619 0.0368815 -0.0431992 2.86196 0.0891886 
3191 1156 1361 -1.09625 -0.0869126 -1.24103 -0.124097 0.0165318 0.108462 1.65816 0.165643 
3192 900 837 -1.65504 0.664375 -0.000316579 -0.0638187 -0.159004 -0.0489029 1.78341 0.178176 
3193 900 1191 2.09202 -3.12918 -1.40612 -0.0563733 -0.0714769 0.0751926 4.01814 0.118071 
3194 900 1591 -0.470306 -0.790708 -2.71063 -0.159865 0.20322 -0.0315434 2.8625 0.260481 
3195 837 1590 -0.995399 -0.0120867 -0.395805 -0.0393497 0.0150138 0.098501 1.07127 0.107127 
3196 837 1873 -0.036318 -0.0516926 -1.21909 -0.119397 0.0252987 0.00248422 1.22073 0.122073 
3197 1590 1435 -1.08001 -0.48046 0.507377 -0.0166542 -0.0471217 -0.0800722 1.28635 0.0943895 
3198 1590 1583 0.0344485 -0.394189 -0.573331 0.0542727 0.0356403 -0.0212432 0.69662 0.0683157 
3199 1435 1254 0.593979 -4.21121 -0.00530012 -0.144182 -0.0201728 -0.130027 4.25289 0.195198 
3200 1435 1553 -0.368141 -0.856765 -4.3959 -0.204191 -0.135748 0.0435576 4.49372 0.249035 
3201 1002 1127 0.0724099 -0.501891 5.88715e-07 0.0176174 0.00254168 -0.0474821 0.507088 0.0507088 
3202 1002 1280 -0.0557409 -0.0438798 -9.46852e-07 -0.000846839 0.0010759 -0.00696061 0.07094 0.007094 
3203 1002 1337 0.177453 0.171971 -0.413649 0.0359366 -0.0320287 0.00210093 0.481839 0.0481839 
3204 1002 1582 -0.312534 -0.369696 -0.815681 -0.0391784 0.0833309 -0.0227571 0.948519 0.0948519 
3205 1353 586 -2.95948 1.18322 -3.47813e-05 0.00362532 0.00907065 0.0998119 3.18725 0.100289 
3206 1353 1280 0.715222 -0.285925 -8.57102e-06 0.00938757 0.0234825 -0.00374425 0.770257 0.0255651 
3207 1353 922 -0.535984 -0.421911 2.20514e-06 -0.0277833 0.0352949 -0.050775 0.682121 0.0677919 
3208 1353 946 0.301851 -2.09221 1.20424e-05 -0.0520711 -0.00751247 0.000145473 2.11388 0.0526104 
3209 1353 840 -0.351118 -0.0506646 -0.501714 0.0382669 -0.0424916 -0.0224897 0.614466 0.0614466 
3210 1353 1130 0.529419 -0.4377 -1.11887 0.100949 0.0551003 0.0262113 1.31292 0.117957 
3211 586 868 -3.20917 1.28274 -6.03347e-05 0.0048286 0.0120788 -0.0298328 3.45604 0.0325455 
3212 586 922 0.152477 -1.05717 1.51086e-05 -0.0160181 -0.00231183 -0.105569 1.06811 0.106802 
3213 586 2264 0.0705495 0.229712 -0.362089 0.00301373 -0.0300236 -0.01846 0.434572 0.0353733 
3214 586 840 0.171204 -0.21751 -0.391457 -0.0104055 -0.0425389 0.0190855 0.479437 0.0477712 
3215 586 1271 -0.720689 -0.31715 -0.798191 -0.015658 -0.0975985 0.0529171 1.1212 0.11212 
3216 1256 1417 -0.339893 -0.569083 -1.88208 -0.141222 0.0453157 0.0118019 1.9954 0.148783 
3217 1053 675 0.239595 -0.0957839 5.46256e-07 0.0091036 0.0227719 0.00802299 0.258032 0.0258032 
3218 1053 789 0.157629 -1.09264 1.27318e-05 0.091558 0.0132078 -0.0599989 1.10395 0.11026 
3219 1053 1639 0.131819 0.01904 -0.188327 -0.00479636 -0.0218645 -0.0055677 0.230664 0.0230664 
3220 1053 1599 -0.270841 -0.670346 -1.01918 -0.0332252 0.01635 -0.0019245 1.24958 0.0370802 
3221 1918 1389 -0.0417911 0.162121 -0.0296608 -0.00485931 -0.00413597 -0.0157599 0.170028 0.0170028 
3222 1918 1354 -0.129908 -0.178094 -0.0805708 0.0190062 -0.0137686 -0.000210541 0.234702 0.0234702 
3223 1918 1980 -0.327173 0.378013 -1.20068 0.00180876 0.0383913 0.011594 1.30061 0.0401446 
3224 1377 1354 1.16598 -1.60307 -0.727175 0.0280127 0.0182759 0.00462698 2.11142 0.0337657 
3225 1377 1823 -1.08274 -1.67063 -2.63567 0.0417881 -0.141271 0.0723791 3.30304 0.164142 
3226 762 1232 -1.22328 -2.49104 -1.01917 -0.0244027 -0.0175423 0.0721665 2.95642 0.0781743 
3227 762 1347 0.235668 -0.144302 -0.536476 -0.038738 -0.0459798 -0.00464947 0.603464 0.0603025 
3228 1191 1114 1.73424 -0.520876 -0.141823 -0.0338499 -0.0791132 -0.123364 1.81632 0.150411 
3229 1191 1133 0.441273 -0.483085 -1.26567 -0.0247774 0.0981984 -0.0461191 1.42479 0.111283 
3230 1191 1072 -2.19777 -2.15239 -1.98797 0.0783784 -0.0272248 -0.0571735 3.66265 0.100763 
3231 1127 1280 -1.02907 0.411386 -1.60789e-05 -0.0232057 -0.0580481 0.0015902 1.10825 0.0625349 
3232 1127 1254 1.51342 -0.483208 -0.0371515 -0.0275801 -0.0828171 -0.0463638 1.58913 0.0988379 
3233 1127 782 -0.619861 -0.487957 -1.50515e-05 -0.0441261 0.0560533 0.0309641 0.788879 0.077768 
3234 1127 1369 0.435309 -0.4953 -0.973598 0.0695342 0.0933937 -0.0164227 1.17589 0.117589 
3235 1280 782 0.169351 -1.17378 -5.42131e-06 0.0410092 0.00591684 -0.0207808 1.18594 0.0463531 
3236 1280 946 -0.78352 -0.616771 1.67763e-05 0.00828077 -0.0105208 -0.0447913 0.997151 0.0467495 
3237 1280 1582 0.160362 0.0804143 -0.302245 0.0300509 -0.0126126 0.0125884 0.351475 0.0349371 
3238 922 946 0.144826 -0.0578972 3.84308e-07 0.000902951 0.00225857 -0.0154062 0.15597 0.015597 
3239 922 1571 -0.204522 -0.0729985 -0.143817 -0.00852042 -0.0148298 0.0196442 0.260464 0.0260464 
3240 922 962 0.281912 -1.95385 2.06655e-05 0.116649 0.0168305 -0.0203157 1.97408 0.119595 
3241 922 840 0.0828167 0.207128 -0.315481 0.0283184 -0.0242436 -0.00848319 0.386379 0.0382315 
3242 922 1508 0.421897 -0.620451 -1.12068 -0.126628 -0.00237933 -0.0463535 1.34866 0.134866 
3243 675 1639 -0.098152 0.124728 -0.224428 -0.0208031 -0.017912 -0.00085664 0.274879 0.0274653 
3244 675 1262 -0.382293 -1.7674 -2.60859 -0.0406708 -0.099375 0.0732902 3.17405 0.130004 
3245 1062 821 0.0308636 -0.211543 -0.000347451 0.00246362 0.000324562 0.0212333 0.213782 0.0213782 
3246 1062 1034 -0.0607852 -0.0480074 -8.59749e-05 -0.00244239 0.00308052 0.00667388 0.0774568 0.00774568 
3247 1062 1400 -0.139761 0.11458 -0.186089 -0.0128242 -0.0220823 -0.0039651 0.259405 0.025842 
3248 1401 1073 -2.32176 -0.160795 -0.0445978 -0.0017311 0.0773239 -0.188667 2.32775 0.203905 
3249 1401 1485 0.217918 -0.0777293 -0.0533933 -0.00718026 -0.00496144 -0.0220825 0.237447 0.0237447 
3250 1401 1621 0.179363 -1.59139 -0.581168 0.0949107 0.0578485 -0.129112 1.70366 0.170366 
3251 1401 1531 0.217071 0.062921 -1.23797 -0.0156056 -0.00501622 -0.00299132 1.25843 0.0166627 
3252 1073 1354 0.130898 0.206235 -0.662727 -0.0275829 0.0634262 0.0142897 0.706311 0.070625 
3253 1073 1281 0.346121 -1.75936 -1.40702 -0.214713 0.0173212 -0.0744772 2.27922 0.227922 
3254 1073 1330 -0.413968 -0.124366 -0.454125 -0.0470578 0.00888857 0.0404624 0.626949 0.0626949 
3255 1021 1347 -0.251532 0.194634 -0.484253 0.0510876 0.0199347 -0.0185237 0.579354 0.0578832 
3256 1021 1330 0.695933 -0.853511 -1.25741 0.144537 -0.00485844 0.083294 1.67149 0.16689 
3257 1232 822 1.33324 -1.29508 0.619274 -0.0386272 -0.113695 -0.154608 1.95914 0.195761 
3258 1232 1306 -1.39428 -1.38858 0.444218 0.145536 -0.129425 0.0522314 2.0173 0.201642 
3259 1232 2238 0.671585 -0.418252 -1.05378 0.0239406 -0.0297914 0.0270821 1.31773 0.0468414 
3260 1232 1387 -0.741524 -0.444461 -0.893603 0.0197596 0.102375 -0.0673163 1.24335 0.124107 
3261 1006 1500 1.50473 1.11988 -0.986393 0.0547246 -0.0308769 0.0484261 2.11927 0.0793301 
3262 1006 1299 -0.317685 2.47282 -0.387503 -0.0927934 -0.0246094 -0.0809682 2.52308 0.125587 
3263 1006 1387 1.53305 -1.22703 -0.997764 -0.121784 -0.0857692 -0.0816429 2.20258 0.169863 
3264 1006 1307 -1.34568 -1.67515 -0.781387 0.0652077 0.0323923 -0.181741 2.28638 0.195784 
3265 1006 1358 -0.00751531 0.0146397 -0.536298 -0.0252079 -0.0472283 -0.000935977 0.536551 0.0535428 
3266 1114 1035 -0.565796 -1.15365 -0.131553 0.0172984 0.00607316 -0.127657 1.29164 0.128966 
3267 1114 1391 0.292162 0.676951 -1.22496 -0.0126587 -0.0292273 -0.0191712 1.42974 0.0371755 
3268 1114 1307 1.05603 -1.635 -1.04211 0.116589 0.0502983 0.0392316 2.20781 0.132899 
3269 877 1614 -0.174288 -0.527086 -0.197198 -0.00776231 -0.018195 0.0554934 0.589137 0.0589137 
3270 877 1378 -0.811337 0.518601 -0.815331 2.72423e-05 0.0582468 0.0370215 1.26174 0.0690165 
3271 1566 1254 -2.64223 0.831895 2.47465 -0.0609249 -0.108773 -0.0284848 3.71448 0.127885 
3272 1566 1378 1.07362 0.854839 -0.0194915 0.0689738 -0.0884309 -0.0791238 1.37252 0.137252 
3273 1566 1607 1.58952 -0.449499 -1.04873 0.0572844 0.0667793 0.0582016 1.95664 0.105491 
3274 1566 1424 0.152546 -0.630447 -0.0289717 -0.0623184 -0.0146797 -0.00868733 0.649286 0.0646107 
3275 1566 1729 -0.218963 -0.387002 -0.68565 0.00131601 -0.0316457 0.0174416 0.817209 0.0361578 
3276 1254 1063 1.33956 -5.63023 -0.2805 0.174225 0.0316962 0.195823 5.79418 0.264018 
3277 1254 1369 -0.620832 -0.124926 -0.858035 -0.0446688 -0.0131102 0.0342289 1.06643 0.0577824 
3278 782 1629 0.0512703 -0.0204973 6.78009e-08 0.000777296 0.00194428 0.00500253 0.0552158 0.00542307 
3279 782 994 -0.666341 -0.524518 3.33555e-05 0.0519318 -0.0659742 -0.0103523 0.848015 0.0845972 
3280 782 1518 0.17881 -1.23954 1.53978e-05 -0.0683597 -0.00986111 0.0127835 1.25237 0.0702404 
3281 946 994 0.298899 -2.07178 3.75489e-05 0.00723219 0.0010458 0.132788 2.09323 0.132989 
3282 946 962 -1.27129 -1.00074 1.29503e-05 0.0255537 -0.0324626 -0.0290305 1.61791 0.0504934 
3283 946 1714 0.871192 -0.840869 -2.16257 -0.186228 0.112453 -0.118747 2.47845 0.247845 
3284 1571 1234 -0.0466734 -1.23032 0.515405 -0.0996505 0.0374991 0.0804894 1.33473 0.133473 
3285 1571 1271 -0.000298479 0.950887 -0.15389 -0.0494359 0.0131927 0.0816133 0.96326 0.096326 
3286 1047 1924 -0.209528 -0.550008 -0.845887 0.0994586 -0.0257978 -0.00786199 1.0305 0.10305 
3287 789 704 0.237653 -1.65883 -0.00118342 0.0624468 0.00891007 0.0510304 1.67577 0.0811363 
3288 789 1599 -0.581983 0.733761 -1.32028 0.150501 0.0161395 -0.0573715 1.61872 0.161872 
3289 789 1965 -0.328253 -1.1955 -1.90935 -0.174082 0.0308251 0.0106275 2.27653 0.177109 
3290 821 1034 -0.867042 0.345019 0.000480846 0.029859 0.0751015 -0.0466498 0.933166 0.0933166 
3291 821 704 1.3336 -0.533105 4.21754e-05 0.0137693 0.0344396 -0.0690605 1.43621 0.0783903 
3292 821 1514 -0.0109588 0.0138592 -0.0249675 -0.00285339 -0.000636815 0.000898928 0.0305867 0.00305867 
3293 1034 730 0.302911 -2.55769 0.0279555 -0.0914677 -0.00848084 0.215169 2.57572 0.233958 
3294 1034 1007 -0.175934 -0.214185 -0.257582 0.0255416 -0.0261699 0.00431535 0.378386 0.036822 
3295 1034 1514 0.545473 0.0796791 -0.780495 -0.0246567 0.000973979 -0.0171327 0.955543 0.0300405 
3296 1621 1281 -1.34073 0.131298 -0.416455 0.0210286 0.0568009 -0.0497911 1.41004 0.0784072 
3297 1621 1867 -0.407586 -0.546305 -1.7246 -0.126777 -0.117486 0.0671782 1.85441 0.185441 
3298 822 1475 0.710197 -0.701961 -1.38764 0.0497923 0.131523 -0.0410492 1.70959 0.146501 
3299 1306 1225 1.02401 -0.534914 -0.777029 0.0656055 0.122688 0.00199859 1.3923 0.139142 
3300 1306 1387 0.146345 0.510928 -1.4499 -0.106334 0.108437 0.0274793 1.54424 0.154339 
3301 1306 1092 -1.03063 -1.16592 -1.62723 -0.0956335 0.0522172 0.0231571 2.25155 0.111394 
3302 1035 1175 -0.743563 -0.45178 -0.0979135 0.000389385 -0.0191565 0.0854322 0.875544 0.0875544 
3303 1035 1307 0.518197 0.086305 -0.209323 -0.0172608 0.0488875 -0.0225741 0.565503 0.0565465 
3304 1035 1643 -0.155203 -0.108279 -0.86865 -0.0493265 0.0739621 -0.000406284 0.889025 0.0889025 
3305 1614 1072 1.28556 1.09564 -1.10455 0.0582096 0.0219983 0.0895693 2.0182 0.109064 
3306 1614 1424 -1.45997 -0.47026 -0.558036 -0.0271407 -0.0779516 0.136697 1.6322 0.159685 
3307 1063 1219 -1.24921 -2.20207 -0.168845 -0.143957 0.0756337 0.0786675 2.53735 0.180645 
3308 1063 1424 1.21106 -0.378155 -1.12186 0.0786879 0.0274267 0.0756991 1.69358 0.11258 
3309 1063 1830 -1.07756 -0.195428 -1.8239 -0.0697804 0.133052 0.02697 2.12743 0.152641 
3310 1629 1518 -0.0753626 -0.059322 1.06142e-06 0.0058719 -0.00745963 0.00136416 0.0959094 0.00959094 
3311 994 962 -1.29759 0.518748 -1.38819e-05 0.00259419 0.00648768 -0.0528346 1.39744 0.0532946 
3312 994 1518 0.74585 -0.298187 -2.17188e-05 -0.00917008 -0.0229381 0.0154108 0.803248 0.029116 
3313 994 1039 -0.415313 -2.12667 -0.174224 -0.0295297 0.0195858 -0.168683 2.17384 0.172365 
3314 994 1001 -0.311742 -0.0735391 -0.41515 -0.0417771 0.0114304 0.0293463 0.524348 0.0523181 
3315 994 982 1.69233 -1.42101 -3.66793 -0.0312739 0.0504349 -0.0339686 4.28217 0.0683784 
3316 962 1234 -0.730046 -0.160939 -0.125862 0.0170417 -0.0223459 -0.0702748 0.758096 0.0756856 
3317 962 694 -0.621532 -3.183 -0.260625 -0.318009 0.0593939 0.0330042 3.25357 0.325187 
3318 962 1508 0.276211 0.860524 -1.34997 -0.141668 -0.0506632 -0.061281 1.62456 0.162456 
3319 962 1001 0.271376 -0.415553 -0.643274 0.072908 0.0349047 0.00820912 0.812485 0.0812485 
3320 1234 1047 -0.135929 -0.00954319 0.0161595 0.0010747 0.00572788 0.0124227 0.137218 0.0137218 
3321 1234 405 -0.297527 -1.45124 -0.00484762 0.0199845 -0.00420323 0.0317676 1.48144 0.0377654 
3322 1234 1381 0.652858 0.134545 -1.41525 -0.0372564 -0.0219101 -0.0192693 1.56438 0.0473223 
3323 405 484 -4.07082 -0.512984 0.692061 -0.00439041 0.286993 0.186906 4.16097 0.342517 
3324 405 664 -0.224549 -1.88109 -2.13444 -0.0297242 0.103118 -0.0877509 2.8539 0.138626 
3325 484 704 -3.09254 1.2193 0.00759557 0.0141436 0.0354184 0.0729092 3.32424 0.0822816 
3326 484 1645 -0.0894192 -1.56553 -1.37281 0.111634 -0.117036 0.126195 2.0841 0.205145 
3327 484 705 -1.83336 -1.45766 0.00386875 0.128976 -0.162507 -0.108695 2.34222 0.234218 
3328 484 1924 -0.0030823 0.104062 -0.1804 0.0204664 0.00349046 0.00166376 0.208285 0.0208285 
3329 704 961 -0.852681 -0.671423 0.00111581 -0.0398891 0.0506338 -0.0143662 1.0853 0.0660402 
3330 704 1457 0.0410952 -0.153879 -0.273899 0.0301882 -0.00571424 0.00773969 0.316841 0.0316841 
3331 730 1007 -1.88341 1.38028 -2.23592 0.106797 0.223375 0.0479339 3.23292 0.25219 
3332 730 687 -0.396022 -0.32666 -0.0146098 0.00420781 -0.00281555 -0.0511068 0.51357 0.051357 
3333 730 971 0.0533804 -0.318286 -0.00306871 0.0295864 0.00507335 -0.0115484 0.322745 0.032163 
3334 730 1604 -0.2691 -1.22579 -2.00676 0.11372 -0.0427253 0.0108484 2.36687 0.121965 
3335 1007 1646 0.109771 0.988124 -0.416998 -0.0235072 -0.0386818 -0.0978488 1.07811 0.107811 
3336 1007 1466 -1.58197 0.822137 -1.3931 0.00804806 -0.136028 -0.0894157 2.26258 0.162983 
3337 1007 1703 1.40819 0.048444 -1.88026 -0.11713 0.186039 -0.0829293 2.34962 0.234962 
3338 1007 1939 -0.0144295 -0.0359011 -0.050677 -0.00290014 -0.00421107 0.00380902 0.0637593 0.00637593 
3339 1225 1329 0.535904 -1.09961 0.0841276 -0.0256541 -0.0116552 0.0110775 1.22614 0.0302768 
3340 1225 2238 0.509989 0.827583 -0.506121 0.042568 -0.0704724 -0.0723395 1.09597 0.109597 
3341 818 1092 0.599606 0.135168 -0.529919 0.0294411 0.0582915 0.0481813 0.811549 0.0811549 
3342 818 1319 -0.336274 -0.0321655 -0.678251 -0.0263715 0.0703049 0.00974071 0.75772 0.0757173 
3343 1175 1968 -0.223269 0.121554 -0.306592 -0.0113181 0.0319516 0.0209099 0.398274 0.0398274 
3344 1175 1243 0.330273 -0.5194 -0.727777 -0.00781427 0.0145752 -0.0139482 0.953161 0.0216345 
3345 1219 1579 -1.38106 -0.548605 0.00580807 0.021918 -0.0557955 -0.0584652 1.48605 0.083736 
3346 1219 987 -0.255285 -1.66473 -0.243558 0.075175 -0.00404338 -0.051158 1.70171 0.0910208 
3347 1518 1579 0.774379 -1.73003 -0.257109 0.0965842 0.0295206 0.0922613 1.91279 0.136792 
3348 1518 1111 0.494608 -0.24865 -0.99952 -0.0627663 0.0804772 -0.0510798 1.14259 0.114129 
3349 1039 694 -3.04537 1.21751 0.00010613 0.019623 0.0490696 0.155383 3.27972 0.164124 
3350 1039 1098 2.83273 -3.37779 -0.0199254 0.081951 0.066803 0.326169 4.40842 0.342878 
3351 1039 1537 -0.359496 -0.32874 -0.937111 -0.002151 -0.0241419 0.0092942 1.05616 0.0259584 
3352 694 405 -3.37783 -0.741742 -0.309701 0.0692953 -0.201003 -0.274379 3.47215 0.347113 
3353 694 844 -0.644649 -2.02183 -0.0226334 0.202161 -0.0644936 0.0031635 2.12223 0.212223 
3354 694 1001 0.116135 0.10326 -0.157411 0.01457 0.00664362 0.0151077 0.221197 0.0220151 
3355 694 1188 -0.354518 -0.263126 -1.10363 0.0197408 0.0329902 -0.0142069 1.18866 0.0409864 
3356 1645 705 -0.484132 0.0843082 0.432122 0.016353 0.0630763 0.00601494 0.654387 0.0654387 
3357 1645 664 0.349353 0.0798146 -0.0947056 -0.0116229 0.011462 -0.0332151 0.370658 0.0370096 
3358 1645 1227 0.140274 -2.02906 -0.815763 -0.0220524 0.0773686 -0.196232 2.1914 0.212083 
3359 705 986 -3.00813 -2.36838 0.00019577 -0.109682 0.139309 -0.0191435 3.82859 0.178336 
3360 705 1457 -0.0204681 0.577573 -0.991031 -0.00206873 0.0431671 0.0252005 1.14724 0.0500274 
3361 705 1724 -0.16469 -0.574893 -0.865768 0.0369935 0.0659149 -0.0508062 1.05223 0.0910745 
3362 961 986 0.223859 -1.50079 -0.00244319 -0.0234278 -0.00331447 -0.110593 1.51739 0.113096 
3363 961 1155 -0.4427 0.748971 -1.55014 -0.0890883 -0.0956182 -0.0207568 1.7776 0.132327 
3364 687 1921 -0.645877 0.413503 -0.673559 0.0780705 0.0230362 -0.0607199 1.0207 0.101551 
3365 687 971 0.420144 -0.157076 0.0084967 0.00497202 0.0155592 0.0417823 0.448626 0.0448617 
3366 687 1089 -0.480174 -0.522018 -0.0768085 0.0113621 -0.0203715 0.0674211 0.713422 0.0713422 
3367 1061 1921 1.49318 0.811455 -1.59047 0.0916197 -0.196373 -0.0141738 2.32759 0.217158 
3368 1061 1089 2.74617 -3.60024 -0.598667 -0.109193 -0.0245231 -0.353406 4.56745 0.370702 
3369 1061 1801 -3.25336 1.4215 -3.74743 0.0737879 0.0683628 -0.0381277 5.1622 0.107572 
3370 1061 1370 -0.169993 -1.17772 -1.76372 -0.129982 -0.134023 0.102022 2.12758 0.212758 
3371 1921 1939 1.71233 0.272812 -2.29664 -0.22495 0.0858108 -0.157525 2.87768 0.287715 
3372 1921 1788 -0.98186 -1.19601 -2.90265 -0.230684 -0.177306 0.151089 3.28936 0.327842 
3373 1663 1533 0.326773 0.410296 -1.23767 -0.114305 0.0636766 -0.00906987 1.34423 0.131159 
3374 1663 1475 -0.895373 0.921677 -0.619717 0.0907973 0.0719834 -0.0241272 1.42662 0.118355 
3375 1663 1801 2.12007 -0.175559 -0.717617 0.0332638 -0.0619367 0.113424 2.2451 0.133445 
3376 1663 1095 -0.382662 -0.379393 -0.672425 0.039663 -0.0740483 0.0192079 0.861699 0.0861699 
3377 1329 1300 -0.216051 -0.171394 0.175771 0.014438 0.00991799 0.0274176 0.327031 0.0325353 
3378 1329 1095 0.134336 -0.0317544 -0.0963256 0.00537345 0.0157865 0.00228969 0.168324 0.0168324 
3379 1329 1059 -0.897148 0.022618 -0.265853 0.0176691 0.0745239 -0.0532859 0.935983 0.0933027 
3380 1329 1938 0.0133993 0.13401 -0.280238 -0.002286 -0.0277277 -0.0133687 0.310921 0.030867 
3381 1329 1348 -0.932465 -1.60434 -2.57047 0.0407844 0.0494218 -0.0456411 3.17029 0.0786701 
3382 1154 1300 0.578302 -0.464282 -0.0385252 -0.0204251 -0.0284216 0.0359179 0.742614 0.0501505 
3383 1154 1279 -1.12922 -1.72559 -1.27828 -0.0607209 -0.027912 0.09132 2.42627 0.113161 
3384 1154 1059 0.928155 -0.148509 -1.68575 -0.156028 0.0211033 -0.0877662 1.9301 0.180258 
3385 1205 1283 -1.64721 -0.358992 0.107692 0.00727987 -0.0157358 0.0588942 1.68931 0.0613933 
3386 1205 1319 2.80063 2.18417 -2.60878 -0.153696 0.308257 0.093086 4.4068 0.356805 
3387 1205 999 1.18921 -1.66895 -0.466355 -0.172424 -0.109034 -0.0494832 2.10169 0.209921 
3388 1205 1350 -0.133824 -0.263079 -0.186307 -0.02893 0.0012663 0.0189923 0.349041 0.0346302 
3389 1283 1350 0.235935 -0.215819 -0.238271 0.0302116 0.00503186 0.0253577 0.398768 0.0397627 
3390 1283 1383 -1.71127 -1.25968 -0.663307 -0.118737 0.112312 0.0930425 2.22603 0.188068 
3391 702 1406 0.311912 0.660665 -1.35314 -0.0593576 -0.0170486 -0.0220064 1.53778 0.0655611 
3392 702 1383 0.664476 -3.0434 -3.23931 0.405489 0.17556 -0.0817648 4.4941 0.449364 
3393 1579 987 1.81589 -1.41922 -0.342593 0.0634813 0.109185 -0.115828 2.33002 0.171369 
3394 1579 1098 -2.27629 -1.21007 0.128484 -0.111598 0.218455 0.0802883 2.58114 0.258114 
3395 844 405 -0.465361 0.514051 -0.0546207 -0.0480273 -0.0457115 -0.0210184 0.695552 0.0695552 
3396 844 923 1.23072 -0.579006 -0.0274451 -0.0577141 -0.121807 -0.0183273 1.36039 0.136029 
3397 844 1168 -0.53761 -0.168645 0.0480176 -0.0123893 0.0474667 0.0279976 0.565483 0.0564841 
3398 844 621 0.0976626 -1.16507 -0.0267176 -0.0419188 -0.00154062 -0.0860469 1.16946 0.0957269 
3399 844 1113 0.118786 -0.320077 -0.731535 -0.0721263 0.00104914 -0.0121708 0.807281 0.0731535 
3400 1168 1203 -0.17509 -0.137831 -6.16525e-06 0.0115118 -0.0146235 -0.00290627 0.222831 0.0188365 
3401 1168 1149 0.110901 -0.247612 -0.305547 -0.0371717 -0.0169476 0.00024234 0.408619 0.0408536 
3402 986 1877 -0.590501 0.789209 -1.63029 0.0379686 0.173051 0.07002 1.9051 0.190502 
3403 986 1588 -0.931627 -2.34651 -2.92942 -0.315947 0.0132722 0.0898478 3.86724 0.328742 
3404 971 1604 -0.273333 0.458642 -0.821046 0.0798941 -0.0336048 -0.0453693 0.979378 0.0978301 
3405 1089 1545 1.05169 0.57012 -1.65403 0.0480371 0.0788715 0.0577295 2.0413 0.108908 
3406 1089 1426 0.601167 -4.23365 -3.02527 -0.0311641 0.0148115 -0.0269205 5.23807 0.0437642 
3407 1150 1345 -0.5584 -0.278741 -0.228122 -0.0296394 0.0117393 0.0582075 0.66449 0.0663658 
3408 1150 861 1.52876 -1.40166 0.672175 -0.0176093 -0.0423179 -0.0481938 2.18027 0.0665096 
3409 1150 1095 0.00265276 0.106981 -0.184106 0.00936245 0.0164753 0.00970837 0.212948 0.0212918 
3410 1150 1119 0.608355 -2.11422 -2.7327 -0.172158 0.0886658 -0.106924 3.50823 0.221207 
3411 1300 1661 -0.656528 -0.785555 -1.42015 0.0757749 -0.015067 -0.026696 1.7507 0.0817406 
3412 1345 1163 0.391847 -0.373665 0.244331 0.0422734 0.0393841 -0.00756452 0.594026 0.0582698 
3413 1345 1348 -0.712686 1.7995 -2.26183 0.211417 -0.072128 -0.124001 2.97691 0.255492 
3414 1279 1606 -0.0488326 0.239994 -0.316186 -0.025128 0.022718 0.0211244 0.399944 0.039922 
3415 1279 1661 0.376372 -0.157066 -0.145597 0.0195809 0.0370525 0.0106462 0.43304 0.0432393 
3416 1279 999 -1.55678 -0.19973 -0.267194 0.0110611 0.0892722 -0.131178 1.59212 0.159058 
3417 1279 1637 -0.583983 -1.43031 -0.981048 0.0781664 -0.0416099 0.0141349 1.8301 0.0896726 
3418 875 999 0.319199 0.0854927 -0.277837 0.0244511 0.01411 0.0324329 0.43173 0.0429982 
3419 1083 1578 1.66165 -1.74148 -0.141853 0.1307 0.133793 -0.111519 2.41121 0.21776 
3420 1083 1598 0.819139 3.0282 -2.1767 -0.113014 0.00569407 -0.0346079 3.81825 0.118331 
3421 1083 1333 -2.07447 -2.33965 -2.34418 -0.287244 -0.0023847 0.256576 3.90802 0.385157 
3422 987 1659 -0.116325 2.00217 -2.5128 0.139578 0.15642 0.118172 3.21502 0.240653 
3423 987 1333 1.00279 -1.5913 -0.92571 -0.00702248 -0.106964 0.176264 2.09637 0.206299 
3424 1016 1098 -2.88825 2.28721 0.36741 0.129169 0.207756 -0.277913 3.70247 0.370247 
3425 1016 1846 0.0810425 -1.27194 0.0417516 0.0416256 0.00245654 -0.00596106 1.2752 0.042122 
3426 1016 1772 0.335771 0.916472 -2.145 -0.0537754 0.0151269 -0.0019547 2.35663 0.0558967 
3427 1098 923 -4.86484 -1.20796 -0.131816 0.0863798 -0.342934 -0.0453266 5.0143 0.356538 
3428 1098 1371 0.629391 1.39598 -2.68259 -0.103215 0.19137 0.0753694 3.08888 0.230122 
3429 1098 1487 -0.460577 -0.412598 -0.99935 0.00480763 -0.109299 0.0429101 1.17519 0.117519 
3430 923 621 -3.39839 -2.36155 -0.0110566 -0.103772 0.149353 -0.00420374 4.13836 0.181914 
3431 811 1220 1.86949 -1.60733 -3.23674 -0.172985 -0.0184366 -0.090758 4.06878 0.196216 
3432 755 1382 0.723223 0.548542 -1.5956 0.0282613 0.0329038 0.0241215 1.83573 0.0496307 
3433 1312 861 -0.312929 -0.0213985 0.00880862 0.001145 -0.00393835 0.0311091 0.313783 0.0313783 
3434 861 1163 -1.68137 -0.773405 -0.458127 0.03097 0.0255065 -0.156722 1.90657 0.161777 
3435 861 1412 1.07755 -1.75466 -0.870322 0.119061 0.0143936 0.118391 2.23548 0.168521 
3436 1163 1233 -0.236531 -1.31413 -0.888167 -0.119461 0.00472487 0.0248231 1.60366 0.122104 
3437 1018 1143 1.33737 -0.510364 -0.581481 -0.0640199 -0.0203251 -0.129403 1.54504 0.145797 
3438 1018 1186 -0.173948 -2.07941 -2.5139 0.251309 -0.0280725 0.00583143 3.26709 0.252939 
3439 1578 1383 0.433302 0.814858 -0.59888 0.0884524 -0.06212 -0.0205257 1.10018 0.110018 
3440 1578 1351 0.246149 -0.368062 -0.504028 0.0295098 -0.0408783 0.0442625 0.670897 0.0670897 
3441 897 736 -1.31344 -1.32283 0.0644914 0.0595361 -0.0639266 -0.0987255 1.86525 0.131825 
3442 897 1487 -0.162196 0.983915 -1.22835 -0.0857581 0.022398 0.0292647 1.58216 0.093341 
3443 897 1067 1.93051 -0.288367 -2.55812 -0.0489762 -0.17782 -0.0169153 3.21776 0.185216 
3444 621 1623 -0.331386 -2.46827 -1.1408 0.0709385 0.00905112 -0.0401899 2.73927 0.082033 
3445 621 1570 0.644113 -0.194338 -0.726958 0.0247063 0.0752569 0.00177229 0.990513 0.0792284 
3446 621 1149 -2.30378 0.277954 -1.93285 -0.0949192 -0.209806 0.0829634 3.02003 0.244768 
3447 1450 863 1.20346 -0.682099 0.627066 0.000126087 -0.0698382 -0.0762094 1.51881 0.10337 
3448 1450 1588 -0.00222944 0.00920935 -0.00358759 0.000987525 0.000222557 -4.23752e-05 0.0101318 0.00101318 
3449 1450 1842 -0.737718 0.115366 -0.584228 0.0351271 -0.0666773 -0.0575224 0.948082 0.0948082 
3450 980 1252 -0.10549 -0.516345 0.379783 0.0333164 -0.00862954 -0.00247847 0.649597 0.034505 
3451 980 1426 -2.6749 2.5692 -0.269793 -0.0876011 -0.0975881 -0.0607815 3.71869 0.14454 
3452 980 1842 3.24513 0.416488 -1.38756 0.00850953 -0.279489 -0.0639895 3.55382 0.286847 
3453 980 1600 -1.85618 -1.17168 -0.527326 0.105723 -0.0968244 -0.157006 2.2575 0.21261 
3454 980 1078 0.201689 -2.28634 -0.933378 -0.189532 0.0456728 -0.152832 2.47774 0.247721 
3455 980 1525 0.185232 0.792228 -1.37623 0.0182621 0.0643374 0.0394939 1.59873 0.0776696 
3456 1024 1412 -1.6626 0.368284 -0.310271 -0.00113659 -0.0821962 -0.0914744 1.73094 0.122984 
3457 1024 1426 1.03238 1.08356 -0.829504 0.042325 -0.0945258 -0.0708 1.71114 0.125456 
3458 1024 1600 0.91788 -1.05773 -1.18458 -0.0854871 -0.0800162 0.00520743 1.83426 0.117208 
3459 1412 1157 0.256617 -1.29209 0.127652 -0.103037 -0.0281797 -0.0781009 1.3235 0.132327 
3460 1412 1529 0.212479 0.188088 -0.238842 -0.0105664 -0.0227101 -0.0272843 0.370904 0.0370382 
3461 1412 1611 -0.991081 -0.157811 -1.17802 -0.0979992 0.0976365 0.0693683 1.54754 0.154754 
3462 1143 1302 0.514561 -1.37259 0.539205 -0.0264503 0.0057557 0.0398931 1.5619 0.04821 
3463 1143 1661 -0.415979 1.21259 -0.290107 0.0514212 0.0387378 0.0881846 1.31438 0.109185 
3464 1143 1278 0.505452 -0.863915 -1.0072 0.111661 -0.0305405 0.0822313 1.41996 0.141996 
3465 1143 1635 0.51877 0.690315 -1.48157 0.0246893 -0.00788863 0.00496934 1.71485 0.026391 
3466 1267 1068 1.39715 -1.3361 0.443611 -0.037664 -0.0785442 -0.117943 1.98342 0.146623 
3467 1267 1265 -1.48016 -0.917277 -0.0722693 0.0268864 -0.0390327 -0.0552434 1.74284 0.0727892 
3468 1267 1637 0.220704 0.403387 -0.312647 0.0182262 -0.0377591 -0.0358518 0.556039 0.055166 
3469 1267 1944 -0.384806 -0.160989 -0.784027 0.00348642 -0.0870898 0.0161715 0.888083 0.0886471 
3470 1293 1351 0.191702 0.312341 -0.449509 0.0546759 -0.010033 0.0163463 0.57997 0.0579424 
3471 1293 1147 -0.392226 0.16361 -0.455301 0.0118742 -0.00331593 -0.0114208 0.622823 0.0168056 
3472 1593 1846 -0.182439 0.0376612 0.0816765 -0.00622167 0.00767454 -0.017436 0.203405 0.0200405 
3473 1593 869 0.372948 -0.388537 0.196564 -0.0389943 -0.0185271 0.0373637 0.573314 0.0570951 
3474 1593 1333 1.01765 2.29793 -0.434459 -0.155818 0.100522 0.166701 2.55046 0.249345 
3475 1593 1805 -0.734903 1.0291 -0.987373 0.127025 0.0977317 0.00731704 1.60438 0.160438 
3476 1593 1433 0.489673 -1.01857 -1.17631 -0.0279848 0.00876079 -0.0192355 1.63125 0.03507 
3477 1846 1956 0.0376579 -1.84076 -2.57394 -0.0696216 0.0272315 -0.0204932 3.16464 0.0775158 
3478 1094 1696 -0.743236 0.701975 -1.60476 0.0239013 -0.0630869 -0.038666 1.90274 0.0777579 
3479 736 765 -0.939145 -1.51071 0.025928 -0.0271336 0.0175318 0.038692 1.77902 0.050405 
3480 736 1570 -0.193185 0.883452 -0.947659 0.0347516 -0.0266706 -0.0319478 1.30991 0.0542186 
3481 736 1129 -0.0986909 -0.510538 -0.792893 -0.0239113 -0.0173773 0.0141653 0.948192 0.0327777 
3482 1623 765 0.643438 -1.34792 0.692366 -0.0197355 -0.00982016 -0.000777277 1.64629 0.0220575 
3483 1623 1204 -0.258998 -1.37524 -1.83661 -0.00904221 -0.0357728 0.0280615 2.30901 0.0463562 
3484 559 38 3.73502 2.57297 3.94781 -0.0573124 0.0900178 -0.00444553 6.01297 0.106807 
3485 559 548 -0.743807 -1.59941 0.11276 -0.108076 0.0538491 0.0508953 1.76751 0.131037 
3486 559 1620 -0.116386 0.285735 -0.302228 0.0222552 -0.0222345 -0.0295914 0.431893 0.0431893 
3487 559 1471 -2.60363 -0.692984 -2.00733 -0.00440692 -0.0170198 0.0115918 3.35983 0.0210585 
3488 559 1112 0.189083 -1.04271 -1.26866 0.0362575 0.11415 -0.0884158 1.65302 0.148869 
3489 863 1200 0.554107 -1.92847 -0.761225 -0.0666274 -0.0447488 0.0648667 2.14604 0.103196 
3490 863 1171 -1.3811 -1.23805 -0.630196 0.0709021 -0.0493593 -0.0584158 1.95892 0.104287 
3491 1252 1565 3.36175 -0.753184 -0.897754 0.0885048 0.184629 0.17652 3.56014 0.270333 
3492 1252 913 -4.48894 -0.496335 0.190443 -0.0247399 0.165451 -0.151944 4.52031 0.225994 
3493 1252 944 -0.304852 -1.02876 -0.344955 0.0798776 -0.0293369 0.0169002 1.12706 0.0867566 
3494 1252 1078 0.617502 -0.323863 -2.43499 -0.0808836 0.0151417 -0.0225256 2.53286 0.0853161 
3495 1157 1118 -0.887658 -0.0716358 -0.362856 -0.00882157 0.0957184 0.00268338 0.961631 0.0961615 
3496 1157 913 2.46954 -0.525741 0.786378 -0.0503506 0.101608 0.226052 2.6445 0.252901 
3497 1157 1464 0.657144 0.929394 -1.53668 0.0158066 0.00647816 0.0106775 1.91233 0.0201451 
3498 1157 1539 -0.294432 -1.01304 -1.08672 0.107034 0.0157295 -0.0436625 1.51456 0.116662 
3499 1118 1233 -1.99904 1.56041 -0.3167 0.035309 0.0377895 -0.0366816 2.55565 0.0634059 
3500 1118 1539 2.05797 -1.67865 -0.960744 0.157523 0.181973 0.0194726 2.82421 0.241468 
3501 1302 717 0.184797 -1.85672 0.431648 -0.169062 -0.0161193 0.00304259 1.91517 0.169856 
3502 1302 1233 3.56119 0.904387 -2.04199 -0.0604698 0.0816949 -0.0692758 4.20353 0.123003 
3503 1302 1103 -3.82396 -1.43615 -2.8473 -0.00413368 0.0866243 -0.038141 4.97919 0.0947396 
3504 1302 1456 0.0582455 -0.271277 -0.296352 -0.0383314 0.0050935 -0.0121962 0.405966 0.0405461 
3505 1068 1298 -1.24937 -0.788815 -0.521127 -0.000712473 0.00256337 -0.00217199 1.56676 0.00343454 
3506 1068 1186 0.404931 0.856984 -1.10313 0.0426844 0.0187929 0.0302679 1.4544 0.0555992 
3507 1068 1103 0.660487 -0.236647 -0.515325 0.0562727 0.017587 0.0640479 0.870519 0.0870519 
3508 1265 1298 0.479579 -0.412694 -0.0427987 -0.0042359 0.0016351 -0.063232 0.634148 0.0633948 
3509 1265 1394 -1.55343 0.629824 -0.953426 -0.0817825 -0.111934 0.0593072 1.92843 0.150781 
3510 1265 1022 -0.715985 -0.867779 -0.806647 -0.0702099 0.0912216 -0.0358162 1.38432 0.120555 
3511 1265 1944 0.903287 0.749231 -1.82702 0.0155143 0.197542 0.0886788 2.17147 0.217088 
3512 1624 1108 -2.59916 -3.29802 -1.26542 -0.129059 -0.0462351 0.385588 4.38564 0.409233 
3513 1624 1394 0.820445 1.37376 -1.92536 0.185049 0.0406116 0.107831 2.50347 0.21799 
3514 869 1147 0.226236 0.380446 -0.409895 -0.00682432 0.0455997 0.038557 0.603271 0.0601045 
3515 869 1395 0.957282 -0.672549 -1.44974 -0.0291749 -0.00529272 -0.0168092 1.86292 0.0340843 
3516 765 931 1.48832 -3.14302 0.210838 -0.0528729 -0.0183412 0.0998169 3.48398 0.114435 
3517 765 1249 -0.198865 -0.286196 0.0229749 0.00453023 -0.00203963 0.0138051 0.349262 0.0146719 
3518 765 1657 -0.0602015 -0.925689 -1.1523 0.0828823 -0.0168558 0.00921078 1.4793 0.085079 
3519 548 862 -0.736255 -1.16501 0.00491298 0.102352 -0.0647425 -0.0139808 1.37816 0.121913 
3520 1200 1171 -2.72993 0.755601 0.0935378 -0.0160398 -0.0520594 -0.0475904 2.83411 0.0723347 
3521 1200 862 1.69707 -3.30588 1.1347 0.155944 0.0310559 -0.142753 3.88542 0.213685 
3522 1200 920 -0.20788 -0.287353 0.108881 0.0112857 -0.00291925 0.0138428 0.370999 0.0180973 
3523 1200 1471 1.29573 1.45587 -0.78294 0.13569 -0.134157 -0.0249046 2.10035 0.192432 
3524 1200 747 0.102944 -0.461055 -0.482545 0.0489311 0.0383424 -0.0261961 0.675292 0.0674584 
3525 1171 1565 -3.50849 0.278664 0.0546803 0.0175074 0.183663 0.187347 3.51996 0.26294 
3526 1171 1521 1.25581 0.875196 -1.35707 -0.057235 0.0211654 -0.0393143 2.04564 0.0725908 
3527 1171 1334 -0.556617 0.320154 -0.93294 0.0710242 -0.0608735 -0.0632647 1.13256 0.112927 
3528 1171 1946 0.0764255 -0.154718 -0.271587 0.0219789 -0.0171468 0.0159532 0.321773 0.0321184 
3529 913 1600 0.706088 0.817247 -1.82319 -0.0717334 0.0812635 0.00864544 2.11907 0.108739 
3530 913 1428 -0.294879 -1.04771 -1.21948 -0.0759217 -0.019567 0.0351693 1.63455 0.0859293 
3531 717 1137 1.96666 -0.601835 -1.40366 0.0205507 0.20225 -0.0579233 2.49003 0.211382 
3532 717 1128 -1.47294 -0.615226 -1.34937 0.0216874 -0.0314967 -0.00931297 2.09018 0.0393588 
3533 990 1128 1.51576 -0.326367 -0.776644 -0.000680753 0.0859588 -0.0374508 1.73413 0.0937653 
3534 990 1445 -0.0607273 -0.170906 -0.180784 -0.00797517 0.0189645 -0.0152493 0.256085 0.0256085 
3535 1298 1144 -0.271109 -2.62407 0.803897 -0.0768689 -0.00715837 -0.0492898 2.75781 0.0915945 
3536 1298 1810 -0.492817 -1.84069 -1.78969 -0.25634 0.0261765 0.0436644 2.61419 0.261346 
3537 1298 1396 1.33289 1.02112 -2.16858 -0.120001 0.0848404 -0.0338081 2.74263 0.150801 
3538 995 1408 0.774652 -1.02995 -0.821946 -0.00392864 0.0544896 -0.0719818 1.52856 0.0903655 
3539 995 1760 -0.180848 -0.161525 -0.414828 -0.043895 -0.000985921 0.0195203 0.480498 0.0480498 
3540 1108 1026 -3.53521 -1.29921 1.32518 -0.141384 0.172179 -0.208369 3.99271 0.305046 
3541 1108 1437 0.359363 -3.61403 0.280448 0.35178 0.028037 -0.0894655 3.64267 0.36406 
3542 1108 1649 0.177529 1.53662 -1.62938 0.183424 0.0836979 0.0989177 2.24668 0.224576 
3543 1108 1395 -0.742121 0.299518 -0.362591 -0.028871 0.0244578 0.0792941 0.878594 0.0878594 
3544 1108 1760 0.442044 -0.327643 -0.39388 0.0477302 0.0446053 0.0164625 0.676679 0.0673708 
3545 1026 1395 0.0259412 0.42448 -0.474359 0.0560894 -0.023973 -0.0183849 0.637081 0.0637081 
3546 1026 1691 -0.146877 -0.912918 -1.72921 0.0369018 -0.16226 0.0825288 1.96091 0.185744 
3547 1618 1433 0.391316 0.347518 -0.380924 0.0132388 -0.0526782 -0.0344585 0.647302 0.0643246 
3548 1618 1956 -0.214909 0.283046 -0.103313 0.0294659 0.0171841 -0.0142149 0.370101 0.036954 
3549 1618 1804 -0.127316 -0.352827 -0.577075 0.0547864 -0.0151901 -0.00279986 0.688268 0.0569221 
3550 951 931 -1.76444 0.0702545 -0.0918296 0.00567797 0.0202652 -0.0935944 1.76823 0.0959314 
3551 951 1100 -0.220328 -0.349682 -0.016637 -0.00828671 0.00449561 0.0152527 0.413641 0.0179311 
3552 951 1042 -0.074949 -0.578899 -0.97603 0.0209778 0.0238241 -0.0157414 1.13727 0.0354323 
3553 931 1249 -0.0841574 0.00698153 0.000444755 0.000692098 0.00826968 0.00114695 0.0844476 0.00837747 
3554 931 1100 1.25352 -2.38504 0.0315583 0.0224398 0.0128774 0.0818899 2.69457 0.0858797 
3555 931 949 -0.199299 -0.315581 0.00143367 -0.0215318 0.013474 -0.0272778 0.373247 0.0372725 
3556 931 1244 0.887718 0.639925 -1.23953 0.0941071 -0.00319016 0.0657502 1.65347 0.114845 
3557 931 1657 -0.980132 0.57892 -1.75855 -0.153838 0.0195455 0.0921764 2.09483 0.180402 
3558 1249 548 -0.0076114 0.000315713 -0.00010898 -3.28274e-05 -0.000661354 0.000376806 0.00761872 0.000761872 
3559 750 93 0.200089 0.450048 0.834947 0.0186694 0.0817944 -0.0485623 0.96939 0.096939 
3560 750 862 -3.75691 0.190224 -0.0363944 0.000299976 -0.0154444 -0.11169 3.7619 0.112753 
3561 750 1523 -0.856534 0.715677 -2.76585 0.261064 0.136844 -0.0454377 2.98258 0.298236 
3562 862 920 -0.091832 0.0070251 0.000133444 0.000508797 0.00676894 -0.00620911 0.0921005 0.00919948 
3563 862 1028 -1.77159 -4.09694 0.243545 -0.250328 0.114462 0.104567 4.4702 0.294448 
3564 1707 1946 2.66182 1.27741 -2.06594 -0.0152848 0.291813 0.16074 3.6035 0.333505 
3565 1707 1648 -2.78767 0.108378 -1.10746 -0.0323263 0.195804 0.100532 3.00155 0.222465 
3566 1707 1573 -0.224131 -3.19323 -0.904706 -0.0706988 -0.00672931 0.0412665 3.32647 0.0821373 
3567 944 1428 -7.62894 1.36881 -3.36152 -0.100894 -0.308126 0.103508 8.44833 0.340345 
3568 1189 1428 0.340802 0.375726 -0.194315 -0.0177124 0.0225635 0.0125635 0.543208 0.0313158 
3569 1189 1253 -1.08736 -0.0897149 -1.09903 0.109107 0.0114762 -0.108885 1.54863 0.154571 
3570 1172 1137 -1.98918 0.228949 -0.867773 -0.0230934 -0.16939 0.00824549 2.18226 0.171156 
3571 1172 1539 1.74238 1.0148 -2.36787 0.119332 -0.241227 -0.015573 3.11006 0.269579 
3572 1137 1025 0.754263 -2.18636 0.349168 -0.221259 -0.0734662 0.0179394 2.33902 0.233826 
3573 1137 1456 -1.87474 1.37027 -0.988513 0.0573308 0.0339379 -0.0616848 2.52378 0.0907944 
3574 1137 997 1.17367 0.172291 -1.61671 -0.025278 -0.056494 -0.0243714 2.00523 0.066517 
3575 1144 1418 0.546706 -1.88704 -0.133849 -0.0963863 -0.0205592 -0.10384 1.96919 0.143164 
3576 1144 1445 0.980981 -0.3788 -0.917241 -0.0640454 -0.122685 -0.0178297 1.3954 0.13954 
3577 1144 1408 -0.736477 -0.168321 -0.429617 -0.0232554 -0.0563492 0.0619432 0.869081 0.0869081 
3578 1437 1581 -1.58267 -1.30231 -0.316448 0.00916151 -0.0586833 0.195685 2.07389 0.2045 
3579 1437 879 0.00944854 -3.00196 1.42218 0.0288281 -0.114796 -0.242504 3.32181 0.269847 
3580 1437 1760 2.26195 2.07154 -2.688 0.182715 -0.0036757 0.150922 4.07836 0.237014 
3581 1437 1338 2.65862 -1.84007 -1.91619 -0.063951 0.0287632 -0.116349 3.75844 0.135846 
3582 1437 1515 -0.0970314 -0.135464 -0.411271 -0.0348057 0.0275125 -0.000850322 0.443745 0.0443745 
3583 712 799 -0.357793 -0.273597 0.00496734 0.00366645 -0.00402157 0.0425864 0.450439 0.0429327 
3584 712 1031 -1.22154 0.319283 -0.870401 0.0750497 0.00785872 -0.102444 1.53352 0.127236 
3585 1025 1224 1.03557 -0.609784 0.0820873 0.0547096 0.0986095 0.0423327 1.20457 0.120453 
3586 1025 1253 0.795057 0.244015 -0.617471 -0.0475001 0.0470072 -0.0425847 1.03582 0.0792426 
3587 1025 1463 -2.23328 -3.50166 -1.63585 0.0361415 0.122937 -0.312498 4.46376 0.337749 
3588 1025 1587 -0.070338 0.052318 -0.475298 -0.047697 0.00179665 0.0072563 0.483314 0.0482793 
3589 743 1212 -0.200873 -0.0172915 -0.010447 0.000944574 -0.0171948 0.0102981 0.201887 0.020065 
3590 743 1634 0.894654 0.897669 -3.42283 -0.205806 -0.0621961 -0.0701047 3.64993 0.22614 
3591 743 1128 -1.75881 2.24849 -1.62007 0.052352 0.0132132 -0.0384969 3.28234 0.0663124 
3592 743 1554 -0.0677626 -0.267517 -0.200538 0.0213255 -0.0191694 0.018366 0.341134 0.0340522 
3593 1212 1128 1.6772 2.81504 -1.61383 0.0395752 0.154373 0.310405 3.65265 0.348925 
3594 1212 1445 -0.512579 0.229133 -0.55021 -0.0374321 -0.0658489 0.00744936 0.78611 0.07611 
3595 1418 1292 -2.5679 -0.486111 -0.394705 0.0298633 -0.103862 -0.0663717 2.64314 0.126824 
3596 1418 1445 0.480493 0.775793 -0.665716 0.0364291 -0.00966981 0.0150246 1.12956 0.0405749 
3597 1418 1616 -1.36057 0.674574 -2.87997 -0.101026 0.0193661 0.0522634 3.25583 0.115381 
3598 1292 1551 -2.10011 -1.48926 0.105013 -0.135907 0.186989 -0.0661571 2.5767 0.240442 
3599 1292 1231 0.186621 -1.96995 0.215657 0.0867884 0.0247925 0.151368 1.99049 0.176236 
3600 1292 1408 -0.295057 1.82283 -0.532404 -0.0385096 0.00355724 0.0335211 1.92178 0.0511792 
3601 1292 1616 0.413719 0.292254 -0.5494 -0.034496 -0.0429208 -0.0488086 0.747272 0.073583 
3602 1581 879 1.42366 -0.512496 1.07932 -0.00966197 -0.0337905 -0.00330031 1.8586 0.0352993 
3603 1581 1343 0.191971 -0.648623 0.0215076 0.0560568 0.0177029 0.0335337 0.676777 0.0676777 
3604 1581 1691 -1.00735 2.82354 -1.61536 0.12587 0.135414 0.1582 3.40537 0.243326 
3605 1581 1491 -1.66364 -0.20018 -0.999076 0.0061418 -0.00316954 -0.00959215 1.95088 0.0118227 
3606 1581 1515 0.240428 0.142487 -0.34189 0.00974431 -0.014345 0.000874064 0.441584 0.0173636 
3607 1581 2231 -0.0191178 -0.635783 -0.954606 0.0911495 -0.0587935 0.0373319 1.14711 0.114711 
3608 981 1177 -0.87844 0.0288105 0.0370421 4.24311e-05 0.0431717 -0.0325717 0.879693 0.0540806 
3609 981 909 -0.184654 -0.297812 0.0213262 -0.019527 0.0101576 -0.0272287 0.351061 0.0350126 
3610 1177 909 0.965989 -1.80096 0.0381015 0.157597 0.0839085 -0.0294156 2.04403 0.180949 
3611 1177 1563 0.457062 0.344238 -0.793695 -0.0599086 0.0322383 -0.0205171 0.978446 0.0710585 
3612 1177 1183 -1.23493 0.819801 -1.78634 0.0905179 0.075802 -0.0277892 2.32124 0.121292 
3613 1177 908 -0.0865234 -0.810461 -1.03457 0.119609 -0.0476773 0.0273461 1.31707 0.131633 
3614 1100 949 -3.83566 0.15204 -0.0302142 -0.000464344 -0.0378724 -0.131629 3.83879 0.13697 
3615 1100 343 -1.46865 -2.32517 0.0320245 -0.0645452 0.0388198 -0.141512 2.75034 0.160308 
3616 949 750 -4.95685 0.366462 0.00179066 0.0011762 0.0155465 0.0743089 4.97038 0.0759269 
3617 949 343 0.497476 -0.946452 0.0208691 0.0414021 0.0200976 -0.0754773 1.06943 0.0884018 
3618 949 1075 1.62357 0.715644 -2.95508 -0.240532 0.0279477 -0.125384 3.44683 0.272686 
3619 734 1028 -0.881442 0.0644442 -8.79855e-06 -0.00130834 -0.0178891 0.0422849 0.883795 0.045932 
3620 734 598 0.0254093 -0.0525284 2.76086e-07 0.00370895 0.00179413 0.00406665 0.0583512 0.00578903 
3621 734 1030 -1.02064 0.840243 -2.31838 0.113156 0.0371927 -0.0363358 2.66882 0.12453 
3622 1028 691 -0.164815 0.0120657 2.59459e-06 0.000505772 0.00690552 0.0150022 0.165256 0.016523 
3623 1028 974 0.598011 -1.23614 1.34914e-05 0.0201748 0.00976105 0.0937574 1.37319 0.0963989 
3624 1028 788 -1.60401 -2.36163 3.292e-05 0.125246 -0.0850678 -0.0939028 2.85485 0.17816 
3625 1028 1181 -0.655599 0.430631 -1.12387 -0.0399303 -0.0181614 0.016334 1.37053 0.0468089 
3626 691 874 -0.606272 -0.89266 5.12077e-05 -0.00310151 0.00210687 0.00706651 1.07908 0.00799962 
3627 691 1181 0.725674 0.337251 -1.14663 0.0272548 0.0583029 0.0343972 1.39825 0.0729741 
3628 898 1655 0.0887573 0.00659976 -0.103355 0.00118526 -0.0135814 0.000150617 0.136395 0.0136338 
3629 799 1031 -0.00201935 0.739181 -0.524391 0.0690648 -0.0332572 -0.0471453 0.906299 0.0899927 
3630 799 1963 1.44611 -0.856955 -2.00457 -0.130097 0.0581698 -0.118721 2.61608 0.185482 
3631 799 1196 -0.40734 0.0931158 -0.324176 -0.00906937 -0.0146179 0.0071972 0.528854 0.0186477 
3632 1224 1253 -0.0662379 0.533263 -0.477521 -0.018845 -0.0178857 -0.0173595 0.718876 0.0312472 
3633 1224 1196 0.4646 -0.0251159 -0.232567 0.00293509 -0.0169613 0.00769517 0.520165 0.0188552 
3634 1224 1662 0.136583 -0.508955 -0.361729 -0.00794514 0.0224992 -0.0346565 0.63917 0.0420763 
3635 1551 879 -4.64462 2.71736 2.66508 -0.0859857 -0.00766807 -0.142035 6.00493 0.166211 
3636 1551 1231 2.71531 -1.23013 0.201944 -0.0156953 -0.028586 0.0369051 2.98779 0.0492493 
3637 1551 1338 -0.185017 2.32644 -1.32656 0.0427532 -0.0387519 -0.0739237 2.68446 0.0937777 
3638 1551 1795 0.715235 0.0538649 -1.10618 -0.0170458 0.00505448 -0.0107753 1.31837 0.0207897 
3639 1551 1851 -1.74249 -1.3209 -2.55815 -0.0183273 0.11814 -0.0485176 3.36529 0.129023 
3640 879 1343 -0.726725 -1.02858 -0.827082 -0.0155019 -0.0428889 0.0669586 1.50671 0.0810137 
3641 909 1340 0.799185 -0.7841 -1.0158 -0.080721 -0.0659336 -0.0126132 1.51174 0.104987 
3642 666 416 -2.47878 0.251643 -0.0860105 -0.000333365 0.00324958 0.0191148 2.49301 0.0193919 
3643 666 1081 0.249674 -0.701662 -0.643512 -0.000764887 0.00835953 -0.00941169 0.984264 0.0126114 
3644 666 1290 -1.09196 -1.76779 -0.086517 0.122891 -0.0808004 0.0999453 2.07965 0.17782 
3645 666 908 1.19765 0.86939 -2.06174 0.107988 -0.050759 0.0413259 2.53791 0.126277 
3646 416 343 -2.63518 0.152576 0.00708018 0.0011026 0.0172683 0.0382506 2.6396 0.0419823 
3647 416 1093 -0.00110181 -0.0419697 -0.0569859 0.00374374 0.00477049 -0.00358582 0.0707818 0.00704494 
3648 343 1349 -2.20101 0.155085 -0.824433 -0.0207576 -0.0129353 0.0529839 2.35546 0.0583566 
3649 343 1239 -1.16243 -2.01503 -0.710701 0.036315 -0.0820113 0.173127 2.43243 0.194981 
3650 343 1003 1.0193 0.449781 -1.84299 0.181782 -0.0207916 0.0954642 2.15358 0.206375 
3651 1349 734 -2.06119 -0.102282 0.836558 -0.0090682 0.0364334 -0.0178886 2.22684 0.0415888 
3652 1349 1091 -0.313999 0.287833 -0.835978 0.0291328 -0.00782708 -0.0136374 0.938244 0.0331053 
3653 1349 1572 0.157533 -0.0917123 -0.212633 0.00420283 0.0264224 -0.00828266 0.280073 0.0280073 
3654 598 974 -3.56901 0.261049 -1.73998e-05 -0.00948392 -0.129656 0.0986645 3.57855 0.163203 
3655 598 1202 0.217775 -0.450155 -8.73037e-06 -0.0202426 -0.00979321 0.015887 0.500065 0.027533 
3656 598 731 -0.166057 -0.244507 -4.86232e-06 -0.0132548 0.00900184 0.00830557 0.295565 0.0180473 
3657 598 452 -0.679653 1.24607 -2.68186 0.185804 -0.100156 -0.0936234 3.0343 0.230911 
3658 974 788 -1.3753 0.100623 2.35289e-06 -0.00432925 -0.0591729 0.0686381 1.37898 0.0907269 
3659 974 731 0.230405 -0.476286 -6.13155e-06 -0.0284889 -0.0137816 0.00254675 0.529089 0.0317496 
3660 974 749 -0.794352 -1.16955 -1.12765e-05 -0.0542569 0.0368507 0.0409378 1.4138 0.0773155 
3661 974 1393 -0.914952 0.745249 -1.81802 0.128604 0.169217 0.00464354 2.16743 0.212591 
3662 974 1469 0.170223 -0.439787 -0.813211 -0.0217251 0.00481871 -0.00715351 0.940053 0.0233746 
3663 788 874 -0.329505 0.0241152 1.7056e-05 0.000649127 0.00885607 0.0190815 0.330387 0.0210465 
3664 788 749 0.342489 -0.707978 -7.61474e-06 -0.0324076 -0.0156776 0.0218031 0.786468 0.0420881 
3665 788 1465 -1.51852 -2.23565 -6.7353e-06 -0.128838 0.0875104 0.0352816 2.7026 0.159694 
3666 788 1605 -1.05653 0.636975 -2.16328 0.124697 -0.121632 -0.0967152 2.49033 0.199242 
3667 874 1465 0.417618 -0.863284 -5.18974e-05 0.00784354 0.00378989 0.0741107 0.958991 0.0746209 
3668 874 1655 -2.90253 0.969473 -3.49516 -0.170072 -0.0307843 0.132697 4.6455 0.217901 
3669 1217 835 -5.21717 -4.28142 0.38795 -0.225554 0.277261 0.0265977 6.76017 0.358407 
3670 1217 1431 3.85906 -0.0334923 -4.52467 -0.174832 0.26306 -0.15106 5.94694 0.350123 
3671 1217 1662 -0.755322 0.260898 -1.46519 -0.071059 0.114293 0.0569831 1.66894 0.146148 
3672 1178 835 2.67839 -2.92118 2.41977 0.297162 0.132327 -0.169175 4.64353 0.366656 
3673 1178 1413 -0.617933 -0.672065 0.0136937 0.02835 -0.0267638 -0.0342218 0.913072 0.0518763 
3674 1178 1463 -3.20655 3.21056 -1.33829 0.236481 0.171489 -0.155207 4.73082 0.330789 
3675 1178 1662 0.565062 0.101264 -0.261245 0.0279456 -0.024608 0.0509065 0.630713 0.0630713 
3676 1090 1502 -0.654635 -1.05458 -0.443601 -0.0413018 0.0232573 0.0056601 1.31813 0.0477365 
3677 1090 1414 -0.532582 -0.410355 -3.4269 -0.116797 0.144532 0.000844688 3.49223 0.185828 
3678 1045 1085 -1.38367 -0.644672 0.672015 -0.0390514 -0.0114981 -0.0914367 1.66786 0.100089 
3679 1045 1502 1.59079 -2.60159 0.0148987 -0.246899 -0.150416 0.0968564 3.04944 0.304902 
3680 1045 1554 0.882154 1.2521 -0.625825 0.106422 -0.0852524 -0.0205558 1.65457 0.137899 
3681 1045 1461 -0.516417 0.645871 -0.428008 -0.0739811 -0.0428151 0.0246539 0.931143 0.0889615 
3682 1045 1416 -1.04408 -1.55445 -1.00418 0.161582 -0.132779 0.0375369 2.12481 0.212481 
3683 1045 1359 -0.155487 -0.00914398 -2.95844 -0.2447 0.14928 0.0123993 2.96254 0.286908 
3684 1085 1416 0.814443 -0.830839 -2.10817 0.0991408 -0.0950276 0.0757515 2.40791 0.156836 
3685 1085 1165 -0.792858 -0.422599 -0.810874 0.0612414 -0.0944958 -0.0106329 1.21026 0.113106 
3686 1231 1020 0.0924761 -3.92357 1.59821 0.0413278 -0.0546827 -0.136636 4.2376 0.152865 
3687 1231 1198 1.659 0.734897 -1.11542 0.058538 -0.00926034 0.0809638 2.12991 0.100337 
3688 1231 1165 0.548124 -0.464768 -0.204267 0.000455753 0.0304558 -0.068073 0.747111 0.0745768 
3689 1231 1472 -0.340337 -0.307096 -0.24751 -0.027342 0.0252714 0.0062411 0.520959 0.0377516 
3690 1343 1851 0.856312 -0.188363 -0.760027 0.0537078 -0.0678281 0.0773222 1.16034 0.116034 
3691 1343 2231 -0.79874 1.0749 -2.29781 0.00869682 0.209708 0.0950767 2.65957 0.230418 
3692 1340 1907 0.165497 -0.597674 -0.0226884 0.0578038 0.0153954 0.0160843 0.620579 0.0619436 
3693 1340 2120 -0.244127 -0.755786 -3.4293 -0.0425537 0.153068 -0.0307054 3.52008 0.161813 
3694 1081 1290 -0.14379 -0.025325 0.113041 -0.00910538 -0.00866834 -0.0135242 0.184649 0.0184649 
3695 1081 1496 0.376007 -0.425738 -0.535369 -0.0151322 0.0130935 -0.0210402 0.780547 0.0290364 
3696 1290 652 -2.96174 0.257945 0.0520044 -0.00881631 -0.0871955 -0.0696095 2.97341 0.111921 
3697 1290 1516 -0.28285 -0.36867 -0.362393 -0.0365497 -0.0149425 0.0437286 0.589279 0.0589182 
3698 1290 1093 -0.554264 0.409334 -0.912371 -0.0529534 -0.076892 -0.0023284 1.14332 0.093391 
3699 652 1239 -2.77914 0.274099 -0.877872 0.0634888 0.0963734 -0.1709 2.92735 0.206217 
3700 652 1093 0.231873 0.123028 -0.369842 -0.033617 -0.0154621 -0.0262197 0.453524 0.0453503 
3701 1239 598 -4.73103 -0.259461 1.58841 0.0383453 0.0832999 0.127817 4.9973 0.15731 
3702 1239 1572 0.0317567 0.169896 -0.244918 -0.00317177 -0.0199299 -0.0142363 0.299763 0.0246968 
3703 1239 1313 1.40622 -1.51189 -1.62447 0.0820585 0.181901 -0.0982608 2.62719 0.222433 
3704 1239 1468 -0.617421 -0.465996 -0.748981 -0.00587902 0.0482611 -0.0251804 1.07672 0.0547517 
3705 731 749 -1.48921 0.108963 5.39489e-06 -0.00482454 -0.0659419 0.0865623 1.49319 0.108925 
3706 731 891 -0.505805 -0.777745 -0.00625675 -0.0274727 0.0178444 0.00278765 0.927775 0.0328777 
3707 731 1469 -0.381271 0.648004 -1.29647 0.0380226 -0.0645259 -0.0434331 1.49871 0.0865779 
3708 731 1213 0.133031 -0.128487 -0.292663 0.0282282 0.0195921 0.00422974 0.346204 0.0346204 
3709 749 1465 -0.130806 0.00957331 9.4302e-07 -0.000272739 -0.00372582 -0.00803815 0.131156 0.00886386 
3710 749 1263 -1.50666 -2.31665 -0.0192252 0.0529443 -0.0344775 0.00537516 2.76356 0.0634089 
3711 749 1207 -0.713731 0.61568 -1.83571 0.0949625 0.0459598 -0.0215072 2.06357 0.10767 
3712 1465 1308 -1.7502 -2.69122 -0.0228287 0.143857 -0.0931486 -0.0479893 3.21035 0.177974 
3713 1465 1282 -0.509785 0.316188 -0.876392 -0.0582175 0.0300379 0.0447015 1.06203 0.0793082 
3714 1320 1282 0.606613 0.262961 -0.966311 0.0493314 0.0532124 0.045449 1.17085 0.0856199 
3715 1320 1011 -1.84814 0.653801 -1.96125 -0.145764 0.0865448 0.166208 2.77301 0.237408 
3716 1320 1633 -0.149388 -1.26115 -1.68767 0.0843599 -0.00618403 -0.00284615 2.11212 0.0846341 
3717 835 985 0.14883 -0.0278289 -0.163045 -0.00304843 -0.000851926 -0.00263724 0.222505 0.00411992 
3718 835 1743 -0.196345 -0.151734 -0.506809 -0.0442391 0.0343546 0.00685336 0.564296 0.0564296 
3719 1413 1502 -1.73661 0.00368601 0.221047 -0.0219666 0.0164372 -0.17285 1.75063 0.175014 
3720 1413 1644 -0.835389 -2.80513 0.0424195 -0.0626095 0.0206366 0.131657 2.92718 0.14724 
3721 1413 1743 0.410991 -0.0734786 -0.177922 0.0108797 -0.0257157 0.0357516 0.453838 0.0453634 
3722 1413 1781 0.568905 0.959897 -1.972 -0.0935394 0.194871 0.0678711 2.26579 0.226563 
3723 1413 1568 -0.0868909 -0.255695 -0.452037 -0.0116578 -0.0107046 0.00829595 0.526562 0.0178694 
3724 1502 1101 -1.95008 -1.34174 0.562576 0.132067 -0.202716 -0.0256917 2.43301 0.243301 
3725 1502 1414 0.557607 1.10595 -1.04467 -0.0373198 0.0913448 0.0767833 1.6203 0.125029 
3726 1502 1410 -0.259163 -0.337682 -2.24222 -0.121481 -0.145556 0.0359622 2.28227 0.19297 
3727 1020 880 -0.583546 -0.246701 -0.125972 -0.0269679 0.0573071 0.0126957 0.645953 0.0645953 
3728 1020 1236 -0.569301 -2.15399 -3.25434 -0.0366124 0.277719 -0.177413 3.94393 0.331578 
3729 1084 880 0.162589 -0.155504 0.0645959 -0.0120897 -0.00456479 0.0194411 0.234071 0.0233443 
3730 1084 1472 0.697686 0.0407834 -0.288221 0.0286802 -0.0207964 0.0664823 0.755976 0.0753323 
3731 1477 1099 -1.22464 -0.250465 -0.137701 -0.0126566 0.041211 0.0376016 1.25755 0.057205 
3732 1477 1654 -0.160621 -0.520341 -0.0794288 -0.012325 -0.0037437 0.0494487 0.55033 0.0510989 
3733 1477 1907 2.28226 0.803167 -0.645127 0.00565295 -0.0274513 -0.0141778 2.50399 0.0314092 
3734 1477 1759 1.02107 -1.23244 -2.60918 -0.00285943 0.00146794 -0.00181238 3.06094 0.00368997 
3735 1516 1994 0.318358 0.0847109 -0.283457 0.0256817 0.0126818 0.0326337 0.434599 0.0434205 
3736 1516 1313 -0.83988 0.208166 -0.257995 0.0212559 0.0121284 -0.0594108 0.902935 0.0642539 
3737 1516 1698 -0.196938 -0.22865 -0.0993013 0.00299781 0.00911286 -0.0269285 0.317689 0.0285863 
3738 814 1202 -1.33405 0.0460849 0.034478 0.00176595 -0.00887278 0.0801894 1.33529 0.0806981 
3739 814 1105 0.972054 -1.91256 -0.0132412 0.0408938 0.0201111 0.0972232 2.14545 0.107374 
3740 814 1313 0.097021 0.842249 -1.86476 0.084618 -0.171545 -0.0730785 2.04845 0.204764 
3741 1202 731 -1.79333 0.131152 1.81159e-06 -0.00154854 -0.0211729 -0.095988 1.79812 0.0983077 
3742 1202 1517 0.376739 -0.360087 -0.828272 -0.0285327 0.0225622 -0.0227869 0.978585 0.0429233 
3743 700 537 0.400222 -0.272426 0.684507 0.0107596 -0.0748423 -0.0360774 0.838417 0.0837777 
3744 700 891 -1.26263 0.0923643 -0.00030308 -0.0033902 -0.0464113 -0.0204328 1.266 0.0508232 
3745 700 1134 1.28294 -0.0783111 0.00588488 0.00177142 0.0301646 0.0152244 1.28534 0.0338353 
3746 700 1213 -0.0661166 0.525979 -0.816892 0.0297213 0.0119664 0.00529939 0.973826 0.0324751 
3747 700 1492 0.0582905 -0.0556006 -0.127065 0.0102336 -0.0075792 0.00801108 0.150449 0.0150449 
3748 891 1263 -1.643 0.120252 -0.000344484 0.000630596 0.00845077 -0.0576287 1.6474 0.0582485 
3749 891 1675 -0.507479 -0.747199 -1.7381e-05 -0.00836059 0.00567715 0.0495572 0.903239 0.0505771 
3750 891 1029 -0.325925 0.63775 -1.40871 -0.0181553 0.00884214 0.00820348 1.58032 0.0217966 
3751 1263 1308 -1.94477 0.142325 -0.00028679 0.0016137 0.0220108 -0.0195478 1.94998 0.0294821 
3752 1263 1286 -1.52462 -2.24468 -0.000713075 -0.0137249 0.00930557 0.0522581 2.7135 0.0548259 
3753 1263 753 -0.15434 0.129562 -0.30894 0.0282506 0.0232124 -0.00437869 0.368851 0.0368251 
3754 1308 1013 -1.79887 -0.421046 -0.147747 -0.0133402 0.0917803 -0.099131 1.85339 0.135752 
3755 1308 1286 0.58492 -1.20915 -0.000155424 -0.0217446 -0.0105149 -0.030487 1.3432 0.0388953 
3756 1308 1633 -0.72099 0.432741 -1.09017 -0.0594556 -0.0105411 0.0351371 1.37679 0.069862 
3757 1308 2054 -0.00265147 -0.700314 -1.046 -0.0381649 -0.0220498 0.0148595 1.25879 0.046514 
3758 1013 1009 -1.35826 -0.220222 -0.153551 -0.00431523 -0.0421332 0.0985981 1.38454 0.10731 
3759 1013 1633 0.166935 0.202264 -0.265994 0.0282875 -0.0243825 -0.000787649 0.373539 0.0373539 
3760 1013 1336 -0.0847327 0.0167272 -0.181763 0.0181411 -0.00140501 -0.00858619 0.201239 0.0201196 
3761 886 1110 0.677462 0.349175 -0.841895 0.0861418 0.00974166 0.0733576 1.13563 0.113563 
3762 886 985 -0.728372 0.664028 -0.964451 0.0289306 0.0555609 0.016405 1.37899 0.0647542 
3763 886 1324 0.0233463 -0.284686 -0.47058 0.0394898 -0.0319159 0.0212673 0.550487 0.0550487 
3764 948 1644 -1.13105 -0.309161 -0.598758 0.0435341 -0.0177453 -0.0730731 1.31657 0.0868895 
3765 948 1151 0.016484 -1.04616 -1.51723 0.0496163 0.086927 -0.0593986 1.84302 0.116388 
3766 1644 1036 -3.71177 -3.57984 2.24166 -0.132669 0.10702 -0.0487675 5.62295 0.177292 
3767 1644 1151 1.69262 -0.648959 -0.718447 0.0298186 0.161259 -0.0754114 1.94994 0.180501 
3768 1644 1568 0.193592 0.760237 -1.40401 -0.0705964 0.0544934 0.0197726 1.60832 0.0913474 
3769 1101 1416 -0.679895 2.16317 -2.27786 0.157151 0.0893555 0.0379501 3.21407 0.184719 
3770 1101 1995 0.81599 -0.630445 -0.9878 -0.113605 -0.0720815 -0.0478405 1.42795 0.142795 
3771 880 1211 -0.843165 -1.84661 0.385751 0.0990184 -0.0792859 -0.163114 2.06633 0.206633 
3772 880 1472 0.131201 0.412838 -0.377737 -0.0244826 -0.0183758 -0.028587 0.574747 0.0418842 
3773 880 1983 -0.419217 -0.746821 -2.05028 -0.0893506 0.0886948 -0.014038 2.22197 0.126678 
3774 1051 757 -0.476609 -1.72001 0.0811278 -0.00119926 -0.00327764 -0.0765356 1.78667 0.0766152 
3775 1051 1327 -0.302188 0.245705 -2.22195 0.0987152 0.066746 -0.00604456 2.25582 0.119316 
3776 1099 752 -0.226653 -1.62113 1.12479 0.167138 0.0443997 0.0976712 1.9861 0.19861 
3777 1099 1994 -0.339524 1.13448 -1.30378 0.0285881 0.134722 0.109783 1.76129 0.176124 
3778 1099 1825 0.399164 -0.235296 -1.13965 0.0747685 0.0975084 0.00605582 1.23025 0.123024 
3779 1675 1286 -0.126742 0.00928002 -5.75224e-05 -0.0004622 -0.00638041 -0.0109589 0.127081 0.0126894 
3780 1675 735 -0.786364 -1.15759 -0.000885954 0.0162031 -0.0109755 -0.0410207 1.39942 0.0454499 
3781 1675 1787 -0.678624 0.530649 -1.28905 0.0990128 0.0439844 -0.034019 1.55041 0.113558 
3782 1286 735 0.972924 -2.01148 -0.000403172 0.10795 0.0521984 0.0787165 2.23442 0.143437 
3783 1286 2054 -0.405031 0.318292 -0.769047 0.0761183 0.0487607 -0.0199079 0.925631 0.0925631 
3784 1286 2018 -0.0850633 -1.06039 -1.49596 -0.0610794 0.0386484 -0.0239222 1.83563 0.0761358 
3785 1009 1336 1.18706 0.513396 -1.67964 -0.0878256 -0.0301283 -0.071278 2.11988 0.117054 
3786 1009 1324 -1.21075 0.507117 -1.5283 0.0738632 -0.0226724 -0.0660391 2.01464 0.101641 
3787 1044 1324 0.0554528 0.0744925 -0.0902463 0.00858287 -0.00931481 -0.00241494 0.129493 0.0128943 
3788 1167 1216 0.811737 -1.38853 -0.671688 0.074437 -0.0311673 0.154387 1.74301 0.174206 
3789 1167 1151 -0.80145 0.555187 -1.32464 0.122348 0.0682917 -0.0454021 1.64476 0.14729 
3790 1036 819 1.31834 -2.40919 0.247125 -0.0740754 -0.0584527 -0.174675 2.75741 0.198533 
3791 1036 1995 -0.639937 1.39761 -1.72932 0.0605015 -0.0489019 -0.0619106 2.31374 0.0994221 
3792 1036 1363 -1.76232 -0.72 -1.55925 0.114385 -0.215856 -0.0296083 2.46078 0.246078 
3793 1665 1164 -0.507244 0.0211986 0.320595 0.00051688 -0.019135 0.00208307 0.600439 0.019255 
3794 1665 1304 -0.455576 -0.732285 0.144541 0.025004 -0.0221821 -0.0335711 0.874461 0.0473736 
3795 1665 1532 -0.19277 0.361051 -0.477401 -0.0107493 -0.00965088 -0.00295834 0.628832 0.0147458 
3796 1665 1493 0.373377 -0.205675 -0.909318 0.0189017 -0.0463213 0.0182385 1.00428 0.0532502 
3797 1164 1235 -0.756669 -0.441773 -0.565117 -0.00773135 0.0866864 -0.057414 1.04263 0.104263 
3798 1235 1211 -0.186882 0.0366071 0.112291 0.00510932 0.00263426 0.00764448 0.221076 0.00956465 
3799 1235 1384 -0.832756 -1.4441 0.996839 0.0269292 -0.0508603 -0.0511837 1.94232 0.0770177 
3800 1235 1236 0.469456 1.3059 -0.450644 -0.0264439 -0.0311035 -0.117681 1.45905 0.124562 
3801 1235 1815 -0.24634 -0.128201 -0.583555 0.00850365 -0.0398246 0.00515937 0.646263 0.0410479 
3802 1211 757 -0.422398 -0.082637 0.0120865 -0.00256091 0.018747 0.0386774 0.430575 0.0430575 
3803 1211 1384 0.484703 -1.05768 0.0061449 -0.02797 -0.0132623 -0.0765107 1.16347 0.0825354 
3804 1211 1527 -0.841217 -0.138901 -1.42748 -0.0692749 -0.00923505 0.0417225 1.66272 0.0813945 
3805 757 1139 0.263776 -0.589922 -0.0132871 0.00969222 0.00373608 0.0265359 0.646345 0.0284965 
3806 893 1193 0.967422 0.46376 -1.51821 0.0222138 -0.0606859 -0.00438251 1.85901 0.0647722 
3807 1654 752 -0.107759 -0.00945992 0.0813737 -0.00814051 -0.000271111 -0.0108115 0.135363 0.0135363 
3808 752 1710 0.00933437 -0.195114 -0.161958 0.0202698 0.0101485 -0.0110578 0.253746 0.0252217 
3809 752 1443 -0.257866 -0.0260709 -0.282723 0.0109037 0.0343236 -0.0131102 0.383545 0.0383259 
3810 1105 1134 -1.19588 0.0319736 0.0359858 0.000657165 -0.0777503 0.0909203 1.19684 0.119633 
3811 1105 1698 -0.118325 0.436725 -1.15403 0.0478001 -0.0473678 -0.0228267 1.23956 0.0710606 
3812 1105 1443 0.510309 -0.201056 -0.53947 -0.0155284 0.0645027 -0.0387286 0.769328 0.076822 
3813 1134 1517 -0.0609478 0.476398 -0.75725 0.083957 -0.0231728 -0.0213357 0.896714 0.0896714 
3814 690 1478 1.72533 -0.128114 0.000877209 -0.0033362 -0.0460492 -0.163567 1.73008 0.169959 
3815 690 1159 -1.54826 -2.27602 -0.00104484 0.124409 -0.0846384 0.0195528 2.7527 0.151735 
3816 690 993 -1.51649 1.12654 -2.88676 0.243562 -0.0186735 -0.135236 3.44996 0.279213 
3817 690 1540 0.132621 -0.126555 -0.290091 0.00275657 -0.0128446 0.00686381 0.343157 0.0148221 
3818 1392 1909 -0.257328 0.2626 -0.238909 0.0344796 0.0114575 -0.0245443 0.438468 0.0438468 
3819 1392 1242 0.343551 -0.556881 -0.301665 0.0564289 0.0113317 0.0433455 0.720518 0.0720518 
3820 1392 1747 -0.17166 -0.197749 -0.451211 -0.00423692 -0.00602351 0.00425178 0.521693 0.00850363 
3821 1909 1362 -1.26965 -0.505268 0.563725 0.00993863 0.0282778 0.0477299 1.47821 0.0563609 
3822 1909 2054 1.04829 0.695916 -0.351405 -0.0340093 0.0565109 0.0104587 1.30641 0.0667795 
3823 1362 1397 -0.266186 -0.61501 0.0770533 -0.0432055 0.0244106 0.0455796 0.674559 0.0673802 
3824 1362 1407 0.38041 -1.16509 -2.26675 0.0223628 -0.1988 0.105934 2.57688 0.22637 
3825 1356 1216 -0.451114 0.0552695 0.0600941 -0.00307587 -0.0164225 -0.0079859 0.458443 0.0185184 
3826 1356 1397 0.551658 -0.800527 0.666958 -0.0133947 -0.00718044 0.00246066 1.17898 0.0153958 
3827 1356 1602 -0.0402244 -0.088447 0.0138584 0.00867561 -0.00415614 -0.0013441 0.0981475 0.0097132 
3828 1356 1908 0.473291 1.33941 -1.48486 0.0681924 -0.0930154 -0.0621683 2.05496 0.131023 
3829 1216 938 -0.207357 -0.634204 0.395956 -0.0735161 0.0246206 0.000935573 0.775882 0.077535 
3830 1216 1544 -1.01327 -0.119235 -0.664414 -0.0156186 0.0557573 0.013813 1.21753 0.0595283 
3831 1216 1447 0.231554 -0.0742048 -1.70942 -0.0539272 0.139285 -0.0133512 1.72663 0.149956 
3832 733 819 -0.00393347 0.000421606 -2.08062e-06 1.45263e-05 0.00013369 -0.000372042 0.003956 0.0003956 
3833 733 1544 0.274954 0.0810147 -1.53177 -0.0352373 0.034513 -0.00449975 1.55835 0.0495284 
3834 733 1288 -0.718705 -0.763654 -0.830155 0.0246304 0.0323536 -0.0510856 1.33748 0.0652928 
3835 819 1117 -0.447597 -0.407002 -0.425209 -0.0554311 0.042841 0.0173431 0.739457 0.0721716 
3836 819 1294 1.16894 2.40694 -3.40456 0.38618 0.0708003 0.182647 4.33022 0.433022 
3837 1304 1858 -0.335338 0.723423 -1.10344 -0.122935 0.0238293 0.052983 1.36138 0.135971 
3838 1384 1314 -0.67373 -0.110856 -1.16234 -0.116712 0.00864399 0.0668259 1.34805 0.134767 
3839 1384 1331 0.856719 -1.0066 -1.30693 0.0661613 -0.0887689 0.11174 1.85883 0.157299 
3840 1139 1617 0.0621348 -0.797853 -0.103963 0.0319746 0.0120171 -0.0731136 0.806994 0.0806994 
3841 1139 1314 1.05372 0.243831 -1.86003 0.00790374 0.0109494 0.00591287 2.15162 0.0147418 
3842 1139 1642 -0.383235 0.183076 -0.47461 0.0289345 0.0567185 -0.0014852 0.636899 0.0636899 
3843 1160 1948 -0.0582319 0.53488 -0.579138 -0.0323473 -0.0545791 -0.0471556 0.790499 0.0790499 
3844 1160 1914 -0.86256 -0.17517 -0.967927 -0.0570849 -0.0959253 0.0682307 1.30827 0.130827 
3845 1160 1779 0.628616 -0.560966 -1.02485 -0.0129739 0.0420236 -0.03096 1.32671 0.053785 
3846 1160 1415 -0.0493225 -0.203114 -0.0597949 -0.00483243 -0.00489444 0.0206118 0.217402 0.0217291 
3847 1710 1014 -0.470716 -1.04303 0.837074 0.0514531 -0.00722446 0.0199319 1.41781 0.0556497 
3848 1710 2023 -0.128887 0.850715 -1.40374 -0.104813 0.0316414 0.0287993 1.64646 0.113209 
3849 1478 1492 -0.0633728 0.695749 -1.10498 0.103906 0.0189816 0.00599253 1.30731 0.105795 
3850 1478 1613 1.3482 -1.01767 -2.48442 0.233267 0.048011 0.106919 3.00427 0.261056 
3851 1791 1478 0.75187 1.1053 0.000744982 -0.00926615 0.00629231 0.0161486 1.33679 0.0196528 
3852 1791 1159 -1.68268 0.124975 -0.000555641 -0.000826221 -0.011346 -0.0498515 1.68731 0.051133 
3853 1791 929 0.227545 -0.857519 -0.0350304 -0.005629 -0.00510695 0.0884507 0.887887 0.0887766 
3854 1791 1540 -0.0414199 0.456015 -0.724463 0.0519742 -0.00191883 -0.00417935 0.857037 0.0521773 
3855 1791 1434 0.104081 -0.078464 -0.175706 -0.0135005 -0.0172122 -0.0003108 0.218774 0.0218774 
3856 1159 735 -0.923609 0.0676564 -0.000601568 -0.00128711 -0.0179244 -0.0397544 0.926084 0.0436274 
3857 1159 966 0.581856 -2.22056 -0.0870679 -0.0951088 -0.0259699 0.026739 2.29718 0.102152 
3858 1159 1875 -1.16913 0.866921 -2.13612 0.0910076 0.156509 0.0137078 2.58485 0.181564 
3859 1159 1360 0.156099 -0.147189 -0.323476 0.00278969 -0.0347139 0.0171418 0.38816 0.038816 
3860 735 956 0.310958 -1.18681 -0.046482 -0.0350621 -0.0121021 0.0744376 1.22775 0.0831671 
3861 735 1242 -1.12948 -1.21939 -0.804061 -0.0430772 -0.0404193 0.121809 1.84639 0.135376 
3862 735 2018 -0.954389 0.638987 -1.61409 -0.144697 0.0189095 0.0930428 1.98102 0.173065 
3863 1064 1397 -0.987708 -0.0886327 -0.0205947 -0.00297408 0.0365702 -0.0147512 0.99189 0.0395452 
3864 1064 1747 0.186533 0.067372 -0.302597 0.0116933 0.0166309 0.0109111 0.3618 0.0230732 
3865 1064 1498 -0.257913 -0.699079 -0.963461 0.105265 -0.0062901 -0.0236148 1.21799 0.108064 
3866 1397 1602 -0.510724 -0.129275 -0.247 -0.0078068 0.0128981 0.00939155 0.581859 0.0177626 
3867 938 1602 1.90527 -0.462675 -1.13265 -0.0392568 0.0377812 -0.0814689 2.26429 0.0980087 
3868 938 1206 -0.977593 -0.770431 -0.238838 -0.0109423 -0.024514 0.123864 1.2674 0.12674 
3869 938 954 0.175934 -0.568698 -0.0285928 0.0515933 0.0146546 0.0259843 0.595976 0.0595971 
3870 938 1190 -0.250355 -0.29528 -1.08973 0.010324 0.110554 -0.0323282 1.15645 0.115645 
3871 1117 1104 -0.488597 0.11231 0.00920118 -0.0089786 -0.0412744 0.0270196 0.501423 0.0501423 
3872 1117 1490 0.285967 -0.0106857 -0.494273 0.0191588 -0.0523989 0.0122174 0.571136 0.0571136 
3873 1104 1363 1.08058 2.54404 -0.466937 0.056841 -0.0177247 0.0349699 2.80318 0.0690504 
3874 1104 1785 1.2872 -0.286597 -2.45289 0.0206872 0.113423 -0.00239647 2.7849 0.115319 
3875 1199 1831 -0.283865 -0.201774 0.200799 0.0117269 -0.0016617 0.0149083 0.40201 0.0190404 
3876 1199 1460 0.555009 -1.5626 -1.22621 0.0399242 -0.0130265 0.0346708 2.06236 0.0544583 
3877 1182 1014 -1.20966 0.48031 -0.0169958 0.0410146 0.105565 0.064159 1.30164 0.130164 
3878 1182 1831 0.476237 -0.250797 -0.00203161 0.00299684 0.00577205 -0.0100464 0.538242 0.0119678 
3879 1182 1880 -0.540776 -0.427737 -0.00190847 -0.00164611 0.00177368 0.0689069 0.689494 0.0689494 
3880 1182 1415 0.718435 -0.165537 -1.26455 0.12392 0.0429211 0.0647848 1.46377 0.146272 
3881 1014 1880 0.226001 -1.54182 0.0160346 0.0665252 0.0102243 0.0454879 1.55838 0.081236 
3882 1014 1375 0.0993834 -0.0956663 -0.395573 -0.0235425 -0.0293347 0.00117958 0.418936 0.037632 
3883 1014 1442 -0.18145 0.0642319 -0.184541 0.0191575 0.00098118 -0.0184951 0.266656 0.0266466 
3884 1969 1497 -0.197212 0.0958793 0.188792 -0.0197314 0.00103968 -0.0211394 0.289358 0.0289358 
3885 1969 1442 0.501238 0.366979 -0.0485431 -0.0147204 0.0122803 -0.0591593 0.623113 0.0621878 
3886 1497 1613 0.0163576 0.68749 -1.01217 -0.0483791 0.0772573 0.0516932 1.22368 0.104792 
3887 1497 1434 -0.113331 -0.0618532 -0.17451 0.00208052 -0.0207306 0.0059966 0.21708 0.0216805 
3888 929 1309 -0.330855 -0.485276 -0.00676899 0.008478 -0.00590855 0.00920209 0.58737 0.0138371 
3889 929 1628 -0.0735464 -0.0716743 -0.177868 -0.018226 0.00772498 0.00442338 0.205386 0.0202837 
3890 966 960 -0.910198 -1.345 -0.00264674 0.0246753 -0.0166395 -0.0299005 1.62404 0.0421874 
3891 966 1360 0.155848 0.61499 -0.832773 -0.0258456 -0.0160695 -0.0167039 1.04691 0.0347166 
3892 966 1987 -0.463615 -0.469341 -1.12316 0.0932288 0.00375276 -0.0400507 1.30258 0.101537 
3893 956 1800 -0.578632 -0.855074 -0.000396264 0.059981 -0.0405966 0.0157614 1.03246 0.0741231 
3894 956 2004 -0.0290442 0.254472 -0.813931 0.0354582 0.0369695 0.0102931 0.853278 0.0522492 
3895 1242 2004 1.31004 -0.0126229 -0.876993 0.0633534 -0.0190398 0.0949103 1.57654 0.11569 
3896 1242 1560 -1.10012 -1.23916 -0.929635 -0.119586 0.083478 0.0302446 1.9 0.148943 
3897 1602 1524 0.905904 -0.0555911 -0.819037 0.0477736 -0.0956206 0.0593306 1.22253 0.122253 
3898 1602 1869 -0.155649 0.00439472 -0.725889 0.0305071 0.067404 -0.00613343 0.742402 0.0742402 
3899 1206 1273 0.414229 -1.4389 0.146963 -0.032425 -0.0214787 -0.118903 1.50454 0.125103 
3900 1206 1214 0.0385773 -0.140891 -0.203969 -0.00810821 0.012858 -0.0104151 0.250882 0.0184268 
3901 912 760 -1.22033 -0.692707 0.711485 0.0583504 -0.141234 -0.0374252 1.5733 0.15733 
3902 912 1550 -0.606763 0.0924949 -0.744103 0.0697154 0.0422024 -0.051602 0.964575 0.0964575 
3903 912 1125 0.334477 -0.676538 -1.37144 0.140202 -0.0361208 0.0520122 1.56538 0.15384 
3904 1285 1617 -0.926134 -0.180889 -0.204301 0.0201805 0.0030834 -0.094212 0.965497 0.0963985 
3905 1285 977 -0.0866976 -1.99647 -0.104831 -0.0164571 0.0111546 -0.198825 2.0011 0.199817 
3906 1285 1331 0.972937 1.06971 -1.85133 -0.0256433 -0.0519591 -0.0434986 2.34911 0.0724531 
3907 1617 1584 -1.20155 -1.11781 0.24889 -0.00478365 0.0409427 0.160787 1.65987 0.165987 
3908 1617 1840 0.317432 0.0651305 -0.465237 0.0249449 0.0452424 0.0233536 0.566966 0.0566966 
3909 1831 1536 -0.217429 -0.171978 -0.000316984 -0.00498083 0.0062741 0.0125167 0.277222 0.0148607 
3910 1880 1536 1.43092 -0.753562 -0.00347711 0.0182085 0.0341414 0.0940954 1.61722 0.10174 
3911 1880 1850 -0.274977 0.0922388 -0.257542 0.00424527 0.0374536 0.00888137 0.387877 0.0387256 
3912 1880 1757 0.303641 -0.0983182 -0.544656 -0.0507164 -0.0296944 -0.0229137 0.63128 0.0630789 
3913 1309 960 -0.64072 0.0457634 0.00714166 -0.000841916 -0.0108664 -0.00590177 0.642392 0.0123943 
3914 1309 1102 -0.258458 -0.515202 0.0266327 -0.0409445 0.0217244 0.0229059 0.577012 0.0517019 
3915 1309 1628 0.128338 0.298473 -0.53445 -0.0221033 0.0414666 0.01785 0.625455 0.0502659 
3916 960 1800 -0.625647 0.0458105 0.000400532 0.00446082 0.0607989 0.014165 0.627322 0.0625863 
3917 960 1664 -0.9352 -1.88359 -0.241087 -0.0224658 0.00867616 0.0193607 2.11675 0.0309002 
3918 1800 1488 -1.28735 -0.0360362 -0.0441255 0.00505196 -0.0323373 -0.120981 1.28861 0.12533 
3919 1800 1420 0.332181 -0.12908 -0.854482 -0.0511513 -0.0342604 -0.0147097 0.925822 0.0632977 
3920 1488 936 -0.55519 -1.20791 -0.0207054 -0.013781 0.00515339 0.0688824 1.32956 0.0704362 
3921 1488 1560 0.091165 0.402839 -0.672909 0.00415822 0.00593586 0.00411688 0.789555 0.0083351 
3922 1488 1868 -1.00187 -0.25152 -0.820687 0.0140101 0.0164316 -0.0221389 1.31929 0.0309259 
3923 1488 2213 0.314505 -0.905963 -1.58819 0.0538222 0.0698457 -0.0291844 1.85527 0.0928816 
3924 954 1060 0.102251 -0.536231 -0.00317237 -0.0449281 -0.00869961 0.022391 0.545902 0.0509468 
3925 954 1273 -1.19376 -0.920377 -0.0645616 0.0042525 -0.00695702 0.0205477 1.50875 0.0221063 
3926 954 1650 0.0880942 -0.113772 -1.06525 -0.00745531 0.0984219 -0.0111283 1.07492 0.0993292 
3927 784 1505 -0.0773283 -0.415028 -0.0771131 0.0335212 -0.00127239 -0.0267667 0.429156 0.0429156 
3928 977 1070 0.134247 -1.37822 -0.0210455 -0.00314015 -0.00241976 0.138433 1.3849 0.13849 
3929 977 779 -0.804821 -0.506565 0.0324686 -0.00626606 0.00550996 -0.0693564 0.951525 0.0698565 
3930 977 2306 0.902867 0.798173 -1.42343 0.0530977 0.0488532 0.0610731 1.86505 0.09453 
3931 1584 1439 -1.12551 -0.886475 3.60583e-05 0.0191773 -0.0243505 -0.0514635 1.4327 0.0600767 
3932 1536 1715 0.583341 -0.0121367 -0.861512 0.042334 -0.0902112 0.0299357 1.0405 0.10405 
3933 1536 1757 -0.838 0.643782 -1.78605 -0.113818 -0.0412452 0.0385354 2.07525 0.127046 
3934 936 707 1.01579 -1.79732 0.288474 0.0680704 0.0491579 0.0665825 2.08456 0.10716 
3935 936 1511 -0.535901 -0.658473 -0.564359 -0.0773113 0.0663318 -0.00398069 1.01945 0.101945 
3936 936 1868 -0.428524 0.899939 -0.760324 -0.0102209 0.0220647 0.0318769 1.25364 0.0400931 
3937 1060 474 0.347385 -0.245172 -0.0224464 0.00327709 0.000827452 0.041679 0.425781 0.0418158 
3938 1060 1732 0.246374 -0.0236232 -0.742051 -0.0579165 0.048305 -0.0207671 0.782239 0.0782239 
3939 1273 1056 -1.37169 -1.58254 0.078983 0.0458272 -0.034704 0.100532 2.09576 0.115807 
3940 1273 1214 -0.15379 0.499496 -1.15224 0.00636426 0.0549842 0.0229863 1.26523 0.0599344 
3941 1273 1066 0.108897 -0.738113 -0.751703 -0.0504078 0.0627081 -0.0688768 1.05912 0.105912 
3942 1259 1056 0.266745 -0.321396 0.000415255 0.00772556 0.0063595 -0.0405507 0.417671 0.0417671 
3943 1259 1441 -0.592909 -0.115731 -0.819993 0.0699074 0.014591 -0.052607 1.01849 0.0886986 
3944 1505 1277 -0.977634 0.504958 0.147458 0.0314684 0.0810438 -0.0688955 1.11018 0.110928 
3945 1505 698 -1.31014 -0.923027 0.167609 -0.0579867 0.0571428 -0.138575 1.61138 0.16072 
3946 1505 458 0.0056625 -1.01282 -0.444518 -0.0755152 0.0299805 -0.0692715 1.10609 0.10677 
3947 1505 1802 0.211573 0.28877 -0.403085 -0.0423829 0.0329084 0.00132947 0.539101 0.0536754 
3948 1277 1070 -0.524088 -0.355979 0.00321677 -0.00259958 0.00325792 -0.0630006 0.633561 0.0631383 
3949 1277 1017 0.920135 -0.569435 -2.73632 -0.250729 0.109824 -0.107167 2.94251 0.293958 
3950 1070 332 -0.368885 -0.238245 0.0136618 0.0076397 -0.00942119 0.041987 0.439344 0.0437039 
3951 1070 1049 0.276468 1.31825 -2.43393 0.19967 0.157962 0.108235 2.78176 0.276649 
3952 779 1915 0.143388 0.406319 -0.646829 -0.0436626 -0.0422319 -0.0362079 0.777202 0.0707175 
3953 779 1656 -0.0376671 -0.630977 -1.11971 0.0030902 0.0390914 -0.0221327 1.28581 0.0450283 
3954 1439 1427 -1.00984 -0.79523 -0.000122248 -0.0400047 0.0507838 0.110958 1.28537 0.128418 
3955 1439 1715 -0.328568 0.525344 -0.870877 -0.0304525 -0.0924023 -0.0442511 1.06882 0.106882 
3956 1439 1820 2.24242 -0.165217 -2.62062 -0.0301825 -0.150844 -0.0163166 3.45302 0.154697 
3957 1439 1376 -0.151941 -0.323136 -0.52952 -0.0427779 -0.0340228 0.033037 0.638666 0.0638666 
3958 1116 689 -0.475428 0.333646 0.0188918 -0.0327558 -0.0458755 -0.0141274 0.581127 0.0581127 
3959 1116 501 0.812173 -0.45165 -0.0322264 0.00630074 0.0168492 -0.0773476 0.929866 0.0794118 
3960 1116 1510 0.172465 -0.0970193 -0.371932 -0.00997247 -0.0404644 0.00593101 0.421296 0.0420951 
3961 1116 1449 -0.760327 -0.056351 -0.827984 0.073507 0.0466232 -0.0706736 1.12554 0.112124 
3962 689 1589 -0.664547 0.0574006 0.0135121 -0.00264966 -0.0164345 -0.0604994 0.667159 0.0627479 
3963 689 1526 -1.25515 -2.30868 -0.0425693 -0.2305 0.125489 -0.0094533 2.62816 0.262616 
3964 689 1770 0.181906 0.509225 -0.793445 0.0399875 0.0688756 0.0533712 0.960185 0.0958714 
3965 689 1449 0.0830672 -0.363626 -0.447477 -0.0384686 -0.037172 0.0230653 0.582546 0.0582546 
3966 1589 1547 0.279023 0.841353 -1.04474 0.0355693 -0.0220489 -0.00825684 1.37011 0.0426556 
3967 1589 1970 0.0508684 -0.150258 -0.262816 -0.00417136 -0.0267236 0.0144712 0.306981 0.0306752 
3968 1221 1102 -2.58943 0.256916 0.521519 0.0143103 0.106512 0.0185819 2.65389 0.109064 
3969 1221 1223 -0.359785 -0.23894 -0.316638 -0.0230138 0.00644078 0.0212894 0.535534 0.0320056 
3970 1102 1240 -1.63192 -2.73323 0.111149 0.066289 -0.0465588 -0.171637 3.18529 0.189793 
3971 1102 1176 -0.68758 0.986479 -1.9288 -0.117493 -0.0451783 0.0187777 2.27292 0.127273 
3972 1664 1519 -1.0583 -1.59706 -0.27675 0.0338373 -0.0121302 -0.0593939 1.93577 0.0694244 
3973 1511 1758 0.186604 0.439625 -0.507333 -0.0517558 -0.0241144 -0.0399327 0.696763 0.0696763 
3974 1511 1686 -0.949961 1.16505 -0.397612 0.0906443 0.0806004 0.0196041 1.55495 0.12287 
3975 1511 1444 0.463541 0.0375298 -0.126466 0.000308687 0.0458728 0.0147445 0.481946 0.0481852 
3976 1511 1482 -0.0232411 -2.28827 -0.87115 0.111532 -0.0472778 0.12121 2.44859 0.171366 
3977 474 457 0.159472 -0.452404 0.00575131 0.0131773 0.00492729 0.0222061 0.479723 0.0262875 
3978 1056 1467 -1.02234 -0.373817 -0.709509 -0.0445484 0.00591763 0.0610727 1.29936 0.0758251 
3979 1056 1326 -0.269371 0.673385 -1.45663 0.0035891 -0.147316 -0.068766 1.6272 0.162615 
3980 1467 1326 1.0092 1.13957 -0.567132 -0.123434 0.0972838 -0.0241701 1.62442 0.15901 
3981 1467 1640 -0.259295 0.0865388 -1.09506 0.0063106 -0.0718475 -0.0071721 1.12866 0.0724798 
3982 1247 1802 -1.71932 2.36187 -1.3671 -0.260401 -0.187175 0.004116 3.22544 0.320718 
3983 1247 1423 0.101265 -0.964156 -1.15451 0.0177803 0.115669 -0.0950376 1.50756 0.150756 
3984 332 570 -0.0647687 -0.212574 0.344436 0.0203819 -0.0232217 -0.010499 0.409901 0.0326327 
3985 332 845 -1.47794 0.642252 0.000649617 -0.00648234 -0.0149803 0.0625312 1.61146 0.0646265 
3986 332 500 1.2309 -0.632323 -0.0736499 -0.0230572 -0.0592271 0.123143 1.38578 0.138578 
3987 845 1440 -0.981343 -0.757551 -0.293669 0.0631775 -0.042314 -0.101964 1.27403 0.127195 
3988 845 1820 -0.083656 0.438786 -0.56502 -0.00572742 0.0562393 0.0445226 0.720263 0.0719578 
3989 1440 1261 -1.99824 -0.925896 0.261808 -0.0542907 0.141693 0.0867325 2.21783 0.174777 
3990 1440 1376 -0.166593 0.532762 -0.445922 0.0377843 0.0453542 0.0400706 0.714447 0.0713464 
3991 1440 1153 0.0503524 -0.119635 -0.109623 -0.0129519 -0.00986097 0.00481244 0.169897 0.016975 
3992 1427 501 -1.51737 -0.718652 -0.112842 0.0334426 -0.092075 0.136696 1.68274 0.168172 
3993 1427 1376 1.09068 0.224454 -1.65077 0.0629309 -0.109222 0.0267284 1.99123 0.128857 
3994 1427 1945 -0.205558 0.148895 -0.33001 0.036072 0.0116658 -0.0172052 0.416329 0.0416329 
3995 501 1261 1.17856 -0.939911 -0.0297865 -0.0142133 -0.0190802 0.0397002 1.50775 0.0462837 
3996 501 1510 -0.487171 0.268146 -0.890415 0.0480782 0.0367289 -0.0152441 1.0498 0.0623931 
3997 1526 1289 0.0768703 -0.372027 0.70968 0.0535394 -0.0133664 -0.0128061 0.804959 0.0566492 
3998 1526 1221 -2.31383 0.230624 -0.334941 -0.0192296 -0.228987 -0.0248282 2.34929 0.231131 
3999 833 474 -0.0102386 0.0690198 0.13339 0.00607911 -0.0120135 0.00668273 0.150537 0.0150312 
4000 833 1821 -0.520392 0.0692861 0.152718 0.0160956 0.034614 0.0391422 0.546746 0.0546746 
4001 833 1674 0.0470615 -0.90277 -0.116959 0.0671239 -0.00446961 0.0615085 0.911531 0.0911531 
4002 1379 1467 -0.251963 0.109996 0.0953697 0.0096035 -0.00176904 0.0274125 0.290998 0.0290998 
4003 1379 1066 0.437577 0.467011 0.0815132 0.00250634 -0.0133563 0.0630674 0.645149 0.0645149 
4004 1379 1777 -0.0895845 0.453887 -0.72571 0.0828745 -0.0136542 -0.0187702 0.860636 0.0860636 
4005 1379 1421 0.702124 -0.0950662 -0.424845 0.0123728 0.0279767 0.0141878 0.826141 0.0337206 
4006 1379 1534 -0.545305 -0.372503 -0.764857 0.0827763 -0.00280709 -0.0576482 1.01051 0.100911 
4007 1411 1467 0.255101 0.547731 0.256587 -0.0483039 0.0334664 -0.023416 0.656447 0.063258 
4008 1411 1423 -0.580495 0.463652 -0.229154 0.0389086 0.0166066 -0.0649631 0.77747 0.0775233 
4009 1411 1038 -0.0266539 -0.447156 -0.0599645 -0.0428074 0.00430104 -0.0130453 0.451945 0.0449572 
4010 1411 1534 0.375378 0.0460861 -0.364312 -0.0314524 -0.0228539 -0.0352988 0.525125 0.0525125 
4011 1411 2141 -0.272031 0.0564761 -1.06958 -0.0789647 0.0662975 0.023584 1.10508 0.105769 
4012 989 698 0.129984 1.34407 1.08451 -0.126629 -0.0660134 0.0969901 1.73193 0.172626 
4013 989 1057 -0.533119 1.52046 -0.815188 -0.100629 -0.0751144 -0.0742917 1.8057 0.145903 
4014 989 1287 -3.56333 -0.967615 -0.79736 0.0202247 -0.0476379 -0.0325729 3.77748 0.0611506 
4015 989 1458 0.153474 -2.14964 -0.116055 -0.124408 -0.0174293 0.158315 2.15823 0.202101 
4016 1287 1562 -2.43151 1.0119 0.285512 -0.0600579 -0.126537 -0.0630035 2.6491 0.153584 
4017 1287 1173 -2.40927 -1.85699 0.207334 -0.078038 0.106857 0.0502472 3.04893 0.141538 
4018 1287 1763 1.22103 -0.35766 -1.07593 -0.0905479 -0.0561765 -0.0840847 1.66627 0.135739 
4019 1562 1109 -1.14122 0.848367 -0.18295 0.0610162 0.0866727 0.0213011 1.43373 0.108115 
4020 1562 1173 0.0596844 -0.463314 -0.018595 0.0209395 0.00436588 -0.0415711 0.467513 0.0467513 
4021 1562 1574 -0.261884 -0.151632 -0.419193 0.00875358 0.0459222 -0.0220797 0.517009 0.0517009 
4022 1153 1574 0.599389 0.0291515 -0.640848 -0.0237969 -0.0802889 -0.0259096 0.877954 0.0876579 
4023 1153 2616 -1.14884 1.11944 -0.934176 0.0964482 0.0469081 -0.0624007 1.85625 0.124083 
4024 1153 2123 -0.658403 -1.27059 -1.07393 0.163734 -0.0699509 -0.0176209 1.7892 0.17892 
4025 1425 1612 -1.01376 -0.364495 0.218569 0.0301909 -0.0387602 0.0753918 1.09924 0.0899876 
4026 1425 1718 0.0899207 -0.0763807 -0.101848 0.0124175 0.00700131 0.00571275 0.155861 0.0153574 
4027 1748 1449 0.68049 1.14864 0.185697 0.102407 -0.0489112 -0.0727302 1.34793 0.134793 
4028 1748 1612 0.486886 -0.427079 0.0804917 -0.0434422 -0.0481703 0.00719221 0.652635 0.0652635 
4029 1748 2202 0.333886 0.0549949 -0.177934 0.00274029 0.0346228 0.0158431 0.382315 0.038174 
4030 1310 1883 -1.65666 1.19806 0.0280955 0.0212611 0.0246957 0.200582 2.04467 0.203212 
4031 1310 2015 -0.434123 -1.51488 -0.660641 -0.0131821 0.0712617 -0.154744 1.70873 0.170873 
4032 1310 2212 -0.503203 -0.035588 -0.681464 0.0567253 0.0448843 -0.0442308 0.847863 0.0847863 
4033 1883 1911 -0.243557 1.57065 -0.462844 0.134971 -0.00723568 -0.0955784 1.65544 0.165544 
4034 1883 1690 -1.53462 -0.0947949 -0.280439 0.018289 -0.115322 -0.0610999 1.56291 0.131783 
4035 1690 1405 -0.757432 -1.21445 -0.145655 -0.113675 0.0635674 0.061116 1.43868 0.143868 
4036 1690 1509 -0.369035 0.69697 -0.602033 -0.0920335 -0.0271531 0.0249798 0.992168 0.0991536 
4037 1690 2134 0.00164487 -0.0145652 -0.0240672 0.00256917 0.000484747 -0.000117773 0.0281794 0.00261716 
4038 2104 1482 -0.742188 -0.0178477 0.0418368 0.000923127 0.0610605 0.0424251 0.743581 0.0743581 
4039 2104 1405 0.434533 -0.782043 -0.0176648 0.0339245 0.0170225 0.0808957 0.89483 0.0893574 
4040 2104 2250 0.0623135 -0.01982 -0.570626 -0.00389494 0.00689318 -0.000664762 0.57436 0.00794534 
4041 1482 1674 -1.93684 -0.417789 -0.227108 0.0291843 -0.156591 0.039173 1.99436 0.164033 
4042 1482 1595 1.11289 -1.89439 -0.494713 -0.192086 -0.113203 0.00137589 2.2521 0.222966 
4043 1482 2007 0.178621 0.253307 -0.267824 -0.029435 0.0277125 0.00657931 0.409633 0.0409596 
4044 1482 2613 -0.0481115 -0.137632 -0.553487 -0.00168139 0.0555315 -0.0136625 0.572368 0.0572122 
4045 1674 1813 -0.444465 0.081524 0.0267101 0.00114099 -0.00835103 0.0444752 0.452668 0.0452668 
4046 1674 1619 0.460467 -0.926516 -0.0519891 -0.0482335 -0.0189381 -0.0897024 1.03594 0.103594 
4047 1674 1734 -0.68411 -0.839872 0.0565941 -0.0311233 0.0184607 -0.102257 1.08471 0.108471 
4048 1674 2544 -0.0151197 0.422311 -0.555032 0.0584169 0.00748401 0.00410308 0.697593 0.0590371 
4049 1674 2205 -0.228238 -0.0834932 -0.299769 -0.0310946 0.00468079 0.0223711 0.385908 0.0385908 
4050 1813 1821 -0.0127516 0.554487 0.206304 -0.056921 -0.00669587 0.0144784 0.59176 0.0591139 
4051 1902 1421 0.00314933 0.005492 -0.00272578 -0.000477092 3.73408e-05 -0.000475991 0.00689277 0.000674966 
4052 1902 1755 0.0471258 0.0881871 -1.31983 0.0504746 0.0303528 0.00383034 1.32361 0.0590225 
4053 1033 2317 -0.12244 0.189802 -0.137065 -0.0223107 -0.0133531 0.00143931 0.264202 0.0260412 
4054 1173 1076 0.390295 -0.214476 0.063043 0.0160403 0.0357031 0.0221595 0.449783 0.0449783 
4055 1173 792 -0.907112 -0.33075 -0.0237242 0.0233525 -0.0681837 0.057678 0.965822 0.0923098 
4056 1173 1693 0.137665 -0.0216804 -0.162463 -0.0070411 -0.0198134 -0.00332228 0.214047 0.0212882 
4057 1173 2265 -0.593799 -0.393254 -1.2592 -0.108698 -0.0635083 0.0710922 1.44667 0.144578 
4058 1653 2123 0.491903 -0.361727 -0.350337 -0.04783 -0.0184213 -0.0481373 0.703954 0.0703153 
4059 1653 1718 -0.194078 -0.0331159 -0.183649 -0.018452 -0.000550107 0.019599 0.269239 0.0269239 
4060 1612 1728 0.187324 -1.49708 -0.0372581 0.0409026 0.00601375 -0.0359921 1.50921 0.0548144 
4061 1612 2202 0.00312728 0.0196099 -0.0144635 0.00239972 -0.00046932 -0.00011745 0.0245667 0.002448 
4062 1612 2009 0.212508 -0.161055 -0.38865 0.0418571 0.0112242 0.0182356 0.471325 0.0470163 
4063 1652 1386 0.725522 -1.16977 -0.276978 0.00353235 0.0344121 -0.13608 1.40408 0.140408 
4064 1270 1386 0.399197 0.0738962 -0.43906 -0.0336236 -0.0336515 -0.0362347 0.59799 0.059799 
4065 1270 1530 -0.0751041 -0.371509 -0.348995 -0.0417101 0.0247562 -0.0173773 0.515225 0.0515225 
4066 1954 2134 -0.288892 0.250446 -0.57605 -0.0365343 -0.0582769 -0.00701454 0.691386 0.0691386 
4067 1954 2212 0.645804 0.278788 -0.551716 -0.0123159 0.0839918 0.0280257 0.893966 0.0893966 
4068 1405 1595 -1.20531 0.0107189 -0.174976 0.0142512 -0.0639769 -0.102087 1.21799 0.121317 
4069 1405 1716 0.785345 -1.49796 -0.0256386 0.149062 0.0778956 0.0148358 1.69154 0.168841 
4070 1595 2049 0.329437 -0.5217 -0.181536 0.0240441 0.0289991 -0.0397047 0.64316 0.0547315 
4071 1595 2003 -0.197435 -0.289652 -0.855461 0.0440963 -0.00584828 -0.00819698 0.924495 0.0452313 
4072 1619 1957 -0.579508 -0.859167 -0.521218 0.0405872 -0.00643524 -0.0345185 1.16003 0.0536681 
4073 1619 2260 -0.107769 0.0657538 -0.456075 -0.0167204 0.0130705 0.00583539 0.473225 0.0220105 
4074 1734 1389 -0.00543145 -0.108586 0.0246636 -0.00998334 0.00156858 0.00470741 0.111484 0.0111484 
4075 1734 2205 0.0232515 0.330516 -0.491082 0.03896 0.0361462 0.0261724 0.592404 0.0592404 
4076 1734 2115 -0.50597 -0.795394 -0.807677 -0.00576357 -0.0865286 0.0888233 1.24137 0.124137 
4077 1357 1197 -0.672225 1.46593 -1.69558 -0.00224587 -0.00664076 -0.00485094 2.34005 0.00852498 
4078 1357 1834 -0.788455 -0.635002 -0.938917 -0.0186623 0.120085 -0.0655433 1.38074 0.138074 
4079 1038 1513 0.14451 -1.04521 0.424669 -0.00851438 -0.0363126 -0.0864767 1.13741 0.094177 
4080 1038 1430 -0.460419 0.230719 -0.216442 -0.00503416 -0.043039 -0.0351691 0.558627 0.0558083 
4081 1038 1494 -0.668467 -0.593986 -0.404791 -0.0191301 0.0678401 -0.0679568 0.981592 0.09791 
4082 1038 1399 0.112956 0.0912971 -0.868487 -0.0872224 -0.000485185 -0.0113952 0.880548 0.087965 
4083 1402 1458 -0.149576 0.0699812 0.0883043 0.0111714 0.0111213 0.0101092 0.187264 0.0187264 
4084 1402 1627 0.153845 -0.251052 0.139047 -0.0062211 0.012484 0.0294234 0.325621 0.0325621 
4085 1458 1076 -1.7906 -0.661395 0.0972122 0.00560081 -0.0424164 -0.185421 1.91132 0.190293 
4086 1458 714 0.246518 -1.40888 0.0183629 0.132178 0.0234546 0.0250795 1.4304 0.136565 
4087 1458 1763 -0.538181 1.00374 -1.53465 0.124586 -0.0972458 -0.107295 1.91109 0.191025 
4088 1458 1899 -0.950467 -1.49189 -1.92893 0.155147 0.0709772 -0.131343 2.61723 0.215313 
4089 1076 1736 -0.419562 -0.378304 -0.456974 -0.051004 0.051588 0.00412152 0.726617 0.0726617 
4090 1076 1693 -0.170949 0.285864 -0.684429 -0.0676537 -0.0227715 0.00738687 0.761173 0.0717644 
4091 1076 1899 0.537412 -0.209818 -0.738053 -0.0716681 -0.0459117 -0.0391329 0.936781 0.0936781 
4092 792 1480 -0.43662 -0.511526 -0.0117816 -0.0091379 0.00928352 -0.0644202 0.672632 0.0657241 
4093 1826 1480 0.111299 -0.0761869 0.0160397 0.00452186 0.00404755 -0.0121516 0.135828 0.0135828 
4094 1826 1337 -0.0513436 -0.538986 0.0876153 0.0413802 -0.00958244 -0.0346993 0.548469 0.0548469 
4095 1826 1976 -0.112936 -0.0237644 -0.105595 0.0105937 0.000701963 -0.0114881 0.156428 0.0156428 
4096 1122 1728 -0.583736 -0.196113 0.0539909 -0.00627915 0.0328845 0.0515589 0.618161 0.0614747 
4097 1122 2229 0.102604 -1.02073 0.0811893 0.0676806 0.00950504 0.0339668 1.02908 0.0763201 
4098 1122 1718 0.16444 0.19708 -0.28261 0.0335971 -0.00223115 0.017993 0.381771 0.0381771 
4099 1122 2009 -0.263927 0.142311 -0.304531 -0.0312593 0.00332078 0.0286433 0.427375 0.0425278 
4100 1122 1976 0.117589 -0.151646 -0.217397 -0.00725385 -0.0244443 0.0131276 0.289974 0.0286789 
4101 1728 1731 0.162402 -1.68904 -0.0302884 -0.168488 -0.0163374 0.00765045 1.6971 0.169451 
4102 1728 1332 0.252739 -0.265836 -0.584869 -0.00282589 -0.0626815 0.027269 0.690375 0.0684146 
4103 2015 2521 -1.08994 -0.568796 -1.14838 0.113027 -0.113718 -0.0509508 1.68235 0.168235 
4104 1716 2066 2.70662 -1.08359 0.44243 -0.04252 -0.162643 -0.138223 2.94885 0.217638 
4105 1716 2175 -0.0195663 0.00409523 -0.798488 -0.0766384 -0.0224336 0.00176291 0.798738 0.0798738 
4106 1389 1957 0.337625 0.0612582 -0.417968 -0.00509534 -0.0525249 -0.0118141 0.540777 0.0540777 
4107 1389 2115 -0.269532 0.25031 -0.654822 0.0569459 -0.0330984 -0.0360917 0.751063 0.0751063 
4108 1389 1980 -0.00512884 -0.590086 -0.666519 -0.0182994 0.0652739 -0.0576478 0.89021 0.0889878 
4109 860 1106 -1.1374 -1.08959 0.142035 -0.104472 0.100916 -0.0624417 1.58148 0.158106 
4110 860 2115 0.50756 0.0382685 -0.674847 -0.0368104 0.0723453 -0.023583 0.845282 0.0845282 
4111 860 1459 -0.195026 0.0791505 -0.331902 -0.0317858 -0.0175477 0.0144927 0.393013 0.0390935 
4112 860 1557 -0.0605212 -1.59132 -1.31384 -0.0137021 -0.051839 0.0634186 2.06449 0.0830478 
4113 1513 1087 0.265099 -0.725346 -0.149452 -0.0724235 -0.0287083 0.0108664 0.786601 0.0786601 
4114 1513 1636 -1.66434 -1.85833 -1.62281 -0.109577 0.195264 -0.111222 2.97606 0.250011 
4115 1513 1834 0.323523 -0.0350276 -0.451533 -0.0451404 -0.00698474 -0.0318012 0.556576 0.0556576 
4116 1627 1355 -0.482748 -0.357866 -0.410179 -0.0344852 -0.0223134 0.060054 0.727572 0.0727572 
4117 1627 1299 0.273683 -2.20103 0.121126 -0.105032 -0.0192696 -0.112837 2.22128 0.155355 
4118 714 1608 -1.40292 -0.60931 -0.20669 -0.0105049 0.0705715 -0.136738 1.54343 0.154233 
4119 714 1355 1.26097 -1.88731 -1.79901 -0.232265 -0.171437 0.0170513 2.89628 0.289185 
4120 1608 1361 0.490227 -0.764883 -0.363881 -0.0101704 -0.0470543 0.085207 0.978661 0.0978661 
4121 1608 2257 -0.628575 -0.503735 -1.44682 -0.127527 0.0522256 0.037221 1.65594 0.142744 
4122 1736 2257 0.332714 -0.683103 -0.348336 0.0341886 0.0472037 -0.0599133 0.835862 0.0835862 
4123 1736 2501 0.262374 0.0530848 -0.477474 -0.0336547 -0.0365893 -0.0225613 0.547394 0.0545933 
4124 1480 1940 1.03435 -0.0836585 -0.733749 -0.057058 -0.0892213 -0.0702607 1.27093 0.127093 
4125 1480 2056 -0.0558893 0.0650807 -0.475913 -0.0286406 -0.0389154 -0.00195822 0.483583 0.0483583 
4126 1337 1553 0.246902 -0.415936 -0.0693103 -0.0133135 -8.47608e-05 -0.0469177 0.488638 0.0487702 
4127 2229 1976 0.233278 0.357698 -0.632079 0.0641146 0.0208514 0.0354624 0.762818 0.0761777 
4128 2229 2234 0.288284 -0.751198 -1.13843 -0.135121 -0.0315879 -0.0133731 1.39407 0.139407 
4129 1731 2264 -0.580013 0.152652 0.0245143 0.000990962 -0.00578276 0.0594559 0.600265 0.0597447 
4130 1731 1130 0.413592 -1.99293 0.0445024 0.172757 0.0374055 0.0695687 2.03588 0.189958 
4131 2066 1682 1.09068 -0.778871 -1.10119 -0.0948607 0.0550684 -0.132905 1.7346 0.172322 
4132 2066 1993 -0.91872 -0.91484 -0.794785 0.0152975 0.0901095 -0.121404 1.52074 0.151962 
4133 1638 1019 -0.511945 -0.621298 0.0923109 0.020175 -0.00498716 0.0783217 0.81032 0.081032 
4134 1638 1997 0.0535214 -1.83683 -1.94265 0.0262631 -0.106623 0.101539 2.67408 0.149561 
4135 1106 1087 -1.15709 -0.190427 -0.127536 0.0086435 -0.0395438 -0.0193759 1.17957 0.0448759 
4136 1106 2302 -0.227062 -0.371209 -0.818499 0.0694452 -0.0607364 0.00828051 0.92698 0.0926289 
4137 1087 1500 -1.26464 -1.15749 -0.231027 0.0508405 -0.0512781 -0.0213868 1.72987 0.07531 
4138 1636 1299 -0.804147 -0.617666 0.639725 -0.033377 0.100909 0.0554743 1.19892 0.119892 
4139 1636 1494 -0.0931564 0.351262 -0.0900291 0.0203619 -0.00252346 -0.0309149 0.374391 0.037104 
4140 1636 1669 0.720837 -0.252235 -0.676474 0.019502 0.0636979 -0.00296996 1.02022 0.0666826 
4141 1636 1577 -1.59747 -1.14523 -1.18717 0.10087 -0.198585 0.0558366 2.29627 0.229627 
4142 1355 1391 0.108544 -2.16119 0.0982565 0.171314 0.00260769 -0.131893 2.16615 0.216219 
4143 1355 1361 -1.39 -0.86477 0.190192 0.0648427 -0.123429 -0.0873105 1.64806 0.164506 
4144 1355 1981 1.10837 0.927136 -1.44709 0.103385 -0.0438217 0.05111 2.04503 0.123374 
4145 1355 1577 0.415548 -0.263233 -0.235813 0.0139219 0.0456473 -0.0264221 0.545509 0.0545492 
4146 1873 1591 0.220979 -0.168883 0.0144566 0.00448514 0.00811664 0.0262607 0.2785 0.02785 
4147 1873 1378 -0.0747585 -0.65971 0.24161 0.0585188 0.00754673 0.038713 0.706528 0.0705698 
4148 1873 1940 -0.420793 0.473282 -0.30311 0.037849 -0.00399983 -0.0587893 0.702096 0.0700338 
4149 1873 1750 -0.0620017 0.0114812 -0.634708 0.049582 0.039834 -0.00412288 0.637832 0.0637348 
4150 840 1631 -0.214979 0.087429 -0.302528 -0.0313388 -0.00234518 0.0215918 0.381291 0.0381291 
4151 840 1860 0.179456 -0.219102 -0.390105 0.0419541 0.022846 0.00646832 0.482071 0.0482071 
4152 1271 1631 0.075535 0.010131 -0.155558 0.0151895 -0.00405055 0.00711185 0.173224 0.0172542 
4153 1417 1709 -0.227322 -0.692624 -0.961966 -0.0163845 0.0985317 -0.0670719 1.20697 0.120315 
4154 1639 1886 -0.0480858 -0.146356 -0.203844 -0.0196266 -0.0107242 0.0123296 0.255508 0.0255388 
4155 1400 1646 -0.886654 -1.03497 -0.511299 0.0704098 4.42256e-05 -0.122189 1.45559 0.141023 
4156 1019 1531 -0.927923 -0.623454 -0.317814 0.0375303 0.000180098 -0.109931 1.16221 0.116161 
4157 1019 1784 -0.0990077 0.128161 -0.159022 -0.00436337 0.0159369 0.0155607 0.226971 0.0226971 
4158 1347 2238 -0.0798924 -0.249695 -0.0692578 0.0135951 0.00205277 -0.0230836 0.271159 0.0268681 
4159 1347 2302 0.0520846 0.359482 -0.536727 -0.0278981 0.0497826 0.0306355 0.648087 0.06477 
4160 1500 1299 -0.63404 0.342569 0.236538 -0.0301891 -0.00846684 -0.0686598 0.758492 0.07548 
4161 1500 2382 1.13061 -0.403888 -0.900704 -0.0625705 -0.0445165 -0.05858 1.50089 0.0965836 
4162 1391 1577 1.34324 0.972343 -0.901542 0.130327 -0.120465 0.0642534 1.88747 0.188747 
4163 1391 1575 -0.326261 -3.70577 -2.07116 -0.0337249 -0.0391414 0.0753452 4.2578 0.0913582 
4164 1391 1737 -0.0621657 0.135697 -0.261044 -0.0156867 0.0203394 0.0143085 0.300702 0.0294023 
4165 1361 1591 -1.86315 -0.30808 0.524931 -0.0567684 0.14866 -0.114241 1.96005 0.195892 
4166 1361 1133 0.0619537 -1.40368 -0.0330457 0.115725 0.00695812 -0.0785998 1.40544 0.140067 
4167 1361 1346 -0.247052 -0.503641 -0.988073 -0.0208747 0.0613985 -0.0260766 1.13621 0.0698965 
4168 1591 1378 -1.60149 -0.582934 0.516557 0.0749107 -0.14762 0.0656586 1.78085 0.178085 
4169 1591 2257 0.074774 0.677304 -0.821576 0.0948166 -0.0417093 -0.0257554 1.06739 0.106739 
4170 1591 1670 -0.852697 -0.882596 -1.49606 0.00849705 -0.041586 0.0196905 1.93501 0.04679 
4171 1378 1583 -0.315795 0.169297 -0.227376 0.0243018 -0.00135749 -0.0347628 0.424368 0.0424368 
4172 1378 1607 0.0259997 -0.735556 -0.450173 -0.00872232 0.0445825 -0.0733489 0.862771 0.0862771 
4173 1583 1553 -0.362644 0.000636168 0.0893585 0.00879121 -0.0001774 0.0356787 0.373492 0.0367462 
4174 1583 2390 -0.0931522 0.197757 -0.307854 -0.0138697 0.0274883 0.0218545 0.37757 0.037757 
4175 1583 1870 0.121518 -0.384941 -0.339765 -0.0208019 -0.0356124 0.0329076 0.527624 0.0527624 
4176 1553 1369 -0.545559 -1.38691 0.260784 -0.140692 0.0528462 -0.0132796 1.51299 0.150875 
4177 1553 1896 -0.495775 1.15767 -1.59751 -0.147967 0.0688855 0.0958398 2.03422 0.189274 
4178 1553 2284 0.711438 -0.957268 -2.46019 0.263843 0.0341834 0.0629974 2.73405 0.273405 
4179 1553 1844 -0.566081 -0.257719 -0.490256 -0.0541513 0.0140998 0.0551145 0.791971 0.0785415 
4180 1582 1130 -0.497451 -0.0967785 0.00392613 -0.00636933 0.0342328 0.036823 0.506793 0.0506793 
4181 1582 2234 -0.0148535 0.285853 -0.412117 -0.0488746 -0.0100816 -0.00523126 0.50177 0.050177 
4182 1582 1844 0.364595 -0.321045 -0.567031 0.0101237 -0.0613619 0.0412516 0.746675 0.0746289 
4183 1130 1714 0.176721 -1.9323 -0.0394453 0.0311893 0.0032783 -0.0208601 1.94076 0.0376652 
4184 1130 1615 0.372512 -0.335444 -0.569869 -0.0299352 -0.0668756 0.0197972 0.758972 0.0758972 
4185 1262 1255 0.4383 -0.034615 -0.0495089 -0.00601632 -0.02174 -0.0380623 0.442443 0.0442443 
4186 1262 1965 -0.581153 -0.421306 -0.0121036 0.0107054 -0.0138665 -0.0313461 0.717902 0.0359091 
4187 1262 1924 0.0650185 -0.152404 -0.00784249 0.00828751 0.00424181 -0.0137234 0.165879 0.0165834 
4188 1262 1700 -0.413685 -1.24649 -1.75497 0.0488446 0.072543 -0.0630385 2.19198 0.107806 
4189 1599 1514 -0.266033 -0.209603 -0.000474603 0.00153917 -0.00187727 -0.033686 0.338685 0.0337734 
4190 1599 1886 0.338352 0.0260496 -0.450354 0.00985749 0.0474749 0.010152 0.563896 0.0495389 
4191 1599 1988 -0.692902 0.349882 -1.42411 -0.135257 -0.0758101 0.047184 1.62192 0.162074 
4192 1646 1466 -0.751611 -0.519066 -0.214805 -0.0519024 0.0504397 0.0597232 0.938344 0.0938344 
4193 1646 1997 0.0313624 0.362893 -0.233442 -0.0137142 0.0230009 0.0339133 0.432631 0.0432115 
4194 1646 2294 0.128307 -0.000658599 -0.218952 -0.0200107 0.0102649 -0.0117573 0.253778 0.0253778 
4195 1531 1354 -1.55755 0.273541 0.0415773 0.0244351 0.124841 0.0940366 1.58194 0.158194 
4196 1531 1466 1.01318 -1.36277 -0.450196 0.0848465 0.0818327 -0.0567626 1.7568 0.130834 
4197 1531 1837 -0.193972 0.403508 -0.866461 0.0603218 -0.0634132 -0.0430353 0.975294 0.0975294 
4198 1354 2281 -0.248488 -1.00063 -0.813666 0.12005 -0.0472362 0.0214276 1.31341 0.130776 
4199 1133 1575 0.660543 -0.294502 -0.455528 0.0246118 -0.0476928 0.0665222 0.854725 0.0854725 
4200 1133 2263 -0.188677 -0.0832209 -0.168162 0.0158557 0.00567885 -0.0206004 0.266088 0.0266088 
4201 1133 1643 0.0427871 -1.26846 -0.354042 -0.0449975 -0.0346493 0.118703 1.31764 0.13159 
4202 1072 1607 -0.630156 -0.0592664 -0.188879 -0.0181413 0.0365404 0.0490592 0.660519 0.0638053 
4203 1072 2263 0.364544 -0.11658 -1.77591 -0.171431 -0.0509988 -0.0318421 1.81668 0.181668 
4204 1072 1968 -0.268725 -0.736403 -0.475732 0.0841054 -0.0321656 0.00228198 0.916964 0.0900752 
4205 1607 1968 0.803081 -0.866729 -0.282918 -0.0809651 -0.0847212 0.0297215 1.21499 0.120898 
4206 1607 2268 0.161774 -0.119555 -0.743518 -0.0477984 -0.0601178 -0.000733159 0.770249 0.0768074 
4207 1369 1830 0.327589 -1.01038 -0.107977 0.0920668 0.0260963 0.0351269 1.06763 0.101937 
4208 1369 2014 -1.23555 -0.711209 -0.478327 -0.00488933 -0.00918562 0.0262872 1.50372 0.0282719 
4209 1369 2105 0.0609234 -0.163347 -0.552267 -0.0200405 -0.0526654 0.0133664 0.579131 0.0579131 
4210 1714 1508 -1.77063 0.45844 0.0761075 -0.00582201 -0.000365469 -0.133247 1.8306 0.133375 
4211 1714 2014 1.64913 -0.556578 -0.494964 -0.000969591 -0.0749566 0.081057 1.80953 0.110407 
4212 1714 982 0.551225 -2.90364 0.0473565 0.0251709 0.00426032 -0.0317683 2.95587 0.0407547 
4213 1714 1615 0.39731 0.550268 -0.72605 0.0902451 -0.0135591 0.0391077 0.99388 0.0992847 
4214 1714 1882 -0.099283 -0.19231 -0.662107 0.0242727 -0.0375317 0.00726145 0.696582 0.0452827 
4215 1508 1381 -0.562834 -0.515873 -0.188526 -0.0418218 0.0576684 -0.0329444 0.786415 0.0784859 
4216 1508 1860 0.367866 0.727752 -1.06792 0.0348812 0.101301 0.0810485 1.34365 0.13434 
4217 1508 1409 -1.06552 0.361933 -1.11852 0.115281 0.00733234 -0.107446 1.58664 0.15776 
4218 1255 1234 0.564741 -0.225095 0.728339 -0.00762795 0.0884656 0.0332551 0.948725 0.0948169 
4219 1255 1709 -0.144003 0.13228 -0.270694 -0.00471435 0.0286436 0.0165051 0.333931 0.0333931 
4220 1255 1561 0.0311186 -0.109816 -0.0627327 0.0015092 0.00673665 -0.0110441 0.130243 0.0130243 
4221 1965 1155 -1.67655 -1.48255 -0.0739194 0.0614425 -0.0651467 -0.0869612 2.23925 0.124826 
4222 1965 1700 0.704088 0.0206493 -0.888922 0.0238633 -0.0500735 0.0177382 1.13417 0.0582362 
4223 1965 1991 -0.203745 0.0810834 -0.333598 0.00825036 -0.036408 -0.0138881 0.399217 0.0398308 
4224 1514 1991 0.156243 -0.0498364 -0.273099 0.00769964 -0.0292054 0.00973457 0.318557 0.0317333 
4225 1466 1867 -1.97625 -1.15087 -0.0712179 -0.0424835 0.0782907 -0.086274 2.28804 0.124006 
4226 1466 1853 0.0483914 0.27515 -0.213227 -0.00719745 -0.0202717 -0.0277922 0.351447 0.0351447 
4227 1466 1935 0.707379 -0.119298 -1.0233 0.0275759 -0.116816 0.0326812 1.2497 0.124397 
4228 1281 1330 -1.48761 1.05054 -0.196041 -0.0410332 -0.0566552 0.00776731 1.83168 0.0703837 
4229 1281 1533 -0.490085 -0.583628 -0.615424 -0.0153764 0.0760136 -0.0598416 0.979567 0.0979567 
4230 1281 1801 0.41211 -2.00875 -0.0557321 0.191255 0.0379566 0.0461667 2.05135 0.200376 
4231 1281 2281 -0.243484 0.472268 -1.47052 0.121619 -0.0853469 -0.047547 1.56357 0.156 
4232 1330 1475 -1.06081 -1.57261 -0.0662519 -0.0639749 0.0357835 0.174958 1.89811 0.189693 
4233 1330 1823 -0.0666375 1.44126 -1.29337 0.0861788 0.118035 0.127091 1.93765 0.193678 
4234 1330 1916 -0.079645 -0.0581721 -0.212007 -0.0197584 0.0114933 0.00426906 0.233825 0.0232533 
4235 2238 2382 -0.0936975 0.214732 -0.147029 0.0211033 0.0153005 0.00889737 0.276598 0.027543 
4236 2238 1916 1.17275 -0.254384 -0.827519 0.00271504 0.140346 -0.0392954 1.45769 0.145769 
4237 2238 2159 -0.0271045 -0.097711 -0.228781 0.0222984 0.00924949 -0.00659217 0.250246 0.0250246 
4238 1387 1952 0.244543 0.222168 -2.40732 0.0885703 -0.0677623 0.00274357 2.42988 0.111552 
4239 1387 1632 0.246997 -1.16028 -0.689108 0.107931 -0.0250682 0.080894 1.37191 0.137191 
4240 1307 1092 0.60235 -0.55384 0.086359 0.0500527 0.0587398 0.0275967 0.822814 0.0819586 
4241 1307 1319 -1.21604 -2.38068 -0.370264 -0.227969 0.100275 0.10397 2.69879 0.269879 
4242 1307 1575 -0.164595 0.161363 -0.409008 -0.0351468 0.0214123 0.0225916 0.469486 0.0469486 
4243 1307 1564 1.41374 -0.565893 -1.89795 -0.000361509 -0.00525463 0.00129744 2.43333 0.0054245 
4244 1424 1598 -0.202702 -1.50073 0.062038 -0.149879 0.0200532 -0.00461334 1.51563 0.151284 
4245 1424 2095 0.293354 -0.118303 -1.01989 -0.00994548 0.104952 -0.0150346 1.06781 0.106489 
4246 1830 1111 -0.726337 -0.375262 0.0444679 -0.0351173 0.0705881 0.0220849 0.818758 0.0818758 
4247 1830 1552 0.355585 -0.361335 -0.283559 0.00889831 0.0406001 -0.0405776 0.580869 0.0580869 
4248 1830 1950 -0.383586 -0.500176 -1.36481 0.0956468 -0.114975 0.015254 1.50334 0.150334 
4249 2014 1111 0.385614 -1.48858 0.433385 0.127966 0.00540991 -0.0952787 1.59762 0.159633 
4250 2014 2121 -0.00548036 0.0944427 -0.530088 -0.0485016 0.00798565 0.0019242 0.538463 0.0491922 
4251 1001 1381 -0.127449 0.0558036 -0.0404153 0.00680204 0.0115449 -0.00550945 0.144881 0.0144881 
4252 1001 1666 0.313509 -0.348444 -0.679157 -0.0588049 -0.0578373 0.00252842 0.825201 0.0825201 
4253 1381 1409 0.0249585 0.499891 -0.263054 0.0476456 -0.0156799 -0.0252764 0.56543 0.0561681 
4254 1381 1947 -0.362167 0.105204 -0.559356 -0.040575 -0.0512666 0.0166289 0.67462 0.067462 
4255 1381 1725 0.29364 -0.531741 -0.713297 0.0491487 0.0179971 0.00681664 0.936891 0.0527822 
4256 1924 1457 -0.383398 -0.301783 0.00192174 -0.012844 0.0165981 0.0440482 0.487925 0.0487925 
4257 1924 1561 0.345516 -0.00108521 -0.225345 -0.0217319 -0.0108473 -0.0332686 0.412508 0.0411915 
4258 1924 1895 0.0806248 -0.365248 -0.314835 -0.0363949 0.016331 -0.0282662 0.488904 0.0488904 
4259 1155 1604 -0.754567 -0.527539 0.0317826 -0.0447295 0.0641719 0.00320067 0.921238 0.078288 
4260 1155 1877 0.137634 -1.58292 0.0233227 0.11727 0.011767 0.106585 1.58906 0.158906 
4261 1155 1703 -1.66647 0.950569 -1.47494 0.0719335 0.222441 0.0620839 2.41995 0.241886 
4262 1867 1801 -1.14823 -1.28113 1.31571 0.183101 -0.0897137 0.0724379 2.16582 0.216384 
4263 1867 2225 -1.83573 -0.358491 -2.61954 0.195233 0.086022 -0.148589 3.21876 0.259989 
4264 1533 1801 0.29311 -0.160275 0.251263 -0.029544 -0.0202608 0.0215406 0.418012 0.0418012 
4265 1533 2103 -0.573272 0.254358 -1.61202 0.0752269 -0.14522 -0.0496664 1.72973 0.170923 
4266 1475 1938 -1.22706 -1.00208 -1.44943 0.0539128 -0.0550092 -0.00761023 2.14725 0.0773984 
4267 1092 1059 0.860755 -0.946911 -0.0650962 0.0244991 0.0146625 0.110661 1.28132 0.114285 
4268 1092 1606 -0.482495 -0.940617 -0.601976 -0.03832 0.0755394 -0.0873197 1.21653 0.121653 
4269 1092 1564 -0.11945 0.34831 -0.699642 -0.0331504 -0.0661428 -0.0272688 0.790625 0.0788506 
4270 1319 1606 1.05273 -0.755626 -0.338418 0.000995814 0.0210812 -0.0439728 1.3393 0.0487752 
4271 1319 1643 -0.692626 0.65731 -0.50808 0.0569409 -0.0105961 -0.0913316 1.08163 0.108148 
4272 1319 1712 0.328934 0.506179 -1.91278 0.0502656 -0.155277 -0.0324469 2.00578 0.166404 
4273 1406 1598 -0.483777 -0.174015 0.100732 -0.0192623 0.0439108 -0.0166533 0.523897 0.0507595 
4274 1406 1968 0.658704 1.00691 -0.840967 0.0189668 0.00780795 0.0242047 1.46798 0.0317265 
4275 1406 1549 0.141354 -0.192037 -0.158727 -0.0209185 0.000388157 -0.0190986 0.28645 0.0283283 
4276 1111 982 -0.76213 0.202723 0.0144203 0.00368536 0.00828149 0.0783537 0.788763 0.0788763 
4277 1111 1659 1.64502 -1.54857 -0.432987 0.0207942 -0.0396169 0.220691 2.30036 0.225181 
4278 1111 1371 -0.595206 -0.593127 -0.0659966 -0.0121752 0.0211934 -0.0806652 0.842868 0.0842868 
4279 982 1371 1.05256 -3.88826 -0.390894 0.0457936 0.00290544 0.0944079 4.04713 0.104968 
4280 982 1454 0.837329 -0.0480061 -2.1593 0.0166191 -0.0402778 0.00733999 2.31647 0.0441856 
4281 982 1666 -0.534559 -0.202207 -0.664676 0.0674751 -0.0295113 -0.0452883 0.876604 0.0864571 
4282 1188 1537 0.398182 -0.207138 0.0184865 -0.000866331 -0.00563398 -0.0444677 0.449218 0.0448316 
4283 1188 1725 0.126145 0.248245 -0.404158 -0.0316884 -0.0267069 -0.0262946 0.490797 0.0490797 
4284 664 1188 0.406762 0.351753 -0.049346 0.0270565 -0.0315632 -0.00196289 0.540019 0.0416191 
4285 664 1149 0.106368 -1.52983 0.25427 0.013167 0.00785439 0.0417484 1.55446 0.0444746 
4286 664 1895 -0.427767 0.164585 -0.340088 0.0347081 -0.00317905 -0.0451947 0.57073 0.057073 
4287 664 1374 -0.360357 -0.698571 -0.856841 0.0392523 -0.0645223 0.036096 1.16277 0.0837066 
4288 1457 2109 -0.346791 0.179566 -0.58985 0.0199693 -0.0122116 -0.0154581 0.707412 0.0280508 
4289 1604 1877 0.219066 -0.102432 -0.00479471 -0.00998729 -0.0215556 0.0041904 0.241879 0.0241236 
4290 1604 1545 -1.52517 -1.06743 -0.184343 0.0121021 -0.0324155 0.0875729 1.87071 0.0941607 
4291 1604 1978 0.286485 -0.165791 -2.15225 -0.119506 0.12079 -0.025212 2.17755 0.171777 
4292 1801 1228 -0.663493 -1.30717 -0.239106 -0.0770064 0.0336684 0.0296216 1.48529 0.0891122 
4293 1801 1622 -0.0441899 -0.926806 -2.19323 -0.23615 0.0278944 -0.00702948 2.38143 0.237896 
4294 1095 1999 -0.151925 -0.367385 -0.387793 -0.0501538 0.0236888 -0.00279353 0.555371 0.0555371 
4295 1059 1661 -0.095249 -1.23094 0.0127567 -0.0208036 0.00100354 -0.0584969 1.23468 0.0620941 
4296 1059 1632 0.0711961 0.869184 -0.782184 0.0420921 0.00704479 0.0116597 1.17148 0.0442417 
4297 1059 1348 0.76489 -0.610411 -0.606427 0.0508077 0.0224215 0.0415153 1.15127 0.0693373 
4298 1606 1569 -1.21675 -0.384116 -0.365056 -0.0138396 -0.0648703 0.114385 1.32713 0.132226 
4299 1606 1419 1.55926 -0.911704 -0.808174 0.0562057 -0.0626301 0.179094 1.9788 0.19788 
4300 1598 1552 -1.03656 1.08853 -1.57768 -0.0362538 0.0519895 0.0596898 2.1791 0.0870639 
4301 1598 1673 0.923712 -0.805748 -1.82105 0.176512 0.125593 0.0339638 2.19515 0.21928 
4302 1659 1552 2.10504 1.36756 -0.950953 -0.114047 0.00663546 -0.242913 2.68435 0.268435 
4303 1659 1894 -0.631041 0.0670171 -0.524873 0.0435501 -0.0398195 -0.0574435 0.823527 0.0823527 
4304 1659 2307 0.161091 -0.7413 -0.387769 0.00164667 0.0397625 -0.0753302 0.851963 0.0851963 
4305 1371 1772 1.31003 -1.24075 -0.256925 -0.0583085 -0.0834503 0.105693 1.82254 0.146747 
4306 1371 1487 -0.918311 -1.23796 0.0278672 0.0847892 -0.0653731 -0.110037 1.54163 0.153528 
4307 1371 1894 1.5565 0.265918 -1.77575 -0.136812 -0.134635 -0.140081 2.37627 0.237627 
4308 1371 1486 -0.538658 -0.201705 -0.789585 0.0297067 -0.0929954 0.00349025 0.976874 0.0976874 
4309 1537 1487 0.363057 -0.495133 0.0198936 -0.028815 -0.0190883 0.0507834 0.614298 0.0614298 
4310 1537 1113 -0.105216 -0.094187 -0.00417168 0.00822822 -0.00886851 -0.00729623 0.141276 0.0141276 
4311 1537 1962 -0.186489 0.00976177 -0.538943 -0.0312555 0.0315854 0.0113873 0.570379 0.0458717 
4312 1724 1877 -0.199523 0.0726669 -0.00698922 -0.0056993 -0.0142343 0.0147055 0.212459 0.021245 
4313 1724 1474 0.0614387 -0.498111 -0.417706 -0.017387 -0.0416873 0.0471544 0.652968 0.0652968 
4314 1877 1382 -0.889221 -0.624341 -0.0786427 -0.0286524 0.0280527 0.101267 1.08936 0.108917 
4315 1877 1931 0.558484 -0.0537801 -0.992884 0.0711927 -0.0243861 0.0413658 1.14044 0.0858733 
4316 1382 1545 -0.14443 0.0680109 -0.00104192 -0.00679983 -0.0144429 -0.000171594 0.159645 0.0159645 
4317 1382 2127 -0.0296848 -0.0745076 -1.03276 0.0399299 0.0228778 -0.00279822 1.03587 0.0461045 
4318 1545 1864 0.0340885 0.0447197 -0.681088 -0.0172226 -0.0659278 -0.00519075 0.683405 0.0683376 
4319 1545 1808 -0.542302 -0.449158 -0.477705 -0.0161185 0.0571531 -0.0354395 0.850904 0.0691538 
4320 1370 1228 -0.899795 -0.0461853 -0.0522744 -0.00151675 0.00617531 0.0206517 0.902495 0.0216085 
4321 1370 1529 -0.160328 -0.785895 -0.179218 -0.0420495 0.0237439 -0.0665028 0.821861 0.0821861 
4322 1370 1808 0.813212 -0.702999 -0.980196 0.107717 0.095526 0.0208549 1.45475 0.145475 
4323 1228 1119 -2.00034 -1.50407 -0.548535 0.0102946 -0.00395397 -0.0266997 2.56212 0.0288874 
4324 1228 1893 0.12663 -0.28484 -0.502307 0.0461203 0.03587 -0.00871381 0.59117 0.0590735 
4325 1661 1966 -0.617621 -0.807133 -1.33162 -0.0573076 -0.105959 0.0908047 1.67515 0.150854 
4326 999 1350 -3.4096 0.144993 -1.12025 -0.0129127 0.121269 0.0549968 3.59185 0.133782 
4327 999 1637 2.65754 -2.64701 -1.48566 0.176717 0.180696 -0.00583644 4.0344 0.252812 
4328 999 1046 -0.899255 -1.43057 -0.160323 0.115709 -0.062871 -0.0880132 1.69732 0.158391 
4329 999 1569 -0.0462791 0.330185 -0.679793 0.027125 -0.0626258 -0.0322649 0.757154 0.0754902 
4330 1350 1043 -1.15001 -1.29095 0.597014 -0.0506496 0.0776724 0.0703906 1.82907 0.116418 
4331 1350 1549 -2.13808 1.08418 -1.08947 -0.0631943 -0.231866 -0.106722 2.63321 0.262954 
4332 1350 1535 -0.0292231 0.0508722 -0.498703 -0.0339056 0.0365946 0.00571978 0.502142 0.0502142 
4333 1383 1043 0.330166 -0.307358 0.0121173 -0.0305401 -0.0325699 0.00599866 0.451248 0.0450497 
4334 1383 1857 -1.49952 -1.23874 -0.871892 -0.0562923 -0.0682297 0.193751 2.13148 0.212987 
4335 1383 1549 0.180407 0.143544 -0.234625 0.0260123 -0.0180225 0.0089751 0.328939 0.0328939 
4336 1383 1522 0.721154 -1.75078 -2.97083 -0.0473062 0.00553209 -0.0147435 3.52295 0.0498584 
4337 1772 1894 -0.0275001 0.34178 -0.26142 0.0112495 -0.0247132 -0.0334934 0.431173 0.0431173 
4338 1772 2307 1.69243 -0.30146 -0.805055 0.0401388 0.184913 0.0151397 1.89824 0.189824 
4339 1772 2204 -0.0843994 -0.279882 -1.25299 0.0171535 0.124198 -0.0288977 1.28664 0.128664 
4340 1487 1067 0.359532 -0.364157 -0.00952611 -0.0363406 -0.0359473 0.00260657 0.511824 0.0511824 
4341 1487 1570 -0.691997 -0.60656 0.0808217 -0.0317895 0.0288805 -0.0554364 0.923747 0.0701274 
4342 1487 1688 -0.983734 -0.173091 -1.12489 -0.0227246 0.0620414 0.0103264 1.50435 0.0668743 
4343 1487 1765 0.196687 -0.222828 -0.536558 -0.0196695 -0.0556591 0.0159045 0.613378 0.0611374 
4344 1113 1149 -0.493085 -0.302921 0.145177 -0.0103991 0.00658489 -0.0215802 0.596632 0.0248436 
4345 1113 1688 0.429156 -0.160109 -0.43167 0.0333194 -0.0298555 0.044199 0.629404 0.0628895 
4346 1149 1227 -2.78769 -0.462462 -0.825219 0.0531008 0.109643 -0.240826 2.94382 0.269886 
4347 1149 1603 0.22217 -0.818371 -1.08463 -0.135789 -0.0113091 -0.0192814 1.37677 0.137617 
4348 1227 1220 -1.17388 -2.3323 0.623745 0.130275 -0.00280675 0.234681 2.68452 0.26843 
4349 1227 1374 0.573916 0.545509 -0.625942 -0.000213816 0.0290312 0.0251047 1.00934 0.038381 
4350 1227 1689 -0.276282 0.399692 -0.425952 0.0581727 0.0145722 -0.0240583 0.646159 0.0646159 
4351 1227 1520 0.104604 -0.296257 -0.519556 -0.0335176 -0.0331016 0.0121267 0.607164 0.0486436 
4352 1227 1474 -1.97747 -0.580864 -0.981357 -0.0471329 -0.052311 0.125937 2.28273 0.144285 
4353 1588 1842 -1.59382 -2.24843 -0.748615 0.219488 -0.106069 -0.14872 2.85589 0.285558 
4354 1588 1835 0.0262668 0.0808135 -1.41538 0.117016 -0.0546424 -0.000948304 1.41793 0.129149 
4355 1426 1808 -0.281248 0.664436 -0.942867 0.0118196 0.0775487 0.0511227 1.18725 0.0936324 
4356 1426 1849 -0.860446 -1.53482 -2.85489 0.016553 -0.00466934 -0.00247869 3.35357 0.0173767 
4357 1529 1464 -0.0224503 -0.633504 -0.0401165 0.0428415 -0.0044719 0.0466433 0.63517 0.06349 
4358 1119 1611 0.598502 -1.50228 -0.102599 0.0201519 0.000874278 0.104753 1.62036 0.106677 
4359 1119 1999 -0.533745 0.544795 -0.962956 0.0624711 -0.0124735 -0.0416832 1.2284 0.0761296 
4360 1119 1680 -1.80929 -2.44791 -1.86257 0.083731 -0.0672551 0.00705513 3.56861 0.107629 
4361 1637 1186 3.33788 -4.61382 0.156451 -0.315094 -0.225902 0.0605514 5.69677 0.392406 
4362 1637 1744 0.155663 1.25148 -1.86824 -0.199786 0.000108883 -0.0165734 2.25406 0.200472 
4363 1637 2149 -0.477598 0.0586032 -0.360944 0.0361823 0.0161636 -0.0452518 0.601511 0.0601511 
4364 1637 1676 0.0033675 -0.12644 -0.155228 -0.00634226 0.014658 -0.0120772 0.200235 0.0200235 
4365 1046 2149 0.525522 0.378549 -1.16406 -0.110873 -0.0207672 -0.056808 1.33211 0.126299 
4366 1046 1722 -0.28485 0.031037 -0.363808 -0.0326015 0.0175667 0.0270246 0.463097 0.0458452 
4367 1046 1944 0.358311 -0.720061 -0.594385 -0.0719635 -0.0618117 0.0314996 1.00008 0.0999582 
4368 1043 1394 0.595268 -2.94787 -1.14699 0.0886665 0.0853768 -0.173411 3.21868 0.212655 
4369 1043 1351 -0.788601 -0.632169 -0.243022 0.0274009 -0.0320178 -0.00562819 1.03951 0.0425162 
4370 1043 1722 0.454407 -0.11583 -0.938663 0.0273791 0.0363903 0.00876369 1.04928 0.0463754 
4371 1857 1333 -2.09509 -0.0826996 0.949187 -0.0919018 -0.0427963 -0.206579 2.30157 0.230114 
4372 1857 1351 0.681802 -0.713608 0.203686 -0.0105529 -0.0366877 -0.0932105 1.00776 0.100725 
4373 1857 2186 -0.176359 0.175049 -0.416298 0.021003 -0.0362619 -0.0241454 0.484818 0.0483638 
4374 1857 1862 0.0670659 -0.746099 -0.658211 -0.0103577 0.0650885 -0.0748348 0.997198 0.0997198 
4375 1333 1805 -0.591725 -0.179194 -0.307288 -0.0300706 -0.0060128 0.0614114 0.690417 0.0686422 
4376 1333 2307 -0.528996 0.831762 -1.29249 -0.00388766 0.135922 0.0890618 1.62548 0.162548 
4377 1333 1767 0.0557179 -1.64277 -2.58993 -0.165386 -0.125445 0.0760106 3.0675 0.221058 
4378 1805 1067 -2.11813 0.209906 0.467395 -0.0292008 -0.184174 -0.0496199 2.17922 0.192963 
4379 1805 2307 1.07169 1.55474 -0.705681 -0.044808 -0.0219341 -0.116373 2.01587 0.126616 
4380 1805 2242 0.0368628 -0.0928318 -0.584066 0.00524442 -0.0582381 0.00958739 0.592545 0.0592545 
4381 1067 1765 -0.223633 0.203961 -0.501485 -0.0257438 -0.0147032 0.00550023 0.585747 0.0301526 
4382 1067 1848 0.309226 -0.9716 -1.26129 0.0139793 0.121833 -0.0904229 1.62188 0.152364 
4383 1570 1688 0.0812463 0.462196 -0.71283 -0.0775206 -0.0252631 -0.0252161 0.853435 0.0853435 
4384 1570 1507 -0.138719 -0.266512 -0.380493 -0.0408515 -0.0117316 0.0231108 0.484816 0.0483796 
4385 1620 1220 -1.01816 -0.00255678 0.0203889 -0.000841196 -0.00635421 -0.0428037 1.01837 0.043281 
4386 1620 1603 0.402774 0.316554 -0.531195 -0.0462773 -0.00804293 -0.0398823 0.737971 0.0616188 
4387 1620 1839 -0.0421803 -0.618451 -0.820556 0.0565122 -0.0358716 0.0241314 1.02838 0.0711528 
4388 1220 1471 1.20733 -2.1133 0.20105 -0.0682391 -0.0301899 0.0924499 2.44215 0.118807 
4389 1220 1521 -1.21713 -2.22868 -0.452156 0.0989962 -0.00576257 -0.238077 2.57931 0.257903 
4390 1220 1474 -0.512695 0.734182 -0.791455 0.0571493 0.0927915 0.0490561 1.19511 0.119511 
4391 1220 1473 -0.0118053 -0.367967 -0.882914 0.0784016 -0.0455389 0.0179307 0.956596 0.0924235 
4392 1842 1334 0.371949 -0.915079 -0.115724 0.0271742 0.0174689 -0.0507938 0.994539 0.0601964 
4393 1842 1503 1.56801 -0.148925 -0.698318 -0.0712876 -0.0409203 -0.151343 1.72293 0.172224 
4394 1842 1501 -0.711488 -1.15169 -1.4659 0.0196958 0.0335966 -0.0359547 1.99536 0.0530037 
4395 1611 1233 -1.369 -0.531631 0.560223 0.00100515 -0.115178 -0.106844 1.57183 0.157107 
4396 1611 1368 0.623066 0.039893 -0.631396 0.0259382 0.0789587 0.0305847 0.887955 0.088559 
4397 1611 1429 0.292162 -0.90079 -0.502602 -0.0815849 -0.0521442 0.0460303 1.0721 0.10721 
4398 1278 1233 0.231321 -0.0155725 0.160324 0.00249283 0.00433142 -0.00317603 0.281879 0.00592137 
4399 1278 1456 0.0639716 -0.513385 0.17751 0.0155987 -0.015366 -0.0500623 0.546961 0.0546413 
4400 1278 1680 0.462027 0.297056 -0.139551 0.0152893 -0.0319751 -0.0174439 0.566732 0.0395026 
4401 1278 1462 -0.0629555 -0.638393 -0.535866 -0.0747878 0.0271959 -0.023613 0.83586 0.0830084 
4402 1186 1103 3.45002 -6.18501 1.19593 0.341288 0.146987 -0.224372 7.18243 0.43408 
4403 1186 1966 0.574909 1.83772 -1.53181 0.160739 0.00206888 0.0628093 2.46053 0.172587 
4404 1186 1676 -0.573737 0.17986 -0.809266 -0.0809119 -0.0170054 0.0535838 1.00818 0.0985248 
4405 1186 1720 0.579425 -0.760149 -1.13872 -0.102449 -0.0847241 0.0044275 1.48669 0.133017 
4406 1186 1396 -0.882107 -1.07732 -0.545578 0.031805 -0.0850498 0.11652 1.49546 0.147723 
4407 1394 1351 -0.278256 0.0907426 0.0361431 0.00838314 0.0277869 -0.00522338 0.294902 0.0294902 
4408 1394 1022 0.213598 -0.706333 -0.0654133 -0.0554669 -0.0208892 0.0444428 0.740817 0.0740817 
4409 1394 1722 0.0162993 0.0529098 -0.0353561 0.00636102 -0.00145804 0.000750512 0.06569 0.006569 
4410 1394 2320 1.0061 -0.330944 -2.34185 -0.155081 -0.0722586 -0.0564144 2.57022 0.18015 
4411 1394 1671 -0.74082 0.207834 -1.07152 0.0586272 -0.101507 -0.0602219 1.31915 0.131786 
4412 1351 1649 0.158742 -1.43553 -0.57027 0.0688871 0.0195384 -0.0300081 1.55279 0.077638 
4413 1147 1862 0.301973 0.202842 -0.779631 -0.0324083 0.0379485 -0.0026793 0.860324 0.0499756 
4414 1147 1767 -0.165785 0.112411 -0.18477 -0.0200016 0.000887869 0.0184866 0.272508 0.0272508 
4415 1696 1866 0.157746 -0.33338 -0.00188302 -0.00553508 -0.00241492 -0.0361402 0.368822 0.0366412 
4416 1696 1765 0.560726 1.18713 -0.613543 -0.106188 0.0405547 -0.0185786 1.44918 0.115177 
4417 1696 1507 -1.23011 -0.0303414 -0.312214 0.00104783 0.125499 -0.0163246 1.26948 0.12656 
4418 1696 1713 -0.119275 -0.207426 -0.316427 0.00197581 0.0324886 -0.0220419 0.396709 0.0393098 
4419 1471 1521 -1.58043 0.00210178 -0.421379 -0.0280844 -0.0364723 0.105152 1.63564 0.114786 
4420 1471 1112 1.33526 -0.637431 -0.255308 0.0552439 0.12911 -0.0334236 1.50147 0.144355 
4421 1471 1897 0.101386 -1.08081 -1.29927 0.0871839 0.0977465 -0.0745082 1.69308 0.150688 
4422 1521 1946 -1.18054 -2.85014 -0.566633 -0.144188 0.0287839 0.155622 3.13657 0.214096 
4423 1521 1503 -0.76586 0.926295 -0.604465 0.0413206 -0.0236111 -0.0885356 1.34534 0.100516 
4424 1521 1473 0.495509 0.516914 -0.806213 0.0344686 0.0189865 0.0333583 1.07829 0.0515882 
4425 1334 1782 0.016488 -0.631755 -0.655908 -0.0908134 -0.0060384 0.0035332 0.910825 0.0910825 
4426 1600 1464 -0.676715 0.219227 -0.176293 -0.00458207 -0.0538724 -0.0494036 0.732859 0.073239 
4427 1600 1078 1.12755 -0.503774 -0.17858 -0.0347857 -0.100816 0.0647656 1.24781 0.124774 
4428 1600 1809 0.539976 -0.0864861 -1.31172 0.0152122 0.066106 0.0019036 1.42115 0.0678604 
4429 1600 1906 -1.11854 -1.04473 -1.58458 -0.138498 -0.0137616 0.106837 2.20306 0.175457 
4430 1464 1849 0.37915 0.223174 -0.2215 -0.0226311 -0.00472045 -0.0434947 0.492569 0.0492569 
4431 1464 1368 -0.490644 0.446308 -0.788289 0.0158916 0.0924995 0.0424795 1.0302 0.10302 
4432 1464 1906 0.159452 -0.296654 -0.183626 -0.0297554 -0.0221047 0.00987259 0.383598 0.0383598 
4433 1233 1680 -0.0104338 1.12063 -1.57633 0.0385778 0.00144056 0.000768769 1.9341 0.0386123 
4434 1233 1365 0.02862 -0.43923 -0.664534 -0.023458 -0.0376501 0.0238749 0.797087 0.0503768 
4435 1103 1456 1.54445 -0.643598 -0.268041 0.0206112 0.0692282 -0.0474638 1.69452 0.0864302 
4436 1103 1128 0.969213 -5.91732 0.91988 -0.212914 0.0407008 0.486149 6.06631 0.532287 
4437 1103 1720 -0.130653 0.504562 -1.34506 -0.00506785 0.0462253 0.0178324 1.44251 0.0498042 
4438 1103 1548 -1.34928 -1.84401 -1.47435 -0.137507 0.178975 -0.0980071 2.71931 0.24606 
4439 1649 1671 0.458971 1.27041 -0.931217 -0.0187738 -0.091891 -0.134615 1.64066 0.164066 
4440 1649 2076 0.268763 -0.228193 -0.310103 0.00494691 0.039529 -0.0248004 0.469542 0.0469262 
4441 1649 1717 -0.246461 -0.714318 -0.183241 0.0412773 -0.0293485 0.0588894 0.777542 0.0776731 
4442 1433 1741 0.87152 -0.139343 -0.778351 0.0315647 -0.0320754 0.0410852 1.17677 0.0609356 
4443 1433 1761 0.0847966 -0.400828 -0.168044 -0.010414 0.00916886 -0.027125 0.442823 0.0304678 
4444 1956 1132 -0.48818 -1.05607 0.192341 -0.00481833 0.0232132 0.115225 1.17924 0.117639 
4445 1956 1848 -0.141262 0.21337 -0.305726 0.00781855 -0.0302356 -0.0247144 0.398685 0.0398261 
4446 1956 1388 0.420941 -0.748403 -1.99727 0.0502905 0.0937838 -0.0245429 2.17402 0.10921 
4447 1866 1132 0.165239 -0.229271 0.2066 -0.00414173 0.0215728 0.0272527 0.350075 0.0350035 
4448 1866 1244 -0.18899 -0.218418 0.212648 0.0127345 0.0170585 0.0288391 0.358668 0.0358449 
4449 1866 1848 0.12286 0.179279 -0.0785189 0.00628917 0.00516274 0.0216287 0.231086 0.0231086 
4450 1129 1204 -0.351507 -0.0332143 -0.138496 0.0139586 -0.0148259 -0.031872 0.379265 0.0378217 
4451 1129 1244 0.42685 -0.652498 0.127728 -0.0343204 -0.0277638 -0.027137 0.790107 0.0518183 
4452 1129 1507 -0.102763 0.206804 -0.209583 -0.0281587 -0.0133888 0.000595549 0.311854 0.0311854 
4453 1204 1928 1.08608 -0.731519 -0.67379 -0.0087044 -0.0618874 0.0531592 1.47264 0.0820471 
4454 1204 1316 -0.0902908 -0.21344 -0.149437 0.0240177 -0.0128448 0.00383451 0.275755 0.0275053 
4455 1204 2037 -0.194074 0.20317 -0.739188 -0.0228195 0.0711755 0.0255542 0.790786 0.0789917 
4456 1112 1204 0.44284 0.60723 -0.364284 -0.0348718 0.0481277 0.0378329 0.835188 0.0704531 
4457 1112 1523 -0.613504 -1.59401 -0.141929 -0.0417267 0.00226201 0.154964 1.71388 0.160499 
4458 1112 1316 0.169315 -0.0392142 -0.816619 0.0346474 -0.0751914 0.0107944 0.834908 0.0834908 
4459 1946 747 2.35089 -1.25428 0.25823 -0.0872403 -0.137096 0.128318 2.67705 0.207055 
4460 1946 1927 0.488065 0.87932 -1.20345 -0.136457 0.0772988 0.00113871 1.56834 0.156834 
4461 1946 1782 -0.792621 0.0779435 -0.780301 -0.0295065 -0.105757 0.0194083 1.11499 0.111499 
4462 1946 1647 -0.30309 -1.00595 -0.475619 -0.111252 0.0282034 0.0112444 1.15326 0.11532 
4463 1078 1648 1.12548 -4.05076 0.227183 0.254223 0.0737873 0.0562117 4.21034 0.270617 
4464 1078 1774 -0.255602 -0.293803 -0.139456 -0.0312874 0.0270552 0.000345773 0.413643 0.0413643 
4465 1078 1501 1.03418 1.00719 -1.62888 0.0362103 -0.0395039 -0.00143667 2.17651 0.0536079 
4466 1078 1809 -0.730681 0.478417 -1.0882 0.0196351 -0.103632 -0.0587452 1.39533 0.120732 
4467 1078 2070 0.135652 -0.301685 -0.499543 0.0387648 0.027703 -0.0062038 0.599132 0.0480484 
4468 1428 1539 -8.94829 1.61353 -2.53783 0.107335 0.232682 -0.230524 9.44013 0.344678 
4469 1428 1774 0.781117 -0.0853949 -0.581046 0.0184855 -0.0100693 0.0263305 0.977266 0.0337105 
4470 1428 1031 0.508422 -1.07991 -0.120472 0.036286 0.0294107 -0.110501 1.19967 0.119967 
4471 1428 1906 0.000794979 0.0745476 -0.112487 -0.00260644 0.0109755 0.00725525 0.134949 0.0134124 
4472 1428 1543 -0.249439 -0.435996 -0.427004 -0.0594335 0.027827 0.00630574 0.659276 0.0659276 
4473 1539 1253 -0.835105 -2.01392 -0.181895 -0.202026 0.0839393 -0.00183769 2.18777 0.218777 
4474 1539 1429 -1.45004 2.77435 -2.40343 -0.317094 -0.107656 0.0670386 3.94666 0.341515 
4475 1539 1979 0.5331 -0.283545 -2.9269 -0.146707 0.130424 -0.0393558 2.98853 0.200205 
4476 1539 997 -2.51328 -0.384053 -1.25472 -0.0325949 -0.0670766 0.0858206 2.8352 0.113696 
4477 1456 1462 -0.191084 0.173776 -0.959646 0.0111266 -0.0794347 -0.0165998 0.993797 0.0819099 
4478 1022 1760 -1.02223 -1.53025 -0.0243739 0.116886 -0.0780515 -0.00187251 1.84044 0.140563 
4479 1022 1960 0.419456 0.0421671 -0.370595 0.0239876 0.0212476 0.0295679 0.561304 0.0436019 
4480 1395 1741 -0.157321 0.376667 -1.20571 0.0234297 -0.0183036 -0.00877524 1.27293 0.0309997 
4481 1395 1717 0.433803 -0.411598 -0.391968 0.0539974 0.0447968 0.0127203 0.715008 0.0713041 
4482 1132 1244 -1.2074 0.0555396 0.00329295 -0.00385398 -0.0886423 0.0819529 1.20868 0.120783 
4483 1132 1335 -0.172777 -0.287327 -1.06004 -0.0331344 0.0267091 -0.00183894 1.1118 0.0425987 
4484 1244 1971 -0.0387029 -0.171774 -0.266481 0.0073878 -0.0265955 0.0160705 0.3194 0.03194 
4485 1657 1112 -1.66229 0.204096 -0.00140915 0.020408 0.166203 -0.00178963 1.67477 0.167461 
4486 1657 1075 0.275116 -0.621144 -0.00951693 0.0312506 0.0134445 0.0259101 0.679411 0.0427631 
4487 1657 728 -0.444694 -0.733179 -0.503819 0.0768422 -0.031598 -0.0218417 0.994554 0.0859082 
4488 1657 1928 0.547632 0.700861 -1.78017 0.0442702 -0.0222554 0.00485675 1.99001 0.0497869 
4489 1523 728 1.67337 0.131503 -0.783412 -0.049092 0.046914 -0.0969856 1.85235 0.118394 
4490 1523 747 -1.97725 -0.0423242 -0.176648 0.00360281 -0.13921 -0.00697255 1.98558 0.139431 
4491 1523 1030 -0.600427 -1.0525 0.126036 -0.00402393 0.0120482 0.0814424 1.21826 0.082427 
4492 1523 1897 -0.4966 0.754421 -0.541988 -0.0173732 0.0277517 0.0545474 1.05334 0.0636192 
4493 1523 1180 -0.0593109 -0.0634359 -0.756052 -0.0100734 0.032831 -0.00196442 0.761023 0.0343978 
4494 747 1030 0.869858 -1.45735 0.3328 0.0810594 0.0169505 -0.137643 1.72953 0.160635 
4495 747 1181 -0.605932 -0.790691 0.247433 -0.0583143 0.0624777 0.0568478 1.02644 0.102644 
4496 747 1897 0.18366 0.258335 -0.149067 -0.0191057 -0.00325288 -0.0291767 0.35027 0.035027 
4497 747 1448 0.00983033 -0.0977691 -0.096308 -0.0136841 3.48599e-05 -0.00143215 0.137589 0.0137589 
4498 1648 1774 -0.878307 0.24981 -0.388039 -0.015817 -0.0505729 0.00324335 0.992171 0.0530878 
4499 1648 1879 -0.298402 -4.31689 -1.23591 -0.184743 0.0192881 -0.0227658 4.50023 0.187137 
4500 1648 2070 -0.0421361 0.472489 -0.91477 -0.0984545 -0.0286324 -0.010254 1.03045 0.103045 
4501 1774 1843 -0.415633 -0.126051 -0.531621 -0.00452744 0.00925007 0.00134641 0.686485 0.0103863 
4502 1253 1543 1.46675 0.136142 -0.456037 0.0385331 0.031709 0.1334 1.54203 0.142428 
4503 1253 1587 -2.92268 -0.407556 -1.2397 -0.030437 -0.21714 0.143143 3.20078 0.261851 
4504 1253 1556 0.117188 -0.783261 -0.54524 -0.058834 0.0373236 -0.0662622 0.961518 0.0961518 
4505 1634 1128 -2.26687 1.27454 1.28939 0.0506585 -0.1189 0.206593 2.9027 0.243689 
4506 1634 1344 0.644652 0.677389 -1.14076 -0.0308886 0.131008 0.0603375 1.47505 0.147505 
4507 1634 1807 -1.52474 0.734755 -2.13977 0.129947 -0.0227959 -0.100424 2.72825 0.165804 
4508 1634 1587 3.60141 -1.35385 -1.24597 0.0139244 -0.185154 0.241432 4.0442 0.304574 
4509 1634 1499 0.0255866 -0.344238 -0.196986 0.0184053 -0.0164548 0.0311459 0.397439 0.0397439 
4510 1128 1483 -0.229942 -0.843493 -0.615938 -0.0396825 0.02675 -0.0218184 1.06946 0.0525957 
4511 1128 1548 -1.07936 0.489186 -1.14166 -0.0808621 -0.0421189 0.058402 1.64551 0.108275 
4512 1445 1810 -0.76133 0.49799 -0.305944 -0.00207411 -0.0162017 -0.0212105 0.959802 0.0267709 
4513 1445 1483 1.17506 -0.405841 -0.41673 0.0157136 0.0201769 0.0246581 1.31116 0.0355253 
4514 1445 1548 0.419116 0.714809 -0.401097 -0.0307677 0.0500923 0.0571213 0.920592 0.0819678 
4515 1445 1681 0.0221722 -0.600468 -0.716948 0.0187115 0.0201733 -0.0163172 0.935451 0.0319896 
4516 1810 1408 -1.07256 -0.624747 0.68238 -0.0688935 0.0543387 -0.058537 1.41645 0.105478 
4517 1810 1616 -0.0353384 -0.705112 0.0166496 0.0621488 -0.00232478 0.0334547 0.706193 0.0706193 
4518 1810 1960 -0.0737707 0.17547 -0.10724 -0.00347625 -0.0122932 -0.0177233 0.218477 0.0218477 
4519 1810 1506 1.02901 -0.257164 -1.29168 0.0438932 0.161175 0.00287874 1.67136 0.16707 
4520 1810 1885 -1.35878 -0.0630805 -0.751479 0.034203 -0.0472971 -0.0578736 1.55402 0.0821962 
4521 1408 1760 -0.983569 0.376028 -0.362628 0.0317021 -0.0183297 -0.104994 1.11369 0.111197 
4522 1408 1338 -0.457325 -0.413141 -0.110425 -0.0241335 0.0166321 0.0377221 0.62612 0.0477705 
4523 1760 1717 -1.34249 0.375752 -0.570634 -0.00437062 0.049822 0.0430893 1.50635 0.0660153 
4524 1760 1885 2.45293 0.201194 -2.04847 -0.132603 -0.0649074 -0.16516 3.20212 0.221527 
4525 1760 1865 -0.165627 -0.189388 -0.62811 0.0348621 -0.0523209 0.00658298 0.676625 0.0632154 
4526 1691 1563 -0.787565 -0.0346911 0.241975 -0.00412208 0.0543847 -0.00561937 0.82463 0.0548294 
4527 1691 1717 1.02765 0.791279 -0.584655 -0.0239149 -0.0142096 -0.0612668 1.42268 0.0672864 
4528 1691 1761 -1.03495 1.19085 -0.980922 -0.126768 -0.0853377 0.0301495 1.85781 0.155761 
4529 1691 1790 -0.0675453 -0.207334 -1.32295 0.0922091 0.0370857 -0.01052 1.3408 0.0999427 
4530 1563 1183 -0.461791 0.00062296 0.0192386 -0.000490404 0.0440689 -0.0131983 0.462192 0.0460055 
4531 1563 1811 -0.0244977 -0.175804 -0.677289 0.0646478 0.0253641 -0.0089221 0.700163 0.0700163 
4532 1183 1042 -2.14079 0.0631374 -0.139622 -0.000380568 -0.032113 -0.00868644 2.14627 0.0332693 
4533 1183 1804 0.605229 0.781616 -1.06693 -0.125679 -0.00221311 -0.072914 1.4545 0.145315 
4534 1042 1075 -2.11322 -0.189321 -0.100216 -0.00187413 0.0463881 -0.0481138 2.12405 0.0668604 
4535 1042 1803 -0.0193985 -0.379995 -0.517283 -0.0516643 -0.0216454 0.0178381 0.642148 0.0587871 
4536 1075 728 -1.54227 0.320464 -0.891574 0.061298 0.103541 -0.0688187 1.81003 0.138616 
4537 1075 1003 0.257091 -0.486055 0.01158 0.039128 0.0199078 -0.033089 0.549981 0.0549746 
4538 1075 1971 0.678507 0.690493 -1.03552 0.0524482 -0.0107676 0.0271857 1.41756 0.0600484 
4539 1075 1975 -0.027915 -0.564538 -0.751219 0.0683486 -0.0519594 0.0365075 0.940113 0.0932958 
4540 728 1091 -0.480741 -1.01983 0.145961 -0.0215084 0.01054 0.00280177 1.13687 0.0241154 
4541 728 1316 -0.370478 0.878132 -0.510774 -0.00294014 -0.00363686 -0.00412 1.08132 0.00623262 
4542 728 1658 0.683744 0.275592 -1.07388 -0.0599352 -0.0536107 -0.051919 1.30257 0.0957179 
4543 728 1257 -0.0406042 -0.255308 -0.318882 0.0390267 0.00704118 -0.0106068 0.410508 0.0410508 
4544 1030 452 0.693647 -0.939501 -0.017691 -0.0198597 -0.0134909 -0.0622287 1.16796 0.0666995 
4545 1030 1393 -0.620179 -0.822974 0.030819 -0.00536835 0.00676528 0.0726279 1.03095 0.0731395 
4546 1030 1448 -0.67948 0.207902 -1.40527 0.0830429 -0.0455859 -0.0468972 1.57471 0.105705 
4547 1181 1393 0.386245 -0.683841 -0.0147252 0.0385129 0.0211246 0.0291731 0.78552 0.052731 
4548 1181 1647 -1.0639 0.708293 -1.44896 0.0101486 0.0379497 0.0110993 1.93211 0.0408211 
4549 1573 1879 -1.27188 0.0504577 -0.509511 -0.0206752 -0.0171616 0.0499115 1.37107 0.0566846 
4550 1573 1605 1.8603 -2.57118 -0.0394663 0.0743527 0.0557673 -0.128443 3.17383 0.158543 
4551 1573 1655 -0.266162 -0.34119 0.0452166 -0.0297096 0.0198907 -0.0247925 0.435083 0.0435083 
4552 1573 1647 0.0992727 0.0808001 -0.130435 -0.0117566 -0.0059067 -0.0126068 0.182749 0.018222 
4553 1573 2275 -0.0831926 -0.730054 -0.960597 0.0722181 0.0275121 -0.0271636 1.2094 0.081916 
4554 1879 1655 0.673455 -1.75026 1.01379 -0.16798 -0.0450667 0.0337833 2.13183 0.177171 
4555 1879 1963 -2.94382 -3.42965 0.874899 0.198429 -0.182284 -0.0468969 4.60369 0.273497 
4556 1879 2144 1.38588 1.22389 -1.79216 0.0775317 -0.00488113 0.0566219 2.57496 0.0961303 
4557 1879 1764 -0.920506 0.329286 -0.615621 -0.0503791 -0.101857 0.0208477 1.15531 0.115531 
4558 1879 2241 -0.0263523 -0.279388 -0.751216 -0.0131103 -0.0439249 0.0167962 0.801922 0.0488199 
4559 1031 1196 -0.0546004 -0.0454667 -0.00244374 0.000970611 -0.000789442 -0.00699847 0.0710943 0.00710943 
4560 1031 1543 -0.734972 0.218838 -0.501432 -0.0432646 -0.034915 0.0481771 0.916246 0.0735657 
4561 1031 1764 0.330605 -0.0941129 -0.756986 -0.0572836 -0.0575341 -0.017865 0.831375 0.0831309 
4562 1483 1554 1.10355 -1.35997 0.962538 -0.0363216 0.00562887 0.0495959 1.99846 0.0617308 
4563 1483 1461 -1.27411 -1.76906 0.952104 -0.121527 -0.00684605 -0.175349 2.37895 0.213455 
4564 1483 1807 1.40788 1.99367 -2.10192 -0.198136 -0.027545 -0.15884 3.22102 0.255434 
4565 1616 1681 0.023976 -0.00448785 -0.0130323 -0.000380906 0.00229729 -0.00149187 0.0276556 0.00276556 
4566 1616 1730 -1.19374 -0.058453 -0.737362 0.0352814 0.102329 -0.06523 1.40433 0.126376 
4567 1616 2180 0.0420819 0.217409 -2.02877 0.0910752 -0.0385235 -0.00223915 2.04082 0.0989129 
4568 1338 1730 1.97979 0.204918 -2.71883 0.123989 0.0808522 0.0963798 3.36951 0.176633 
4569 1338 1323 -0.121286 -0.193109 -0.355244 -0.0164425 -0.031501 0.0227375 0.422137 0.042186 
4570 1491 908 -1.41835 -0.118089 0.54372 0.0181256 -0.0949635 0.0266576 1.52358 0.100286 
4571 1491 1811 -0.178321 0.262925 -0.261921 0.0277141 0.00863743 -0.0101977 0.411741 0.030768 
4572 1491 1824 -0.228679 -0.14454 -0.17585 -0.0198434 0.0248713 0.00536191 0.32266 0.032266 
4573 1491 1941 0.0942356 -0.101174 -0.640875 0.0450119 -0.0455672 0.0138123 0.65562 0.0655227 
4574 1641 1003 -1.59322 -0.138975 -0.0675168 -0.00728299 0.00586065 0.159797 1.6007 0.16007 
4575 1641 1352 0.817466 0.420096 -1.12427 0.0413413 0.00535197 0.0320594 1.45214 0.0525885 
4576 1641 1585 0.85458 -2.18423 -1.75708 -0.114938 -0.0197845 -0.0313075 2.93061 0.120757 
4577 1003 1572 -0.166191 -0.092504 -0.0498327 -0.00968903 0.0111224 0.0116665 0.196621 0.0188067 
4578 1003 1803 0.227019 0.174019 -0.355865 0.0134555 -0.0419332 -0.0119217 0.456575 0.0456242 
4579 1003 1975 -0.208003 0.118517 -0.343134 -0.0361027 -0.0108974 0.018121 0.418393 0.0418393 
4580 1003 1470 0.0140289 -0.305818 -0.397279 0.0465432 0.0154814 -0.0102737 0.50155 0.0501148 
4581 1091 1523 -0.264494 0.454703 0.162128 0.019575 0.00990889 0.00414404 0.550452 0.022328 
4582 1091 452 -0.577202 -1.28118 0.582346 0.0948891 -0.0182942 0.053803 1.52109 0.110605 
4583 1091 1257 0.193853 0.164629 -0.541668 0.0220197 0.010005 0.0109213 0.598403 0.0265376 
4584 452 1468 0.235921 -0.312668 -0.0512034 -0.0242686 -0.0219374 0.0221404 0.395021 0.0395021 
4585 452 1469 -0.484492 -0.658979 0.0153421 0.0354655 -0.0272083 -0.0486857 0.81806 0.0660938 
4586 452 2288 0.600783 -0.0762398 -0.97458 -0.0803402 0.0612775 -0.0543196 1.14741 0.114717 
4587 452 1833 -0.525189 -0.147671 -0.633748 -0.0444636 0.0675365 0.0211102 0.836221 0.0835693 
4588 1393 1605 -0.7489 -0.0113089 -0.0223842 -0.00140297 -0.00636838 0.0501561 0.74932 0.0505782 
4589 1393 1207 -0.28181 -0.50648 -0.0294802 0.0267624 -0.0166617 0.0304232 0.580352 0.0438111 
4590 1393 1479 -0.358803 0.128085 -0.648428 0.000619069 -0.0737012 -0.0149008 0.752067 0.0751949 
4591 1393 1833 0.372119 -0.119834 -0.52657 -0.0133634 0.0330969 -0.0169757 0.655827 0.0395242 
4592 1605 1207 0.458836 -0.765797 -0.0186843 -0.0369008 -0.0204088 -0.0697071 0.89293 0.0814695 
4593 1605 1282 -0.863262 -1.09757 0.0607375 -0.0852923 0.0714505 0.0789073 1.3977 0.136405 
4594 1605 1479 0.813659 0.288799 -1.2965 0.0476393 0.0835033 0.0484982 1.55768 0.107677 
4595 1605 2008 -0.073453 -0.562541 -0.723877 -0.00544622 -0.0458817 0.0362084 0.919698 0.0587013 
4596 1655 1963 -3.65714 0.291137 -1.09296 0.0143727 -0.00645254 -0.049811 3.82806 0.0522432 
4597 1655 1282 0.768454 -1.07427 -0.0965538 0.0992518 0.068562 0.0271006 1.32435 0.123637 
4598 1655 1762 -0.0613839 -0.48668 -0.648113 0.0411656 0.00800548 -0.00991033 0.81282 0.0430919 
4599 1963 1431 -4.3687 -1.97 0.734694 -0.117794 0.251989 -0.0247553 4.84832 0.279261 
4600 1963 1011 0.609627 -1.52146 0.574265 -0.0420033 0.0445046 0.1625 1.73674 0.173641 
4601 1963 1328 -1.01762 0.183313 -2.53357 -0.00752553 -0.0921267 -0.00364305 2.73644 0.0925053 
4602 1963 1998 -0.143722 -1.0964 -0.740172 0.00955124 0.0666902 -0.100642 1.33064 0.12111 
4603 1463 1554 -2.1349 0.43004 0.0894042 -0.0198761 -0.134098 0.170395 2.17961 0.217743 
4604 1463 1414 -1.2381 -1.3973 -0.422227 0.0286059 -0.0695589 0.146313 1.91405 0.164513 
4605 1463 1499 -1.67915 1.28709 -2.86607 -0.107344 -0.165384 -0.011381 3.56237 0.197495 
4606 1461 1198 -2.02382 -1.05714 -0.131969 0.00862519 -0.0282817 0.0942792 2.2871 0.098807 
4607 1198 1165 -0.0207519 -0.443665 0.114815 -0.0237403 -0.00315004 -0.0164632 0.45875 0.0290614 
4608 1198 1580 -0.216195 0.153572 -0.640449 -0.0108998 0.00308432 0.00441901 0.693181 0.0121592 
4609 1795 1730 -0.0125795 0.466921 -0.243303 -0.00612146 0.00584765 0.0115387 0.526659 0.0143111 
4610 1795 1580 0.351627 0.0481107 -0.228284 -0.0131725 0.020603 -0.0159477 0.421983 0.0291947 
4611 1795 1601 0.311823 -0.51961 -0.0866401 -0.0181408 -0.0200424 0.054911 0.612156 0.0612046 
4612 908 1352 -0.273443 0.253372 -0.509878 -0.00600209 0.0549652 0.0305325 0.631619 0.0631619 
4613 908 1824 0.352262 -0.587326 -1.42983 -0.149327 -0.0508207 -0.0159137 1.58539 0.158539 
4614 1431 1110 0.568859 -1.4133 0.0662641 0.0393829 0.0226745 0.145517 1.52493 0.152448 
4615 1431 1455 -1.29473 0.954085 -2.52642 0.0488426 0.0456525 -0.00779032 2.9949 0.0673085 
4616 1431 1528 -0.286414 -1.0163 -1.16088 0.131509 -0.0778276 0.0356886 1.56925 0.156925 
4617 1662 985 0.334407 -0.874552 0.193633 0.0603159 0.0372338 0.0640014 0.956119 0.0955015 
4618 1662 1455 0.0532817 0.01247 -0.0578442 0.0024299 0.00648479 0.00363624 0.0796266 0.00782171 
4619 1662 1556 -0.293425 1.15402 -1.06137 -0.0177103 -0.0900979 -0.0930668 1.5951 0.130739 
4620 1662 1432 -0.241621 -0.301829 -0.496342 0.00930197 0.0396731 -0.0286537 0.629155 0.0498149 
4621 1414 1781 0.342006 -0.0993061 -0.133867 0.0166381 0.0193125 0.0281809 0.38046 0.0379995 
4622 1414 1859 0.169517 -0.768734 -3.16122 0.000122 -0.135442 0.0329428 3.25776 0.13939 
4623 1414 1359 -1.91235 0.348782 -0.747118 0.0801321 0.0860676 -0.16493 2.08253 0.20256 
4624 1851 1323 0.056666 0.28122 -0.201904 0.0298146 0.00641541 0.0173033 0.350801 0.0350638 
4625 1851 1721 1.22785 -0.644202 -1.19638 0.00387154 -0.00959511 0.00913994 1.83137 0.0138056 
4626 1851 2337 -1.73176 -0.817044 -0.301207 0.0332563 -0.0837938 0.0360926 1.93837 0.0971085 
4627 1851 2190 -0.422838 -0.147304 -1.15487 -0.0797886 -0.0547078 0.0361914 1.23863 0.103291 
4628 1093 1470 -0.489881 0.254219 -0.854774 0.0562712 0.0844703 -0.00712737 1.01747 0.101747 
4629 1469 1029 -0.394085 -0.687526 -0.0262354 -0.0150651 0.00772986 0.0237251 0.792895 0.0291477 
4630 1469 1833 -0.0284175 0.499197 -0.616411 -0.0109603 -0.036723 -0.0292346 0.793705 0.0482013 
4631 1469 1739 -0.163967 -0.439516 -1.00592 -0.0443201 0.095636 -0.0345618 1.10993 0.110928 
4632 1207 1029 0.238427 -0.324762 -0.00345572 -0.0157287 -0.0111709 -0.0353711 0.402902 0.0402902 
4633 1207 2008 -0.628987 0.260574 -0.811664 -0.0548285 -0.067358 0.020864 1.0594 0.0893228 
4634 1207 1489 -0.0137721 -0.485498 -0.606194 0.0427489 -0.0366453 0.0283778 0.776768 0.0630527 
4635 1282 753 0.945768 -1.57904 -0.0356111 -0.0556285 -0.0318058 -0.067085 1.84096 0.0927715 
4636 1282 1762 -0.90785 0.294059 -1.00294 0.0323852 -0.065747 -0.0485914 1.3844 0.0879351 
4637 1011 1110 -1.35928 -0.706793 -0.209798 0.0326036 -0.0266352 -0.121507 1.54636 0.128594 
4638 1011 1998 -0.114214 0.0129572 -0.220679 0.019081 -0.00721117 -0.0102989 0.248821 0.0228506 
4639 1110 1324 -1.71957 -2.55892 -0.352217 0.0150285 -0.0345194 0.177418 3.10307 0.181369 
4640 1110 1998 1.05032 1.27326 -1.87868 0.097081 -0.0322169 0.0324406 2.50076 0.107308 
4641 1110 1528 -0.553483 0.278121 -0.780298 -0.0606342 -0.00980637 0.0395139 0.996273 0.0730343 
4642 985 1668 -0.111762 -0.183073 -0.356551 -0.0400275 0.00697563 0.00896503 0.416095 0.0416081 
4643 1743 1241 0.504576 -0.650448 0.144218 0.048876 0.0410542 0.0141588 0.83575 0.0653818 
4644 1743 1781 -0.384185 0.343704 -0.280741 0.0191794 0.020955 -0.000591756 0.586981 0.0284132 
4645 1416 1359 0.739868 1.22805 -0.886727 -0.0892001 0.0247099 -0.0402054 1.68576 0.100914 
4646 1416 1816 -0.894054 0.25605 -1.14334 -0.0259753 0.0356094 0.0282865 1.47381 0.0523724 
4647 1416 1541 0.0179226 -2.03024 -2.56772 -0.210644 0.0763208 -0.0618158 3.27343 0.232416 
4648 1165 1532 0.112338 -1.02154 -0.805396 -0.0420159 0.0388792 -0.0551735 1.30569 0.079505 
4649 1165 1601 -0.64586 0.246988 -0.847333 0.00994079 0.106273 0.0234004 1.09367 0.109272 
4650 1472 1601 0.473112 0.114791 -0.340434 -0.0230397 0.0400105 -0.0185279 0.59406 0.0497488 
4651 1907 1327 1.00028 -0.702565 -0.485925 0.0269502 0.0112098 0.0392699 1.3154 0.0489295 
4652 1907 2337 2.19874 1.46516 -2.73375 0.0757422 -0.0388488 0.040098 3.80191 0.0940955 
4653 1496 1759 0.278191 -0.49166 0.0159468 -0.0220673 -0.0108366 0.0508573 0.565132 0.0564878 
4654 1496 2120 0.0860077 0.0705053 -0.0368652 -0.00479296 0.00025834 -0.010688 0.117164 0.0117164 
4655 1994 1585 0.115009 2.83497 -0.389925 -0.0324666 -0.019877 -0.154093 2.86397 0.158725 
4656 1994 1825 0.368865 -0.595752 -0.132737 0.0609984 0.0365261 0.00557239 0.713163 0.0713163 
4657 1994 1841 -0.501481 -0.88741 -0.170777 -0.0692092 0.0251662 0.0724589 1.03351 0.103313 
4658 1994 2439 0.0770937 -0.0361847 -0.195005 0.0166788 0.0125041 0.00427359 0.212791 0.0212791 
4659 1313 1698 0.222611 -0.68184 -0.019263 0.0194742 0.00634994 0.000287189 0.717518 0.0204853 
4660 1313 1517 -0.136511 -0.153676 0.0185215 -0.00264426 0.00473622 0.0198079 0.206385 0.0205372 
4661 1313 1559 -0.577197 0.670847 -1.58255 -0.0835774 0.134821 0.0876339 1.81319 0.181223 
4662 1313 1453 1.46629 -0.273612 -1.89908 -0.0393053 -0.131079 -0.0114624 2.41482 0.137324 
4663 1468 1213 -0.441202 -0.654814 0.13463 0.0455681 -0.017655 0.0634627 0.800978 0.0800978 
4664 1468 1746 -0.0359476 -0.117099 -0.464224 0.0194079 0.042076 -0.0121164 0.480113 0.0478943 
4665 1213 1555 -0.249507 -0.273865 -0.377698 -0.0390324 0.0357152 -0.000111943 0.529067 0.0529067 
4666 1029 993 0.128153 -0.618155 0.0348041 0.036372 0.00918802 0.0292622 0.632258 0.0475775 
4667 1029 1489 -0.758116 0.22518 -0.960015 0.0418962 0.00971007 -0.0308075 1.24381 0.0529025 
4668 753 1787 0.707149 -1.54479 0.0107865 0.0715095 0.033303 0.081436 1.69899 0.113378 
4669 1633 1336 -1.42151 -0.750686 -0.313021 -0.0139337 0.0778922 -0.123524 1.63775 0.146695 
4670 1633 1735 0.898279 0.386623 -1.50372 -0.129571 -0.0770504 -0.0972123 1.79376 0.179376 
4671 1633 1771 -0.045337 -0.33567 -0.438409 0.0475073 0.0200463 -0.0202614 0.554014 0.0554014 
4672 1336 1341 -0.7796 0.661099 -1.28606 -0.0514122 -0.0242244 0.0187131 1.6428 0.0598349 
4673 1336 1771 0.269767 -0.0506252 -0.205966 0.00365134 -0.0118943 0.00770594 0.34316 0.0146352 
4674 1336 1609 0.0754884 -0.74395 -0.436056 0.0682328 -0.0102908 0.0293692 0.865624 0.0749945 
4675 1324 1241 -1.94558 0.151464 0.321729 0.0160601 -0.01067 0.102143 1.97781 0.103947 
4676 1324 1908 0.50696 -1.73101 -0.800028 0.0552072 0.0495766 -0.0722844 1.97318 0.103589 
4677 1324 1484 -1.33102 -0.969465 -1.24585 -0.0123891 0.156181 -0.108297 2.06485 0.190458 
4678 1241 1151 -2.03057 -0.768896 -0.294654 -0.0789999 0.203996 0.0120912 2.19117 0.219093 
4679 1241 1668 0.105647 0.352495 -0.63178 -0.0646969 0.00146947 -0.0099988 0.731136 0.0654815 
4680 1241 1484 0.696417 -1.12153 -1.57322 0.0394146 0.171961 -0.10514 2.05374 0.205374 
4681 1995 1410 0.123534 0.896008 -0.553405 -0.0505498 0.0520824 0.0730416 1.06035 0.102971 
4682 1995 2012 -0.0829428 -0.488222 -1.7856 0.0793661 0.0599926 -0.02009 1.853 0.101497 
4683 1532 1858 -0.271603 -0.518859 0.067177 -0.0486858 0.0223065 -0.024551 0.589488 0.0589121 
4684 1532 1541 0.459128 0.0836513 -0.187653 -0.00954645 0.0217229 -0.0136736 0.503001 0.0273859 
4685 1532 1923 -0.29446 -0.156405 -0.700946 0.0401668 -0.0663878 -0.00206024 0.776206 0.0776206 
4686 1236 1858 0.693824 -1.17106 -0.473087 0.0360457 -0.0142441 0.0881235 1.44103 0.0962701 
4687 1236 1783 -0.928687 0.681561 -3.06994 0.00577861 -0.104092 -0.0248576 3.27895 0.107174 
4688 1983 1527 -0.278197 -0.245897 0.0962307 0.0106753 0.00231138 0.036768 0.383561 0.0383561 
4689 1983 2259 -0.075824 0.115679 -0.100838 0.0148868 0.00345962 -0.00722522 0.17117 0.0169054 
4690 1983 1783 0.489784 0.279897 -0.474404 0.0131693 -0.0585937 -0.0209739 0.737083 0.0636126 
4691 1983 1815 0.0406097 -0.152881 -0.0500198 -0.00440424 -0.00601855 0.0148195 0.165903 0.0165903 
4692 1983 2206 -0.921247 -0.518123 -1.03669 0.115607 -0.0317405 -0.0868697 1.4805 0.14805 
4693 1327 1193 -1.15979 -1.37013 0.387606 -0.00197955 -0.0309259 -0.115241 1.83646 0.119335 
4694 1327 2259 2.07773 1.17654 -2.31589 -0.175229 -0.124243 -0.220328 3.32634 0.307711 
4695 1759 1193 1.13793 -0.896461 0.70264 0.0935987 0.121215 0.00306783 1.61004 0.153177 
4696 1759 1948 -0.233619 -1.61065 -0.0766858 0.0278135 -0.00106955 -0.062268 1.62931 0.0682059 
4697 1759 2267 1.80935 -0.491623 -1.16539 0.0349352 -0.0181515 0.0618966 2.20761 0.0733563 
4698 1759 1825 -1.74067 0.0216009 -0.32489 -0.00878828 0.166967 0.0581862 1.77086 0.177033 
4699 1759 2011 0.197374 0.882393 -1.19711 -0.0588825 0.0321414 0.0139832 1.50022 0.0685255 
4700 1698 1819 -0.013352 -0.08419 0.00617102 0.00621389 -0.00140311 -0.00569755 0.0854653 0.00854653 
4701 1698 2185 0.014851 -0.435388 -0.779693 -0.0737077 0.0263163 -0.0160992 0.893143 0.0799034 
4702 1517 1492 -0.184163 -0.285014 -0.00159107 -0.0039161 0.00234269 0.0336258 0.33934 0.033934 
4703 1517 1422 0.500421 0.144531 -1.10199 -0.0207091 0.0704176 -0.000168517 1.21889 0.0733998 
4704 993 1787 -1.39509 0.124887 0.00688367 0.00670037 0.073582 0.0229848 1.40069 0.077379 
4705 993 1875 -0.577719 -0.821574 0.0100077 -0.0168052 0.0124558 0.0524253 1.00441 0.0564445 
4706 993 1555 1.10369 1.25267 -1.71313 -0.198412 0.129433 -0.0331842 2.3921 0.23921 
4707 993 1958 0.0377877 -0.292577 -0.741815 -0.0617106 0.0459338 -0.0212601 0.798323 0.0798129 
4708 1787 2054 -1.38606 0.103729 0.000184053 -0.00132679 -0.0179735 0.137784 1.38993 0.138958 
4709 1787 1875 0.584039 -1.25896 0.00700768 0.0713412 0.033141 0.00816876 1.38785 0.0790862 
4710 1787 1828 -0.476906 0.319187 -0.817234 0.0301254 0.0529586 0.00310403 0.998595 0.0610065 
4711 2054 1828 0.146441 0.0690477 -0.230673 0.0165164 -0.0225124 0.00374668 0.28182 0.0281716 
4712 2054 1771 -0.983216 0.431411 -1.22568 0.0649508 -0.01596 -0.05772 1.62945 0.0883455 
4713 1151 1294 -2.23118 -1.77816 0.201652 0.0744132 -0.0628745 0.268917 2.86019 0.286019 
4714 1151 1977 0.417626 1.41854 -2.51955 0.0652216 -0.105726 -0.0487145 2.92144 0.133435 
4715 1151 1766 0.596137 -0.925809 -1.41992 0.1059 0.0393687 0.0187921 1.79685 0.114534 
4716 1858 1651 -0.171118 -0.68342 -0.201665 -0.047159 -0.00404001 0.0537066 0.732811 0.071587 
4717 1858 1745 0.154336 -0.244417 -0.731167 0.0613198 0.048957 -0.00342205 0.786235 0.0785406 
4718 1527 1193 -0.666046 0.148525 0.0460077 -0.00828738 -0.0510337 0.0447753 0.683955 0.0683955 
4719 1527 1642 -0.69869 -0.766539 0.126255 -0.00813582 -0.00207617 -0.0576283 1.04484 0.0582368 
4720 1527 2206 0.113462 0.32054 -1.0472 0.0808568 0.0284183 0.0174593 1.10102 0.0874657 
4721 1193 1642 0.538185 -1.67709 0.09449 -0.167271 -0.0543656 -0.0122092 1.76386 0.176307 
4722 1948 1914 -0.820779 -1.13595 -0.0101242 -0.113499 0.0820384 -0.00340736 1.40149 0.140085 
4723 1948 1929 0.579808 -0.147068 -0.248276 0.0176582 0.0620331 0.00449202 0.647648 0.0646536 
4724 1443 1819 -0.0912158 -0.037027 -0.0157076 -0.00215418 0.0077833 -0.00583779 0.0996897 0.00996494 
4725 1443 1841 0.296463 1.83054 -2.00819 -0.0616225 0.0283598 0.0167539 2.73342 0.0698735 
4726 1443 2023 0.831795 -0.242979 -0.993824 0.000661842 0.128209 -0.0307917 1.31856 0.131856 
4727 1492 1540 -0.0962977 -0.141621 -0.000110038 0.00677028 -0.00461526 0.0150386 0.171259 0.0171259 
4728 1492 2158 0.0486911 0.471005 -0.764844 -0.06308 0.0563235 0.0306693 0.899557 0.0899557 
4729 1540 1360 -0.0529548 -0.0810856 0.0011255 0.00434828 -0.00272578 0.00821078 0.0968523 0.00968268 
4730 1540 2295 0.111164 0.211492 -0.430905 -0.034313 0.0276589 0.00472326 0.492713 0.044325 
4731 1875 2004 -0.48291 -1.37959 -0.246066 0.0178009 -0.0226421 0.09201 1.48223 0.0964125 
4732 1875 2028 -0.56038 0.491946 -1.16106 -0.0312108 -0.0116778 0.0101158 1.37989 0.0348255 
4733 1875 2090 0.0418398 -0.0931478 -0.178042 0.0182353 0.00929465 -0.000577468 0.205246 0.0204756 
4734 2018 1955 -1.51381 0.414322 -1.34642 0.0976169 0.0101458 -0.106631 2.06788 0.144921 
4735 2018 1702 0.112509 -0.735545 -1.10732 0.0802625 -0.0472848 0.0395644 1.33411 0.101209 
4736 1908 1609 0.901623 0.00753698 -0.120101 0.0109876 -0.0421789 0.079839 0.909619 0.0909619 
4737 1908 2326 -0.140024 -0.690504 -0.347377 0.0271548 0.0155303 -0.0418165 0.785541 0.0522226 
4738 1908 2082 0.439949 0.311584 -1.41439 -0.129598 -0.0120544 -0.0429675 1.51365 0.137066 
4739 1544 1766 0.0716054 0.243255 -0.225494 0.019353 -0.0109549 -0.00567222 0.339335 0.0229504 
4740 1544 1903 -0.847841 -0.0315498 -1.44292 0.0263473 -0.0895522 -0.0135233 1.67387 0.0943221 
4741 1294 1749 0.294932 0.944811 -1.71309 -0.0306085 0.0481404 0.0212809 1.97847 0.0608872 
4742 1294 1626 -0.833511 -0.2234 -0.668598 -0.0390227 -0.0716039 0.0725729 1.09164 0.109164 
4743 1363 1493 -1.29349 1.00718 -1.55549 0.0153976 0.19488 0.113382 2.25988 0.225988 
4744 1363 1626 1.11131 -0.364696 -1.0713 -0.0490102 -0.00219796 -0.0500926 1.5861 0.0701149 
4745 1594 1504 -1.62615 -2.19192 1.60355 0.00807069 -0.0261612 -0.0275758 3.16548 0.0388584 
4746 1594 1493 1.47386 3.2678 -0.695912 0.0608265 -0.0314205 -0.0187181 3.65172 0.0709752 
4747 1594 1373 0.122327 -0.846814 -0.172087 0.0706671 0.000272482 0.0488924 0.872739 0.0859324 
4748 1594 1794 0.0105499 -0.0568704 -0.171412 0.00943283 0.014634 -0.00427467 0.180907 0.0179278 
4749 1314 1815 0.20407 0.233899 -0.206535 0.0301558 -0.00844248 0.0202349 0.372841 0.0372841 
4750 1314 1740 -0.669277 0.347041 -1.53424 0.0580113 -0.054815 -0.0377051 1.70946 0.0882704 
4751 1314 1751 0.5379 -0.349903 -0.72655 0.05394 0.0805331 0.00114994 0.969352 0.0969352 
4752 1642 1910 0.893132 -1.85423 -1.23877 0.100706 3.09058e-05 0.0725616 2.40217 0.124125 
4753 1642 1929 -0.495919 0.556875 -1.75549 -0.0231247 -0.182246 -0.0512793 1.9073 0.19073 
4754 1914 1375 -1.1792 -0.858951 0.58357 0.00261314 -0.0412145 -0.0553829 1.57126 0.069085 
4755 1914 2339 -1.02438 -0.12652 -0.736986 0.0701043 0.0267201 -0.102029 1.26827 0.126643 
4756 1914 1961 -0.0572199 -0.396639 -0.149557 0.0234654 -0.0155319 0.0322144 0.427742 0.0427742 
4757 1914 2407 0.0966106 -0.000579849 -0.135859 -0.0101578 0.0110397 -0.00727043 0.166708 0.0166708 
4758 1613 2126 0.206892 0.805318 -1.06618 -0.133539 0.00883722 -0.0192381 1.35206 0.135206 
4759 1613 1898 1.65107 -0.732187 -1.50954 -0.0931092 -0.216171 0.0030131 2.3539 0.23539 
4760 1613 2168 -0.0730802 -0.0990462 -0.247179 -0.0183803 0.0204228 -0.00274929 0.276131 0.0276131 
4761 1360 1403 0.257822 0.262721 -0.649837 0.0383446 0.0519889 0.0362316 0.746848 0.0740668 
4762 1747 2089 0.0439708 -0.124455 -0.2254 -0.0231893 -0.0117075 0.00194055 0.261204 0.0260495 
4763 1407 1498 0.407954 -1.59303 0.37725 0.0452233 -0.0263997 -0.160383 1.68715 0.168715 
4764 1407 1524 -0.267258 -0.28626 -0.0395951 0.0104009 -0.0107509 0.00752208 0.393624 0.0167435 
4765 1407 1609 0.113326 0.471494 -0.228621 0.0378618 -0.00583684 0.00673035 0.536113 0.0388958 
4766 1407 1871 0.071139 -0.0117995 -1.57036 -0.00354599 0.0732886 -0.00071132 1.57202 0.0733778 
4767 1288 1490 -0.559535 0.108026 -0.817328 -0.0770426 0.0281849 0.0564678 0.996381 0.099592 
4768 1288 1856 0.353889 -0.699049 -1.12837 0.0934226 0.0957702 -0.0300318 1.37372 0.137119 
4769 1504 1331 -2.16479 0.258725 0.0226167 -0.0135245 -0.128513 0.175611 2.18032 0.218032 
4770 1504 1297 0.0377297 -1.3081 -0.0724859 0.00322878 -0.00130756 0.0252773 1.31065 0.0255162 
4771 1504 1373 0.441846 -0.187766 -0.475551 0.0485976 -0.00311853 0.0463846 0.675746 0.0672532 
4772 1504 1768 -0.382913 -0.357234 -0.607768 0.0636052 0.0113449 -0.0467416 0.802259 0.0797441 
4773 1331 1840 -0.572343 -0.371357 -0.171727 0.0405766 -0.0485232 -0.0303057 0.703543 0.0701384 
4774 1331 1651 0.64666 0.523009 -0.869096 0.0307937 0.0113871 0.029765 1.20293 0.0443156 
4775 1331 1751 -0.514002 0.124543 -1.15107 0.0559543 0.112929 -0.0127674 1.26676 0.126676 
4776 1910 1779 -1.282 0.250592 -0.0801107 0.0174768 0.0513745 -0.118974 1.30871 0.130766 
4777 1910 1840 2.81988 -1.26667 1.01326 0.065944 -0.0961415 -0.303706 3.25314 0.325314 
4778 1910 1460 -0.629349 -1.87887 0.409286 0.054893 0.00639333 0.113757 2.0233 0.12647 
4779 1910 1740 0.300288 0.732803 -0.458556 0.0819466 -0.0086756 0.0397989 0.915121 0.0915121 
4780 1910 2653 -0.553927 0.281253 -1.1851 0.0830815 -0.0265363 -0.0451307 1.33806 0.0982012 
4781 1779 1415 -0.901797 -0.658263 0.640197 0.0884599 -0.038214 0.0853144 1.28701 0.128701 
4782 1779 1929 0.544601 1.3661 -0.537912 0.0496348 0.0368636 0.143872 1.56594 0.156594 
4783 1779 1901 -0.210852 -1.0964 -0.272135 -0.0288235 -0.0215161 0.109018 1.14917 0.114798 
4784 1779 2407 -0.429907 0.221672 -0.607534 0.0137411 -0.0680495 -0.0345529 0.776567 0.0775465 
4785 1779 2653 0.190715 0.00631035 -0.278001 -0.0256741 -0.0124077 -0.0178947 0.33719 0.033665 
4786 1375 1850 -1.22558 -0.800397 0.444474 0.0413249 0.00162353 0.116872 1.52978 0.123973 
4787 1375 1757 0.0740298 -0.174562 0.0174693 -0.0170582 -0.0076053 -0.00370809 0.190414 0.0190414 
4788 1442 1850 0.095907 -0.816605 0.0315709 0.0189154 0.00531066 0.0799023 0.822823 0.0822823 
4789 1442 2036 0.0900847 0.557805 -0.957647 -0.0350871 0.0172737 0.00676087 1.11191 0.0396887 
4790 1434 929 -0.0522239 -0.14447 0.181721 -0.00279391 -0.0155611 -0.0131742 0.237953 0.0205794 
4791 2004 1987 1.63326 -1.76897 0.223031 0.0106053 0.00468927 -0.0404703 2.41796 0.0420988 
4792 2004 2090 0.35213 0.317065 -0.46635 0.00870744 -0.00554103 0.00280752 0.664837 0.010696 
4793 2004 1702 -0.725454 0.517194 -0.76823 -0.0589218 0.0493397 0.0888578 1.17641 0.117481 
4794 2004 2249 -0.305627 -0.285569 -0.266535 -0.0362317 0.00936514 0.0315118 0.495983 0.0489228 
4795 1560 1498 -1.77557 0.531906 0.164497 0.0230925 0.106743 -0.0958992 1.86081 0.145341 
4796 1560 2213 0.0781165 -1.44302 -0.00544716 0.143987 0.00778604 0.00226855 1.44515 0.144216 
4797 1560 2249 0.635846 0.0547997 -0.484154 -0.000825044 0.0644499 0.00621132 0.801067 0.0647537 
4798 1560 2089 -0.0208386 0.202839 -0.291991 -0.0323261 -0.0132233 -0.00687892 0.356141 0.0355971 
4799 1560 2290 -0.174757 -0.237175 -0.349887 0.014212 -0.0388767 0.0192546 0.457397 0.0456521 
4800 1498 1524 -1.36386 0.32136 -0.4802 -0.013384 0.0195152 0.0510733 1.48121 0.0562891 
4801 1498 1868 0.150454 -1.87157 0.268967 0.013995 0.0120146 0.0757733 1.89677 0.077986 
4802 1498 2266 -0.0401633 -0.0213223 -0.792313 -0.0792163 -0.00149562 0.00405582 0.793617 0.0793342 
4803 1524 1667 -0.201652 -0.857955 0.322172 -0.0195107 -0.0282006 -0.0873111 0.938374 0.0938039 
4804 1524 2326 -0.367105 0.94624 -0.836567 -0.0733622 -0.0271797 0.00145013 1.31529 0.0782486 
4805 1524 1838 -0.0650048 -0.124388 -0.111179 0.0138132 -0.0107002 0.003895 0.17905 0.0179017 
4806 1190 1214 -0.178639 -0.407148 -0.0263485 0.00420551 -0.00469852 0.0440908 0.445394 0.0445394 
4807 1190 1854 -0.021941 0.26114 -0.664061 -0.0157433 -0.0590521 -0.0227019 0.713899 0.065195 
4808 1550 1012 -0.445946 0.0232098 0.331278 0.0328244 -0.00486461 0.0445269 0.556014 0.0555315 
4809 1550 1785 -0.401945 1.3005 -0.279564 -0.0163884 -0.00198598 0.014324 1.38961 0.0218563 
4810 1550 1125 1.16545 -0.730313 -0.144753 -0.0310973 -0.0582083 0.0433004 1.38296 0.0789314 
4811 1550 1891 -0.824294 -0.385336 -0.451564 0.00575459 -0.0820935 0.059549 1.0158 0.10158 
4812 1012 1802 -1.06607 -3.21106 -0.794838 -0.300016 0.122455 -0.092313 3.47552 0.336937 
4813 1012 1373 -1.58957 1.92914 -3.09273 -0.0514784 -0.15909 -0.0727767 3.97659 0.182362 
4814 2306 1840 -2.63186 1.55771 -0.678498 0.0304771 -0.0738388 -0.287739 3.13265 0.298622 
4815 2306 1297 1.76067 -0.162141 -0.0675437 -0.0164403 -0.150489 -0.0672985 1.76941 0.165669 
4816 2306 1049 -0.318372 -1.05018 -0.140426 0.079907 -0.0306792 0.0482706 1.10632 0.0982669 
4817 2306 1768 0.846362 0.79817 -1.28163 -0.1461 0.00635711 -0.0925227 1.73089 0.17305 
4818 1840 1915 -0.147565 -0.451813 0.0878036 0.0326753 -0.00392163 0.0347356 0.483342 0.04785 
4819 1840 1751 0.254934 0.391479 -0.415505 0.0357116 -0.0394177 -0.0152276 0.625213 0.0553259 
4820 1460 1820 -0.930165 -3.51784 1.23254 -0.10337 -0.0321728 -0.169837 3.84182 0.201408 
4821 1460 2100 0.975775 0.170263 -1.04207 -0.092793 -0.0043959 -0.0876077 1.43772 0.127691 
4822 1415 1715 0.178077 -1.0298 0.032407 -0.102206 -0.0180717 -0.0126411 1.04559 0.104559 
4823 1415 1961 -0.0264811 -0.00593477 -0.038091 -0.00354913 -0.00142884 0.00268999 0.0467696 0.00467696 
4824 1850 1770 -0.669362 -0.609404 -0.163437 -0.0196672 -0.00116728 0.0849001 0.919853 0.0871561 
4825 1850 2184 -0.0334656 0.379586 -0.722365 0.0813585 -0.00403484 -0.00588938 0.816711 0.0816711 
4826 1628 1547 1.62734 0.0220885 0.197808 -0.00553467 -0.0860579 0.0551428 1.63947 0.102359 
4827 1628 1987 -1.77684 0.110187 0.00888503 -0.00480699 -0.0819285 0.0547266 1.78027 0.0986427 
4828 1628 1576 0.220973 0.301728 -0.462644 0.0165236 -0.0366603 -0.016017 0.594902 0.0432845 
4829 1987 1420 -0.713386 -0.45208 -0.0521909 -0.014666 0.0260741 -0.0253892 0.846179 0.0392372 
4830 1987 1176 0.0858683 -2.01928 0.0952584 -0.0744644 -0.00070864 0.0521024 2.02335 0.0908851 
4831 1987 1799 0.210942 0.200633 -0.479621 -0.00623006 -0.0290252 -0.0148818 0.561059 0.0332076 
4832 1420 1904 -0.19394 -0.503087 -0.0176424 0.0492179 -0.0185533 -0.0119826 0.539463 0.0539463 
4833 1420 2249 -0.0247918 0.0381369 -0.0313876 0.000637345 -0.00323559 -0.00443476 0.0552651 0.00552651 
4834 1420 2485 -0.270566 -0.130083 -0.350892 0.020605 0.0308675 -0.0273314 0.461793 0.0460909 
4835 1868 1758 0.0784137 -0.684381 -0.630606 -0.0402444 0.00210518 -0.00728896 0.933911 0.0409533 
4836 1868 2300 -0.498068 0.0694024 -0.877392 -0.0642647 -0.0715943 0.0308179 1.01129 0.101022 
4837 1667 1686 0.535341 -1.15153 -0.102103 0.0968971 0.0385587 0.073175 1.27399 0.127399 
4838 1667 1732 -0.530915 -0.747487 -0.163518 -0.0570824 0.0519141 -0.0519773 0.931314 0.0930329 
4839 1667 1838 -0.140137 0.20769 -0.912044 -0.0389521 0.0302654 0.012877 0.945832 0.0509812 
4840 1650 1732 0.198447 -0.428062 0.0172622 -0.0220538 -0.00857975 0.0407737 0.47214 0.0471432 
4841 1650 1869 0.127224 0.430544 -0.219353 -0.0140583 -0.0137804 -0.0352019 0.49967 0.0403325 
4842 1650 1964 -0.208651 0.0713544 -0.338995 0.00975303 -0.0366835 -0.0137244 0.404406 0.0403628 
4843 1214 1856 -0.117586 0.220586 -0.149671 0.0101588 -0.011416 -0.0248059 0.291352 0.0291352 
4844 1214 1936 -0.211455 -0.222195 -0.606233 0.0171251 0.0233066 -0.0145155 0.679413 0.03236 
4845 1802 1297 -1.79141 1.71842 0.248029 -0.105709 -0.12449 0.0990114 2.49472 0.190985 
4846 1802 1017 -0.887049 -0.253384 -0.0456127 0.00739843 -0.00941369 -0.0915863 0.923656 0.0923656 
4847 1802 1476 -0.495234 -1.69075 -0.882002 -0.0677113 -0.068042 0.168452 1.97023 0.193883 
4848 1802 1891 0.427924 0.723708 -1.16826 0.102969 -0.0978571 -0.0229034 1.43934 0.143886 
4849 1715 1376 0.0909088 -1.30459 -0.0187047 0.071836 0.00656751 -0.108923 1.30788 0.130643 
4850 1715 1901 0.389724 0.60925 -0.859711 -0.0173034 0.094119 0.0588552 1.12347 0.112347 
4851 1715 2262 -0.209229 -0.0899682 -0.266917 -0.00494679 -0.0315594 0.0145152 0.350879 0.0350879 
4852 1757 1961 0.183681 0.432075 -0.655041 0.0162481 0.00789761 0.00976555 0.80592 0.0205363 
4853 1757 2262 0.0906431 -0.142389 -0.179266 -0.0212473 0.00164727 -0.0120517 0.246226 0.0244827 
4854 1757 1610 -1.03952 -0.0342145 -0.876484 0.0862639 0.0198643 -0.103085 1.36014 0.135877 
4855 1919 1770 -0.695862 0.269163 -0.0749328 -0.0138864 -0.0318556 0.0145288 0.749858 0.0376656 
4856 1919 1510 0.0114452 -0.101489 -0.0196492 0.00989676 0.00050472 0.00315773 0.104006 0.0104006 
4857 1919 1610 0.0744124 0.199031 -0.252757 -0.00230297 -0.0254394 -0.02071 0.330207 0.0328842 
4858 1770 1547 -1.10136 0.190429 0.0943138 -0.00161829 0.00619967 -0.0314155 1.12167 0.0320622 
4859 1770 2216 0.0637012 0.0903527 -0.311224 -0.00522413 -0.0308514 -0.0100259 0.330275 0.0328575 
4860 1770 1959 -0.10051 -0.053208 -0.112991 -0.0026245 0.0150796 -0.00476648 0.160313 0.0160313 
4861 1547 1677 0.413654 0.685582 -0.833224 -0.097188 0.0624393 0.00312636 1.15559 0.115559 
4862 1547 1959 0.0765851 -0.108251 -0.170229 0.0158092 -0.00780517 0.0120759 0.215781 0.0213701 
4863 1176 1911 -0.666673 -1.72825 -0.417581 0.0689578 -0.0152055 -0.0471606 1.89886 0.0849148 
4864 1176 1973 -0.240384 0.435059 -0.897202 0.0415775 0.0805193 0.0279046 1.02569 0.0948194 
4865 2213 1904 1.30205 -0.873046 -0.102701 0.0123693 0.0290935 -0.0905009 1.57102 0.0958637 
4866 2213 1444 -0.281309 -1.8416 0.0455834 -0.173142 0.0279983 0.0626412 1.86352 0.186242 
4867 2213 2290 -0.422647 0.465161 -0.737665 0.0505332 -0.03351 -0.0500841 0.9691 0.0786444 
4868 2213 2485 0.0990198 0.0156429 -0.130273 -0.0121343 -0.00511695 -0.00983771 0.164379 0.0164379 
4869 1758 2038 0.400404 -0.0846157 -0.314767 0.0198941 -0.0125813 0.0286887 0.516296 0.0371093 
4870 1758 2513 -0.282488 -0.20114 -0.310255 0.0133852 0.0308328 -0.0321764 0.465312 0.0465312 
4871 1686 1732 -0.256752 0.0262546 -0.0247432 0.00252067 0.000383616 -0.0257491 0.259274 0.025875 
4872 1686 833 -0.344832 -0.738901 -0.0700774 -0.025565 0.0190786 -0.0753683 0.818409 0.0818409 
4873 1686 2300 0.238679 0.539426 -0.524932 -0.0732303 0.0209785 -0.011739 0.789621 0.0770751 
4874 1732 1821 -0.472667 -1.08318 0.356945 0.105135 -0.0264101 0.0590766 1.23454 0.123454 
4875 1732 1827 0.310678 -0.000111628 -0.498533 0.0122767 -0.0254101 0.00765633 0.587414 0.0292405 
4876 1732 1733 -0.436471 0.0734056 -0.337373 0.034122 0.016983 -0.0404497 0.556521 0.055578 
4877 1326 1066 2.0447 -0.787945 0.327331 -0.0333249 -0.0112467 0.181094 2.21558 0.184478 
4878 1326 1125 -1.45698 2.82707 -1.67656 0.0373222 0.130763 0.188062 3.59527 0.232076 
4879 1326 1777 0.102056 -0.401025 -0.596918 -0.0700459 0.00810143 -0.0174186 0.726324 0.0726324 
4880 1441 1706 -0.38953 -0.135445 -0.429473 -0.0267241 -0.0387522 0.0364601 0.59542 0.059542 
4881 1017 1057 -0.88472 -1.10428 -0.253768 0.101579 -0.0911713 0.0425975 1.43756 0.142986 
4882 1017 1776 0.932713 0.548782 -1.95183 0.168592 -0.140338 0.0411065 2.23176 0.223176 
4883 1049 1057 0.247079 -0.507814 -0.137503 -0.0513706 -0.0206217 -0.0161494 0.581232 0.0576628 
4884 1049 1719 0.561438 0.472385 -0.760992 -0.0726406 -0.0281034 -0.0710373 1.0571 0.105417 
4885 1049 1672 -0.494742 0.271376 -0.983621 -0.0904799 -0.0612594 0.0286085 1.13399 0.11295 
4886 1656 1109 -0.426875 -0.244861 -0.0342699 0.0157814 -0.0322181 0.0336228 0.493308 0.0491686 
4887 1656 1917 -0.0892992 0.151026 -0.200615 0.015858 -0.0131174 -0.0169338 0.266514 0.0266514 
4888 1656 1625 0.453952 -0.494704 -0.447063 -0.0429897 0.00644609 -0.0507852 0.806641 0.0668491 
4889 1820 1109 0.123479 -3.43982 -0.479616 0.213628 -2.67016e-05 0.055191 3.47529 0.220642 
4890 1820 1917 0.780094 0.101027 -1.13234 -0.0571031 -0.0446626 -0.0433245 1.37875 0.0844543 
4891 1376 1985 1.03292 0.0770744 -1.44035 -0.0649928 -0.0475737 -0.0491538 1.77411 0.0943579 
4892 1376 2616 -0.101578 -0.962709 -0.596106 0.108171 0.00934194 -0.0335199 1.13687 0.113631 
4893 1945 1321 0.0477222 -0.947381 -0.136228 0.0146927 0.00518853 -0.030936 0.958315 0.0346386 
4894 1945 2262 0.546694 0.722026 -1.13912 -0.0320809 -0.0385902 -0.0398568 1.45526 0.0640855 
4895 1970 1221 -0.440084 -0.262363 0.471443 -0.0532541 0.0306499 -0.0326548 0.696252 0.0695827 
4896 1970 1449 0.452884 -0.102759 0.0315303 0.00882484 0.0277514 -0.036312 0.465465 0.0465465 
4897 1970 1959 0.101689 0.155788 -0.179966 -0.0236968 0.00478066 -0.00925138 0.25884 0.025884 
4898 1223 1048 0.0783242 -0.235501 0.400559 -0.0049936 0.0399591 0.0244696 0.471214 0.0471214 
4899 1223 1911 -0.494349 0.0345126 -0.144945 -0.0116612 0.0223027 0.0450823 0.516314 0.0516314 
4900 1911 1904 -1.30474 0.644085 0.1145 0.0359273 0.0643725 0.0472877 1.45956 0.0875826 
4901 1911 2157 -0.204792 -0.894686 -0.791154 0.0836222 -0.0679912 0.0552429 1.21175 0.121108 
4902 1904 1519 0.00673735 -0.505663 0.493134 -0.0666302 0.0159073 0.0172217 0.706344 0.0706344 
4903 1904 1509 -0.0409269 -0.0979032 -0.0765542 0.00863831 -0.00803552 0.00565826 0.130846 0.0130846 
4904 1444 707 0.0614421 -0.353363 1.14648 -0.0074866 -0.11175 -0.0340419 1.20127 0.11706 
4905 1444 2104 0.0265054 -0.976656 -0.147851 0.09825 0.00107882 0.0104871 0.98814 0.098814 
4906 1821 536 0.941637 -1.59573 3.1049 -0.110725 -0.0580421 0.00375001 3.61572 0.125072 
4907 1821 1066 -1.66503 1.20155 -0.179796 0.0195461 0.0305823 0.0233665 2.06115 0.0431661 
4908 1821 1876 0.301952 0.158297 -1.09412 0.000908916 -0.0402348 -0.00557033 1.146 0.0406287 
4909 1066 1733 0.78886 0.827615 -1.5687 -0.177126 0.0456381 -0.0649944 1.94115 0.194115 
4910 1423 574 -0.0939839 -0.394892 0.364042 0.0293468 -0.0346973 -0.0300613 0.545251 0.0544869 
4911 1423 1706 0.0321685 0.652298 -0.202184 0.0648358 -0.00927417 -0.0196052 0.683671 0.0683671 
4912 1423 1640 0.432651 0.150362 -0.135984 0.00875197 0.0149307 0.044355 0.477794 0.0476118 
4913 1476 1776 -0.496611 1.4155 -0.812553 -0.0693244 0.0585978 0.144449 1.70602 0.170602 
4914 1476 1900 -0.520793 -0.332321 -3.26066 0.0175336 -0.329966 0.0308291 3.31867 0.331867 
4915 1057 2252 -0.0395631 0.233368 -0.489289 0.0531354 0.0081523 -0.000408171 0.543535 0.0537586 
4916 1057 1625 -0.780389 -0.201755 -0.220816 -0.00362383 0.0674957 -0.0488623 0.835746 0.0834046 
4917 1057 2317 0.0893274 -0.065786 -0.0744321 0.0016748 0.0105859 -0.00734626 0.133594 0.0129936 
4918 1109 1153 -1.29622 -3.0264 0.154019 -0.103667 0.0436382 -0.014988 3.2959 0.113471 
4919 1109 1597 0.191135 0.0272282 -0.314576 -0.0311874 -0.0012133 -0.0190543 0.369097 0.0365676 
4920 1321 1425 -0.870269 -0.552541 -0.0479641 -0.000961513 0.00183426 -0.0036846 1.03197 0.00422674 
4921 1510 1425 0.00773484 -0.0979706 -0.0065069 0.00831601 0.000986463 -0.00496725 0.0984906 0.00973667 
4922 1510 2114 0.289423 0.531092 -0.620697 -0.0146896 0.00955428 0.00132545 0.866654 0.0175734 
4923 1510 2202 -0.421112 -0.310412 -0.268033 -0.0113425 0.00928337 0.0070692 0.58782 0.0162729 
4924 1449 2045 0.382515 0.425966 -0.698089 0.0033187 0.0495854 0.0320749 0.902825 0.0591483 
4925 1756 1223 0.00107425 0.189974 0.190798 -0.00306158 -0.0189475 0.018883 0.269249 0.0269249 
4926 2157 2134 -0.280714 -0.364166 -0.0466873 -0.0310573 0.0266874 -0.0214289 0.462165 0.0462165 
4927 2157 2212 0.939622 -1.4783 0.2028 0.136342 0.0759201 -0.0782889 1.76334 0.174591 
4928 1509 1444 -0.162258 0.0768109 0.164193 -0.0177067 -0.00199724 -0.0165636 0.243284 0.0243284 
4929 2007 1444 0.270559 0.19916 0.377683 0.0325086 0.0191983 -0.0334117 0.505481 0.0504156 
4930 2007 2513 -0.177399 0.119251 -0.0892536 0.0140077 0.00863623 -0.0163026 0.23164 0.023164 
4931 2544 2513 0.296938 0.330194 -0.0580485 -0.00697764 -0.00149748 -0.044211 0.44785 0.0447833 
4932 1421 1821 0.422632 0.170077 0.483519 0.0164575 -0.0258133 -0.00530531 0.66433 0.0310697 
4933 1421 2296 0.237267 -0.150294 -0.381911 0.0140026 -0.0234058 0.0179102 0.474068 0.0326294 
4934 1534 1640 -0.218869 0.324112 0.0450416 0.0247474 0.0128498 0.0277895 0.393676 0.0393676 
4935 1534 2141 -0.569637 -0.0217284 -0.162481 0.000958408 0.0582105 -0.0111445 0.592755 0.0592755 
4936 1534 1197 0.43046 -1.91821 0.155001 -0.043354 -0.00291779 0.0842912 1.97202 0.0948319 
4937 1534 2608 0.0510705 -0.231497 -0.41339 0.0267841 0.0355457 -0.0165966 0.47654 0.0475008 
4938 2141 1430 -0.0270035 -0.0266003 0.0189801 -0.000897499 -0.0016273 -0.00355753 0.0423912 0.00401368 
4939 2141 2289 -0.606158 1.17579 -0.515909 -0.0975782 -0.0615208 -0.025562 1.41988 0.118151 
4940 2141 1399 0.211259 -0.627369 -0.101192 -0.00707158 -0.0129184 0.0653279 0.669674 0.0669674 
4941 2141 2258 -0.219237 -0.244658 -0.376348 0.0132458 0.0360752 -0.0311681 0.499559 0.0494806 
4942 1367 1423 0.879284 0.621003 1.08817 0.0189996 0.124639 -0.0864823 1.53065 0.152889 
4943 1367 2289 0.154404 0.164056 -0.0775716 -0.0174477 0.0162211 -0.000422902 0.23827 0.023827 
4944 1367 1933 -0.950855 -0.918295 -0.213392 -0.0883235 0.0973687 -0.0254474 1.339 0.1339 
4945 1829 1574 -0.243167 -0.00555402 0.113777 0.00935317 0.0142477 0.0206854 0.268526 0.0268023 
4946 1829 1693 0.0665522 -0.146731 0.0779973 0.00420926 0.00961656 0.0144993 0.179005 0.0179005 
4947 1829 1832 -0.00147076 -0.0137748 -0.0074957 0.00140008 -0.000395527 0.000452144 0.015751 0.00152352 
4948 1574 2265 0.157771 -0.683681 -0.070077 0.0250677 0.00766405 -0.0183343 0.705139 0.0319886 
4949 1574 2319 -0.22613 0.198095 -0.184852 0.0261377 0.00978336 -0.02149 0.352911 0.0352238 
4950 1574 1934 -0.0881128 -0.101588 -0.122514 -0.0122285 -0.0043619 0.0124117 0.181917 0.0179614 
4951 2616 1321 -0.791406 0.0904562 0.367076 0.0377181 0.0246853 0.0752362 0.877069 0.0877069 
4952 2616 1701 -0.570609 0.516251 -0.348447 0.0213556 0.000347072 -0.0344572 0.844704 0.0405399 
4953 2616 2319 0.324206 -0.00418753 -0.368174 -0.0330511 0.0212753 -0.0293461 0.49059 0.0490531 
4954 2616 2497 -0.144077 -0.597958 -0.765819 -0.0225172 -0.0243568 0.0232543 0.982237 0.0405098 
4955 2134 2533 -0.566771 -0.326793 -0.262822 -0.0268082 0.00979232 0.0456356 0.705052 0.0538254 
4956 2205 2296 -0.229965 0.319294 -0.146547 -0.0185884 -0.0258694 -0.0271946 0.419891 0.0418844 
4957 2205 2260 0.0827426 -0.0551897 -0.02428 0.00316816 0.00747322 -0.0061904 0.102381 0.0102082 
4958 1755 1974 0.302126 -0.344053 0.248956 -0.0141337 -0.0369574 -0.0339221 0.521183 0.0521183 
4959 1755 1325 0.0629714 0.738944 -0.302964 -0.0360567 -0.0244444 -0.0671156 0.801119 0.0800133 
4960 1755 2608 -0.231524 -0.00247056 -0.136717 -0.0100892 0.018455 0.0167521 0.268888 0.0268888 
4961 1755 2324 0.0219129 -0.346588 -0.551342 0.0166028 0.00290787 -0.0011681 0.651599 0.0168959 
4962 1197 1399 -0.210066 -0.000190454 -0.122521 -0.0120375 0.000384593 0.0206382 0.243186 0.0238953 
4963 1197 1723 -0.0256206 -0.502249 -0.734009 -0.0453844 0.0397598 -0.0256217 0.889764 0.065552 
4964 1430 2068 -0.305416 -0.443314 -0.609144 -0.0606737 0.0534378 -0.00846924 0.812934 0.0812934 
4965 1763 1817 -0.362211 0.778589 -0.551508 -0.0902862 -0.00889234 0.046743 1.02057 0.102057 
4966 1763 1933 1.34502 -0.180057 -0.968716 0.0346509 0.0712994 0.0348585 1.6673 0.0865991 
4967 1763 2273 -0.287943 -0.421996 -0.835673 0.0301977 0.0779185 -0.0497521 0.97946 0.0972546 
4968 2123 2056 -0.0372141 -1.80637 -0.753472 -0.148123 0.00102488 0.00485879 1.95757 0.148206 
4969 2123 1934 0.202583 0.0661421 -0.287302 -0.00428985 0.0350626 0.0050472 0.35771 0.0356828 
4970 1974 1459 -0.277735 -0.309998 -0.0851359 -0.0206092 0.00860001 0.0359179 0.424834 0.0422942 
4971 1974 2001 0.296238 -0.232095 -0.922622 0.0945461 -0.00170484 0.0307859 0.996422 0.0994467 
4972 1494 1981 -0.853734 -0.641678 -0.706727 0.0291134 -0.107554 0.0624848 1.28065 0.127749 
4973 1494 1912 0.552465 -0.227639 -0.587259 -0.0604757 0.00257927 -0.0578925 0.837801 0.0837586 
4974 1899 1874 0.316296 -1.41867 -0.764909 0.0774596 0.0257168 -0.0156665 1.64248 0.0831071 
4975 1899 2016 0.587099 0.000374351 -0.549348 -0.0178149 -0.0758024 -0.0190908 0.804033 0.0801738 
4976 1899 2501 -1.02707 -0.305291 -1.09057 -0.112624 0.0301471 0.0976272 1.52886 0.152066 
4977 2265 1940 -0.237658 -0.585567 0.16387 -0.0390403 0.00129336 -0.0519981 0.652858 0.0650356 
4978 2265 1934 -0.0495241 0.0287541 -0.0401508 0.00477787 0.00144757 -0.00485659 0.0699394 0.00696491 
4979 2265 1832 0.122496 0.0240872 -0.166581 0.0159137 0.00383798 0.0122571 0.20817 0.0204502 
4980 2265 2132 -0.41114 -0.645901 -0.758069 0.0960413 -0.00438 -0.0483562 1.07745 0.107617 
4981 1976 1332 -0.201294 -0.0366986 -0.00207063 0.00311407 -0.0176142 0.00945259 0.204622 0.0202314 
4982 1976 2088 0.58273 0.303763 -0.397053 -0.00160857 0.0277783 0.0188908 0.767787 0.0336316 
4983 1976 2226 0.0596746 -0.0882189 -0.118181 -0.00662185 -0.0129944 0.00635627 0.159093 0.0159093 
4984 1386 1512 1.9277 -1.51356 -0.574702 0.0904794 0.0271229 0.232059 2.51738 0.250546 
4985 2049 1881 0.149285 -0.562852 0.00617379 -0.0308056 -0.00854124 -0.0337924 0.582345 0.0465174 
4986 2049 2533 0.142478 0.367368 -0.385888 0.0507241 0.00209635 0.0207242 0.551515 0.0548345 
4987 1752 1957 -0.668595 0.0521494 -0.0194544 -0.00556192 -0.062962 0.0223725 0.670908 0.0670498 
4988 1752 2003 0.138096 0.341742 -0.249536 0.0411987 -0.016663 -2.03142e-05 0.445114 0.0444409 
4989 1752 2154 0.744978 -0.456153 -0.70535 0.0394451 -0.0640807 0.0831024 1.12276 0.112108 
4990 1752 2092 -0.847419 -0.558906 -1.34156 -0.0409351 -0.0485845 0.0460982 1.68234 0.0784931 
4991 1957 1980 -0.644524 -0.793912 0.024738 -0.0115657 0.011607 0.0711675 1.0229 0.0730295 
4992 1957 2002 -0.361622 -0.172494 -0.622038 0.00548398 0.0701978 -0.0226543 0.739903 0.0739663 
4993 2115 2630 -0.645142 -0.292309 -0.898926 -0.00855215 0.110192 -0.0296941 1.14443 0.114443 
4994 2115 2002 0.414994 -0.380305 -0.622539 -0.0154261 -0.0255531 0.00532694 0.83929 0.03032 
4995 1459 1834 -0.447874 -0.0898906 0.095641 -0.0108022 0.00598766 -0.0449577 0.46671 0.0466234 
4996 1834 1669 -0.3173 -0.591316 -0.29033 0.0274617 -0.0411653 0.0538288 0.731181 0.0731181 
4997 1834 1912 -0.744996 0.107211 -0.68939 -0.00393468 -0.101164 -0.0114805 1.02067 0.101889 
4998 1981 2068 0.0835188 0.550527 -0.0975387 0.0557332 -0.00797313 0.00272042 0.565304 0.0563663 
4999 1981 2016 -0.568193 0.445514 -0.0757513 0.00447233 0.000919385 -0.0281388 0.725992 0.0285068 
5000 1981 1847 0.933191 -0.646536 -0.605801 0.0754455 0.103708 0.00553686 1.2868 0.128367 
5001 1981 2449 -0.136704 -0.31983 -0.617038 -0.0693231 0.0107608 0.00978076 0.708319 0.0708319 
5002 1940 1750 0.373438 -0.487944 -0.418989 0.0619426 0.0145063 0.0383147 0.743705 0.0742653 
5003 1940 2132 -0.0018705 0.0316895 -0.101696 -0.00859419 -0.00573432 -0.00162881 0.106535 0.0104592 
5004 2056 2390 0.595464 -1.2204 -0.235191 0.123777 0.0605886 -0.00101056 1.37814 0.137814 
5005 2056 1896 -0.625124 -0.978139 0.115072 -0.0933161 0.054465 -0.0439709 1.16652 0.116652 
5006 2056 2088 -0.397676 0.399584 -0.19449 -0.044044 -0.0330135 0.0222304 0.596355 0.0593629 
5007 2056 2357 0.0275609 -0.0942485 -0.418309 0.0239035 -0.0342102 0.00928276 0.429679 0.0427537 
5008 1512 2237 1.44355 -1.03097 -0.0305577 0.0221547 0.0361007 -0.171393 1.77417 0.176549 
5009 1682 1704 1.36612 -0.640217 -0.382473 0.0181036 -0.0444293 0.139032 1.55642 0.147077 
5010 1682 2657 -0.371927 -0.19771 -0.394309 0.0416191 0.00107687 -0.0397966 0.576973 0.0575941 
5011 1993 1988 -0.276102 -0.387477 -0.109914 -0.00632882 -0.00898667 0.0475784 0.488315 0.0488315 
5012 1993 2303 -0.295635 0.0157557 -0.717635 0.0392093 -0.0646555 -0.0175721 0.776304 0.0776304 
5013 1881 1997 -0.167832 -0.129769 -0.023738 0.00777915 -0.00665818 -0.0186018 0.213474 0.0212338 
5014 1881 1988 0.360916 -0.731846 -0.16442 -0.0234898 -0.0283108 0.0744515 0.832401 0.0830439 
5015 1881 2154 -0.466943 0.215578 -0.535573 -0.0540843 0.00776598 0.0502798 0.742528 0.0742528 
5016 1980 1557 -1.01784 0.186471 0.0402199 -0.00639706 -0.012796 -0.102563 1.03556 0.103556 
5017 1980 1837 0.332514 -0.555844 -0.230145 0.0362861 0.0395002 -0.0429741 0.687382 0.0687294 
5018 1980 2195 -0.299764 -0.45659 -1.07844 -0.0408101 -0.0671396 0.0397692 1.20887 0.0880612 
5019 1557 1823 -0.172567 -0.846098 0.0758502 0.0733487 -0.018739 -0.0421546 0.866842 0.0866498 
5020 1557 2302 -0.687394 -0.234287 -0.115277 -0.0239052 0.043408 0.0543248 0.735316 0.0735316 
5021 1557 2017 -0.251184 -0.380755 -0.877859 -0.0230185 0.09031 -0.032584 0.989295 0.0987292 
5022 1669 2302 0.809826 -0.253257 0.213017 -0.0271827 -0.0827612 0.00494546 0.874833 0.0872512 
5023 1669 1912 -0.0268969 0.083045 -0.0252979 0.000207927 0.00270929 0.00867269 0.090884 0.0090884 
5024 1669 1364 0.38003 0.163236 -0.254007 -0.00198221 0.0420934 0.0240853 0.485374 0.0485374 
5025 1669 2020 -0.726537 -0.861621 -0.289396 -0.00828643 0.0013777 0.0167015 1.16361 0.018695 
5026 1577 1358 0.00526762 -0.0373072 0.00787627 -0.00330602 -0.000801552 -0.00158562 0.0384917 0.00375319 
5027 1577 1847 0.290238 0.248922 -0.428454 0.0441777 0.00911705 0.0352231 0.574259 0.0572316 
5028 1577 2020 1.12155 -0.705041 -0.569216 -0.0888484 -0.0687055 -0.0899618 1.44186 0.143901 
5029 1577 2620 -0.0551246 -0.180624 -0.363885 -0.00427458 0.036776 -0.0176072 0.409971 0.0409971 
5030 1577 1737 -0.863998 -0.0601012 -0.367349 -0.0211975 0.0266335 0.0454988 0.940771 0.0568227 
5031 1874 2257 -0.0941894 -0.0249191 0.0207095 0.00310057 -0.00878021 0.00353684 0.0996067 0.00996067 
5032 1874 1737 0.637292 -0.768097 -0.234096 -0.0664477 -0.0672255 0.0396808 1.02514 0.102514 
5033 2257 1750 -0.891303 -0.0094036 -0.257269 -0.0203823 -0.0533537 0.0725643 0.927738 0.0923453 
5034 2257 2446 0.652019 -0.188676 -1.8412 -0.161091 -0.0575496 -0.0511494 1.96233 0.178546 
5035 1750 2390 -0.921227 -0.0267591 -0.0129862 -0.00289502 0.089806 0.020317 0.921707 0.092121 
5036 1750 2122 0.23534 -0.745501 -0.648432 -0.0713473 0.0277261 -0.0577711 1.01569 0.0958993 
5037 2390 2284 -0.531886 -0.999711 0.17743 -0.0590952 0.0466915 0.0859276 1.14621 0.114262 
5038 2390 2667 0.161472 0.0372357 -0.289954 0.0259266 0.0134794 0.0161692 0.333965 0.0333965 
5039 1896 2234 -1.98013 0.210532 0.208946 0.000445459 -0.138079 0.143349 2.00222 0.199035 
5040 1896 2226 -0.339045 0.367731 -0.428376 0.0305581 -0.0300628 -0.0499926 0.658546 0.0658546 
5041 1896 2369 0.0616514 -0.129534 -0.496614 0.0492798 -0.0124784 0.00937255 0.516919 0.0516919 
5042 2234 2237 -2.61045 -0.433904 -0.299477 0.0315312 -0.00763563 -0.263784 2.66315 0.265772 
5043 2234 2226 0.135288 0.129334 -0.215393 -0.0241156 0.00597776 -0.0115576 0.285349 0.0274021 
5044 2234 2308 -0.00147029 -0.00277513 -0.00324788 0.00042563 -6.57246e-05 -0.000136522 0.00451795 0.000451795 
5045 2237 1860 -0.7926 -1.10614 0.2319 0.00236225 0.0265921 0.134916 1.38041 0.137532 
5046 1631 1530 -0.160735 0.0829113 0.0215998 0.00171391 0.00758915 -0.0163771 0.182144 0.0181312 
5047 1704 1409 1.20627 -0.71405 0.425698 0.0626489 0.0287715 -0.129264 1.46498 0.146498 
5048 1997 2294 0.709184 -1.37777 -0.52921 -0.0952426 0.00213063 -0.13318 1.63745 0.163745 
5049 1997 1853 -0.451516 -0.373752 -0.181667 0.0398551 -0.0313491 -0.0345602 0.613645 0.0613645 
5050 1997 2218 -0.325099 0.108642 -0.636781 0.0299591 -0.022404 -0.0191176 0.723175 0.0420115 
5051 1784 1837 -0.0676556 -0.0828839 -0.0556161 -0.00704456 -0.000639155 0.00952206 0.120583 0.0118619 
5052 1837 1853 0.357148 -0.158973 0.00994761 -0.00948447 -0.0231868 -0.030028 0.391058 0.0391058 
5053 1837 2297 -0.0665306 -0.302261 -0.10992 -0.0216766 0.0125064 -0.0212702 0.328436 0.0328436 
5054 1837 2391 0.130615 0.244131 -0.565621 -0.05203 -0.0265254 -0.0234637 0.629752 0.0629386 
5055 1823 1949 0.591983 -0.638237 -1.45043 0.104711 -0.100458 0.0869423 1.6916 0.16916 
5056 1823 2150 -1.65416 -0.518827 -1.98035 -0.186337 0.143177 0.118134 2.63196 0.263015 
5057 2302 1364 -0.0655142 0.287254 -0.351984 -0.0434411 0.00645152 0.0133507 0.45902 0.045902 
5058 2302 2150 0.0805239 -0.641469 -0.381425 0.0543194 -0.0212396 0.0471877 0.750634 0.0750226 
5059 1670 1870 -0.436714 -0.0906491 -0.0523415 0.00439575 -0.0362034 0.0260237 0.449083 0.0448022 
5060 1670 2122 -0.130359 0.206929 -0.544759 -0.0563273 0.00963135 0.0171375 0.597139 0.0596592 
5061 1670 2268 -0.214256 -0.862101 -0.415727 -0.00738969 0.0437746 -0.0869679 0.980792 0.0976434 
5062 2284 2105 -0.457206 -0.752498 0.105136 0.0128745 -0.0175242 -0.0694398 0.88676 0.072765 
5063 2284 2562 0.56666 0.156423 -1.10057 -0.105466 -0.0314725 -0.0587756 1.24773 0.124773 
5064 2284 2651 0.311209 -1.10543 -0.757581 -0.092325 -0.0507549 0.0361328 1.37577 0.11138 
5065 1844 1615 -0.7819 -0.162098 0.0130279 0.0113511 -0.0498204 0.0613776 0.798632 0.0798632 
5066 1844 2105 0.215196 -0.409084 -0.0759898 -0.0236729 -0.0190492 0.0355102 0.468437 0.046736 
5067 1844 2384 0.0623839 -0.141132 -0.654801 0.0572578 0.0314408 -0.00132154 0.672737 0.0653355 
5068 1615 2308 0.0398533 0.172774 -0.234072 -0.00658565 -0.0224768 -0.0177119 0.293648 0.0293648 
5069 1615 2121 0.211941 -0.289894 -0.222949 0.000939597 0.0261914 -0.0331627 0.422686 0.0422686 
5070 1860 1409 -0.192936 -0.063985 0.0183332 2.51797e-05 -0.00562322 -0.0193607 0.204095 0.0201608 
5071 1860 2547 0.22802 -0.187255 -0.486768 -0.050968 0.00299507 -0.0250275 0.56921 0.0568602 
5072 1709 1886 -0.315317 0.0384036 0.0416784 -0.00445578 -0.00224078 -0.0316454 0.32037 0.032036 
5073 1709 1947 0.24555 -0.105976 -0.0420935 -0.00137169 -0.0125951 0.0237083 0.270735 0.0268812 
5074 1709 2561 -0.313204 -0.136168 -0.501573 0.0148109 -0.0584712 0.00662524 0.606806 0.0606806 
5075 1988 2294 -0.973684 -0.705613 -0.293166 -0.0152742 0.0645038 -0.104522 1.2377 0.12377 
5076 1988 1991 0.0539504 -0.404478 0.00788792 0.00643069 7.20649e-05 -0.0402881 0.408137 0.0407982 
5077 1988 2658 0.349148 -0.102622 -0.505559 0.0181628 0.0595833 0.000448937 0.622917 0.0622917 
5078 2294 1703 -0.0146939 -1.62224 0.815977 0.106587 0.0652175 0.131578 1.81595 0.181457 
5079 2294 2356 0.0880349 0.594042 -0.35531 -0.000228869 -0.0104874 -0.0175906 0.697769 0.0204809 
5080 2294 2033 0.421214 -0.165655 -0.530416 0.0087894 -0.0111759 0.0104702 0.697284 0.0176573 
5081 2294 1935 -0.827525 -0.721912 -0.206697 0.0138867 -0.0136065 -0.00807417 1.11744 0.0210516 
5082 2294 2372 -0.209953 -0.0176912 -0.54569 0.0395178 -0.0408336 -0.0138806 0.584954 0.0584954 
5083 1853 1935 0.224647 -0.460666 -0.111245 -0.0448858 -0.0167332 -0.0213499 0.524457 0.0524457 
5084 2382 2150 0.976331 -0.184763 -0.653239 0.0117771 -0.107577 0.0480292 1.18915 0.118399 
5085 1358 1564 0.000591176 -0.0912208 -0.0112304 0.00598996 0.000890032 -0.00691414 0.0919114 0.00919114 
5086 1575 1643 -0.455998 -0.380716 0.162765 0.0405717 -0.045918 0.00626008 0.615931 0.0615931 
5087 1575 1712 0.203266 -3.09171 -0.697554 0.107715 0.018612 -0.0511044 3.17593 0.120667 
5088 1575 2274 0.847141 -0.0507763 -0.879244 -0.0815092 -0.0334514 -0.0766012 1.222 0.11675 
5089 1575 1989 -0.663561 -0.225004 -0.628219 0.0211501 0.0767261 -0.0498202 0.941063 0.0938951 
5090 2263 1346 0.227734 0.441789 -0.108953 0.00289917 0.0107263 0.0495536 0.508833 0.050784 
5091 2263 1989 0.945623 -0.329779 -0.692117 0.0765674 0.0350288 0.0879217 1.21737 0.121737 
5092 2263 2268 -1.07724 -0.206142 -0.312119 0.0079525 0.0153446 -0.0375817 1.14034 0.0413653 
5093 2263 2047 -0.114686 -0.12421 -0.51866 -0.0278599 -0.043711 0.0166284 0.545518 0.0544364 
5094 1870 1729 -0.365479 -0.521825 0.241879 0.0349449 -0.042867 -0.0396788 0.681456 0.0680671 
5095 2105 1729 0.197295 -0.0639517 0.0542343 -0.00178002 -0.0165475 -0.013037 0.214375 0.0211413 
5096 2105 1950 -0.0856913 -1.59643 -0.0886563 0.137397 -0.00476951 -0.0469174 1.60119 0.145265 
5097 2105 2121 -0.317755 -0.00526022 -0.118324 -0.00987847 0.0198673 0.025645 0.339111 0.0339111 
5098 1409 2094 0.335396 -0.323389 -0.357051 -0.0425062 -0.0396053 -0.00405688 0.586989 0.0582393 
5099 1700 2247 0.653877 -0.0160731 -0.421701 -0.0408605 -0.0218542 -0.0625241 0.778232 0.0778232 
5100 1700 2598 -0.503084 0.0249236 -0.798103 -0.000904357 0.0284553 0.00145868 0.94376 0.028507 
5101 1700 2189 0.24943 -1.12352 -0.939291 0.0419165 -0.0400929 0.0590876 1.48552 0.0827997 
5102 1991 2109 0.114939 -0.237263 -0.00650357 0.0102375 0.00560623 -0.0235964 0.263718 0.0263254 
5103 2281 1916 -1.88409 0.0429062 -0.138399 0.00499059 0.188497 -0.00950156 1.88965 0.188803 
5104 2281 2297 1.07707 0.114854 -0.878415 -0.0809844 0.068698 -0.090317 1.39459 0.13941 
5105 2281 2225 0.405747 -1.02717 -0.651307 0.0526505 0.0655704 -0.0706104 1.28215 0.109806 
5106 1916 2159 -0.770146 -0.182195 -0.292372 -0.0111631 -0.0543851 0.0632957 0.843684 0.0841944 
5107 1916 2150 -0.226956 0.560241 -0.361444 0.0444733 -0.0156955 -0.0522537 0.704287 0.0703894 
5108 1916 2103 0.0806128 -0.194225 -0.137221 0.0211006 -0.000840595 0.0135857 0.251101 0.0251101 
5109 2159 1952 -0.742761 0.365819 0.00374389 0.0308139 0.0621871 0.0368976 0.827968 0.0786013 
5110 2159 1938 0.0876024 -0.590777 0.38652 0.00999139 -0.0242705 -0.0393608 0.7114 0.0473092 
5111 2159 2293 -0.11009 0.00444998 -0.45459 0.0356418 -0.0289501 -0.00891495 0.467752 0.0467752 
5112 1952 1564 -0.500968 -0.311186 0.20056 0.0339907 -0.0520343 0.00416785 0.622921 0.0622921 
5113 1952 2020 -0.225549 1.29373 -0.206377 -0.114896 -0.0135145 0.04085 1.32936 0.122688 
5114 1952 2169 0.817788 0.68492 -0.852587 0.0569684 0.012983 0.065073 1.36558 0.0874554 
5115 1952 1887 -0.47796 -0.920739 -1.19525 -0.0660177 -0.0553818 0.0690615 1.58267 0.110431 
5116 1564 1632 0.860947 -0.426376 0.16216 0.0353218 0.0404453 -0.0811868 0.974331 0.0973383 
5117 1564 2274 -0.365302 0.819577 -1.24265 0.146008 0.0401624 -0.0164334 1.53275 0.15232 
5118 1564 1679 0.32368 -1.13785 -0.65222 -0.0920001 -0.0371901 0.0192234 1.35087 0.101077 
5119 1643 1243 -0.226437 -0.647981 0.0701783 0.0590494 -0.0173201 0.0306067 0.689984 0.0687284 
5120 1643 1446 -0.961559 -0.442973 -1.01319 -0.0121694 0.0632625 -0.0161096 1.46539 0.066406 
5121 1968 1446 0.988769 -0.364174 -1.3435 0.0667315 0.0969796 0.0228245 1.70742 0.119913 
5122 1729 1552 -0.106863 -0.991111 0.11167 -0.0521467 0.00228062 -0.0296608 1.00309 0.0600354 
5123 1882 1666 -0.0543864 -0.181464 0.0403432 -0.0101112 0.0064053 0.0151803 0.193687 0.0193314 
5124 1882 2094 -0.178489 0.0393092 -0.0619777 0.00321136 -0.0102803 -0.0157686 0.192989 0.0190958 
5125 1882 2059 0.0964942 -0.103823 -0.231038 -0.0252524 -0.00586964 -0.0079091 0.271052 0.0271052 
5126 1947 2247 -0.215834 -0.136604 -0.0700503 -0.000231349 0.0123737 -0.0234171 0.264863 0.0264863 
5127 1561 1188 0.351583 -0.161568 0.172317 -0.0131668 0.0122325 0.0383341 0.423566 0.0423379 
5128 2109 2139 -0.282668 0.0369131 -0.192598 -0.0172673 0.0113309 0.0275142 0.344032 0.0344032 
5129 1703 1935 -1.06706 0.360241 -0.924069 0.0770178 -0.055345 -0.110511 1.45681 0.145628 
5130 1703 2139 0.638393 -0.377512 -0.917334 0.00833307 -0.106647 0.0496876 1.17964 0.117948 
5131 1939 1864 -0.0807667 -1.02004 -0.525116 -0.0892051 0.0384567 -0.0609822 1.15011 0.114697 
5132 1938 1632 -1.04834 0.373397 -0.056162 0.00229593 0.0228459 0.109036 1.11427 0.111427 
5133 1938 1348 -0.522314 -1.45141 0.140236 -0.138896 0.0539653 0.0412067 1.54889 0.154603 
5134 1938 2531 0.450266 -0.454947 -1.23263 0.0990944 0.00638729 0.0338405 1.38892 0.104908 
5135 1632 1798 0.295387 -0.247397 -0.788666 0.00336857 -0.0833215 0.0273989 0.877754 0.0877754 
5136 1712 2097 0.812365 -2.91394 -1.50313 -0.0888445 0.058 -0.160454 3.37793 0.192361 
5137 1712 2315 -0.0341836 0.159735 -0.5916 -0.0194682 -0.0563035 -0.0140773 0.613738 0.0612149 
5138 2095 1552 -0.704397 -0.302624 0.216742 -0.00311966 -0.0413848 -0.0679217 0.796702 0.0795977 
5139 2095 2268 0.511992 0.695839 -0.500821 -0.0290801 -0.0407457 -0.0863406 0.998574 0.0998027 
5140 2095 2292 0.508239 -0.427773 -0.33106 0.0285009 -0.0171085 0.0658606 0.742224 0.0737741 
5141 1552 2280 0.352526 0.991004 -2.56448 0.25666 -0.104539 -0.00511585 2.7718 0.27718 
5142 1950 2207 1.4051 -2.91822 -0.884376 -0.13217 0.0294667 -0.307225 3.35745 0.335745 
5143 1950 1894 -0.199939 -0.209976 0.039977 -0.00472872 -0.000993217 -0.0288668 0.292684 0.0292684 
5144 1950 2069 -0.469964 0.0598637 -0.551319 -0.0165659 0.0674514 0.0214454 0.726913 0.0726913 
5145 1454 1894 0.243958 -0.364911 0.0389051 0.000946545 -0.00404449 -0.0438707 0.440669 0.0440669 
5146 1454 2121 0.162067 0.399559 -0.156851 0.0423615 -0.0138727 0.0084312 0.45882 0.0453655 
5147 1454 2069 0.776467 -0.0372481 -1.06132 0.0288793 0.0755773 0.0184759 1.31555 0.0829898 
5148 1454 2305 -0.118468 -0.526595 -0.54247 -0.0302557 -0.0309871 0.0366876 0.765252 0.056759 
5149 1666 1725 -0.516906 0.131041 -0.118701 0.0047334 -0.0250386 -0.0482539 0.546309 0.054569 
5150 1666 1486 0.378225 -1.11227 -0.174133 -0.00019974 0.0182843 -0.117223 1.18765 0.118641 
5151 1666 2270 -0.0925333 0.0514517 -0.323465 -0.0326696 0.00094854 0.00949665 0.340351 0.0340351 
5152 1725 1962 0.0954278 -0.299709 -0.025326 -0.0139804 -0.00677235 0.0274667 0.315553 0.0315553 
5153 1725 2094 0.0868722 0.259006 -0.0897635 -0.0244586 0.0115756 0.00972965 0.287556 0.0287556 
5154 1725 2270 0.450787 -0.0592935 -0.490099 0.045077 -0.0217578 0.0440935 0.668522 0.0667051 
5155 1725 2125 -0.605037 -0.130646 -0.468817 -0.0413062 0.0533399 0.0384439 0.776484 0.0776484 
5156 1895 1689 -0.200339 -0.291933 -0.0648141 0.0205489 -0.0190864 0.0224519 0.359946 0.0359254 
5157 1895 2189 -0.182423 0.107645 -0.234204 -0.0231525 -0.019212 0.00920344 0.31578 0.0314617 
5158 1978 2127 -0.0310659 -0.435429 -0.0441588 0.00237893 -0.00112038 0.00937391 0.438764 0.00973575 
5159 1978 1864 -0.218541 -0.104529 -0.0260177 -0.00206781 0.00984121 -0.0221692 0.243646 0.0243434 
5160 1978 2139 0.200189 0.267465 -0.160596 0.00708144 0.0145169 0.0330046 0.37068 0.036745 
5161 1978 2314 -0.387683 0.522957 -0.821377 0.0400192 -0.0717798 -0.0645897 1.04807 0.104526 
5162 1978 2164 0.536503 -0.225592 -0.560631 0.056409 -0.00773821 0.0570952 0.808105 0.0806333 
5163 1788 1622 -2.18765 -0.218037 -0.178992 0.00691266 -0.016013 -0.0649811 2.20576 0.0672811 
5164 1788 1864 1.3325 -0.693553 -0.602461 -0.0128595 0.0290915 -0.0619323 1.6185 0.0696225 
5165 1788 2051 0.338336 0.496811 -0.708521 0.0525109 0.0486803 0.0592096 0.929136 0.0929136 
5166 1788 2230 -0.632255 -1.01933 -1.14289 0.0405277 -0.0087254 -0.0146382 1.6568 0.0439648 
5167 1622 1893 -0.0626248 -0.284729 -0.0262582 -0.0285513 0.00637309 -0.00101234 0.292715 0.0292715 
5168 1622 2156 -2.39524 -0.707752 -1.72521 0.125231 -0.164669 -0.106314 3.03553 0.232596 
5169 1569 1243 -0.869306 0.541876 0.165748 0.0545782 0.0722362 0.0500888 1.03769 0.103468 
5170 1569 2149 -0.0767884 -1.02976 -0.0729533 0.0516842 0.00238028 -0.0879996 1.0352 0.102083 
5171 1569 2142 -0.448736 0.522869 -0.79536 0.0932383 0.00646043 -0.0483572 1.05231 0.105231 
5172 1243 1549 -0.756428 -0.444023 0.0109504 0.00585062 -0.0121037 -0.0866386 0.877189 0.0876754 
5173 1549 1673 -2.1323 -0.0616541 -0.178039 -0.0156483 0.170612 0.128331 2.14061 0.214061 
5174 1549 2292 -0.228162 0.452041 -0.490391 0.00697651 0.0529038 0.0455206 0.704899 0.07014 
5175 1549 1727 -0.128317 -0.23683 -0.636987 -0.0645128 -0.0160079 0.0189474 0.691597 0.069117 
5176 1673 2186 -0.777926 -0.788052 -0.591675 0.0926905 -0.0833466 -0.010859 1.2555 0.125124 
5177 1673 2119 -0.29461 0.227404 -0.658876 0.0680445 -0.00436644 -0.0319325 0.75672 0.0752914 
5178 2207 2307 -0.581453 -3.17917 2.31433 0.134268 0.203838 0.313744 3.97509 0.397509 
5179 2207 2019 0.11797 -0.464784 -5.16803 -0.267303 0.394054 -0.0415407 5.19023 0.47797 
5180 1894 2376 1.24611 -1.22872 -5.08877 0.515806 0.118179 0.0977722 5.38128 0.538128 
5181 1486 1962 -0.449114 0.105761 -0.0704403 0.00688235 0.0418128 0.0188984 0.466744 0.0463986 
5182 1486 1688 -0.396281 -0.403894 0.0446118 0.0365973 -0.0371916 -0.0116259 0.567591 0.0534578 
5183 1486 1765 0.35362 -1.22797 -0.0619324 -0.0944106 -0.0240456 -0.0622983 1.27937 0.11564 
5184 1486 2305 0.29708 0.273421 -0.439157 0.0311618 -0.0498815 -0.00997623 0.596552 0.0596552 
5185 1962 2193 -0.626597 -0.0154074 0.0400745 -0.000653072 -0.0545107 -0.0311689 0.628066 0.0627961 
5186 1962 1905 0.0302186 -0.0420169 -0.0497371 0.00141911 0.0057765 -0.00401767 0.0717799 0.00717799 
5187 2193 664 -0.281648 -0.16348 0.832666 0.0312705 0.00430103 0.0114217 0.894083 0.0335678 
5188 2193 2197 -0.352248 0.0305264 -0.307182 0.0132382 0.0435885 -0.0108487 0.468371 0.0468284 
5189 1374 1694 0.95197 -0.17097 -0.329819 -0.0203215 -0.0380225 -0.038945 1.02189 0.0580981 
5190 1374 1689 -0.547566 0.0429325 -0.0214685 0.00024763 0.00879494 0.0112721 0.549665 0.0142994 
5191 1374 2060 -0.173968 -0.0706611 -0.515082 0.025233 0.0462872 -0.0148723 0.548241 0.0547759 
5192 1689 1931 -0.961766 0.18085 -0.0337757 -0.00566642 -0.023367 0.0362345 0.979204 0.0434864 
5193 1931 2164 -0.318627 0.0612605 -0.420471 -0.0394908 0.0151287 0.0321297 0.531105 0.0531105 
5194 2127 1864 -1.54968 1.05676 -0.0115194 -0.0663387 -0.0986249 -0.12324 1.87573 0.171219 
5195 2127 1835 1.85194 -0.633435 0.336143 -0.00999357 -0.099476 -0.132396 1.98593 0.165904 
5196 2127 1525 -0.422213 -0.750897 0.416107 -0.0350526 0.0457065 0.0469138 0.956689 0.0742877 
5197 2127 2438 0.265628 -0.0756777 -1.09475 -0.00720584 0.0420303 -0.00465388 1.12905 0.0428967 
5198 1864 1708 -0.120005 -0.897984 -0.301656 -0.0490355 0.0318773 -0.0753865 0.954868 0.0954137 
5199 1864 2030 -0.546023 0.162268 -1.39242 0.0686653 -0.0827659 -0.0365716 1.50443 0.11359 
5200 1999 1348 -1.99181 0.837275 1.11859 -0.115039 -0.135513 -0.10341 2.43302 0.205649 
5201 1999 2156 0.900401 0.422922 -0.348124 0.000773202 -0.067955 -0.0805561 1.05393 0.105393 
5202 1999 1972 0.801004 -0.680813 -0.554318 -0.00333832 0.0307466 -0.0425869 1.18844 0.0526321 
5203 1999 1861 -0.34847 -0.336029 -0.343347 -0.0410456 -0.00113154 0.0427655 0.593493 0.0592867 
5204 1999 2626 0.0795399 0.0651692 -0.525168 -0.0329671 0.0418833 0.000204326 0.53514 0.0533018 
5205 1348 1419 -2.39123 0.0893179 -0.824307 -0.0804655 -0.0643962 0.226445 2.5309 0.248795 
5206 1348 1635 -0.159112 -1.28131 -0.13785 0.011288 -0.00832553 0.0643563 1.29849 0.065867 
5207 1348 1692 -0.617685 -0.0163333 -3.2006 -0.196989 0.159228 0.0372043 3.2597 0.256012 
5208 1419 1966 -0.415279 -2.46986 0.170331 0.0786003 -0.0184246 -0.0755299 2.51032 0.110554 
5209 1419 1679 -0.550741 1.51341 -0.844738 0.0519699 0.0270889 0.0146492 1.8186 0.0604093 
5210 1744 2097 -0.514303 1.58247 -1.15921 0.193586 0.0559027 -0.00957362 2.02793 0.201724 
5211 1744 1678 0.20554 -0.376987 -0.40067 0.0509178 -0.0031598 0.0290934 0.587284 0.0587284 
5212 1535 2222 0.27238 -0.0694195 -0.176922 0.0176579 -0.00219106 0.0280448 0.332132 0.0332132 
5213 1535 1727 -0.72434 -0.0246946 -0.263444 0.0199864 -0.0536631 -0.0499226 0.771156 0.0759701 
5214 2186 2307 -2.09192 0.275189 1.14184 -0.0440146 0.197868 -0.128325 2.39909 0.239909 
5215 2186 2191 1.55705 -0.876459 -0.915965 -0.0664948 0.0663766 -0.176548 2.00788 0.199992 
5216 2186 2071 -0.122698 -0.304147 -0.209593 -0.0287799 0.0217158 -0.0146644 0.389217 0.0389217 
5217 2186 2605 -0.0776952 0.0955428 -1.37419 0.0628457 -0.0808473 -0.0091743 1.37969 0.102811 
5218 2307 2662 -0.013868 -0.0197493 -0.222965 -0.0204913 0.00820561 0.000547704 0.224267 0.02208 
5219 2204 1765 -0.50872 -0.14688 0.141472 0.0198132 -0.0446013 0.0249399 0.548073 0.0548073 
5220 2204 2376 0.706903 2.36841 -1.75101 0.238571 -0.151647 -0.108803 3.02904 0.302904 
5221 2204 2130 -0.0570832 -0.314799 -0.476538 0.0228135 -0.0451614 0.0271007 0.573974 0.0573974 
5222 1688 1694 -1.15078 -0.0449142 -0.354312 0.0114904 -0.023256 -0.0343718 1.20493 0.0430615 
5223 1688 1905 0.108366 0.243617 -0.636912 0.016156 -0.0316422 -0.00935422 0.69047 0.0367389 
5224 1688 2428 0.0208189 -0.481607 -0.551363 -0.0207566 0.0438318 -0.0390701 0.732379 0.0622779 
5225 1694 1603 -0.0383345 -0.0792839 0.0425949 -0.00223543 -0.00361977 -0.0087495 0.0978253 0.00972901 
5226 1694 2414 -0.183922 -0.22939 -0.217836 -0.000750601 0.018933 -0.0193034 0.365923 0.0270489 
5227 1520 1473 -0.57992 -0.713839 0.15394 0.0656783 -0.0423927 0.0508421 0.932507 0.0932507 
5228 1520 2232 -1.17546 0.597973 -0.807827 -0.0258143 0.0923349 0.105911 1.54656 0.142861 
5229 1520 2081 -0.103346 -0.334733 -0.378797 -0.0143076 -0.0121767 0.0146637 0.515959 0.0238328 
5230 1474 1835 -2.21288 0.329632 -0.685936 0.00479925 -0.0335233 -0.0315926 2.34009 0.0463135 
5231 1474 1503 -0.570262 -0.735807 0.0350703 0.0377104 -0.0306651 -0.0301906 0.931579 0.057218 
5232 1474 2232 0.224144 0.123268 -0.763079 0.0699753 0.0304237 0.025469 0.804813 0.0804413 
5233 1835 2083 0.257265 0.158697 -0.866182 -0.0877678 0.0117857 -0.0239086 0.91741 0.0917263 
5234 1835 2309 -0.46187 -0.575197 -0.460417 0.0692281 -0.0249008 -0.0383382 0.869574 0.0829602 
5235 1808 2230 -0.58338 0.458162 -0.848299 -0.0805756 -0.077615 0.0134928 1.12688 0.112688 
5236 1808 1708 0.835464 -0.516474 -1.11754 -0.0492794 -0.137795 0.0268414 1.48783 0.148783 
5237 1893 1368 0.0392505 -0.509131 -0.0715648 0.0209089 -0.00497459 0.0468583 0.515632 0.0515522 
5238 1635 1966 -1.06509 0.0411796 -0.163565 -0.0134048 -0.0647265 0.0709924 1.07836 0.0970006 
5239 1635 1680 1.14203 -0.639966 -0.120414 -0.0637175 -0.114627 0.00490047 1.31464 0.131238 
5240 1635 1861 0.300917 0.0649811 -0.792269 0.0314386 0.0768339 0.0182427 0.849978 0.0849978 
5241 1966 1676 -1.32865 -0.940917 -0.298181 0.0353984 -0.0134918 -0.115157 1.65516 0.121228 
5242 1966 1678 -0.458637 -0.0271633 -1.04895 -0.0211017 0.06813 0.00746215 1.14515 0.0717123 
5243 1966 1695 0.485576 -0.540563 -0.780151 -0.0294304 -0.0918643 0.0453345 1.06613 0.106585 
5244 2149 2222 -0.0315015 0.297467 -0.526382 0.0319023 0.0453358 0.0237108 0.605439 0.0602934 
5245 2149 1685 -0.0495534 -0.70536 -0.659266 -0.0372836 -0.0576991 0.0645357 0.966758 0.0942555 
5246 1722 2194 0.171577 0.0757418 -0.932607 -0.062457 -0.0569551 -0.0161162 0.951279 0.0860494 
5247 1522 1671 0.445155 -2.79082 -0.883935 0.0468185 0.0407637 -0.105124 2.96111 0.122085 
5248 1522 1727 0.28257 1.0553 -1.41277 -0.101014 -0.0417274 -0.051373 1.7859 0.120765 
5249 1765 2637 0.128575 0.34157 -0.687063 0.0608469 -0.0461553 -0.0115592 0.777983 0.0772416 
5250 1765 2058 0.00481374 -0.53875 -0.542366 0.0682124 0.0241152 -0.023349 0.764484 0.076024 
5251 1603 1520 -1.92741 -0.104235 -0.71705 0.0640846 -0.012932 -0.170378 2.05911 0.18249 
5252 1603 1507 2.2625 -0.570652 -0.213092 0.0153021 0.0647004 -0.0107956 2.34307 0.0673561 
5253 1503 1806 0.277643 0.0972132 -0.785929 0.0460994 -0.00176257 0.0160674 0.839178 0.0488511 
5254 1503 2592 -0.108284 -0.177173 -0.22274 0.0186813 0.0135547 -0.0198637 0.304514 0.0304514 
5255 1525 1708 -0.220052 0.175797 -0.326298 -0.0197968 -0.0376072 -0.00691063 0.431042 0.0430577 
5256 1849 1809 0.322739 -0.491774 -0.140776 0.0241192 0.0234426 -0.0265975 0.60483 0.0428803 
5257 1849 1814 -0.341145 0.306525 -0.552567 0.0599876 0.0119336 -0.0304154 0.7181 0.0683082 
5258 1849 1789 -0.55221 -1.23114 -1.80319 -0.0259389 0.0176771 -0.00412556 2.25214 0.0316596 
5259 1368 1814 0.332645 0.192751 -0.195891 -0.00437924 -0.0266453 -0.0336547 0.431485 0.0431485 
5260 1368 2239 -0.117728 0.0497564 -0.584713 0.0096816 -0.0586544 -0.00694056 0.598519 0.0598519 
5261 1680 2224 1.2304 -0.793227 -1.10446 -0.0230629 0.0868844 -0.0880931 1.83383 0.125862 
5262 1680 1996 -1.34057 -1.13762 -1.95959 0.0227784 -0.0432493 0.00952513 2.63274 0.0498005 
5263 1676 1944 -1.05786 -0.343798 0.567844 -0.0210628 0.0431582 -0.0131088 1.24888 0.0497807 
5264 1676 1396 -0.0245407 -1.06171 0.517247 -0.112847 0.0173673 0.0302945 1.18126 0.118126 
5265 1676 1678 0.514219 0.696426 -0.940715 -0.0566847 0.0483167 0.00478435 1.27843 0.0746361 
5266 1676 1797 0.168812 -0.177527 -0.30493 0.0245494 -0.0183015 0.0242457 0.391146 0.0390573 
5267 1676 1685 -1.40826 -0.00118571 -0.827835 -0.0636951 -0.103239 0.108502 1.63355 0.162751 
5268 1944 1960 -0.1535 -0.740518 -0.331607 -0.0491591 0.0352487 -0.0559589 0.825767 0.0824045 
5269 1944 1685 -0.0254628 0.465005 -1.62835 -0.00522968 -0.110113 -0.0313628 1.69364 0.114611 
5270 2320 1671 -0.699223 0.210061 0.0725309 -0.0140727 -0.0236224 -0.0672518 0.733689 0.0726558 
5271 2320 1685 1.40767 0.728418 -0.686151 0.0399909 0.0673366 0.153528 1.72712 0.172349 
5272 2320 1884 0.4134 -1.29488 -1.60798 0.00522769 -0.015257 0.0136303 2.10552 0.0211161 
5273 1671 1862 -0.0727429 0.00807757 0.00533186 0.000691694 0.00716639 -0.00141999 0.0733839 0.00733839 
5274 1671 2084 0.688034 -0.119374 -1.53156 0.061028 0.0382439 0.0244353 1.68324 0.0760533 
5275 1671 2039 -0.853243 -1.29727 -1.01931 -0.103823 0.131404 -0.0803298 1.8574 0.18574 
5276 1862 1741 -0.421631 -1.1698 -0.175466 0.100259 -0.0452265 0.060602 1.25579 0.125579 
5277 1862 2191 0.483445 0.944246 -0.919035 0.0702519 -0.101098 -0.0669168 1.40355 0.140122 
5278 1767 2071 0.0886784 0.062871 -0.401681 0.0245331 -0.0328088 0.000280913 0.41613 0.0409679 
5279 1767 2183 -0.663496 -1.83129 -1.69787 0.102962 0.0111455 -0.052257 2.58391 0.116001 
5280 1848 2518 0.299748 -0.343287 -1.04409 -0.0118386 -0.108601 0.0323083 1.13922 0.113922 
5281 1507 1713 0.731911 -0.546443 -0.604186 0.0237883 0.00382974 0.0253534 1.09514 0.0349763 
5282 1839 1204 1.01642 0.0383797 0.31292 0.00842095 0.0105964 -0.0286524 1.06419 0.0316884 
5283 1839 1473 -1.16958 0.257983 -0.126513 -0.0169348 -0.057196 0.0399247 1.20436 0.0717785 
5284 1839 1316 0.254743 -0.299503 -0.100603 -0.0272512 -0.014338 -0.0263193 0.405854 0.0405082 
5285 1839 1897 -0.307817 -0.688499 0.101096 -0.0677566 0.0321686 0.012774 0.760922 0.0760851 
5286 1839 2037 0.352023 0.145328 -0.317807 0.0294013 0.0120655 0.0380842 0.496026 0.0496026 
5287 1839 1845 -0.0504485 -0.148118 -0.201684 -0.0220202 0.0124002 -0.00359874 0.255265 0.0255265 
5288 1473 1927 -0.553972 -0.873524 -0.211478 -0.0896896 0.0521441 0.0195593 1.05577 0.105574 
5289 1473 2081 0.114181 0.0316179 -0.243544 -0.0178917 0.0194691 -0.00586057 0.270833 0.0270833 
5290 1473 1806 -0.580821 0.270443 -0.531077 0.0359722 0.0551839 -0.0112401 0.832187 0.0668251 
5291 1501 2182 -0.685287 0.598592 -0.877813 -0.0121465 0.0993577 0.0772358 1.26431 0.126431 
5292 1501 2592 0.826064 -0.0825897 -0.364614 -0.0194149 0.066095 -0.0589574 0.906723 0.0906723 
5293 1501 2215 0.211909 -0.839461 -1.68829 0.0801606 -0.149762 0.0845271 1.89735 0.189735 
5294 1809 2182 0.514649 0.668496 -0.746758 0.0412435 -0.0906338 -0.0527111 1.12668 0.112668 
5295 1809 1789 -0.345082 0.118057 -0.251632 -0.0106713 -0.0151052 0.00754752 0.4431 0.0199752 
5296 1809 2287 0.0491911 -0.869848 -0.945541 -0.0574702 0.0831393 -0.0794736 1.28573 0.128573 
5297 1429 997 -0.353445 -0.570916 0.113324 0.0432247 -0.0346244 -0.0396218 0.680963 0.0680963 
5298 1429 2224 -1.65537 2.24737 -2.0507 0.278277 0.108099 -0.106166 3.46357 0.316851 
5299 1429 1780 0.109667 0.0147143 -0.197212 0.0156688 0.0129826 0.00968182 0.226133 0.0225343 
5300 1365 997 0.0712288 -0.0955334 0.0211687 0.00910244 0.00550825 -0.00576954 0.12103 0.012103 
5301 1365 1344 -0.129318 -0.429539 -0.150608 0.0394863 -0.0182474 0.0181375 0.473191 0.0471285 
5302 1462 1720 -0.4724 0.323631 0.111651 -0.0341222 -0.0434575 -0.0184067 0.583408 0.0582381 
5303 1462 1344 0.414964 -0.472749 0.0364705 0.0372741 0.0355034 0.0361048 0.630092 0.0628761 
5304 1462 1807 -0.676192 -1.88474 0.0941361 -0.0623815 0.0141426 -0.164939 2.00458 0.176908 
5305 1462 1996 0.628049 1.40932 -0.575454 -0.0291783 -0.0198725 -0.0805143 1.64675 0.0879139 
5306 1462 2155 -0.0834747 0.127628 -0.426149 -0.0438594 -0.00849382 0.00604743 0.452614 0.0450818 
5307 1720 1695 0.287988 0.722585 -0.566 -0.0460584 0.0535466 0.0449252 0.961989 0.0837071 
5308 1720 1797 -0.400385 0.179094 -0.619934 0.0643663 0.00917304 -0.038921 0.759409 0.075776 
5309 1720 1726 -0.159443 -0.911489 -0.613203 0.0154121 -0.0196974 0.0252716 1.11007 0.0355552 
5310 1396 1548 0.547016 -0.780312 -0.01034 -0.00534035 -0.00500281 0.0950192 0.953006 0.0953006 
5311 1396 2278 -0.299795 -0.455117 -1.54823 0.0411072 0.147697 -0.0513766 1.64135 0.16169 
5312 1960 1885 -0.341981 -0.537632 0.00464461 -0.00472052 0.00354956 0.0633058 0.637197 0.0635807 
5313 1960 2278 0.508612 -0.00246829 -0.34244 -0.0185986 0.0507388 -0.0279894 0.613154 0.0608583 
5314 1741 1761 -0.54009 -0.773837 0.27731 -0.0782369 0.0382087 -0.0457527 0.983576 0.0983576 
5315 1741 2039 0.873551 0.123862 -0.484986 -0.0497141 0.0101114 -0.086962 1.0068 0.100678 
5316 1741 2050 0.407707 -0.792363 -0.560954 -0.0219284 0.0517467 -0.0890315 1.05296 0.105286 
5317 1741 2316 -0.0651502 0.216739 -0.551074 0.0402399 -0.0390288 -0.0201075 0.595737 0.0595551 
5318 1388 2518 -0.15762 0.319913 -0.42315 -0.0512427 -0.0195518 0.00430581 0.553393 0.0550148 
5319 1388 2183 0.667028 0.311248 -0.267234 0.013284 -0.0404253 -0.013926 0.78308 0.0447728 
5320 1388 1990 -0.102718 -1.25346 -0.931073 -0.0854737 -0.0685527 0.101719 1.5648 0.149506 
5321 1928 1971 0.426656 -0.546535 0.105223 0.0309792 0.0123051 -0.0617005 0.70129 0.070129 
5322 1928 1713 0.809437 1.14719 -0.614677 -0.0519268 0.0476619 0.0205731 1.53267 0.0734255 
5323 1928 2298 0.583983 -0.313149 -1.0351 -0.00485015 -0.0312208 0.00670887 1.22904 0.0322997 
5324 1928 1658 -0.096749 -0.430229 -0.213919 -0.0238898 0.0232019 -0.0358586 0.490121 0.0489376 
5325 1897 1845 0.139194 0.218355 -0.62093 0.0582433 -0.0336497 0.0012232 0.672762 0.0672762 
5326 1897 1538 -0.779773 -0.740122 -0.910552 -0.064651 -0.0425901 0.0899838 1.40888 0.118705 
5327 1927 2592 -0.962276 0.508946 -0.260559 0.0462015 0.0391631 -0.0941307 1.11933 0.111933 
5328 1927 1538 0.325447 -0.494366 -0.125914 0.00925225 0.00430344 0.00701786 0.605118 0.0123844 
5329 1927 2595 0.183798 0.0621517 -0.41945 0.0177978 -0.000929743 0.00766099 0.46215 0.0193989 
5330 1782 2070 -1.04977 0.0739343 0.0172989 0.000692575 0.0332021 -0.0998752 1.05252 0.105252 
5331 1782 2144 -0.362914 -0.653189 -0.0497523 0.0226691 -0.00718609 -0.0710131 0.748892 0.0748892 
5332 1782 2113 0.436655 -0.139335 -0.466258 -0.0472686 -0.0270341 -0.0361888 0.653819 0.0653819 
5333 2070 2287 -1.07575 0.256719 -1.02995 -0.0153022 0.0555009 0.0298165 1.51127 0.0648346 
5334 1906 1979 -1.38854 -0.853155 -0.742525 0.102006 -0.0436779 -0.140569 1.79088 0.179088 
5335 1906 1843 0.101916 -0.446517 -0.290343 0.0150255 0.0163772 -0.0199122 0.542276 0.0298408 
5336 1979 1780 -0.0803783 1.14062 -0.6632 -0.000915289 -0.033404 -0.0573395 1.32185 0.0663663 
5337 1979 1982 -0.434844 -2.08088 -0.73275 -0.118604 -0.00535811 0.0856004 2.24857 0.146366 
5338 1979 2255 -0.317423 -0.0115517 -1.96099 0.0521286 -0.0365533 -0.00822268 1.98655 0.0641962 
5339 997 1344 -1.40962 -0.193679 -0.806681 0.0315572 0.0822323 -0.0748876 1.63563 0.115612 
5340 997 1587 -0.336763 -0.752413 -0.0230091 -0.0446106 0.0189358 0.0337104 0.82466 0.0590344 
5341 997 1596 0.117112 -0.213317 -1.3672 0.0475491 0.0437011 -0.00274549 1.38869 0.0646393 
5342 1548 1506 -1.82275 -1.18524 -1.88922 0.0680478 -0.102371 -0.00142955 2.88034 0.122932 
5343 1548 1726 0.114749 0.0905729 -0.412915 -0.00548562 -0.0420608 -0.0107505 0.438029 0.0437581 
5344 2076 1885 0.395413 -0.318919 0.0843917 -0.0222643 -0.0160878 0.0435219 0.514959 0.0514652 
5345 1717 1865 0.275247 -0.225393 -0.233968 -0.0170701 0.0160569 -0.0355503 0.425798 0.0425798 
5346 1717 2050 -0.379775 0.131779 -1.03131 0.0734912 0.0805452 -0.0167709 1.10688 0.110317 
5347 1761 1804 -1.63958 -0.241231 0.216468 -0.00247701 0.00892119 -0.00881974 1.67131 0.0127871 
5348 1761 2261 -0.0753295 0.175017 -0.583864 0.0232742 0.0551988 0.0135434 0.614168 0.0614168 
5349 1804 1335 -1.16985 0.14962 -0.280064 0.00391539 0.0348005 0.00223683 1.21217 0.0350915 
5350 1804 1811 0.108392 -0.156209 -0.0544731 0.0138473 0.00500335 0.0132058 0.197781 0.0197781 
5351 1804 1990 -0.209603 0.103458 -0.74721 0.0486397 0.0611306 -0.00518 0.782917 0.0782917 
5352 1335 1971 -1.15882 -0.280388 0.146364 -0.00517623 -0.0192612 -0.0778806 1.20121 0.0803939 
5353 1335 1775 -0.218918 0.684509 -0.581583 -0.0774964 -0.0431717 -0.0216411 0.924509 0.0913117 
5354 1335 1796 0.052799 -0.421565 -0.329323 -0.0509664 -0.0133363 0.00890046 0.537548 0.0534289 
5355 1316 1937 0.386711 0.170118 -0.536174 -0.00234279 0.0367021 0.00995518 0.682619 0.0381003 
5356 1316 1684 -0.00670392 -0.149755 -0.199416 0.0116477 0.0174512 -0.0134969 0.249476 0.0249476 
5357 1180 2040 0.00676174 -0.186275 -0.0218329 -0.0131082 -0.00203189 0.0132762 0.187672 0.0187672 
5358 1180 1684 0.15711 0.0940256 -0.180053 -0.00503765 -0.0111394 -0.0102129 0.256795 0.01593 
5359 1180 1538 -0.300496 0.0870249 -0.0531093 -0.000122074 -0.0168361 -0.026897 0.31732 0.031732 
5360 1543 1843 0.30092 0.205277 -0.379333 -0.0194212 -0.0347728 -0.034224 0.525913 0.052513 
5361 1543 2112 0.112717 -0.220727 -0.271254 -0.0112225 -0.00878276 0.00248336 0.367429 0.0144655 
5362 1344 1888 0.17281 0.874414 -0.785346 -0.0182707 -0.0630651 -0.0742379 1.18795 0.0991075 
5363 1344 2029 -0.431338 -1.02847 -0.737825 -0.106648 0.0133849 0.0436896 1.33723 0.116025 
5364 1807 1726 -0.621134 0.679394 -0.411355 -0.0283332 0.00297346 0.0476934 1.00826 0.0555542 
5365 1807 1773 -0.898579 -0.578605 -0.57317 -0.0220526 0.0992899 -0.0656588 1.21275 0.121061 
5366 1807 1769 0.685945 0.707021 -2.98247 -0.0113848 -0.0828887 -0.0222679 3.14095 0.0865795 
5367 1506 2278 -0.142964 1.10027 -0.319255 -0.112892 -0.00822448 0.022209 1.15453 0.115349 
5368 1506 2556 -1.89417 0.634635 -1.02124 0.0123348 0.176652 0.0868992 2.24356 0.197255 
5369 1506 1773 2.77492 -1.91993 -1.26664 0.0110279 -0.0867141 0.155598 3.60426 0.17847 
5370 1506 2180 -1.20139 -1.37456 -0.368153 -0.0739382 0.029065 0.132762 1.86233 0.154717 
5371 1885 1730 -0.038366 -1.4908 -0.0267252 -0.0800013 0.00161421 0.0248032 1.49153 0.0837736 
5372 1885 2556 1.40801 0.369774 -1.62314 0.0133371 0.209397 0.0592728 2.18033 0.218033 
5373 1885 2145 -0.318143 0.0638472 -0.810416 0.072648 0.00139144 -0.0284096 0.872964 0.0780178 
5374 1865 1515 -0.0724869 -0.073146 0.0905997 0.00721595 0.00555398 0.0102574 0.13716 0.013716 
5375 1865 1742 0.261535 -0.289246 -0.304908 -0.000469939 -0.0285524 0.0266827 0.495008 0.0390823 
5376 1865 2648 -0.169654 -0.0453402 -0.241579 0.0208067 -0.017983 -0.0112369 0.298661 0.0297082 
5377 1971 1818 0.0603086 -0.334183 -0.665837 -0.0720224 -0.0196982 0.00336306 0.747432 0.0747432 
5378 1448 2040 0.779857 -0.304017 -0.283564 -0.00204149 0.057311 -0.0670593 0.883749 0.0882365 
5379 1448 1479 -0.747891 -0.878278 0.069447 -0.0242262 0.0282413 0.0962621 1.15565 0.103203 
5380 1448 1538 -0.118769 1.08974 -0.439173 -0.0503405 0.0175946 0.0572722 1.18089 0.078255 
5381 1448 2214 -0.48113 0.0505393 -0.428139 0.0347714 0.0320827 -0.0352879 0.646021 0.059022 
5382 1647 2144 -1.77006 0.132769 -0.671554 0.0287746 -0.154265 -0.106342 1.89782 0.189563 
5383 1647 2214 0.375795 -0.183719 -0.686133 -0.0512523 0.0289318 -0.0358176 0.803587 0.0688967 
5384 2144 2052 0.229967 0.682816 -1.07172 -0.0495962 -0.094763 -0.0710176 1.2914 0.128387 
5385 2144 2437 -0.873936 0.233539 -0.633723 -0.0248169 0.0852822 0.0656519 1.1045 0.11045 
5386 2144 2441 0.179581 -0.367707 -0.33523 -0.0449331 0.00332607 -0.0277188 0.528997 0.0528997 
5387 1764 2437 0.202664 0.149739 -0.274671 0.00260458 0.0318059 0.0192611 0.372745 0.0372745 
5388 1764 2112 -0.965285 -0.268811 -0.405332 0.0157475 0.067954 -0.0825685 1.08089 0.108089 
5389 1587 1499 -0.379051 -0.243824 -0.0860604 0.00882722 0.0021301 -0.0449143 0.458843 0.0458231 
5390 1587 2055 0.195801 -2.42219 -0.716174 0.0401261 0.0738904 -0.238937 2.53343 0.253299 
5391 1587 2318 0.339611 -0.241614 -0.990233 -0.0456073 -0.0164934 -0.0116172 1.07437 0.04987 
5392 1499 1920 -2.24564 -0.365187 -0.934432 0.00140868 0.181913 -0.074479 2.45956 0.196574 
5393 1499 2029 0.0733111 0.814042 -1.21385 -0.0576438 0.0674393 0.0417453 1.46338 0.0980487 
5394 1499 2256 0.144859 -0.234602 -0.473687 0.0132337 -5.50173e-05 0.00407427 0.548089 0.0138468 
5395 1681 1542 0.13131 -0.59304 -0.283261 -0.0327816 -0.0186293 0.0238062 0.670206 0.0445917 
5396 1730 2180 1.72354 0.293279 -0.928465 -0.0554996 0.00575323 -0.101208 1.97956 0.11557 
5397 1730 1742 -0.766294 0.121542 -1.48759 -0.118271 -0.0871627 0.0538028 1.67777 0.156461 
5398 1730 1930 -0.0706114 -1.026 -0.686214 0.0364282 -0.0107666 0.0123494 1.23635 0.039943 
5399 1811 1352 -1.01763 -0.344325 0.203084 0.022543 -0.0132795 0.0904455 1.09333 0.0941538 
5400 1811 1790 1.09629 0.161616 -0.36492 -0.00791813 -0.0282516 -0.0362997 1.16668 0.0466746 
5401 1811 2136 -0.000468638 0.134185 -0.457415 0.00339414 0.0456263 0.0133813 0.476691 0.0476691 
5402 1352 1796 -0.472448 0.433215 -0.735797 0.0530697 -0.0179091 -0.0446199 0.975849 0.0716105 
5403 1803 1975 -0.148235 -0.0145904 -0.00606742 -0.00042036 0.00914276 -0.0117157 0.149075 0.0148669 
5404 1803 2138 0.327396 -0.33066 -0.368497 0.0372046 0.0455625 -0.00782926 0.59356 0.0593416 
5405 1975 2527 -0.291294 -0.542084 -0.49986 -0.0474122 0.0549314 -0.031942 0.792822 0.0792822 
5406 2040 1091 0.271275 0.129747 0.423348 0.00411496 -0.0501658 0.0127379 0.519277 0.051921 
5407 2040 2288 0.764101 -0.755288 0.399788 -0.0404428 -0.0177137 0.0438318 1.14636 0.0622143 
5408 2040 1257 0.0615273 0.0381638 -0.00653711 0.00356613 -0.00606349 -0.00183441 0.0726968 0.00726968 
5409 2040 1943 -0.422031 0.409965 -0.455391 -0.0118242 -0.0595889 -0.0426868 0.744017 0.0742483 
5410 1479 2041 -0.328537 -0.110836 -0.9364 0.0252398 0.0268475 -0.0120332 0.998532 0.0387638 
5411 1479 2200 0.104521 -0.382749 -0.23807 -0.0238501 0.0160412 -0.0362607 0.462708 0.0462708 
5412 2275 2008 0.358538 -0.510087 -0.00326779 0.00817006 0.00606207 -0.0498522 0.623497 0.0508797 
5413 2275 1762 -0.311164 -0.392075 0.0507313 -0.0363483 0.0309113 0.0159527 0.50311 0.050311 
5414 2275 2441 0.00847157 0.189371 -0.408345 -0.00618066 -0.0404059 -0.0188666 0.450199 0.0450199 
5415 1328 1998 0.0424651 -0.143388 0.059482 0.00521985 -0.00446924 -0.0145001 0.160939 0.016046 
5416 1328 2286 0.171761 0.465489 -0.648987 -0.0346878 0.0477139 0.0250426 0.816925 0.0640859 
5417 1328 2093 -1.25 -0.329154 -1.38197 0.0111199 0.0741169 -0.0277109 1.89227 0.0799054 
5418 1455 2112 0.338567 1.03978 -0.485612 -0.0350887 0.00632894 -0.0109124 1.19649 0.0372874 
5419 1455 1778 -1.47116 -0.0118602 -1.6143 -0.0161436 -0.0249356 0.0148954 2.18413 0.0332306 
5420 1556 2055 -0.578934 -0.162491 -0.0622205 0.00733482 -0.00318857 -0.0599202 0.604516 0.0604516 
5421 1556 1982 0.275075 0.803165 -0.735954 -0.0245779 0.0364871 0.0306329 1.12355 0.0536075 
5422 1556 1778 0.0948382 -0.302298 -0.422662 -0.0353152 -0.0351766 0.0172351 0.528225 0.0527409 
5423 2055 1781 -0.598161 -3.08338 1.08757 -0.0410976 0.0811819 0.207557 3.32383 0.226626 
5424 2055 2318 0.32634 0.999166 -0.87319 -0.00778559 -0.0814191 -0.0960753 1.36649 0.126175 
5425 2055 2256 -0.165792 -0.00086974 -0.199526 -0.0177017 0.0116682 0.014658 0.25942 0.0257751 
5426 2055 1699 0.153931 -0.496712 -0.65173 0.0253794 0.0574142 -0.0377636 0.833768 0.0732571 
5427 1920 1359 -0.367228 -1.57521 1.2293 0.0119149 -0.0026582 0.00015315 2.03158 0.0122088 
5428 1920 1773 -1.36035 2.4327 -1.14984 -0.147735 -0.0653758 0.0364673 3.01508 0.165618 
5429 1920 1542 -0.693977 -0.46518 -0.107332 -0.025815 0.0206352 0.0774787 0.842328 0.0842328 
5430 1920 1967 0.247887 -0.599967 -0.625057 0.0783422 -0.00994082 0.0406111 0.901169 0.0888008 
5431 1580 2180 0.00377494 0.25751 -0.109081 0.00703353 -0.0106451 -0.0248866 0.279686 0.0279666 
5432 1580 2201 0.0395362 -0.0792223 -0.127067 0.0139204 0.0067872 9.96464e-05 0.154872 0.0154872 
5433 2231 2337 0.107506 -0.733017 0.0397451 -0.0103618 0.00244648 0.0731479 0.741924 0.0739187 
5434 2231 2285 0.562114 0.887541 -1.52339 0.0421169 -0.0639368 -0.0217095 1.85052 0.0795805 
5435 2231 1941 -1.26875 0.54484 -1.20477 -0.0582303 -0.0738481 0.0279259 1.83249 0.0981029 
5436 1824 1585 -1.5272 -0.433518 0.443897 0.0128579 -0.137485 -0.0900329 1.64843 0.164843 
5437 1824 2120 0.629732 -0.510551 0.0486477 0.0428854 0.0566001 0.0388707 0.812152 0.0809547 
5438 1824 1792 -0.191648 0.428189 -0.61115 0.00843696 -0.00602992 -0.00687045 0.770441 0.0124397 
5439 1824 1941 0.825208 0.284256 -0.418675 0.030867 -0.0917373 -0.00144536 0.968018 0.0968018 
5440 1824 2143 0.0567145 -0.407754 -0.373504 0.0378883 0.0302131 -0.0272304 0.555864 0.0555864 
5441 1585 2138 -0.18694 0.378833 -0.661731 0.0722867 0.0298013 -0.00336026 0.785079 0.0782609 
5442 1585 1986 -0.448262 -0.522761 -0.797843 -0.0696774 0.0781498 -0.0120575 1.05393 0.105393 
5443 1470 1559 -0.378287 -0.314139 -0.0671997 -0.00306017 -0.00681051 0.0490638 0.496287 0.0496287 
5444 1470 2034 0.0437257 0.430638 -0.681205 -0.0449858 -0.0368307 -0.0261709 0.807094 0.0637584 
5445 1833 2010 -0.463047 0.461773 -0.950131 0.0315967 -0.0284604 -0.0292307 1.15343 0.0516022 
5446 1833 1754 0.139839 -0.179597 -0.313186 0.0360991 0.00743438 0.0118552 0.387164 0.0387164 
5447 2008 1735 -0.732377 -0.912541 0.0216599 -0.0167336 0.010713 -0.114462 1.17029 0.116174 
5448 2008 2200 0.669599 -0.024368 -0.452616 -0.00772261 -0.0499525 -0.00873547 0.80859 0.0512952 
5449 2008 2383 -0.294189 0.065581 -0.326038 0.018459 4.13275e-05 -0.0166475 0.444014 0.0248571 
5450 2008 2013 -0.00275204 -0.0553946 -0.0674644 0.00237261 0.00644406 -0.00538796 0.087336 0.00872842 
5451 1762 1998 -1.216 -0.18361 -0.0546439 0.00326899 -0.0415934 0.0670136 1.231 0.07894 
5452 1762 1735 0.214118 -0.308722 -0.0330269 -0.0299678 -0.0215959 0.00758409 0.377156 0.037709 
5453 1762 1753 -0.115707 -0.264062 -0.157447 0.00687637 0.0141738 -0.028825 0.328491 0.0328491 
5454 1762 2383 0.213872 0.0438649 -0.338506 -0.0303574 0.0106418 -0.0178011 0.402804 0.0367655 
5455 1762 2604 -0.306782 0.0799316 -0.545167 0.00140935 0.0373237 0.00467926 0.630644 0.0376423 
5456 1998 2604 0.487716 0.268396 -0.797767 -0.0357297 -0.0473577 -0.0377762 0.972798 0.0703307 
5457 1998 2021 -0.711008 -0.320471 -1.5401 0.0106921 -0.0569631 0.00691701 1.72631 0.0583692 
5458 1432 1781 -0.447774 0.00323585 0.166103 0.000522042 0.047743 0.000477221 0.4776 0.0477482 
5459 1432 1668 0.168336 -0.316602 0.0486777 0.0309877 0.017475 0.00649756 0.361861 0.036164 
5460 1432 1778 0.0621478 0.103285 -0.11077 -0.0134911 -0.00166561 -0.00912228 0.163707 0.0163707 
5461 1432 1932 -0.00379939 -0.108414 -0.113421 0.0132166 -0.00623435 0.00551641 0.156947 0.0156198 
5462 1781 1568 -0.607358 -1.32717 0.0172963 -0.0022888 0.000387822 -0.050613 1.45965 0.0506662 
5463 1781 1890 -0.0178359 -0.188428 -0.295015 0.0251583 -0.00865005 0.00400384 0.35051 0.0269034 
5464 1859 1967 -0.557932 0.556362 -0.74514 0.0268152 0.0843929 0.0429341 1.08446 0.0984102 
5465 1859 1890 0.272945 -0.192923 -0.0765304 -0.0197642 -0.0280197 0.000145328 0.342892 0.0342892 
5466 1859 2166 -0.157479 -1.31502 -0.27861 0.103759 -0.00196863 -0.0493558 1.35341 0.114916 
5467 1859 2027 0.55901 0.0123794 -1.42604 -0.047203 0.0258126 -0.0182795 1.53175 0.0568204 
5468 1359 1542 -2.06219 0.715364 -2.34881 0.114183 -0.0733829 -0.122599 3.20644 0.182902 
5469 1359 1687 0.00338367 -0.451604 -0.571624 -0.0371033 -0.0492305 0.0386743 0.7285 0.0727736 
5470 1816 1601 -1.1506 0.0564719 0.243148 -0.0112651 0.0219658 -0.0584095 1.17737 0.0634119 
5471 1816 1542 0.284795 0.550527 -0.341672 -0.0591724 0.037192 0.0106043 0.707762 0.0706899 
5472 1816 2006 0.0424511 -0.328262 -0.474386 -0.0131487 -0.0390153 0.0258209 0.578446 0.0485984 
5473 1601 1721 -1.0651 0.0754658 -0.51266 -0.0349037 -0.096944 0.0582453 1.18446 0.118359 
5474 1721 2259 -1.28864 -1.0817 0.257482 0.0137939 -0.0504286 -0.142819 1.70205 0.152088 
5475 1721 1783 0.14515 -0.385948 0.0400875 0.0331188 0.0100925 -0.0227508 0.414284 0.0414284 
5476 1721 1930 0.445139 1.21334 -0.638011 0.08175 -0.0346623 -0.00888256 1.44132 0.0892381 
5477 1721 1892 0.747 -0.277732 -0.50454 -0.0502274 -0.0718487 -0.0348142 0.943242 0.0943242 
5478 2337 2190 0.825108 0.452268 -1.16134 0.0255711 0.130172 0.0688614 1.49468 0.149468 
5479 2337 2073 -0.0678291 -0.765197 -1.34029 -0.133533 -0.0641537 0.0433845 1.54483 0.154367 
5480 2120 2063 1.06089 0.0729813 -1.9444 0.0224591 -0.00992684 0.0118814 2.21619 0.0272786 
5481 2120 2143 -0.565746 -0.0881448 -0.614879 0.0136131 -0.0115379 -0.0108714 0.840187 0.0208956 
5482 2120 2011 -0.113795 -0.911894 -0.469664 -0.0257665 -0.043198 0.0901158 1.03203 0.103203 
5483 1559 2288 -1.19981 0.691267 0.105197 -0.00561581 0.00467431 -0.0947664 1.38869 0.0950477 
5484 1559 1746 -0.468199 -0.254984 -0.0927575 0.0271202 -0.0434062 -0.0175701 0.541139 0.0541139 
5485 1559 1422 0.0243747 -0.360005 0.0211242 -0.0240146 -4.08466e-05 0.0270137 0.361447 0.0361447 
5486 1559 2527 -0.0493261 0.318852 -0.198028 -0.016062 -0.019818 -0.0279088 0.378569 0.0378106 
5487 1559 2176 0.625017 0.136808 -0.6968 0.0171868 -0.0101718 0.0134192 0.945988 0.0240609 
5488 2288 1746 -0.00017309 -0.136323 -0.0347727 -0.0126089 0.00150754 -0.0058474 0.140688 0.0139803 
5489 1739 1555 0.394816 -1.16038 0.266028 -0.0728856 -0.0111652 0.0594692 1.25425 0.0947288 
5490 1739 1754 0.221658 0.262855 -0.318238 -0.0370487 0.028594 -0.00218715 0.468509 0.0468509 
5491 1739 2200 -0.707126 0.551112 -0.444411 -0.0207562 -0.0761584 -0.0614175 1.00063 0.100015 
5492 1739 1711 0.0120301 -0.00922856 -0.0122127 0.000763169 0.00170807 -0.00053895 0.0194689 0.00194689 
5493 1735 1753 -0.717548 0.0114566 -0.305546 0.0186631 0.0165438 -0.0432085 0.779978 0.0498897 
5494 1735 1828 0.524491 -0.816381 -0.018781 0.0785133 0.0510285 -0.0255138 0.970526 0.0970526 
5495 1735 2013 0.313224 0.0766753 -0.416888 0.0269991 -0.043564 0.012273 0.527052 0.0527011 
5496 1735 2502 -0.0684107 -0.258215 -0.375808 0.0246075 0.00877273 -0.0105071 0.461071 0.0281583 
5497 1753 1341 -0.755013 -0.233999 0.209388 0.0173028 -0.00273396 0.0593351 0.817706 0.0618669 
5498 1753 2589 -0.0603782 0.0382048 -0.300116 -0.00816467 -0.0296072 -0.0021264 0.308504 0.0307859 
5499 1528 1341 0.629349 -0.650497 -0.134385 0.000420472 -0.00330109 0.0179482 0.915034 0.0182541 
5500 1528 1668 -0.738117 -0.480239 -0.0279536 -0.0467572 0.0704232 0.0247672 0.881038 0.0880856 
5501 1528 1822 -0.602424 0.124662 -1.24204 -0.00823584 0.110372 0.0150725 1.38605 0.111701 
5502 1410 1568 0.148508 -0.0536452 -0.00036304 -0.00528245 -0.0146043 -0.00285223 0.1579 0.01579 
5503 1410 1687 -0.829968 0.688232 -1.46666 0.0885795 0.0439349 -0.0295097 1.82033 0.103186 
5504 1410 2166 0.292029 -0.279946 -0.622484 0.0463604 0.0316483 0.00751628 0.742386 0.0566339 
5505 2259 2368 1.10124 -0.195644 -1.76029 0.172066 0.0609481 0.10087 2.08557 0.208557 
5506 2259 2073 -0.79082 0.0654939 -0.484351 0.0023643 0.0816222 0.00717664 0.929667 0.0819712 
5507 1453 1841 0.944724 -1.29371 0.421884 -0.0029911 0.0107349 0.0396166 1.65655 0.0411541 
5508 1453 1422 -1.27313 -0.760737 -0.041443 -0.0573023 0.100933 -0.0924226 1.48368 0.148368 
5509 1453 1986 1.88431 1.60653 -1.33028 -0.143153 0.146641 -0.0256797 2.81091 0.206533 
5510 1453 2458 0.0525378 -0.240263 -0.264846 0.0242755 0.0220517 -0.0151894 0.361427 0.0361427 
5511 1746 2158 0.0185576 -0.53144 0.154504 -0.0231065 0.0132876 0.0484801 0.553755 0.0553244 
5512 1746 1754 -0.27835 0.139294 -0.165857 0.0160934 0.0313763 -0.000657565 0.35269 0.035269 
5513 1746 1711 -0.208122 -0.206732 -0.135095 -0.0123886 -0.00653868 0.0290913 0.322961 0.0322883 
5514 1555 2295 0.1476 -0.197483 -0.04177 -0.00626141 -0.00938205 0.0222315 0.250061 0.0249293 
5515 1555 1711 0.152881 0.227525 -0.423338 0.0361528 -0.00011101 0.0129963 0.504336 0.0384179 
5516 1555 2178 -0.813092 -0.0589717 -0.664804 0.0373514 -0.0670461 -0.0397355 1.05193 0.0864246 
5517 1489 1828 -0.227217 -0.257642 0.00460603 -0.0175787 0.0159463 0.0248034 0.343552 0.0343294 
5518 1489 2013 -0.63414 0.247093 -0.791473 -0.0374439 0.00985847 0.0330784 1.04385 0.0509256 
5519 1489 2178 0.244809 -0.337964 -0.254895 -0.00546333 0.0266763 -0.0406172 0.489002 0.0489002 
5520 1341 1683 -0.972156 -0.341669 -0.519861 0.0333188 0.0527965 -0.0970068 1.15416 0.11536 
5521 1668 1977 -0.985645 -0.368959 -0.140992 0.019301 -0.0119283 -0.103714 1.06184 0.106167 
5522 1668 1683 0.247043 -0.166987 -0.204485 0.0263577 0.0140199 0.0203943 0.361565 0.0361554 
5523 1977 1749 -0.663525 -0.539854 0.0574932 0.0332097 -0.033463 0.0690575 0.857329 0.0836158 
5524 1977 1932 0.754225 0.91371 -1.24505 0.0543211 0.00460151 0.0362834 1.71869 0.0654862 
5525 1977 1890 -0.707067 0.930728 -0.66701 -0.0677265 0.0291711 0.112498 1.34577 0.134513 
5526 1977 2172 0.325632 -0.219512 -0.308512 -0.0221742 0.0218556 -0.0389553 0.499401 0.0498686 
5527 1977 2118 -0.137065 -0.178386 -0.32287 -0.036236 0.000366355 0.0151805 0.393514 0.0392891 
5528 1568 1749 0.104629 -0.851679 -0.260836 -0.0101918 -0.0232511 0.0718312 0.89685 0.0761854 
5529 1568 1890 0.0752671 0.0765943 -0.175905 0.0179851 -0.00922012 0.00368084 0.206093 0.0205432 
5530 1568 2166 -0.621796 -0.04244 -0.95026 0.0249979 -0.0257828 -0.0152057 1.13641 0.0389982 
5531 1541 1493 -0.968139 -3.90353 0.936635 0.24968 -0.0220999 0.165974 4.12942 0.300626 
5532 1541 1687 1.13576 1.8895 -1.36448 0.120103 0.0160154 0.122149 2.59267 0.172051 
5533 1541 2006 -0.80421 0.338047 -1.21142 0.100406 0.0291543 -0.0585198 1.49284 0.119816 
5534 1541 2271 0.369941 -0.203061 -0.916067 0.0357904 -0.0545567 0.0265468 1.0086 0.0704423 
5535 1783 1892 1.01946 1.47098 -1.45828 0.0688897 -0.0105902 0.0374771 2.3086 0.0791358 
5536 1783 2368 -0.525286 0.183367 -0.71571 -0.0718876 0.00757413 0.0547015 0.906526 0.0906502 
5537 1783 1923 0.0270978 -0.0109474 -0.0131012 0.00149896 0.000535251 0.00265311 0.0320278 0.00309392 
5538 1783 2248 -0.684018 -1.26215 -0.891542 -0.0438021 0.0704718 -0.06616 1.6899 0.106123 
5539 2267 2206 1.48255 -0.40003 -0.0831739 -0.0401222 -0.136667 -0.0578579 1.53782 0.153737 
5540 2267 1929 -0.0763037 -1.11891 0.109837 0.0837362 -0.0055544 0.00158874 1.12688 0.0839352 
5541 2267 2073 0.332084 0.948677 -0.526434 -0.0934527 -0.0028029 -0.0640027 1.13464 0.113303 
5542 1825 2023 -0.822299 -1.50257 0.00314503 0.0718995 -0.039033 0.150485 1.71286 0.171286 
5543 1825 2439 -0.232341 0.99778 -1.09523 0.124477 0.0166936 -0.0111982 1.49969 0.12609 
5544 1841 1812 0.607363 -0.343116 -1.04605 0.0521443 0.0264474 0.0216013 1.25731 0.0623307 
5545 1422 2158 -0.986465 -0.477129 0.0539307 0.0464219 -0.0916588 0.0382063 1.09712 0.109618 
5546 1422 2185 0.119458 -0.167827 -0.0176727 0.00878737 0.00435031 0.0180855 0.206757 0.0205725 
5547 1422 1836 0.0585543 0.152402 -0.517546 -0.0252851 -0.0304699 -0.0118332 0.542687 0.0413252 
5548 1422 2187 -0.0803567 -0.197362 -0.205408 0.00585953 -0.0219743 0.0188213 0.295976 0.0295203 
5549 2158 1555 -1.33656 -0.179219 0.193566 -0.0195954 0.0801632 -0.0610832 1.36234 0.102671 
5550 2158 2126 0.304592 -0.408209 0.0408629 -0.037336 -0.0254863 0.0237004 0.510961 0.0510415 
5551 2158 2187 0.0797512 -0.0294706 -0.0944305 -0.00514414 0.00912509 -0.00719231 0.127066 0.0127066 
5552 1828 2028 0.174935 -0.309242 -0.00638813 -0.0131504 -0.00804824 0.0294907 0.35535 0.0332778 
5553 1828 2456 0.0814651 0.00512405 -0.301891 0.00665564 0.0304668 0.00231314 0.312732 0.031271 
5554 1828 2327 -0.133032 -0.323965 -0.270645 -0.0335277 -0.00913345 0.0274129 0.442605 0.0442605 
5555 1771 2502 0.17666 0.106341 -0.350707 -0.0155347 -0.00892624 -0.0105318 0.406832 0.0207828 
5556 1771 2566 -0.686333 -0.0825127 -1.12592 -0.103897 0.0259209 0.0614338 1.32119 0.123453 
5557 1484 1766 -0.577351 -0.197836 -0.0980806 2.73923e-05 -0.00850003 0.016984 0.618137 0.0189923 
5558 1484 1447 -0.432699 -2.37767 0.148985 0.00561913 0.00974907 0.171906 2.42131 0.172274 
5559 1484 1683 0.850143 0.985295 -1.15456 -0.056626 -0.0536338 -0.0874668 1.7397 0.11719 
5560 1484 2172 -0.571157 0.292599 -1.02956 0.0626627 -0.0854662 -0.0590521 1.21319 0.121319 
5561 1484 1951 0.139034 -0.326468 -0.432727 -0.00873053 0.00651102 -0.00771729 0.559611 0.0133481 
5562 1766 2133 0.3691 -0.85232 -1.18528 -0.110656 -0.00867317 -0.0282218 1.50585 0.114527 
5563 1749 2118 0.260252 0.107844 -0.542685 0.0550751 0.000696551 0.0265504 0.611447 0.0611447 
5564 1749 2148 -0.51795 -0.635128 -0.691887 -0.0369168 0.0791662 -0.0450357 1.07255 0.098277 
5565 2012 2240 -0.945065 -1.61154 -0.401173 -0.0337706 0.0275187 -0.0309893 1.9108 0.0534609 
5566 2012 2166 0.921369 1.21501 -0.659145 -0.0282657 -0.0609238 -0.151812 1.66122 0.166005 
5567 1493 2153 -0.187084 0.114555 -1.38496 0.136624 0.0270844 -0.0162152 1.40223 0.140223 
5568 1815 2272 0.0939614 -0.0730838 -0.173854 -0.00526821 0.0176333 -0.0102599 0.210702 0.0210702 
5569 2206 1740 -0.0711984 -0.987289 0.0547085 0.00443312 0.00516078 0.0989026 0.991364 0.0991364 
5570 2206 2254 -0.19519 0.552083 -1.23103 -0.112703 -0.0750462 -0.0157861 1.3632 0.13632 
5571 2206 2248 1.29666 -0.0252474 -0.692405 -0.0417243 0.113974 -0.0822927 1.47017 0.146639 
5572 2206 2406 -0.207224 -0.186512 -0.262026 0.0277443 0.00511101 -0.0255798 0.382605 0.0380814 
5573 2023 2036 -1.37044 -0.8189 -0.177249 -0.0823457 0.12538 0.0574106 1.60628 0.160615 
5574 2023 1812 -0.0196383 0.290268 -0.406096 0.046279 0.0162895 0.00940536 0.499555 0.0499555 
5575 2023 2046 1.17997 -0.286056 -1.24167 0.121964 -0.0234591 0.121308 1.73663 0.173612 
5576 2185 2126 -0.52643 -0.252269 0.128265 -0.0157 0.00349807 -0.0575566 0.597679 0.059762 
5577 2185 2036 0.328373 -0.51818 0.150784 0.0372151 0.0345121 0.0375575 0.631724 0.0631397 
5578 2185 2458 0.234993 0.364178 -0.341923 0.00556299 -0.0117909 -0.00873504 0.55205 0.0156931 
5579 2185 2313 0.0879821 -0.0571413 -0.0935403 -0.00477672 0.00879703 -0.00986675 0.140555 0.0140555 
5580 2185 2091 -0.0573098 -0.157145 -0.0955126 -0.00275426 -0.00912119 0.0166595 0.192618 0.0191917 
5581 2126 2187 0.0111631 0.200797 -0.291517 0.0273544 0.00676812 0.00570937 0.354155 0.0287518 
5582 2126 2091 0.0681172 -0.0459863 -0.0829744 -0.00172624 -0.0106238 0.00447079 0.116788 0.0116547 
5583 2295 2126 0.331565 0.041118 0.0352524 -0.00254814 -0.0074453 0.0326505 0.33596 0.0335854 
5584 1958 1403 0.271957 -0.383697 0.0292626 -0.00251988 0.00179873 0.0470042 0.471211 0.0471061 
5585 1958 2090 -0.133787 -0.289302 0.0229191 0.0232878 -0.00919935 0.0198188 0.319562 0.0319333 
5586 1958 2178 -0.178148 0.41402 -0.207938 0.0454549 0.0199295 0.000738301 0.496375 0.0496375 
5587 1958 2147 -0.0968386 -0.00963047 -0.130751 0.00410959 -0.0156335 -0.00189221 0.162992 0.016275 
5588 2028 2147 0.0887006 0.00732474 -0.183732 0.00268137 0.0201296 0.00209699 0.204154 0.0204154 
5589 2028 2327 -0.548237 0.0956286 -0.410392 0.011055 0.0113351 -0.012127 0.69147 0.0199439 
5590 1955 1609 -1.23309 0.351413 -0.0263195 -0.00540962 -0.00941149 0.127786 1.28246 0.128246 
5591 1955 2327 0.19423 0.0812551 -0.275721 -0.0259575 0.0192522 -0.0126119 0.346914 0.0346914 
5592 1955 2482 -0.32309 -0.00131459 -0.730475 0.00987681 -0.0249567 -0.00432361 0.798738 0.0271861 
5593 1447 2326 0.660757 -0.223297 -0.224048 -0.0115874 -0.0653499 0.0309574 0.73257 0.0732341 
5594 1447 1854 -1.11426 -1.14068 -0.639329 0.0564227 -0.0192347 -0.0640182 1.71799 0.0874748 
5595 1447 1869 0.200513 -0.846586 0.0194797 -0.0190623 -0.00485133 -0.0146221 0.870225 0.0245094 
5596 1903 1490 -0.0464441 -0.0299428 0.0244029 0.00195664 -0.00511411 -0.0025512 0.060408 0.0060408 
5597 1903 2148 -0.446914 0.315873 -0.27787 0.010771 0.0477599 0.0369681 0.613775 0.0613487 
5598 1903 2165 -0.305494 -0.475682 -0.694041 -0.0302397 0.033437 -0.00960657 0.895149 0.0460951 
5599 1626 1490 0.115741 -0.273824 -0.0124297 0.0272725 0.0116392 -0.00245774 0.29754 0.029754 
5600 1626 1785 -0.562011 -0.703053 -0.0349193 -0.0435058 0.0358635 -0.0218555 0.900754 0.0604699 
5601 1626 2148 0.530597 0.111162 -1.10945 0.099113 0.0515816 0.0525695 1.23481 0.123481 
5602 2240 1785 0.162064 -0.734798 0.526287 0.0203987 0.0361806 0.0442335 0.918244 0.0606773 
5603 2240 1794 -1.25235 -0.847244 -0.241795 0.0103765 0.00318665 -0.0649099 1.53123 0.0658112 
5604 2240 2481 -0.0089762 -0.0504239 -0.0814343 0.00723287 0.00492558 -0.00384716 0.0962013 0.0095591 
5605 1651 1768 -0.0119183 -0.541149 -0.0246332 -0.0130267 -0.0020941 0.0523066 0.54184 0.053945 
5606 1651 1745 0.33311 0.481854 -0.507459 0.0659002 -0.0138054 0.0301498 0.775023 0.0737729 
5607 1740 1929 -1.00173 0.274537 0.100565 0.0159845 0.0258862 0.0885539 1.04353 0.0936344 
5608 1740 2541 0.596945 0.222917 -1.1081 -0.0731885 0.102992 -0.0187084 1.27825 0.127726 
5609 1740 2042 0.210815 -0.626686 -0.434182 0.0267796 -0.00732748 0.023579 0.791008 0.0364253 
5610 1929 2406 0.394123 0.197261 -0.672548 -0.0119251 -0.0506968 -0.0218578 0.804093 0.0564813 
5611 1929 2246 -0.748276 0.516686 -0.889476 0.075653 0.10217 -0.00429427 1.27203 0.127203 
5612 2036 1898 -1.11677 -0.666338 0.161428 0.0264314 -0.0703121 -0.107378 1.31044 0.131044 
5613 2036 2313 0.0402026 0.156676 -0.342418 -0.0149971 -0.0307843 -0.0158464 0.3787 0.0377318 
5614 1403 2090 -0.230568 -0.0210772 0.00222734 0.000431545 -0.00228633 0.0230368 0.23154 0.023154 
5615 1403 1576 0.121953 -0.200526 0.00484403 -0.0199293 -0.0121283 -0.000332144 0.234748 0.023332 
5616 2090 1799 0.0528535 -0.0861902 -0.00619549 -0.00351186 -0.0014789 -0.00938542 0.101295 0.0101295 
5617 1702 2089 -0.427746 -0.258243 -0.050144 -0.024032 0.0422322 -0.0124956 0.502166 0.0501721 
5618 1702 2096 0.267095 -0.0020684 -0.445053 -0.0026691 -0.00462649 -0.00158034 0.519053 0.0055701 
5619 1702 2117 -0.407163 0.0122117 -0.729281 0.013247 -0.0222705 -0.0077688 0.835334 0.027052 
5620 1871 2266 0.0359903 -0.237629 0.0552865 0.00937473 0.00650168 0.0218423 0.246616 0.0246423 
5621 1871 2482 0.452281 0.382346 -0.201091 0.0231999 -0.0416122 -0.0269398 0.625447 0.0547318 
5622 1871 2553 -0.648568 0.186621 -0.61236 0.0142739 -0.0568686 -0.032449 0.911292 0.0670128 
5623 1871 2612 0.205041 -0.204561 -0.212074 -0.0108751 0.0187529 -0.028603 0.358974 0.0358897 
5624 2326 2553 0.091938 0.064664 -0.294541 0.00331836 0.0125552 0.00379219 0.315259 0.0135287 
5625 2326 1951 -0.211598 0.313455 -0.235722 0.0166666 -0.00157927 -0.0170609 0.445638 0.0239028 
5626 2326 2399 0.19955 -0.428892 -0.340048 -0.0108672 -0.0017892 -0.00412052 0.582582 0.011759 
5627 1854 1856 -1.19759 -0.808999 0.552912 -0.0598354 0.0716691 -0.0247382 1.54739 0.0965853 
5628 1854 1964 0.109231 -1.00144 -0.00477536 -0.0114493 -0.00108261 -0.0348585 1.00739 0.0367066 
5629 1854 2133 0.160588 0.881877 -0.737171 -0.0589749 0.0296922 0.0226734 1.16057 0.0698123 
5630 1854 2397 -0.0090085 -0.111646 -0.671095 -0.0594922 -0.0286766 0.00556936 0.680378 0.0662774 
5631 1490 1705 -0.243895 0.0818563 -0.419412 0.0414424 0.016027 -0.0209714 0.492028 0.0491339 
5632 1490 1786 -0.0412113 -0.340323 -0.315892 0.0293996 -0.00813412 0.00492774 0.466161 0.0308995 
5633 1785 1705 0.708449 0.0364093 -1.17167 0.00205121 0.00786562 0.00148468 1.36969 0.00826316 
5634 1785 1942 -0.237003 -0.354756 -0.56155 -0.0123781 -0.0562193 0.0407404 0.705238 0.0705238 
5635 1751 2244 0.029267 -0.394994 -0.150237 -0.041666 -0.00455036 0.00384676 0.423613 0.0420899 
5636 1751 2272 0.792655 1.15983 -1.13832 -0.0606577 -0.0602732 -0.10365 1.80811 0.134371 
5637 1751 2042 -0.34807 -0.11687 -0.356757 -0.000418217 -0.0485267 0.0163049 0.511944 0.0511944 
5638 2339 2184 -1.24765 -0.803262 0.569951 0.0548059 0.0196978 0.147734 1.58956 0.158798 
5639 2339 2099 0.154074 0.557394 -1.17191 0.0176002 0.115483 0.0572414 1.30682 0.130088 
5640 2184 1898 -1.5313 0.941892 0.195376 -0.050368 -0.101692 0.0954792 1.80837 0.148305 
5641 2184 1610 0.640232 -1.21214 0.0566349 -0.0451926 -0.0215039 0.0506381 1.37201 0.0711969 
5642 1898 2168 -0.611267 -0.0301479 -0.160634 0.016269 -0.00551036 -0.060875 0.63274 0.063252 
5643 1898 1677 -0.566601 -1.08111 -0.0466433 -0.00727284 0.00292291 0.020599 1.22148 0.0220399 
5644 1898 2091 0.015161 0.222999 -0.372926 0.00574132 0.0164636 0.0100782 0.434778 0.0201391 
5645 2168 1403 -0.707408 -0.0587576 0.0126001 0.00349778 -0.0320457 0.0469384 0.709956 0.0569418 
5646 1576 1799 -0.427256 -0.0377139 -0.0310396 0.00477768 -0.0379511 -0.0196526 0.430039 0.0430039 
5647 1799 2475 -0.150125 -0.0165029 -0.0685935 -0.00681744 0.00718019 0.0131933 0.165877 0.0164954 
5648 2249 2485 -0.0227069 -0.160707 -0.0317355 0.0136449 -0.000102705 -0.00924288 0.165376 0.016481 
5649 2249 2475 0.26253 0.0352155 -0.219896 0.00740735 -0.0334384 0.00348848 0.344263 0.0344263 
5650 2089 2266 -0.473037 -0.155254 -0.0450307 0.0126594 -0.0269353 -0.0401185 0.499895 0.0499526 
5651 2266 2300 -0.244134 -0.600073 0.183524 -0.0509935 0.00750011 -0.0433114 0.673328 0.0673236 
5652 2266 2612 0.101006 0.0935153 -0.193571 0.0213621 -0.00638076 0.00806428 0.237523 0.0237084 
5653 2266 2399 -0.355132 0.0999457 -0.240158 -0.00228908 -0.0259617 -0.00741944 0.440208 0.0270979 
5654 1869 1838 0.156434 -0.19863 -0.0833648 0.0214999 0.0142622 0.00636257 0.266224 0.0265733 
5655 1869 2174 -0.0139712 -0.119307 -0.383231 0.000543482 -0.0383484 0.0119188 0.401616 0.0401616 
5656 1856 1125 -0.997045 -1.00663 0.143279 0.0461741 -0.0269598 0.131904 1.42406 0.142329 
5657 1856 2236 0.0516449 -0.164499 -0.584425 -0.0187159 0.021973 -0.00783868 0.609327 0.0299089 
5658 1373 1794 -0.280126 2.24495 -2.56805 -0.194995 -0.221175 -0.172078 3.42245 0.341398 
5659 1373 1992 -0.360045 -0.383677 -0.555686 -0.0574687 0.0186962 0.0243267 0.765263 0.0651459 
5660 1768 1719 -0.164782 -0.646358 -0.0713593 -0.0500556 0.0173066 -0.0411722 0.670838 0.0670838 
5661 1768 1738 0.143244 0.634384 -1.07151 0.0221267 -0.0180317 -0.00771764 1.25343 0.0295685 
5662 1768 1992 0.22229 -0.11236 -0.226206 0.0252254 0.0113936 0.0191294 0.336462 0.0336462 
5663 2244 2100 -0.265851 -0.0311969 0.0504609 0.00357367 -0.0269148 0.00218801 0.27239 0.027239 
5664 2244 1719 0.289998 -0.331456 0.185973 -0.0172903 -0.0321685 -0.0303717 0.478067 0.0474996 
5665 2100 1672 0.402564 -0.514549 0.0368014 -0.0413395 -0.0294652 0.0402304 0.65435 0.0647738 
5666 2100 2042 0.157257 0.567133 -0.365394 0.0624127 -0.0264109 -0.0141318 0.692735 0.0692285 
5667 2100 2490 -0.206198 0.0496536 -0.28058 0.0284908 0.00411277 -0.02021 0.351722 0.0351722 
5668 1901 2227 0.229716 -0.338916 -0.304241 -0.0285798 -0.0370174 0.0196572 0.510094 0.0507296 
5669 1901 2554 -0.0643353 -0.0260006 -0.0803449 0.00835012 -0.0034663 -0.00556453 0.106162 0.0106162 
5670 1961 2140 -0.00771258 0.0879884 -0.185181 0.019237 -0.00609848 -0.00369888 0.205167 0.0205167 
5671 1961 2554 0.0957348 -0.112425 -0.135683 0.000250372 0.0154666 -0.0126387 0.200536 0.0199754 
5672 1677 1576 -0.814853 -0.0828517 -0.147558 -0.00679441 0.0493232 0.00982625 0.83224 0.0507493 
5673 1677 2216 0.558383 -0.334613 -0.208757 0.00964696 -0.0234977 0.0634678 0.68362 0.068362 
5674 1973 2475 -0.187665 0.463066 -0.245316 -0.0238564 -0.0307499 -0.0397944 0.556622 0.0556622 
5675 2290 2300 -0.303271 -0.0349956 0.039262 -0.00523347 0.0223611 -0.0204936 0.307798 0.0307798 
5676 2290 2332 -0.158572 0.101304 -0.550486 -0.0271712 0.0486284 0.0167758 0.581758 0.0581758 
5677 2300 1838 -0.641453 0.324407 -0.161603 0.00707291 -0.0209983 -0.0702272 0.736761 0.0736398 
5678 2300 1827 -0.29292 -0.22327 -0.107147 -0.0126811 0.0277276 -0.0231104 0.383578 0.0382586 
5679 2300 2106 -0.0176185 -0.128542 -0.34686 -0.0179671 0.0305487 -0.0104083 0.370332 0.0369374 
5680 1838 2399 0.0607675 0.0965961 -0.0853173 -0.0108128 -0.00131146 -0.0091863 0.142487 0.0142487 
5681 1838 2174 -0.477123 0.34423 -0.491454 0.0396447 0.0484905 -0.00452434 0.766595 0.0627973 
5682 1838 2606 -0.273886 -0.242388 -0.24429 -0.0292746 3.2073e-05 0.0327895 0.439821 0.0439563 
5683 1964 1733 0.127475 -0.797853 0.225301 -0.0531717 0.000793955 0.0328961 0.838797 0.0625301 
5684 1964 1936 -0.323481 -0.250951 -0.00676371 0.0244875 -0.0317809 0.00801555 0.409466 0.0409135 
5685 1964 2174 0.147448 0.077784 -0.111214 -0.0110436 0.0164218 -0.00315618 0.200399 0.0200399 
5686 1125 1936 0.131223 -0.0624714 -0.079345 -0.00688323 0.00398671 -0.0145226 0.165583 0.0165583 
5687 1125 1878 -0.428547 -0.50807 -0.616245 0.0151909 0.0634734 -0.0628953 0.906391 0.0906391 
5688 1125 1786 -0.344813 0.987517 -1.29181 -0.100358 -0.116635 -0.0623729 1.66218 0.166029 
5689 1891 1706 0.133765 -0.351838 0.0664924 0.0255889 0.00442815 -0.0280471 0.382236 0.0382236 
5690 1891 1776 -0.840621 -0.531787 -0.112398 -0.0396489 0.0461102 0.0783726 1.00104 0.099199 
5691 1891 1942 0.268659 1.17212 -0.797931 0.0820209 0.0277732 0.0684133 1.44317 0.110359 
5692 1719 1776 0.609992 -0.201612 -0.141241 0.0199629 0.0184323 0.0599049 0.657789 0.0657789 
5693 1719 2252 -0.0752048 -0.374844 -0.175347 0.0395653 -0.0117367 0.00812066 0.420608 0.0420608 
5694 1672 1917 -0.420613 -0.0756242 0.0728747 -0.00643788 -0.00504288 -0.0423908 0.433526 0.0431724 
5695 1672 2167 0.171061 -0.0562032 -0.604195 0.060622 0.0043333 0.0167604 0.630454 0.0630454 
5696 2262 2554 0.229619 0.377126 -0.518465 0.00874718 0.0526972 0.0422054 0.680996 0.0680794 
5697 2262 2557 -0.22029 0.0938947 -0.256555 0.0189859 0.0289594 -0.00570353 0.350948 0.0350948 
5698 2262 2199 0.279931 -0.219168 -0.371342 0.0268184 -0.00965835 0.0259171 0.514093 0.0385254 
5699 1610 2216 -0.634836 0.0196793 -0.182952 -0.018274 0.000958448 0.063513 0.660966 0.0660966 
5700 1610 2114 0.225538 -0.99619 -0.144072 -0.0254749 -0.00625498 0.00337054 1.03151 0.0264472 
5701 1610 2557 0.167326 -0.0946825 -0.270103 -0.0115666 0.0263818 -0.0164133 0.331539 0.0331539 
5702 2216 2045 0.0468435 -0.243515 0.0578795 0.00658811 -0.00445079 -0.0240576 0.254644 0.0253374 
5703 2485 2038 -0.190578 -0.19693 -0.0733054 -0.00817205 -0.00217133 0.0270786 0.283681 0.0283681 
5704 1827 2513 0.111444 -0.0990701 -0.0296567 0.00439525 0.00848421 -0.0118255 0.152034 0.0152034 
5705 1827 1876 -0.155179 -0.176912 0.0438294 -0.00257397 0.00468067 0.00977975 0.239373 0.0111435 
5706 1827 2106 0.126643 0.0415563 -0.116246 -0.00669114 0.0163058 -0.0014605 0.176857 0.0176857 
5707 1733 2606 0.442753 0.257386 -0.559945 0.0427144 -0.0104989 0.0289487 0.758826 0.0526571 
5708 1733 2074 -0.227883 -0.0768666 -0.644008 0.0384225 0.0165525 -0.0155715 0.687449 0.0446402 
5709 1936 1777 -0.257834 -1.00434 0.129221 -0.0679905 0.01823 0.00602648 1.04492 0.0706495 
5710 1936 2236 -0.00446474 0.478425 -0.341142 -0.0194059 -0.03231 -0.0450582 0.587612 0.0587432 
5711 1878 1640 0.0174843 -0.549906 0.339467 0.00583663 0.00467942 0.00727961 0.646483 0.0104382 
5712 1878 1913 -0.233483 0.308533 -0.224761 -0.0306608 -0.0308527 -0.0105012 0.447465 0.0447465 
5713 1878 2647 -0.0868971 -0.188473 -0.385807 -0.0250923 -0.0295767 0.0201004 0.438087 0.0436856 
5714 1776 1992 -0.00657309 0.292586 -0.10978 -0.00938766 0.0102327 0.0278344 0.312573 0.0311062 
5715 1776 1863 -0.59809 0.0868267 -0.723369 -0.0720813 0.00453342 0.0601419 0.94261 0.0939857 
5716 1776 2209 1.43851 -0.316901 -1.10555 0.034495 0.144902 0.00334832 1.84173 0.148989 
5717 2252 1863 0.108534 0.15575 -0.130074 0.00756779 0.0105801 0.0189832 0.230124 0.0230124 
5718 2252 2173 -0.0544253 -0.00996001 -0.0129097 -0.00163004 0.00343402 0.00422258 0.0568152 0.00568152 
5719 2252 1817 -0.0607268 -0.301291 -0.014007 -0.0208295 0.00315587 0.0224226 0.307669 0.0307669 
5720 2252 2581 0.0817786 -0.115722 -0.168368 -0.00158068 0.0147412 -0.0108996 0.220061 0.0184011 
5721 1917 2371 0.242466 0.0948789 -0.913279 0.0107243 0.0935194 0.0125627 0.949669 0.0949669 
5722 1917 2227 -0.0478794 0.0227042 -0.0393593 -0.00277253 -0.00598975 -8.24601e-05 0.0660082 0.00660082 
5723 1985 1597 0.572851 -0.334538 -0.0722293 0.00696296 0.025128 -0.0611597 0.667301 0.0664861 
5724 1985 2227 0.0632781 0.361753 -0.232864 0.0428309 -0.00751381 -3.38411e-05 0.43485 0.043485 
5725 1985 2198 0.11088 -0.0289411 -0.247831 0.0248462 0.00377015 0.0106759 0.273042 0.0273042 
5726 1985 2199 -0.235425 0.0907894 -0.219821 0.0115349 0.0313071 0.000576549 0.334648 0.0333695 
5727 2114 2045 -0.302564 0.0119271 0.0274152 -0.00293948 -0.00693322 -0.0294248 0.304037 0.0303732 
5728 2114 1701 0.66921 -0.463351 -0.110418 0.00388248 0.0191928 -0.0570091 0.821419 0.0602783 
5729 2038 1509 0.29015 -0.349381 0.19849 -0.0329543 -0.0345715 -0.0126803 0.495633 0.0494162 
5730 2513 2106 -0.00447448 0.234073 -0.122031 -0.023241 -0.00608701 -0.0108236 0.26401 0.0263505 
5731 1876 2544 0.184636 -0.167049 -0.0638916 0.0178167 0.0179811 0.0044744 0.257056 0.0257056 
5732 1876 2098 -0.0729486 0.132641 -0.504492 0.0131839 0.0251398 0.0047034 0.526714 0.0287741 
5733 1876 2296 -0.0253172 -0.0451065 -0.0367054 -0.00340565 0.00436699 -0.00301749 0.0634259 0.00630668 
5734 1777 1534 -0.506305 -1.04159 0.100346 0.103587 -0.0514677 -0.0115736 1.16246 0.116246 
5735 1777 2124 -0.0783149 0.24021 -0.577556 -0.017495 -0.0159711 -0.00427025 0.630401 0.0240705 
5736 1640 2311 0.0602768 -0.0751911 -0.221443 -0.0225183 0.00408868 -0.00751779 0.241503 0.0240896 
5737 1625 1562 -0.620631 -0.466159 0.601227 0.0582506 0.0207911 0.076251 0.981815 0.0981815 
5738 1625 1597 -0.488495 0.102337 -0.19724 -0.00584008 0.0394805 0.0349482 0.53666 0.053049 
5739 1625 1829 -0.0289844 -0.0929349 -0.0773621 0.011826 -0.000519121 -0.00380711 0.124346 0.0124346 
5740 1625 2173 -0.0226527 0.115744 -0.201656 0.0071193 -0.0189427 -0.0116722 0.233613 0.0233613 
5741 1625 1817 0.479682 -0.22301 -0.492633 0.0525194 0.0035265 0.0495422 0.722852 0.0722852 
5742 1597 1574 -0.104568 -0.438935 0.0774098 0.0356161 -0.00344861 0.0285571 0.45781 0.045781 
5743 1597 2198 -0.0756934 0.0661502 -0.133766 0.0148335 0.00497428 -0.00593385 0.167328 0.0167328 
5744 1597 2173 0.264583 0.0991465 -0.161257 0.0187375 -0.0105682 0.024246 0.325328 0.0324137 
5745 1701 2199 0.0496203 0.0424359 -0.0410101 -0.00483668 0.0059943 0.000350543 0.0771026 0.00771026 
5746 1325 1777 -0.174705 0.128676 0.186025 0.00329947 -0.0217871 0.0181692 0.285805 0.0285602 
5747 1817 2160 -0.18845 -0.216182 -0.38701 0.0177133 0.0348775 -0.0281078 0.48169 0.048169 
5748 2319 2198 0.0112914 0.0214771 -0.0120478 -0.00207556 0.0015408 0.000801471 0.0270907 0.00270636 
5749 2497 2088 -0.236479 -0.785204 -0.0232446 -0.0134792 0.00560443 -0.0521875 0.820371 0.0541907 
5750 2608 1399 -0.171884 -0.111368 0.100994 0.0104497 0.00193636 0.0199199 0.228356 0.0225776 
5751 1399 1912 -0.0753474 -0.492996 -0.0638701 -0.033435 0.00980624 -0.0362485 0.502793 0.0502793 
5752 1399 2624 0.0357487 -0.0651784 -0.254927 0.022547 0.0140212 -0.000423071 0.265544 0.0265544 
5753 2258 2068 -0.204904 -0.243908 0.161321 0.0138688 -0.0253197 -0.0206662 0.357073 0.0355039 
5754 1933 2068 0.428811 -0.347879 -0.0579795 0.0330421 0.042812 -0.0124977 0.555212 0.0555053 
5755 1933 2016 -0.0678123 -0.423388 -0.0155439 0.0273702 -0.00557947 0.0325686 0.429066 0.0429066 
5756 1933 2489 -0.251015 0.154768 -0.363572 0.0125579 -0.0377152 -0.024725 0.468131 0.0468131 
5757 1933 1926 0.0493682 -0.171594 -0.332048 -0.037018 -0.00620916 -0.00229501 0.377011 0.0376052 
5758 2273 2501 -0.349904 -0.658197 0.156836 0.0625452 -0.0247273 0.0357658 0.761743 0.0761743 
5759 2273 2488 -0.190567 -0.195011 -0.376806 0.0111435 0.028395 -0.0203312 0.46511 0.036658 
5760 2533 2003 -0.533372 -0.0911954 0.0306874 0.00833993 -0.0523765 -0.0106954 0.541981 0.054104 
5761 2003 2333 -0.466615 -0.212908 -0.589752 -0.062307 0.00858192 0.0461995 0.78158 0.0780398 
5762 2260 2476 -0.0645342 -0.0309921 -0.0954192 0.00893098 -0.00682971 -0.00382194 0.11929 0.011875 
5763 2001 2630 -0.330178 -0.717341 -0.0108991 -0.0700429 0.0324537 -0.0141019 0.789756 0.0784737 
5764 2001 2476 0.563764 -0.165981 -0.29098 -0.0329876 -0.0206213 -0.0521495 0.655782 0.0650614 
5765 2001 2324 -0.123459 0.0528703 -0.0582455 -0.00740033 -0.0102016 0.0064259 0.14639 0.0141467 
5766 1723 1364 0.0600266 -0.634685 -0.0324724 -0.0629179 -0.00636776 0.00815377 0.638344 0.0637628 
5767 1723 2624 -0.182836 0.0830745 -0.16678 -0.0173803 -0.00048991 0.0188095 0.261047 0.0256147 
5768 2068 2016 -0.157518 -0.0609829 0.0115466 0.00615248 -0.0149265 0.00509759 0.169304 0.0169304 
5769 2068 2560 0.0873004 -0.238971 -0.30656 -0.0228447 -0.0285749 0.0157693 0.398381 0.0398381 
5770 2016 2411 -0.148665 -0.0822141 -0.153179 -0.00341892 0.021144 -0.00803022 0.228745 0.0228745 
5771 1832 2488 0.0884769 -0.0413355 -0.0974648 -0.00385586 0.010395 -0.00790891 0.137972 0.0136189 
5772 2630 2017 -0.228759 -0.676017 0.0429694 0.033691 -0.01321 -0.0284634 0.714966 0.0460408 
5773 2630 2129 -0.495111 0.247784 -0.474905 -0.0210931 -0.0684633 -0.0137306 0.729429 0.0729429 
5774 1912 1847 -0.378965 -0.461537 -0.202881 0.0242438 -0.00659657 -0.0302788 0.630708 0.0393457 
5775 1912 2643 -0.0251055 -0.124475 -0.580457 0.0565454 -0.0178909 0.00139092 0.594184 0.0593246 
5776 2501 2411 0.163951 -0.0347209 -0.13943 4.17889e-05 -0.0211429 0.00531412 0.218005 0.0218005 
5777 2501 2450 -1.07696 -0.79683 -1.04296 0.0664806 0.0823596 -0.131572 1.69781 0.168861 
5778 2132 2667 0.00183083 -0.42957 -0.242185 -0.0490159 0.00249897 -0.00480304 0.493141 0.0493141 
5779 2303 2657 0.125021 -0.0271445 0.016617 0.00290386 0.00697164 -0.0104592 0.129008 0.0129008 
5780 2303 2356 -0.145312 -0.0915683 -0.00803594 -0.00917279 0.0143481 0.00237525 0.171945 0.0171945 
5781 2154 2356 0.240814 -0.53222 -0.133201 -0.0224151 0.00356829 -0.0547817 0.59916 0.0592976 
5782 2154 2596 0.127256 0.113537 -0.127193 0.0164229 -0.00559865 0.0114335 0.21275 0.0207794 
5783 2154 2664 -0.141043 0.0326615 -0.317034 0.0286591 0.0161962 -0.0110814 0.348526 0.0347341 
5784 2092 2002 -0.733815 0.132184 -0.0540294 0.000673214 -0.0250516 -0.0704324 0.74758 0.074758 
5785 2092 2218 0.151413 -0.222131 -0.0273597 0.00132596 0.00418143 -0.0266107 0.270216 0.0269699 
5786 2092 2333 0.0528247 0.201509 -0.126069 0.0235737 -0.00278667 0.00542347 0.243495 0.0243495 
5787 2092 2391 -0.352103 -0.641892 -0.359095 -0.0184296 0.0461614 -0.0644442 0.815445 0.0813853 
5788 2002 2195 -0.0782052 -0.184948 -0.00546691 -0.00966825 0.0045907 -0.016999 0.200877 0.0200877 
5789 2002 2476 0.00717859 0.0278836 -0.0154846 -0.000708018 0.00168691 0.00270944 0.0326925 0.00326925 
5790 2002 2078 -0.590017 -0.286488 -0.941195 -0.0834724 -0.0430359 0.0654268 1.14719 0.114457 
5791 1847 2398 1.178 -0.648787 -0.519146 -0.0468709 -0.0743577 -0.0134286 1.44157 0.0889172 
5792 1847 2366 -0.0167297 -0.127888 -0.224005 -0.0207506 0.0140009 -0.00644357 0.258483 0.0258483 
5793 2446 2583 0.72693 -0.142883 -0.46528 -0.0479567 -0.0111859 -0.0714901 0.87483 0.086809 
5794 2446 2603 -0.713801 -0.217468 -0.876713 0.0804731 0.0354433 -0.0743111 1.15127 0.115127 
5795 2369 2562 -0.00040078 0.000259568 1.71234e-05 -1.6357e-05 -2.27007e-05 -3.87306e-05 -0.000477801 4.77801e-05 
5796 2369 2357 0.0604932 0.109439 -0.0140252 9.25227e-06 -0.00159734 -0.0124241 0.125829 0.0125264 
5797 2369 2351 -0.0860186 -0.0162696 -0.0468507 0.0049221 -0.00165033 -0.00846394 0.0992919 0.00992919 
5798 2657 2658 -0.220694 -0.285781 -0.0896898 -0.0228785 0.00889335 0.0279587 0.37205 0.037205 
5799 2218 2575 -0.0519869 -0.0969901 -0.107422 -0.0137348 0.00670088 0.000596799 0.153783 0.0152939 
5800 2195 1949 -0.298116 -0.406102 0.0821926 0.00856611 -0.0159385 -0.04768 0.510438 0.050998 
5801 2195 2391 0.23626 -0.0108874 -0.0857569 -0.00791773 -0.0121894 -0.0202657 0.251578 0.0249394 
5802 2195 2483 -0.437558 -0.212565 -0.553097 -0.0076325 -0.000915518 0.00638996 0.736585 0.00999624 
5803 2017 2150 -0.378275 -0.519828 0.146686 0.0425631 -0.0176937 0.0470591 0.659416 0.0658729 
5804 2017 2483 0.207158 -0.242155 -0.416898 0.00212169 -0.0448735 0.0271191 0.524745 0.0524745 
5805 2017 2375 -0.251915 -0.0848634 -0.201126 0.0187016 -0.0242314 -0.0132 0.333339 0.0333339 
5806 2020 2388 -0.0932054 -0.299219 -0.527829 0.060649 -0.0061317 -0.00723359 0.613858 0.0613858 
5807 2620 2274 0.0308918 -0.773128 0.124855 0.0639694 0.00969933 0.0442329 0.783754 0.0783754 
5808 2620 2449 -0.214128 0.711605 -0.199155 0.0590364 0.0288305 0.0395402 0.769347 0.0766807 
5809 1737 1346 -0.489265 -0.228094 0.0370879 0.0183861 -0.0436421 -0.0258534 0.541094 0.0539545 
5810 1737 2524 -0.241915 -0.582042 -0.570383 0.00133422 0.0422756 -0.0437055 0.850078 0.0608209 
5811 1346 2532 -0.336026 -0.0811006 -0.592052 -0.00121227 -0.067817 0.00997775 0.685578 0.0685578 
5812 2122 2532 0.0355547 -0.0116209 -0.0124403 -0.00144901 -0.00357788 -0.000799079 0.03942 0.003942 
5813 2122 2325 -0.212745 -0.287964 -0.0719512 -0.0198831 0.00744946 0.0289761 0.365186 0.0359228 
5814 2122 2346 -0.255383 -0.117663 -0.708603 0.0630432 -0.0397156 -0.0161262 0.762353 0.0762353 
5815 2562 2667 0.417371 0.726076 -0.119244 0.0136127 0.00585301 0.0832855 0.845934 0.0845934 
5816 2562 2325 0.44388 -0.503323 -0.0634284 0.0336577 0.0229127 0.0537219 0.674083 0.0674083 
5817 2562 2629 -0.744286 -0.469385 -0.607094 0.0538761 0.0276332 -0.0874161 1.06904 0.106338 
5818 2562 2451 0.0220294 0.167273 -0.38039 0.0407852 0.00622187 0.00509799 0.416127 0.0415708 
5819 2384 2121 -0.157215 -0.187165 0.127399 -0.00798384 -0.00891323 -0.022947 0.275641 0.0258796 
5820 2384 2629 0.179419 -0.0360477 -0.212263 -0.0197236 0.00177846 -0.0169737 0.280261 0.0260824 
5821 2384 2364 -1.6944 -0.435719 -0.694704 0.0739168 -0.148293 -0.0872754 1.88241 0.187274 
5822 2308 2351 0.0659825 0.0110088 -0.0951405 -0.00933296 -0.0013594 -0.00662995 0.116304 0.0115286 
5823 2561 2598 -0.217351 -0.180616 0.0292145 -0.018296 0.021428 -0.00364237 0.284107 0.0284107 
5824 2658 2598 0.0403722 -0.234183 0.00883198 -0.00235057 0.000484772 0.0235987 0.237802 0.0237204 
5825 1949 2062 0.445954 -1.17171 -0.736398 -0.0812365 0.040472 -0.113592 1.45398 0.145398 
5826 2150 2169 -1.60293 -0.122704 -0.817233 -0.00861167 0.0181338 0.0141683 1.80342 0.024571 
5827 2150 2131 0.270321 -1.7523 -1.0419 0.199806 0.0430852 -0.0206225 2.0565 0.205436 
5828 2150 2375 -0.144448 0.423409 -0.655126 0.0705986 0.0354312 0.00733308 0.793303 0.0793303 
5829 2169 2398 -0.204652 0.863277 -0.221626 -0.0862281 -0.0247186 -0.0166598 0.914466 0.0912351 
5830 2169 2388 -0.525506 -0.00902541 -0.223117 -0.0219899 0.00770403 0.0514809 0.570981 0.0565083 
5831 2169 2293 0.0261595 -0.388568 -0.146481 -0.0387783 0.00281887 -0.0144028 0.416085 0.0414626 
5832 2169 2419 -0.064459 0.1145 -0.43829 0.0101493 -0.0427801 -0.0126686 0.457563 0.0457563 
5833 2274 1887 0.537302 -0.447586 -0.19332 -0.0434706 -0.0309598 -0.0491395 0.725534 0.0725458 
5834 2274 2388 0.511296 0.319522 -0.373229 -0.0347457 -0.0141195 -0.0596868 0.709097 0.0704921 
5835 2274 2494 -0.397417 0.185409 -0.826498 0.0826061 -0.011709 -0.0423473 0.935637 0.0935637 
5836 2651 2280 0.205586 -1.00525 0.111832 0.0903273 0.0131295 -0.0480318 1.03214 0.103143 
5837 2651 2245 -0.132905 -0.165375 -0.119206 0.0109114 0.00624949 -0.0208354 0.243357 0.0243357 
5838 2121 2364 -0.13892 0.188546 -0.350188 -0.00618957 -0.036861 -0.0173911 0.421284 0.041225 
5839 2547 2094 -0.20375 -0.140859 0.0885766 0.0144062 -0.0216368 -0.00126987 0.263061 0.026025 
5840 2547 2364 0.423519 -0.0723801 -0.235627 0.0126329 -0.0338495 0.0331044 0.490028 0.0490028 
5841 2598 2033 -0.677634 0.253763 -0.165601 -0.0181225 -0.0138889 0.0528735 0.742299 0.0575928 
5842 2598 2322 -0.0863798 -0.507872 -0.140722 0.0237776 -0.00612853 0.00752265 0.534039 0.0256812 
5843 2033 2372 -0.39171 0.0843328 -0.0700396 0.0082591 0.00561385 -0.0394311 0.406761 0.0406761 
5844 1935 2253 -1.02367 0.173435 -0.946816 -0.0855583 -0.0789397 0.0780428 1.40514 0.140151 
5845 1935 2314 0.45611 -0.990664 -0.619302 -0.0536126 0.0413213 -0.105585 1.25419 0.125419 
5846 1935 2051 -0.282211 -0.342104 -0.0939239 0.00708829 0.00632224 -0.0443259 0.453321 0.0453321 
5847 2253 2297 -0.749131 0.221478 0.482906 -0.0373995 0.0373051 -0.0751272 0.918395 0.0918395 
5848 2253 2051 0.0182151 -0.150943 0.0802123 0.00762125 -0.00650328 -0.0139685 0.1719 0.01719 
5849 2253 2575 0.0637096 0.226647 -0.101862 0.0243073 -0.00350164 0.00741168 0.256522 0.0256522 
5850 2253 2500 -0.125984 0.103796 -0.0730067 -0.0059131 -0.0139041 -0.00956386 0.178817 0.0178817 
5851 2253 2338 -0.325473 -0.223098 -0.0935514 0.00674865 0.00668651 -0.0394249 0.405534 0.0405534 
5852 2253 2400 0.0867313 0.0227947 -0.512429 -0.0229182 -0.00853348 -0.00425862 0.520217 0.0248234 
5853 2297 2500 0.0313687 0.0957592 -0.263623 0.02061 -0.0187789 -0.00436891 0.282224 0.0282224 
5854 2131 2103 0.438568 -0.614271 0.405588 0.0128009 -0.0400725 -0.0745322 0.856839 0.0855845 
5855 2131 2504 -0.214338 -1.05662 -0.916096 -0.125325 -0.0266101 0.0600141 1.41478 0.141478 
5856 2131 2396 0.13848 0.0668308 -0.200546 -0.0065008 -0.0214665 -0.0116425 0.252709 0.0252709 
5857 1887 1679 -0.26415 -0.764513 0.597814 0.0836846 -0.0488687 -0.0255188 1.0058 0.100212 
5858 1887 2293 0.2206 0.0342088 -0.0506286 0.00158169 0.0151233 0.0171103 0.228906 0.0228906 
5859 1887 2591 0.391823 -0.492579 -0.615399 0.0704177 -0.00901079 0.0520472 0.88027 0.088027 
5860 1887 2086 -0.405716 -0.401053 -0.266391 0.0449985 -0.0439756 -0.00232764 0.629614 0.0629614 
5861 1887 2347 -0.247712 0.264597 -0.675562 -0.0618438 0.0296268 0.0342805 0.766652 0.0766652 
5862 1989 1446 -0.0889148 -0.0876173 0.0309178 -0.00582864 0.00204467 -0.0109679 0.128602 0.0125877 
5863 1989 2524 0.0630332 0.190121 -0.0835829 -0.0206063 0.00463631 -0.00499405 0.217038 0.0217038 
5864 1989 2315 0.806724 -0.536099 -0.583485 -0.0780218 -0.0392138 -0.0718434 1.13078 0.113078 
5865 2268 2053 -0.458601 -0.84838 -0.732881 0.0885402 0.0198552 -0.0783885 1.21127 0.11991 
5866 2268 2325 -0.581898 0.43658 -0.684824 -0.0398471 0.0574877 0.0705071 0.999095 0.0993171 
5867 2268 2047 0.23129 -0.0147763 -0.213222 0.00516172 -0.030101 0.00768509 0.314924 0.0314924 
5868 2059 2069 0.431663 -0.173762 0.0373601 0.00412998 0.0193396 0.0422306 0.466822 0.0466315 
5869 2059 2270 -0.326269 -0.144588 0.0395988 -0.00266358 -0.00360678 -0.0351157 0.359061 0.0354008 
5870 2189 2197 0.45517 -0.194946 -0.127635 -0.0112805 -0.0194351 -0.0105439 0.511346 0.0248223 
5871 2189 2322 -0.148007 -0.0288711 -0.0818122 -0.00855588 0.00217798 0.0147099 0.17156 0.017156 
5872 2189 2077 -0.178451 -0.85792 -0.372931 -0.0201678 0.035711 -0.0725018 0.952338 0.0832978 
5873 2139 2322 0.424885 -0.16388 -0.244347 0.0165091 0.048807 -0.00402707 0.516807 0.0516807 
5874 2139 2453 -0.0225169 -0.120721 -0.381724 0.0103676 0.036736 -0.0122294 0.400991 0.0400821 
5875 2314 2470 0.0543999 0.245643 -0.341899 -0.0147482 -0.0311776 -0.0247467 0.424494 0.0424494 
5876 2314 2584 -0.212479 0.0214211 -0.197682 0.00934311 -0.0244629 -0.0126933 0.291006 0.0291006 
5877 2314 2379 0.0189287 -0.488811 -0.405024 0.000747419 0.0180529 -0.0217526 0.63509 0.028278 
5878 2051 2584 0.117492 0.017617 -0.443209 -0.000357085 -0.0111643 -0.00053843 0.458856 0.011183 
5879 2225 2103 -0.696955 0.0353455 -0.0784714 -0.00816184 -0.0474577 0.0511144 0.702249 0.0702249 
5880 2225 2334 0.0751333 -1.96098 -1.57926 -0.183071 -0.0795388 0.090054 2.51896 0.218978 
5881 2225 2062 -0.503616 0.909631 -0.991026 -0.0613517 -0.069484 -0.0325997 1.43638 0.0982588 
5882 2225 2338 0.221858 0.0436118 -0.415546 -0.0415436 0.00733012 -0.0214106 0.473077 0.0473077 
5883 2103 2531 -0.594898 -0.454139 -0.109068 -0.014789 0.0350698 -0.0653591 0.756334 0.0756334 
5884 2103 2080 0.0658084 -0.534228 -0.68318 -0.07581 -0.0366208 0.0213339 0.869751 0.0868526 
5885 1798 1692 0.0795311 -1.02007 0.0590311 0.0544837 0.0023058 -0.0335599 1.02486 0.0640317 
5886 1798 2293 0.162809 0.521085 -0.375085 -0.0219124 0.040882 0.0472838 0.662363 0.0662363 
5887 1679 2097 -0.643667 -0.310081 -0.20276 0.0210532 0.00283203 -0.0711649 0.742677 0.0742677 
5888 1679 2022 0.0317746 -0.0587257 -0.0805113 0.00447653 -0.00670875 0.00666014 0.104596 0.0104596 
5889 1446 2292 -0.132517 -0.0774919 0.016975 0.00691454 -0.00968345 0.00977362 0.154447 0.0153982 
5890 1446 2142 0.43924 -0.393405 -0.0727415 0.021957 0.0327349 -0.0444548 0.59413 0.059413 
5891 1446 2047 -0.289813 0.710304 -0.610442 0.0553681 -0.0375982 -0.0700354 0.980389 0.0968721 
5892 1446 2622 0.225872 -0.0157619 -0.458411 -0.0442991 -0.0140006 -0.021346 0.51128 0.051128 
5893 1446 2161 -0.14156 -0.804267 -0.568465 -0.094871 0.0265575 -0.0139488 0.995006 0.0995006 
5894 2292 2454 -0.164586 -0.210881 -0.513699 0.00152903 -0.0537306 0.0215673 0.579177 0.0579177 
5895 2053 2280 -1.55661 -0.0327588 0.792132 0.0474391 -0.143693 0.0872798 1.74688 0.174688 
5896 2053 2454 0.266716 -0.937753 -0.226615 -0.094536 -0.0290219 0.00883058 1.00094 0.099284 
5897 2053 2353 -0.0475712 0.122537 -0.562387 0.0148184 -0.0542675 -0.0130777 0.577544 0.0577544 
5898 2280 2119 0.303792 -0.73844 -0.0408442 -0.072098 -0.030405 0.0134523 0.799532 0.0793949 
5899 2280 2245 -0.58168 0.229755 -0.466854 -0.0507242 -0.0108862 0.0578427 0.780443 0.0776996 
5900 2280 2649 0.0441209 -0.154116 -0.526754 -0.050655 0.0191974 -0.00985956 0.550607 0.0550607 
5901 2069 2305 -0.480603 -0.425637 0.0631295 0.0306008 -0.0403947 -0.0393897 0.645082 0.0641848 
5902 2069 2245 1.21452 0.379949 -0.46814 0.0483012 -0.0938971 0.0491019 1.35594 0.11645 
5903 2069 2387 0.0201331 0.211957 -0.235771 0.00308846 -0.0236434 -0.0209915 0.317678 0.0317678 
5904 2069 2641 0.155727 -0.176989 -0.346185 -0.0301371 0.0180668 -0.0227935 0.418832 0.0418832 
5905 2270 2576 0.107505 -0.204849 -0.182584 0.00510063 0.020703 -0.0202244 0.294716 0.029388 
5906 2125 2247 -0.398576 0.169154 0.122138 -0.018896 -0.0181007 -0.0365957 0.449882 0.0449882 
5907 2125 2197 -0.195314 -0.21659 -0.0200361 0.0172776 -0.0170771 0.0161794 0.292335 0.0291875 
5908 2197 2060 -0.0719561 -0.369929 -0.0337713 0.0304735 -0.00784563 0.0210112 0.378373 0.0378373 
5909 2322 2164 -0.142305 -0.139314 0.0432627 -0.0125934 0.0147828 0.00617921 0.203791 0.0203791 
5910 2322 2077 0.320871 -0.348063 0.0405193 -0.0347259 -0.0308494 0.00999531 0.47513 0.047513 
5911 2322 2323 -0.00777189 -0.142125 -0.108825 0.0178477 -0.00145132 0.000620812 0.179173 0.0179173 
5912 2164 2083 0.163813 -0.29431 -0.0622668 0.00168257 0.00797532 -0.0332696 0.342535 0.0342535 
5913 2164 2453 -0.0366854 0.142599 -0.140925 -0.00151948 -0.014483 -0.0142595 0.203814 0.0203814 
5914 2164 2438 -0.0706371 -0.110355 -0.0532491 -0.00812078 -0.00036434 0.0115276 0.141433 0.0141055 
5915 2334 2230 0.219163 -0.221088 0.188821 -0.0275733 -0.023305 0.00471662 0.364095 0.0364095 
5916 2334 2617 -0.18774 -1.31435 -0.0403655 0.119615 -0.0153759 -0.0556746 1.3283 0.13283 
5917 2334 2463 0.13703 0.0036067 -0.132136 0.0129682 -0.00298185 0.0133672 0.190394 0.0188613 
5918 2334 2559 -0.417642 -0.42282 -0.902869 0.0731407 0.0162956 -0.0414642 1.08091 0.0856411 
5919 2531 2152 -0.333949 -0.135535 -0.566011 -0.0314624 -0.0505891 0.0306769 0.671014 0.067009 
5920 2531 2626 0.234475 -0.637657 -0.354995 -0.0471392 -0.0415505 0.0434993 0.766555 0.0764247 
5921 2097 2222 -0.228714 -0.258208 -0.0238736 0.0225627 -0.021385 0.0151368 0.345762 0.0345762 
5922 2097 2445 -1.32239 0.400583 -1.85627 -0.174707 0.0628202 0.138017 2.31407 0.231339 
5923 2097 2162 0.726434 -1.43651 -1.51104 0.069795 -0.134026 0.160969 2.20783 0.220783 
5924 2142 2445 0.644044 -0.132708 -1.51365 -0.149226 0.0181119 -0.0650824 1.65031 0.163805 
5925 2119 2454 0.382429 0.00268944 -0.309242 0.0171556 0.0393134 0.0215576 0.491823 0.0480061 
5926 2376 2019 9.14318 -0.132722 -4.60913 -0.258228 -0.66942 -0.492972 10.2401 0.870532 
5927 2376 2367 -2.05334 0.0634791 -2.31234 0.102988 -0.268619 -0.0988265 3.09308 0.304186 
5928 2305 2637 -0.0405752 -0.705285 -0.140741 0.00149803 -0.00388534 0.0190385 0.720334 0.0194886 
5929 2305 2367 0.0306105 -0.0385493 -0.099324 0.0102016 0.00404076 0.00157572 0.110853 0.0110853 
5930 2305 2576 -0.140616 -0.0127716 -0.133538 0.00197007 0.018835 -0.00387587 0.194341 0.0193303 
5931 2060 2077 -0.263435 0.135993 -0.0156556 -0.0049932 -0.0127073 -0.0263622 0.296879 0.0296879 
5932 2060 2414 0.371619 -0.331299 0.0106863 -0.0129177 -0.0157376 -0.038684 0.49797 0.0437149 
5933 2060 2232 -0.289961 -0.17724 0.0627682 -0.00226193 0.0147307 0.0311462 0.345588 0.0345282 
5934 2077 2232 0.0554302 -1.11399 0.268889 0.0775892 0.0234597 0.0811971 1.14732 0.114732 
5935 2077 2323 -0.328268 -0.0277094 -0.316368 -0.0272867 0.0219164 0.0263934 0.456745 0.043835 
5936 2230 2617 -1.27328 -0.654836 -0.940455 -0.0171489 0.105553 -0.0502785 1.71304 0.118167 
5937 2230 1814 0.00541585 -0.235327 -0.0174248 0.020285 0.00135477 -0.0119917 0.236034 0.0236034 
5938 2230 2462 0.0674822 -0.139026 -0.282527 0.0192889 -0.0210131 0.0149473 0.32203 0.032203 
5939 2156 1972 -0.189494 -1.02366 -0.143036 -0.103213 0.0182817 0.00590045 1.05084 0.104986 
5940 2156 2080 -0.157916 0.569448 -0.876788 -0.0772527 0.0533917 0.0485901 1.05734 0.105734 
5941 2156 2626 -0.788708 -0.31238 -0.727653 -0.0332903 0.0951697 -0.00477255 1.11764 0.100937 
5942 2617 1972 -0.580451 -0.214229 0.31458 -0.0334627 0.0559652 -0.0236318 0.694102 0.0693565 
5943 2617 2032 -0.590418 -0.170825 -0.452649 -0.0479498 0.0113056 0.0582774 0.763325 0.0763103 
5944 2617 2239 -0.274598 -1.33384 -0.0651301 0.0107431 -0.00882927 0.135526 1.36337 0.136237 
5945 2617 2444 0.0962029 -0.182113 -0.559299 0.0234272 0.0203192 -0.0025865 0.596017 0.031119 
5946 1692 1861 0.717111 -1.54213 -0.0961081 0.0492188 0.0174196 0.0877357 1.70342 0.102095 
5947 1692 2152 0.331638 0.387338 -0.788407 0.0808168 -0.0461502 0.0113218 0.938935 0.0937517 
5948 1692 2022 -1.70401 0.702561 -1.30581 0.0926494 -0.0781663 -0.162958 2.25884 0.203099 
5949 1692 1793 -0.307339 -0.425061 -0.396032 -0.0209403 0.0200133 -0.00522967 0.657248 0.0294343 
5950 1727 2191 -0.572648 -0.65646 -0.0783475 0.0122765 -0.000409336 -0.0863002 0.874645 0.08717 
5951 1727 2161 0.579342 0.679204 -0.457251 -0.0310589 0.0694888 0.0638671 1.00301 0.0993597 
5952 1727 2454 -0.469442 0.688761 -0.735427 0.0395627 -0.061908 -0.0832335 1.11158 0.111021 
5953 2662 2605 0.257645 0.0125105 -0.140275 0.00745832 0.0235962 0.0158032 0.293624 0.0293624 
5954 1905 2576 0.0938109 0.223294 -0.172202 0.0110291 -0.0195305 -0.0193167 0.297177 0.029601 
5955 2232 2083 -0.865753 0.147409 -0.265252 0.0288917 0.0644856 -0.0584628 0.917396 0.0917117 
5956 2232 1806 -0.286362 -0.423135 0.0251907 0.0358332 -0.022541 0.0287175 0.511548 0.0511548 
5957 2232 2656 -0.026688 -0.149093 -0.206611 0.022949 -0.0104313 0.00456302 0.256182 0.0256182 
5958 2083 2323 0.0531542 0.225516 -0.191908 0.00144624 -0.019672 -0.0227165 0.300852 0.0300852 
5959 2083 2438 -0.614038 0.0495829 -0.122292 0.00254278 -0.0526673 -0.0341212 0.628058 0.0628058 
5960 2083 2498 0.0399187 -0.0997228 -0.395043 0.0124285 -0.013045 0.0045489 0.409386 0.0185831 
5961 1708 2182 0.490094 -1.06589 -0.241416 0.0993272 0.0543498 -0.0383213 1.19775 0.119534 
5962 1708 2442 0.101629 0.0862982 -0.402532 -0.00074608 -0.0241453 -0.00536485 0.424038 0.0247454 
5963 1708 2585 -0.289581 -0.440947 -0.572888 0.0602909 0.0190365 -0.0451279 0.778776 0.0776782 
5964 1814 2462 0.0705826 0.213817 -0.30392 -0.0265105 0.024535 0.0111043 0.378242 0.03779 
5965 1972 2224 -0.126021 -1.65002 0.210437 0.133756 -0.00947269 0.00582549 1.66815 0.134218 
5966 1972 2217 -0.119525 -0.110085 -0.124169 0.0101587 0.00716211 -0.0161285 0.204506 0.0203623 
5967 1861 1996 0.00565573 -1.02674 0.0992427 -0.0807207 -0.00658627 -0.06354 1.03154 0.10294 
5968 1861 2217 0.839129 -0.675793 -0.613915 -0.0167027 -0.00485519 -0.0174855 1.24005 0.0246637 
5969 1678 1797 0.0142614 -0.485103 -0.0212522 0.0480447 0.00167941 -0.00609349 0.485778 0.0484587 
5970 1678 2162 -0.488297 1.37223 -1.02038 0.0323317 0.0285436 0.0229141 1.77838 0.0488378 
5971 1678 1793 0.29194 0.109631 -0.140419 0.0159849 -0.0280208 0.0113567 0.342002 0.0342002 
5972 1678 2057 0.302718 -0.376594 -0.673443 -0.0365794 -0.0707001 0.0230933 0.828846 0.0828846 
5973 2194 1685 0.672112 -0.511511 0.181589 0.00677305 -0.0202294 -0.0820525 0.863916 0.0847804 
5974 2194 2269 0.0448294 0.427145 -0.40262 0.0425123 0.0254806 0.0317662 0.588697 0.0588697 
5975 2194 2024 -0.910414 0.123638 -0.530558 -0.00346906 -0.103898 -0.018259 1.06096 0.105547 
5976 2191 2024 0.995245 0.0782495 -0.797764 0.0608804 0.00870831 0.0768052 1.27791 0.0983936 
5977 2191 2220 0.0499029 -0.68903 -0.586261 0.0885067 -0.0084445 0.0174585 0.906065 0.0906065 
5978 2071 2102 -0.306423 0.0532214 -0.316166 0.0300848 0.0191279 -0.0259379 0.443496 0.0440879 
5979 2071 2316 0.0280735 -0.0834812 -0.0305429 0.00727356 0.00399856 -0.00424355 0.0932207 0.00932207 
5980 2242 2518 -0.0769326 -0.0858151 -0.0654804 0.00405542 0.00511544 -0.0114687 0.132554 0.0131964 
5981 2242 2183 -0.0112959 0.0168155 0.00143385 0.00109863 0.000601708 0.00159847 -0.020308 0.0020308 
5982 2428 1713 0.0480033 -0.173149 0.0467034 -0.0136328 -0.00665055 -0.0106441 0.18565 0.0185305 
5983 2428 2171 -0.0860338 -0.144253 -0.0781669 0.0144783 -0.00255476 -0.0112207 0.185259 0.0184947 
5984 2414 2037 0.153107 -0.603482 0.204399 0.0342165 0.025484 0.0496105 0.655294 0.0654325 
5985 2081 1845 0.168795 -0.437083 0.102743 0.0190737 0.0128777 0.0234476 0.479676 0.0328547 
5986 2081 2656 -0.204402 0.139595 -0.183084 0.0201508 0.0226892 -0.00519737 0.307874 0.0307874 
5987 2081 2595 -0.0273698 -0.0403933 -0.0104107 -0.00142457 0.00207543 -0.00430747 0.049891 0.0049891 
5988 1806 2592 -0.0595559 -0.0605292 0.0177928 0.00548671 -0.00376125 0.00556972 0.0867599 0.00867599 
5989 1806 2656 0.0927951 0.0499356 -0.174288 -0.018128 0.00284837 -0.0088357 0.203668 0.0203668 
5990 1806 2425 -0.4698 -0.0433604 -0.617607 -0.0245342 -0.000472722 0.0186958 0.777194 0.0308494 
5991 2309 2182 -0.659033 -0.200026 -0.114068 -0.0173818 0.0396051 0.0309735 0.698102 0.0531981 
5992 2309 2592 0.285877 -0.477971 0.0723228 0.00382003 0.00237191 0.00057577 0.561616 0.00453322 
5993 2182 2496 0.433735 0.2195 -0.604717 -0.0468675 0.0605282 -0.0116453 0.775879 0.0774328 
5994 2182 2585 -0.417615 0.173087 -0.28557 0.0291887 -0.00329088 -0.04468 0.534707 0.0534707 
5995 2182 2392 -0.24759 -0.391152 -0.543107 0.0333632 -0.0321507 0.00794578 0.713629 0.0470096 
5996 2224 2239 0.538674 0.242213 -0.475541 -0.0399506 0.0629567 -0.0131879 0.758272 0.07572 
5997 2224 2217 -0.673773 0.59686 -0.97086 -0.0388552 -0.117958 -0.0455524 1.32393 0.132283 
5998 2224 1984 0.157429 -0.833752 -1.14347 -0.14131 -0.0126079 -0.0102622 1.42389 0.142242 
5999 1996 1695 -0.256275 0.129338 -0.0136628 -0.00625231 -0.0148905 -0.023684 0.287388 0.0286662 
6000 1996 1888 0.382366 -0.78709 -0.22957 -0.00584404 0.02265 -0.0873899 0.904664 0.0904664 
6001 1996 2210 -0.362698 0.498325 -1.02083 0.087025 0.0333372 -0.0146459 1.19247 0.0943357 
6002 1996 2155 -0.617928 -0.626687 -0.64662 0.0223405 -0.0541455 0.0311272 1.0921 0.0663305 
6003 1695 1793 -0.000848769 0.292405 -0.216359 0.00240621 -0.0215568 -0.0291431 0.363748 0.0363291 
6004 1695 2210 0.394744 -0.0216021 -0.54317 -0.0021158 0.0175958 -0.00223743 0.671806 0.0178632 
6005 1797 2278 -0.403406 -0.458801 0.174192 -0.0296033 0.0406512 0.0385131 0.635277 0.0633415 
6006 1797 2057 0.104742 0.169728 -0.23974 -0.0283076 0.0120045 -0.00386879 0.311855 0.0309902 
6007 1797 2279 0.125429 -0.188183 -0.348803 -0.0361875 0.00883946 -0.0177819 0.415703 0.041278 
6008 1685 2101 0.455853 0.557394 -0.843402 0.0275557 -0.0958656 -0.0484628 1.10897 0.110897 
6009 1685 2570 -0.680961 -0.147685 -1.2463 0.0617022 0.119164 -0.047834 1.42786 0.142461 
6010 1685 2181 0.579399 -0.767348 -1.0348 0.02317 0.117274 -0.0739901 1.41257 0.140586 
6011 2084 2570 1.04997 0.122476 -0.546284 -0.0143784 0.117001 -0.00140442 1.1899 0.117889 
6012 2084 2085 -0.0223302 -0.0141259 -0.0787411 -0.00228414 -0.00772222 0.0020331 0.0830563 0.00830563 
6013 2518 2058 -0.132849 0.0871287 0.0205953 -0.00337926 -0.00827486 0.0132091 0.160202 0.0159491 
6014 2518 1775 -0.366766 -0.332122 0.135387 -0.0198575 0.00267875 -0.0472231 0.512984 0.0512984 
6015 2518 2130 -0.00122845 0.174401 -0.0451002 0.00951728 0.00383048 0.0145531 0.180143 0.0178057 
6016 2518 2615 -0.229626 0.130928 -0.344934 -0.00170033 0.0333619 0.0137952 0.434568 0.0361416 
6017 2518 2291 0.821555 -0.216719 -0.524623 0.044846 0.0807805 0.0368585 0.998573 0.0994746 
6018 2518 2072 -0.0599466 -0.169236 -0.182675 -0.0200112 0.0144568 -0.00682636 0.256134 0.0256134 
6019 2058 1713 -0.815599 -0.749106 0.393988 0.00861867 0.0357081 0.085735 1.17541 0.093273 
6020 2058 2130 0.555782 0.286701 -0.25606 0.00134415 0.043368 0.0514751 0.675765 0.0673222 
6021 2058 2615 0.110335 -0.0889638 -0.338231 0.0211448 -0.0188202 0.0118479 0.366727 0.0306867 
6022 1713 1775 0.614212 -0.421031 -0.151868 -0.0384684 -0.062508 0.017713 0.759991 0.0755038 
6023 1713 2171 -0.143524 0.0305729 -0.133704 0.0127652 0.0100556 -0.0114035 0.198521 0.0198521 
6024 1713 2472 0.0671324 -0.0527682 -0.254954 -0.00665404 -0.0255064 0.003527 0.268873 0.0265949 
6025 2037 1937 0.127935 -0.206422 -0.103679 0.00477191 -0.00923451 0.0242739 0.264059 0.0264059 
6026 2037 2171 0.274715 0.0518836 -0.208228 -0.0178789 -0.0131733 -0.0268701 0.348596 0.0348596 
6027 2592 2610 0.102353 -0.170888 -0.45107 -0.047669 -0.0106305 -0.00678925 0.493096 0.0493096 
6028 1789 1780 -0.560392 -0.173919 -0.0858032 0.00905974 -0.041723 0.0254 0.593001 0.0496794 
6029 1789 2110 -0.309371 0.149511 -0.717375 0.0588952 -0.0412602 -0.0339981 0.795419 0.0795419 
6030 1789 1925 -0.129361 -1.04184 -0.677935 -0.0497758 0.0268839 -0.0318165 1.2497 0.064905 
6031 1780 2239 -0.245895 0.879583 -0.338011 0.0500022 0.0417889 0.0723691 0.973849 0.0973849 
6032 1780 1984 -0.307316 -0.00063845 -0.188575 0.0156648 -0.0200202 -0.0254607 0.360561 0.0359784 
6033 2278 2556 -0.333722 -0.310421 -0.0827601 -0.0269404 0.0205396 0.0315935 0.463229 0.0463229 
6034 2278 2181 -0.320383 0.815045 -0.946338 0.0093251 -0.0958641 -0.0857212 1.28938 0.128938 
6035 2278 1889 0.175634 -0.222442 -0.345533 0.0230996 -0.0254385 0.0281179 0.446901 0.0443996 
6036 1884 2556 1.01735 -1.47736 0.345491 -0.0161266 0.00874207 0.0848692 1.82674 0.0868289 
6037 1884 2633 -0.302072 -0.0333311 -0.114946 -0.0116258 0.0109751 0.0273696 0.324917 0.0316971 
6038 1884 2277 -0.242764 0.152926 -1.36 -0.114736 0.052202 0.0263506 1.38994 0.128778 
6039 2039 2050 -0.581488 -1.05965 -0.0617572 0.0772037 -0.047055 0.0804576 1.21029 0.121029 
6040 2039 2220 -0.0897562 0.488705 -0.461317 0.0644081 -0.00703059 -0.0199796 0.678013 0.0678013 
6041 2039 2633 0.444738 -0.200057 -0.437205 0.00708911 -0.0144367 0.0138172 0.654953 0.0212035 
6042 2039 2025 -0.142711 -0.165498 -0.415332 -0.0103348 -0.0410441 0.019906 0.469315 0.0467726 
6043 2183 2261 0.404533 -1.74767 -0.735903 9.38358e-06 -0.00764094 0.0181513 1.93895 0.019694 
6044 2183 2291 -0.231558 -0.026851 -0.699888 -0.00281721 0.0652759 -0.00157221 0.737688 0.0653556 
6045 1775 2472 -0.0718915 0.0460487 -0.0963369 0.00331768 0.011825 0.0031765 0.128723 0.0126858 
6046 1775 2079 0.000602732 -0.105752 -0.0780444 0.00652843 0.00669805 -0.00902563 0.131434 0.0129979 
6047 1845 1316 0.45482 -0.0869103 0.298812 0.0198043 -0.0327342 -0.0396648 0.551093 0.0551093 
6048 1845 2595 -0.187859 0.0211891 -0.0882166 0.000218326 -0.0201642 -0.00530825 0.208619 0.0208523 
6049 1845 2460 -0.0376091 -0.289284 -0.294789 0.0239576 0.0225675 -0.0252025 0.414729 0.0414539 
6050 2215 2052 0.769997 -2.1847 -0.252484 -0.197463 -0.0572028 -0.107235 2.33014 0.231869 
6051 2215 2374 -0.0170561 -0.030019 -0.0415528 -0.00134453 0.0044879 -0.00269031 0.0540248 0.00540248 
6052 2215 2545 0.113986 0.177262 -0.536291 -0.0229322 0.0514505 0.012132 0.576214 0.0576214 
6053 2287 2437 0.459586 -0.955418 0.0263779 -0.00346767 0.00125818 0.105989 1.06054 0.106054 
6054 2287 2392 0.064779 0.653177 -0.623028 0.0201685 -0.0121006 -0.0105892 0.904986 0.0257939 
6055 2287 1925 -1.52415 0.180976 -0.620807 0.00876635 -0.116493 -0.055482 1.65565 0.129328 
6056 2287 2668 -0.0897599 -0.154927 -0.355147 -0.0376936 0.0119335 0.00432088 0.397729 0.0397729 
6057 1888 1984 0.579779 0.18972 -0.272021 0.0243273 0.0128898 0.0608407 0.667932 0.0667799 
6058 1888 2639 -0.015524 0.148734 -0.244564 0.0224895 -0.0142798 -0.010112 0.286661 0.0284946 
6059 1888 1922 0.0140629 -0.273586 -0.148508 -0.0247475 0.00799727 -0.0170762 0.311611 0.0311126 
6060 1726 1889 -0.649307 -0.169186 -0.791828 0.0162 0.00436744 -0.0142174 1.03789 0.021992 
6061 2556 2627 -0.1604 -0.326682 -0.295931 0.0212284 -0.0226006 0.0134428 0.469067 0.0337956 
6062 2556 2669 0.246308 0.109203 -1.24303 -0.000439634 -0.126537 -0.0112036 1.2719 0.127033 
6063 2145 2633 -0.189228 0.318799 -0.142592 0.0160844 0.0220665 0.0279902 0.397206 0.0391036 
6064 2145 2350 -0.12642 -0.142683 -0.231369 -0.0160968 -0.0165691 0.0190133 0.299787 0.029919 
6065 2050 1790 -0.749619 -1.44805 0.621167 0.00630517 0.0289103 0.075004 1.74488 0.0806298 
6066 2050 2025 0.173378 0.514026 -0.819812 0.091972 -0.0345147 -0.00219023 0.983043 0.0982594 
6067 2050 2648 0.269077 -0.510862 -0.27237 0.0283623 0.0377961 -0.0428717 0.63841 0.063804 
6068 2050 2243 -0.450104 -0.283186 -0.616061 -0.00691146 0.0751114 -0.029477 0.81383 0.0809838 
6069 2261 2136 -0.19942 -0.600654 -0.0991735 0.0362244 -0.0200926 0.0488523 0.640617 0.0640505 
6070 2261 2243 0.509265 -0.602677 -0.62515 -0.0575594 -0.0480132 -0.000602219 1.00667 0.0749581 
6071 1990 1796 -0.674714 -0.89298 0.124676 0.0406703 -0.0162529 0.103687 1.12614 0.112558 
6072 1990 2448 0.528465 0.265178 -1.16909 0.117045 0.0138245 0.0560434 1.31011 0.130505 
6073 1990 2405 -0.0720866 -0.320667 -0.391908 0.0149166 0.0364847 -0.0325963 0.511484 0.0511484 
6074 2298 1937 -0.465017 0.108288 -0.0132094 0.00764794 0.0364603 0.0296595 0.477641 0.0476185 
6075 2298 2472 0.0216766 0.0578013 -0.0363188 -0.00679733 0.00147597 -0.00170794 0.0716235 0.00716235 
6076 2298 2079 1.1055 -0.45373 -0.450086 0.00270047 -0.00460225 0.0112724 1.27694 0.0124716 
6077 2298 2223 -0.108048 -0.0918843 -0.103044 0.000730515 -0.0134471 0.0112247 0.175315 0.0175315 
6078 1937 2171 0.025784 0.0790393 -0.0173861 -0.00213679 -0.00109508 -0.00814727 0.0849371 0.00849371 
6079 1538 2113 -1.52635 0.193534 -0.748672 -0.000604988 0.0443187 0.0126899 1.71105 0.0461036 
6080 1538 1943 0.213326 -0.367254 -0.287851 0.0361053 -0.00301653 0.0306062 0.51307 0.0474282 
6081 2113 2052 -2.11443 -0.282885 -0.39753 0.0318538 -0.212623 -0.0181241 2.17 0.215758 
6082 2113 2610 -0.0927193 0.252729 -0.156223 0.0289593 0.00402792 -0.0106714 0.311247 0.0311247 
6083 2113 2282 0.433715 -0.225795 -0.461867 0.0510995 0.0255702 0.0354843 0.672617 0.0672617 
6084 2052 2343 -0.831032 -1.45429 -0.871122 -0.0635972 0.116273 -0.133441 1.88797 0.18807 
6085 2437 2286 -0.265929 -0.385745 -0.126408 0.0285539 -0.0268846 0.021971 0.48528 0.0449537 
6086 1843 2455 -0.0828405 -0.387317 -0.687024 0.0269219 0.00733656 -0.00738227 0.793019 0.0288637 
6087 1596 2318 -0.0269938 -0.150359 0.00534009 -0.00938575 0.00210668 0.0118725 0.152856 0.0152803 
6088 1596 2255 0.776077 0.178134 -0.510089 0.0298235 -0.026604 0.0360845 0.945631 0.0538452 
6089 1596 1922 -0.548754 -0.0775044 -0.469436 -0.0367026 -0.0387049 0.0492943 0.726297 0.0726297 
6090 1773 2365 0.310471 0.510619 -1.66209 -0.0722767 0.0101513 -0.0103823 1.76626 0.0737209 
6091 1773 1872 0.290478 -0.227824 -0.253747 -0.0324374 -0.0287413 -0.0113278 0.447961 0.0447948 
6092 1773 2116 -0.171391 -0.417517 -0.299411 0.0108442 0.0278406 -0.0450301 0.541611 0.0540408 
6093 1790 2285 0.567222 -0.670986 -0.174096 0.0335521 0.0461337 -0.0684886 0.895696 0.0891333 
6094 1790 1941 -0.227557 -0.584146 -0.017933 0.0323091 -0.0122811 -0.00993617 0.627161 0.0359643 
6095 1790 2609 -0.0282218 -0.226799 -0.406339 -0.0390844 0.0230641 -0.0101587 0.466204 0.0465053 
6096 2136 1792 -0.32918 -0.51084 0.161912 -0.0401751 0.0264937 0.00190977 0.628914 0.0481623 
6097 2136 2243 0.267115 0.110789 -0.152387 -0.0048354 0.0295843 0.0130327 0.326874 0.0326874 
6098 1796 1818 -0.864607 0.0912885 -0.137622 -0.00163163 0.00502527 0.013584 0.880237 0.0145754 
6099 1796 2138 -0.0339524 -1.33599 0.115071 -0.0102966 -0.00819536 -0.0981875 1.34137 0.0990655 
6100 1796 2079 -0.174017 0.379196 -0.32137 0.0342884 -0.0153144 -0.0366367 0.52664 0.052464 
6101 1818 1658 -0.739192 0.29071 0.253766 -0.0377359 -0.0431202 -0.060523 0.833855 0.083345 
6102 1818 2034 -0.00173434 -0.178297 0.00111586 -0.00340494 -7.64185e-05 -0.0175026 0.178309 0.0178309 
6103 1818 2582 0.113076 -0.2043 -0.327567 -0.0287898 -0.00792943 -0.00499269 0.402274 0.0302763 
6104 1818 2067 -0.20333 -0.126244 -0.0889056 0.0136062 -0.0076993 -0.0201851 0.255313 0.0255313 
6105 1658 1684 -0.320837 8.2521e-05 -0.160443 0.00652919 0.0237331 -0.0130442 0.358718 0.0278576 
6106 1658 2223 0.0274431 0.0482602 -0.484808 0.0224929 0.0234327 0.00360584 0.487977 0.0326807 
6107 1684 2460 -0.17652 0.0120035 -0.0900699 -0.00799544 -0.0114022 0.01415 0.198534 0.0198534 
6108 1943 2010 -0.143328 -0.412797 0.102594 0.0302734 -0.0174962 -0.0281045 0.448854 0.0448604 
6109 1943 2460 0.0607951 0.207877 -0.102106 0.021223 -0.00922665 -0.00614801 0.239446 0.0239446 
6110 1943 2282 -0.251846 0.187347 -0.213926 -0.00197031 0.027358 0.0262784 0.379855 0.0379855 
6111 2214 2000 -0.280481 0.0951965 -0.372911 0.0167508 -0.0383956 -0.0224005 0.47623 0.0475036 
6112 2214 2233 0.0997958 -0.131549 -0.276786 0.00376981 -0.0092127 0.00573777 0.322296 0.0114894 
6113 2286 2241 0.075202 -0.0235191 0.0580982 -0.00404784 -0.00875064 0.0016971 0.0978974 0.00978974 
6114 2286 2455 -0.252008 0.224074 -0.0785979 0.0124376 0.00269257 -0.0322025 0.346258 0.0346258 
6115 2112 1982 -0.631706 0.292507 -0.133321 -0.0145871 -0.0190236 0.0273792 0.708793 0.036391 
6116 2112 2455 0.117322 0.366398 -0.619131 -0.0406028 -0.0237516 -0.0217501 0.728927 0.0518246 
6117 1982 2318 -1.26932 -0.332513 -0.114463 0.0264808 -0.0667564 -0.0997299 1.31714 0.122897 
6118 1982 2163 0.308782 -0.566081 -0.720194 -0.0162943 0.000383099 -0.00728729 0.966682 0.0178538 
6119 2318 2031 0.200176 0.140901 -0.329999 -0.0252764 0.0323579 -0.00151663 0.410881 0.0410881 
6120 2318 2235 -0.801946 -0.174736 -1.26556 0.00619122 0.104108 -0.0182974 1.5084 0.105884 
6121 2029 1922 0.485455 0.593332 -0.554291 0.0669275 -0.0579703 -0.00343738 0.946017 0.0886096 
6122 2029 1872 -1.13286 -0.601325 -0.737026 0.0906424 -0.102649 -0.0555747 1.47925 0.147789 
6123 2180 2635 0.925455 0.447155 -1.34051 0.0461637 0.0770532 0.057573 1.6892 0.106691 
6124 2180 2026 -0.51764 -1.2484 -1.47998 0.0404274 0.0703325 -0.0734671 2.00419 0.109446 
6125 1742 2627 0.336386 0.171216 -0.201409 -0.0168323 0.0389443 0.00499356 0.427827 0.0427191 
6126 1742 2350 -0.260495 0.449682 -0.682416 0.074803 -0.0155641 -0.0388102 0.857766 0.0856969 
6127 1742 2434 -0.693838 -0.941684 -0.144948 -0.0132737 0.0273099 -0.113885 1.17864 0.117864 
6128 2285 2648 0.203695 0.728311 -0.550134 0.0658973 -0.0427531 -0.0322006 0.935188 0.084895 
6129 2285 2434 0.877541 -0.54753 -0.626926 -0.00879013 0.0844184 -0.0860314 1.20951 0.120852 
6130 1792 2138 -0.580134 -0.212981 0.139136 0.0248073 -0.0546 0.0198571 0.633463 0.0631733 
6131 1257 2067 0.321362 -0.00431842 -0.315184 -0.0298696 -0.014612 -0.0302549 0.450147 0.0449562 
6132 2010 2041 -0.377958 -0.0615556 -0.0673889 -0.00155219 0.00775086 0.00162568 0.388822 0.00807018 
6133 2010 2233 -0.122108 0.108432 -0.23151 -0.0122235 0.0199892 0.0158094 0.28331 0.0282652 
6134 2010 2221 0.00222787 -0.0997901 -0.0840569 -0.0126421 0.00191403 -0.00260736 0.130494 0.0130494 
6135 2041 2441 -0.398393 0.26547 0.0390135 -0.0255545 -0.0354098 -0.0200061 0.480326 0.0480326 
6136 2041 2200 0.145881 -0.188282 0.111271 -0.0205767 -0.016348 -0.00068557 0.262893 0.0262893 
6137 2041 2233 0.018174 0.0181737 -0.0216268 -0.0025336 -8.87024e-05 -0.00220364 0.0335902 0.00335902 
6138 2041 2517 -0.265009 0.101383 -0.426142 -0.0266728 -0.0308389 0.00925038 0.511962 0.0418097 
6139 2041 2520 0.00520615 -0.292011 -0.212017 -0.0322307 -0.00948802 0.0122764 0.3609 0.0357708 
6140 2441 2241 -0.175034 -0.0247188 0.0755319 -0.00770714 0.00216747 -0.0171508 0.192231 0.0189274 
6141 2441 2000 0.161613 0.204268 -0.222388 0.026687 0.00200855 0.0212388 0.342491 0.034166 
6142 2441 2343 -0.0914061 0.0689167 -0.0999166 -0.0033453 0.00979578 0.00981692 0.151947 0.0142661 
6143 2441 2435 -0.187908 -0.188204 -0.175511 -0.0023777 0.0225843 -0.0216719 0.318645 0.0313907 
6144 2241 2604 -0.0806416 -0.357264 -0.0943702 0.0138367 0.00601351 -0.0345896 0.378215 0.0377367 
6145 2093 1822 -0.518128 -0.914187 0.183285 0.0454808 -0.0231067 0.0133183 1.06667 0.0527238 
6146 2093 2163 -0.57851 0.701689 -0.367696 -0.0192394 -0.0338801 -0.0343846 0.980939 0.0519645 
6147 2093 2342 -0.227289 -0.113785 -0.224072 -0.0238611 0.0192525 0.0144271 0.338844 0.0338844 
6148 2093 2394 0.0723581 0.153837 -0.476451 0.00942039 -0.0257317 -0.00687763 0.505873 0.0282519 
6149 1778 1699 -1.02407 -0.314171 -0.0907705 -0.00293971 0.0223122 -0.0440603 1.07501 0.0494751 
6150 1778 1822 0.191307 -0.340882 -0.0208296 0.017541 0.00776056 0.0340995 0.391449 0.039124 
6151 1778 2228 -0.769763 0.519392 -0.940747 -0.0302399 0.0459197 0.0500962 1.32186 0.0743821 
6152 1778 2342 0.206166 -0.237331 -0.601723 0.0568374 0.0347623 0.00576304 0.678897 0.0668739 
6153 2256 2027 -0.00784302 -0.306357 -0.155782 -0.0202114 0.0111744 -0.0209578 0.343779 0.0311865 
6154 1542 2201 -2.25374 -0.784349 -1.49405 0.000986127 0.109917 -0.0591919 2.81545 0.124845 
6155 1542 2116 0.072055 0.753352 -1.03327 -0.121181 0.0368115 0.0183886 1.28077 0.127977 
6156 1930 2026 0.604415 0.320607 -0.589003 -0.0655644 0.0448355 -0.0428751 0.90279 0.0902618 
6157 1930 2111 -0.0898232 -0.15831 -0.152985 0.00406585 0.014988 -0.0178969 0.23777 0.0236953 
6158 1941 2609 0.19407 0.285635 -0.541184 0.000141147 0.0567537 0.0300051 0.641974 0.0641974 
6159 1941 2330 -0.640632 -0.455801 -1.27341 -0.0508485 0.0588188 0.0045276 1.49658 0.0778827 
6160 2138 2034 -0.131264 0.0135461 -0.0320299 0.00286118 -0.00290258 -0.0129532 0.135793 0.0135793 
6161 2138 1986 -0.330795 -1.72911 0.151735 -0.0859669 0.0297396 0.151485 1.76699 0.176699 
6162 2138 2170 0.147385 0.121025 -0.596301 -0.0607049 0.00520903 -0.013947 0.626055 0.0625039 
6163 2034 2582 0.0648224 0.109682 -0.182897 0.0108828 0.0147384 0.0126956 0.222898 0.0222898 
6164 2034 2067 -0.202463 0.130091 -0.0912317 0.0124181 0.00380901 -0.0221271 0.257368 0.0256579 
6165 2527 2539 -0.43529 -0.106138 -0.208014 0.0150463 -0.0433912 -0.00934565 0.493976 0.0468671 
6166 2539 2040 -0.136734 0.139424 0.176824 0.00783424 -0.0164492 0.0190281 0.263443 0.0263443 
6167 2539 1754 -0.266303 -0.291445 0.125303 -0.0273155 0.0293787 0.0102798 0.414196 0.0414116 
6168 1754 2221 -0.154462 0.020616 -0.13652 -0.0129568 -0.00919414 0.0132712 0.207174 0.0207011 
6169 2200 2221 0.16667 0.0421422 -0.343181 0.00388604 0.0376216 0.00650719 0.383833 0.0383775 
6170 2200 2348 0.0238924 -0.302279 -0.236555 -0.0122693 0.00374601 -0.00602601 0.38458 0.0141733 
6171 2383 2435 -0.0447536 0.0463307 -0.0665052 0.00738328 -0.000673163 -0.00543742 0.092587 0.0091941 
6172 2604 2435 0.3005 0.271529 -0.390626 0.0132033 -0.0350433 -0.014202 0.562687 0.0400506 
6173 2604 2381 -0.232114 0.0633939 -0.305913 0.0260162 0.025022 -0.0145547 0.389202 0.0389202 
6174 2604 2589 -0.0244463 -0.320724 -0.233617 0.0359873 0.00806659 -0.0148401 0.39754 0.039754 
6175 1699 1890 -0.564074 -1.18049 0.362756 -0.02048 0.0482465 0.125159 1.35769 0.135691 
6176 1699 2228 0.3259 0.60306 -0.552076 0.0287418 0.039779 0.0604193 0.880159 0.0778392 
6177 1699 2027 -0.629773 -0.222261 -0.327791 -0.0188525 -0.0247812 0.0530238 0.74395 0.0614902 
6178 1967 1687 -1.14757 -1.85544 1.30743 0.220795 -0.0572816 0.112507 2.54341 0.254341 
6179 1967 1872 -0.123924 1.53558 -0.40492 0.113368 0.00425006 -0.0185785 1.5929 0.114959 
6180 1967 2380 0.801931 0.522007 -1.13672 0.054519 -0.0190473 0.0297149 1.48584 0.0649468 
6181 1967 2304 -0.193238 -0.123043 -0.592542 0.0483772 0.0255032 -0.0210724 0.635285 0.0586072 
6182 2201 1892 -1.31175 -1.3033 0.481935 0.0968208 -0.0620496 0.0957295 1.9109 0.149628 
6183 2201 2026 -0.698618 1.13073 -0.430264 0.0440153 0.0333319 0.0161288 1.39705 0.0575195 
6184 2201 2044 0.692617 -0.245751 -0.245055 0.00217125 -0.00930456 0.0154678 0.774702 0.0181808 
6185 2201 2511 -0.977479 -0.187186 -1.10881 -0.00704086 -0.0224982 0.0100051 1.48995 0.0256095 
6186 2190 2073 -0.384407 -0.514691 -0.0584483 0.0440225 -0.0286246 -0.0374643 0.645052 0.0645052 
6187 2190 2434 0.552288 1.18369 -1.02716 0.0819198 -0.114648 -0.0880732 1.66169 0.166169 
6188 2190 2551 -0.00267802 -0.306749 -0.495092 -0.030234 0.0423556 -0.0260791 0.582424 0.0582083 
6189 2063 2073 0.419319 -0.954027 0.244439 -0.0140185 0.000928876 0.0276731 1.07039 0.0310351 
6190 2063 2525 0.578659 0.96105 -1.61012 -0.0308031 0.0498336 0.0186745 1.96238 0.0614895 
6191 2143 2011 0.231509 -0.320145 0.113782 -0.0337678 -0.020157 0.0119911 0.411139 0.0411139 
6192 2143 2439 -0.63519 -0.619906 0.14473 0.0388323 -0.0215501 0.0781238 0.899276 0.0898648 
6193 2143 2330 0.244383 0.547802 -0.463514 0.0635548 -0.0392583 -0.0128887 0.75806 0.075806 
6194 2143 2565 -0.406175 0.111468 -0.270747 -0.0287717 -0.00660934 0.0404423 0.500707 0.0500707 
6195 2143 2395 0.0735136 -0.126227 -0.139638 0.0150169 0.0128928 -0.00374874 0.20208 0.0201441 
6196 1986 2176 -0.417719 0.0251831 -0.15621 0.0156656 0.0127814 -0.0398306 0.446682 0.0446682 
6197 1986 2439 0.485448 -0.43117 -0.0151092 0.0411728 0.0469764 -0.0177134 0.649458 0.0649288 
6198 1986 2565 0.580482 0.224088 -0.654862 0.0610315 -0.0568844 0.034634 0.903338 0.0903338 
6199 1986 2661 -0.0632544 -0.24938 -0.400609 0.0205282 0.03494 -0.0249916 0.476108 0.0476108 
6200 2176 1836 -0.0299901 -0.053126 -0.00980266 0.00274235 -0.000531124 -0.00551145 0.0617889 0.00617889 
6201 2176 2577 0.312421 0.204287 -0.31299 -0.0363504 0.00711727 -0.0316389 0.487138 0.0487138 
6202 2013 2520 0.108221 0.173356 -0.270613 -0.0135972 0.0283214 0.0127052 0.33911 0.0338882 
6203 2013 2654 -0.43026 0.0377859 -0.413652 0.0217266 -0.0141347 -0.02389 0.598047 0.0352501 
6204 2021 1822 -0.642566 0.0293495 -0.0231441 0.000365453 0.0200168 0.0152375 0.643652 0.0251592 
6205 2021 2381 0.145981 0.287705 -0.328956 0.0101264 -0.0358475 -0.0268585 0.460757 0.0459235 
6206 2021 2535 -0.201678 -0.0344808 -0.442165 -0.00125706 0.0134658 -0.000476724 0.487209 0.0135328 
6207 2021 2321 0.0393666 -0.62891 -0.239982 0.00577462 0.024214 -0.0625093 0.674292 0.0672836 
6208 1822 1932 -1.41338 -0.713955 0.0113625 -0.0150031 0.0294349 -0.0167197 1.58351 0.0370277 
6209 1822 2342 -0.0567286 0.1598 -0.255414 -0.00273689 -0.0261529 -0.0157548 0.306579 0.0306542 
6210 1822 2146 -0.03914 -0.385495 -0.28075 0.0292309 -0.0241892 0.0291388 0.478496 0.0478396 
6211 1932 2312 -0.527803 0.303798 -0.764746 -0.0755955 -0.0351484 0.0382107 0.977602 0.0917069 
6212 1932 2065 -0.0213634 -0.099106 -0.120712 -0.00690831 -0.0103273 0.00970149 0.157638 0.0157638 
6213 1890 2166 -1.07285 -0.480935 0.0203838 0.0173421 -0.0432607 -0.107938 1.17589 0.117571 
6214 1890 2075 -0.00872951 -0.00979 -0.0192216 -0.0020934 0.000286593 0.000804753 0.0232705 0.00226099 
6215 1687 2044 -0.643239 0.286922 -0.922522 0.0262347 0.0260719 -0.0101836 1.16066 0.0383629 
6216 1687 2087 0.177257 -0.0894342 -0.346849 -0.0303679 -0.0242694 -0.00926169 0.399653 0.0399624 
6217 2006 2208 -0.738745 0.0891673 -0.844744 -0.0732621 0.00477495 0.0645732 1.12574 0.0977744 
6218 2006 2509 0.146018 -0.157853 -0.424435 0.0148355 0.0248941 -0.00415462 0.475798 0.0292758 
6219 1892 2208 0.530249 -0.322904 -0.855353 0.0728274 0.0746356 0.0169713 1.05691 0.105652 
6220 2368 2248 0.0831594 -0.451849 0.124699 -8.89096e-05 0.0126172 0.0457781 0.47606 0.0474851 
6221 2368 2111 0.168722 0.953813 -0.414389 0.0649553 -0.0424481 -0.071257 1.05354 0.10535 
6222 2368 2551 -0.617727 0.341676 -0.342407 -0.0456184 -0.0227669 0.0595805 0.784584 0.0784169 
6223 2368 2043 1.06878 -0.666635 -0.524077 -0.0358374 -0.0333181 -0.0307041 1.36431 0.0577681 
6224 2368 2652 0.0637201 -0.0366377 -0.614225 -0.0244022 0.0105761 -0.00316235 0.618607 0.0267829 
6225 2073 2011 -0.758653 -0.0195249 0.149998 0.0110329 -0.00616844 0.0549989 0.773586 0.0564327 
6226 2073 2254 0.376634 -0.492902 -0.351653 -0.0589448 -0.0203802 -0.034566 0.713068 0.0713068 
6227 2073 2551 0.439652 0.201658 -0.56464 0.0595408 -0.0229204 0.038175 0.743491 0.0743491 
6228 2073 2420 -0.929571 -1.07098 -0.985419 0.10223 0.0351708 -0.134661 1.72689 0.172689 
6229 2011 2512 -0.520915 -0.533322 -0.254438 0.0111763 0.0243993 -0.0740244 0.787733 0.0787391 
6230 2011 2395 -0.0899996 0.0695587 -0.437006 0.0140436 0.023655 0.000872974 0.451567 0.0275235 
6231 2439 2479 0.0456179 -0.023358 -0.525174 -0.0386962 0.00772007 -0.0037046 0.527669 0.0396323 
6232 2178 2456 -0.388539 -0.0182827 -0.185615 -0.0126296 -0.023778 0.0287791 0.430987 0.0394098 
6233 2178 2147 -0.103985 -0.394824 -0.169429 -0.0426421 0.00740789 0.00890825 0.442047 0.0441881 
6234 2178 2348 -0.111201 0.445063 -0.381447 -0.0105258 0.00321751 0.00682266 0.596614 0.0129497 
6235 2502 2456 0.255031 -0.071127 -0.0455677 0.00385865 -0.00308273 0.0264078 0.268657 0.0268657 
6236 2502 2563 -0.124786 -0.104986 -0.248005 -0.0269311 0.00478224 0.0115262 0.296817 0.0296817 
6237 1683 2321 0.581876 0.0888446 -0.463622 -0.020752 0.00571821 -0.0249494 0.749278 0.0329517 
6238 1683 2146 -0.425602 0.342481 -1.04139 -0.00189313 0.0426315 0.0147939 1.17598 0.0451651 
6239 2166 2271 -0.849688 -0.161463 -0.322305 -0.0308865 0.0689529 0.0468827 0.922995 0.0889183 
6240 2166 2075 0.698961 -0.0152359 -1.09723 -0.0150731 -0.076484 -0.00853992 1.30103 0.0784215 
6241 2166 2177 -0.188633 -0.904868 -0.796136 -0.0723814 0.0729378 -0.0657496 1.21992 0.121992 
6242 2271 2153 -0.887313 -0.799862 0.178017 0.0405368 -0.045232 -0.00118246 1.2078 0.06075 
6243 2271 2087 0.414297 0.568427 -0.391036 -0.0111906 0.0108285 0.00388448 0.804774 0.0160491 
6244 2271 2509 -0.246658 0.0395607 -0.327697 0.0261934 0.0271896 -0.0164334 0.412057 0.0411755 
6245 2271 2177 0.192952 -0.142786 -0.0764347 -0.00851393 0.00112379 -0.023592 0.251914 0.0251064 
6246 1923 1745 0.0448958 -0.386619 0.0340063 0.0385936 0.00473573 0.00288868 0.3907 0.0389902 
6247 1923 2043 -0.257279 0.0222226 -0.30633 0.0016247 0.040003 0.00153745 0.400655 0.0400655 
6248 2254 2505 0.0429918 -0.0272081 -0.0309854 0.00115645 0.00509219 -0.00286686 0.0595707 0.00595707 
6249 2254 2413 -0.715447 -0.271293 -1.2476 0.121466 0.0295313 -0.0760774 1.46355 0.146335 
6250 2512 1812 -0.854122 -0.171337 0.11101 0.00916506 0.0104891 0.0867065 0.878182 0.0878182 
6251 2512 2246 0.0798646 -0.0830015 -0.0010045 0.00413205 0.00385441 0.0100377 0.115189 0.0115189 
6252 2512 2046 -0.0225896 -0.0837312 0.0199655 -0.000384997 0.00209165 0.00833635 0.0889934 0.00860337 
6253 1812 2458 -0.196318 0.084125 -0.0336179 -0.00643079 -0.00734111 0.0191835 0.216212 0.0215233 
6254 1812 2313 -0.108201 -0.103528 -0.0308266 -0.00749126 0.00409871 0.012529 0.152891 0.0151622 
6255 1812 2404 0.189074 -0.176279 -0.558104 0.0572969 -0.00582256 0.0212501 0.615063 0.0613874 
6256 2458 2661 0.0967036 0.175713 -0.143504 3.30944e-05 -0.0155468 -0.0190139 0.246617 0.0245608 
6257 2456 2327 -0.0545076 -0.0727013 0.0343773 0.000833321 0.00361695 0.00897043 0.0971512 0.00970801 
6258 2566 2082 -0.504038 -0.258832 0.083779 -0.0100179 0.00126014 -0.0563774 0.572771 0.0572744 
6259 2566 2321 -0.497502 0.268158 -0.246385 -6.81934e-05 -0.0417823 -0.045337 0.616541 0.061654 
6260 2566 2563 0.187308 -0.0104903 -0.296929 0.0288661 -0.00763759 0.018479 0.351228 0.0351149 
6261 2082 2301 -0.476895 0.144552 -0.633746 0.0477744 0.0133874 -0.0328968 0.8062 0.0595299 
6262 2082 2537 0.185527 -0.0965057 -0.260331 0.0218906 -0.0141748 0.0208551 0.333925 0.0333925 
6263 2172 2065 -0.209372 0.205617 -0.523771 -0.00617125 0.0339588 0.0157981 0.600376 0.0379587 
6264 2172 2642 0.0623159 -0.272588 -0.418968 -0.0429473 0.0186663 -0.0185325 0.503708 0.0503622 
6265 2118 2065 0.218136 0.119257 -0.224185 -0.0249232 0.00439566 -0.0219125 0.33476 0.033476 
6266 2118 2487 -0.0175653 -0.159733 -0.0552721 0.00269909 0.00519349 -0.0158667 0.169936 0.0169118 
6267 2153 1745 -1.00453 -0.612862 0.394598 0.0611055 -0.034174 0.10248 1.24113 0.124113 
6268 2153 2352 0.58587 -0.284703 -0.676263 -0.0516245 -0.0175549 -0.0373335 0.938952 0.0660837 
6269 2153 2107 -0.466739 0.132499 -0.519656 0.00717625 0.069814 0.0113552 0.710945 0.0710945 
6270 1745 2272 -0.641221 -0.217279 -0.11043 -0.0206974 0.0649553 -0.00762313 0.68598 0.068598 
6271 1745 1794 0.554539 -0.739782 -0.0809325 0.0154209 0.0015756 0.0912602 0.928085 0.0925673 
6272 2248 2272 0.657157 -1.37413 0.0679498 -0.00312401 0.00549181 0.141272 1.5247 0.141414 
6273 2248 2541 -0.300548 -0.496591 -0.210369 -0.049041 0.0152407 0.0340866 0.617404 0.0616377 
6274 2248 2043 0.401212 0.303549 -0.425846 0.000985591 0.0530459 0.0387404 0.659134 0.0656936 
6275 2248 2505 -0.21286 -0.0242548 -0.667924 0.0661959 0.00891667 -0.0214197 0.701442 0.0701442 
6276 2406 2362 0.168329 -0.0865257 -0.444952 -0.00715806 0.046159 -0.0116841 0.483533 0.0481499 
6277 2246 2046 -1.0014 -0.23292 0.246413 0.0300418 -0.025828 0.0976734 1.05725 0.105403 
6278 2246 2420 0.486088 0.950805 -0.512681 -0.0919893 0.00702872 -0.0741826 1.18455 0.118383 
6279 2246 2625 0.0383814 -0.0929507 -0.0614551 0.00925097 -0.000945373 0.00720752 0.117855 0.0117653 
6280 2046 2407 0.423797 -0.516541 0.0182854 -0.0435616 -0.0369681 -0.0346882 0.668396 0.0668396 
6281 2046 2345 0.108199 -0.102106 -0.30388 -0.0317767 -0.0074974 -0.00879519 0.338342 0.0338131 
6282 2147 2096 -0.16482 -0.320599 0.0234495 0.0151025 -0.00682402 0.0128544 0.361247 0.0209735 
6283 2327 2482 -0.50654 -0.12389 -0.0628996 0.0102778 -0.0174093 -0.0484785 0.525251 0.0525251 
6284 2327 2459 -0.107952 -0.0685508 -0.279693 -0.0068154 0.00814852 0.000633369 0.30754 0.0106419 
6285 2482 2459 0.116562 0.00246436 -0.150074 0.0106675 0.013231 0.00850267 0.19004 0.019004 
6286 2482 2537 -0.43412 0.113927 -0.425474 -0.0407153 0.0123177 0.0448409 0.61844 0.0618075 
6287 2553 1951 -0.0585672 0.0380749 0.0309726 0.00488235 0.00488503 0.00322699 0.0764141 0.00762328 
6288 2553 2537 0.210153 0.169397 -0.096787 -0.013267 0.0228101 0.0111159 0.286753 0.0286335 
6289 2553 2135 -0.512452 -0.163155 -0.0973235 -0.0178861 0.0508717 0.00889583 0.546533 0.0546533 
6290 2553 2473 -0.130294 0.0635999 -0.262455 -0.00884999 0.0251779 0.0104948 0.29984 0.0286773 
6291 1951 2133 -0.129973 -0.0419682 -0.0239213 -0.000516283 0.00800243 -0.0112345 0.13866 0.0138029 
6292 1951 2301 0.0389088 0.0619525 -0.0827835 -0.00908069 0.00627754 0.000429925 0.110477 0.0110477 
6293 2133 2642 0.266227 0.456441 -0.572132 0.0181582 -0.0470356 -0.029075 0.778813 0.0582016 
6294 2133 2487 -0.752952 0.147517 -0.366291 0.0366839 -0.00288346 -0.0765691 0.850215 0.0849521 
6295 2133 2135 0.61769 -0.398373 -0.33126 0.0353735 0.0337287 0.0253978 0.80621 0.0550814 
6296 2133 2397 -0.0288409 -0.175765 -0.0668045 0.0101977 0.0042162 -0.0154955 0.190231 0.0190231 
6297 2148 1705 -0.369097 -0.580728 0.002943 0.0217533 -0.0135024 0.0638388 0.688103 0.0687816 
6298 2148 2177 -0.403702 0.917662 -0.66521 -0.0180398 -0.0749017 -0.0923795 1.20316 0.12029 
6299 2148 2487 0.582787 -0.124079 -0.41091 -0.0394444 0.0118452 -0.0595202 0.723798 0.0723798 
6300 2148 2601 -0.154647 -0.141395 -0.342638 0.00228838 -0.0373986 0.0144002 0.401633 0.0401405 
6301 2272 1738 0.528414 -0.705692 -0.0748251 0.0247215 0.02705 -0.0805317 0.884772 0.0884772 
6302 2272 2108 0.227791 0.291825 -0.666862 0.0303244 0.0393369 0.0275726 0.762729 0.0568085 
6303 2541 2600 0.381598 -0.285944 -0.62711 0.0431124 -0.0457522 0.0470957 0.787812 0.078549 
6304 2541 2362 -0.169365 0.0446144 -0.228256 0.0221082 -0.00496526 -0.0173747 0.287708 0.0285535 
6305 2407 2140 -0.136352 -0.0898761 -0.0794048 0.0118886 -0.0117116 -0.00715884 0.18159 0.018159 
6306 2407 2480 0.186631 -0.365677 -0.244575 -0.00394753 0.00382438 -0.00873033 0.477879 0.0103164 
6307 2096 2475 0.0852517 -0.311933 0.11471 -0.00385686 -0.0126909 -0.0316441 0.343116 0.0343116 
6308 2117 2612 -0.323226 -0.162722 -0.0481356 -0.0057491 0.0146809 -0.0110241 0.365062 0.0192383 
6309 2117 2459 -0.0259231 0.161542 -0.140799 -0.0193103 -0.00787784 -0.00548315 0.215853 0.0215642 
6310 2165 1786 -0.482366 -0.649112 0.468981 -0.0537103 0.0066003 -0.0461078 0.934861 0.0710935 
6311 2165 2487 0.166104 0.347289 -0.0973249 -0.0280469 0.00570095 -0.0275244 0.39708 0.039708 
6312 2165 2602 0.0325534 -0.180206 -0.181985 0.022504 -0.00674533 0.0107049 0.258171 0.0258171 
6313 2165 2611 0.0109799 0.0889925 -0.297438 -0.0195051 -0.0157409 -0.00542965 0.310659 0.0256458 
6314 1705 1786 0.272484 -0.599724 0.116924 -0.0182702 -0.0202079 -0.0610724 0.66902 0.066873 
6315 1705 2601 0.108967 0.35415 -0.617286 0.0188731 0.0587116 0.0370157 0.719957 0.0719264 
6316 1705 2481 -0.175119 0.0555118 -0.125543 -0.00983584 -0.0190147 0.00531215 0.222507 0.0220572 
6317 1705 2005 -0.105456 -0.28689 -0.411023 -0.00449517 -0.0412916 0.0299744 0.512217 0.0512217 
6318 1794 1738 -1.13612 -0.385461 -0.192402 -0.0272477 0.106273 -0.052013 1.21506 0.121416 
6319 1794 2466 -0.282584 0.806831 -1.29213 0.00131855 0.131514 0.0818311 1.54934 0.1549 
6320 1794 2481 0.528683 0.0212708 -0.502444 -0.0170794 0.0691487 -0.015044 0.729663 0.0727982 
6321 1794 2526 -0.127715 -0.426239 -0.724947 -0.0478582 0.0637549 -0.0290541 0.850611 0.0848483 
6322 1738 2349 -0.0347991 0.0653678 -0.341713 0.0204738 -0.02723 -0.00729393 0.349645 0.0348403 
6323 1738 2151 -0.541304 -0.142936 -0.296277 0.0268372 -0.05218 -0.0238583 0.63342 0.063342 
6324 1738 2048 -0.00801444 -0.239713 -0.19842 -0.000646185 0.0178192 -0.0215015 0.311283 0.0279331 
6325 2042 2151 0.207267 -0.0369585 -0.116761 -0.0119054 -0.0114641 -0.0175049 0.240746 0.0240746 
6326 2042 2640 -0.131089 0.0457407 -0.160405 -0.0066799 0.0171791 0.0103578 0.212146 0.021143 
6327 2042 2569 0.0607836 -0.361807 -0.217029 0.0181592 0.0220356 -0.0316494 0.426264 0.0426264 
6328 2653 2490 0.00617153 -0.0277737 -0.0137281 0.00299159 0.000241001 0.000857305 0.03159 0.00312132 
6329 2653 2480 -0.204751 -0.140069 -0.131972 -0.0191445 0.0149847 0.0137981 0.280996 0.0279543 
6330 2653 2625 -0.261725 0.256682 -0.403006 -0.0109171 0.0411608 0.033306 0.544793 0.0540619 
6331 2653 2640 0.169334 0.0060348 -0.398906 -0.0281582 0.0305961 -0.0114901 0.433401 0.0431396 
6332 2612 2332 -0.0190742 -0.253219 0.00348388 0.0146127 -0.000815173 0.0207549 0.253961 0.0253961 
6333 2399 2492 -0.0963842 -0.275616 -0.156848 -0.0164434 0.0183609 -0.0221595 0.331444 0.0331444 
6334 2174 2135 0.035446 0.512144 -0.285754 -0.055625 0.00469797 0.00152004 0.587541 0.0558437 
6335 2174 2251 -0.240457 -0.188264 -0.163068 -0.0047806 0.0257334 -0.02266 0.346199 0.0346199 
6336 2236 2397 0.169074 0.157255 -0.0961862 0.00702409 0.00657119 0.0230901 0.250134 0.0250134 
6337 2236 2602 -0.158852 0.0696247 -0.419034 0.00558397 0.0446808 0.00530711 0.453509 0.04534 
6338 1786 1913 -0.756139 -0.4468 -0.38906 0.0141232 0.000457235 -0.0279735 0.960596 0.03134 
6339 1786 2393 0.0553662 -0.277371 -0.275164 -0.013049 0.0248642 -0.0276891 0.394608 0.0394359 
6340 1942 2481 0.0453707 0.53347 -0.426855 -0.0485981 0.0145101 0.0129687 0.684729 0.0523498 
6341 1992 2192 0.0877222 -0.0384359 -0.108663 -0.0111234 -0.00640075 -0.00671574 0.144845 0.0144845 
6342 2490 2480 -0.181949 0.0749678 -0.00690841 0.00637202 0.0143968 -0.011593 0.19691 0.0195517 
6343 2490 2227 -0.0719671 -0.110403 0.0620167 0.0116337 -0.00294749 0.00825306 0.145651 0.0145651 
6344 2480 2554 -0.299676 -0.344064 0.143754 0.015225 0.00550541 0.0449156 0.478384 0.0477443 
6345 2332 2106 -0.146692 -0.122504 0.0264678 -0.0122826 0.0148623 0.000715362 0.192942 0.0192942 
6346 1913 2209 -0.866054 -0.824172 0.156465 -0.0401398 0.0585306 0.086128 1.20573 0.111602 
6347 1913 2005 0.103296 0.47583 -0.339714 -0.00866565 0.0353626 0.0468966 0.593708 0.0593708 
6348 1913 2192 -0.227806 0.0396539 -0.0924898 0.00666595 0.0165993 -0.00930175 0.249043 0.0201617 
6349 1863 2167 -0.630587 -0.0524902 -0.0789033 -0.00807883 0.00215065 0.0631345 0.637668 0.0636856 
6350 1863 2048 0.0142149 0.31428 -0.138851 0.0335522 -0.0037848 -0.00513171 0.34388 0.0341528 
6351 1863 2035 0.185018 -0.108151 -0.137502 0.00253955 -0.0178086 0.0174243 0.254627 0.0250439 
6352 2371 2167 0.0451994 -0.000669769 -0.00755141 0.00026367 -0.00414126 0.00194552 0.0458308 0.00458308 
6353 2371 2198 -0.150596 -0.145105 -0.00141524 0.00686308 -0.00730025 0.0181928 0.209133 0.0207695 
6354 2371 2569 0.356574 0.631237 -0.227388 0.0216319 -0.0351914 -0.0637709 0.759809 0.0759809 
6355 2106 2492 -0.107264 0.0988997 -0.055353 0.00501568 -0.00269204 -0.0145293 0.156047 0.0156047 
6356 2606 2098 -0.00714088 -0.119938 -0.034945 8.86665e-05 -0.00349068 0.0119626 0.125129 0.0124618 
6357 2606 2492 0.231932 0.121555 -0.157977 -0.0199075 0.0153506 -0.0174155 0.305818 0.0305818 
6358 2074 2124 -0.0801801 -0.0106189 -0.0115039 -0.000117275 -0.00557868 0.00596692 0.0816942 0.00816942 
6359 2074 2098 0.00814259 -0.00481703 -0.000762863 9.58298e-05 1.83049e-05 0.000907276 0.00949145 0.000912507 
6360 2074 1325 -0.136867 -0.534887 0.0692632 -0.0509799 0.0105192 -0.019504 0.556448 0.0555878 
6361 2074 2251 0.113041 0.464678 -0.183231 -0.0285597 -0.00939245 -0.0414388 0.51213 0.0511962 
6362 2124 2393 -0.148513 0.257906 -0.0616313 0.0111264 -0.000351059 -0.0282804 0.303924 0.0303924 
6363 2209 2289 0.661738 -1.35101 0.221652 -0.0361213 -0.0320742 -0.0876593 1.52061 0.100088 
6364 2209 2192 -0.12181 0.522553 -0.310735 0.0304907 -0.0221666 -0.0492292 0.620045 0.0620045 
6365 2167 2173 -0.0880408 -0.153795 0.0922505 -0.0126312 -0.00197773 -0.015352 0.199785 0.0199785 
6366 2167 2569 -0.076457 0.125037 -0.0198932 -0.00968602 -0.00727311 -0.00848765 0.147905 0.0147905 
6367 2311 1534 0.130191 -0.217551 0.341029 0.0191883 -0.000909816 -0.00790574 0.424946 0.0207731 
6368 2311 2647 -0.0854011 0.131563 -0.0878882 0.0145339 0.0104703 0.00155074 0.179796 0.0179796 
6369 2289 2647 0.0335079 0.0249851 -0.036124 0.00380679 0.000614444 0.00395608 0.0552447 0.00552447 
6370 1900 2581 -6.99083 -1.45443 -3.71037 -0.391649 0.151078 0.678696 8.04698 0.798024 
6371 2476 2333 0.541647 -0.11185 0.0155851 0.00190519 0.0165713 0.0527138 0.553294 0.05529 
6372 2324 2129 -0.0799147 -0.293134 -0.0841733 0.0121756 0.0048979 -0.0286166 0.315276 0.0314824 
6373 1926 2447 -0.0300527 -0.168518 -0.0858615 0.00571605 0.007461 -0.0166442 0.191504 0.0191146 
6374 2488 2411 0.00857892 -0.0073774 0.00459775 0.000285924 -0.000370553 -0.00112808 0.0122132 0.00122132 
6375 2333 2664 0.142553 -0.211092 -0.0581851 0.0175463 0.015166 -0.0120328 0.261279 0.0261279 
6376 2129 2461 -0.277343 -0.247996 -0.121011 -0.018094 0.0292833 -0.0185431 0.391235 0.0390992 
6377 2643 2560 -0.157127 0.0606881 0.0315217 -0.00519974 -0.00547192 -0.0153843 0.171364 0.0171364 
6378 2643 2461 0.371488 -0.173085 -0.10686 0.000547523 0.0229969 -0.0353456 0.423534 0.0421719 
6379 2560 2449 -0.26118 -0.385108 0.0330873 0.0309935 -0.0184836 0.0295182 0.466496 0.0466215 
6380 2450 2667 -0.728797 -0.29397 -0.0708499 -0.00497511 -0.00644279 0.0779089 0.78904 0.078333 
6381 2078 2568 -0.730073 -0.0950182 -0.150381 0.0150524 0.000852055 -0.0736151 0.751431 0.0751431 
6382 2078 2361 0.120916 -0.220574 -0.0883842 -0.00393951 0.00791886 -0.025152 0.266618 0.0266618 
6383 2449 2583 -0.493563 -0.16746 -0.15076 0.0189844 -0.0114976 -0.0493807 0.542564 0.0541392 
6384 2449 2447 -0.136888 0.214447 -0.157379 0.00689401 -0.0142346 -0.0253927 0.299155 0.0299155 
6385 2583 2507 0.0852759 -0.35992 -0.297869 0.0465931 0.00432861 0.00810866 0.474911 0.0474911 
6386 2603 2532 0.0147067 -0.0240671 0.0149555 -0.00280789 -0.00101166 0.00113317 0.0319246 0.00319246 
6387 2667 2451 -0.0853906 -0.0884712 -0.149895 0.00537704 -0.0172204 0.00710068 0.193874 0.0193874 
6388 2391 2575 0.285144 -0.290161 -0.156688 0.0234553 0.00339937 0.0363895 0.435949 0.043427 
6389 2391 2361 -0.316959 -0.0586858 -0.406896 0.0382668 -0.0226445 -0.0265426 0.519106 0.0517845 
6390 2483 2548 -0.100806 -0.0051303 -0.0942935 -0.00542665 -0.0107249 0.00638498 0.138128 0.0136103 
6391 2483 2396 -0.18738 -0.592901 -0.183679 -0.0376967 0.0261132 -0.0458351 0.648368 0.0648368 
6392 2375 2398 -0.491916 0.180929 0.0688874 0.000760025 -0.00111393 0.00835291 0.528642 0.00846106 
6393 2375 2568 0.22616 0.218565 -0.15132 -0.0177543 -0.00236804 -0.0299557 0.349022 0.0349022 
6394 2375 2548 0.149681 -0.0868203 -0.310867 -0.0163857 -0.0314319 0.000888845 0.355781 0.0354576 
6395 2398 2461 0.321955 0.293383 -0.284919 0.0257778 0.013568 0.0430997 0.520488 0.0520209 
6396 2366 2388 0.0400206 -0.197626 0.0773318 -0.00167883 0.00755 0.0201633 0.215958 0.0215958 
6397 2532 2047 -0.122465 -0.714098 0.0927187 0.0666058 -0.0147212 -0.025405 0.730432 0.0727905 
6398 2372 2575 -0.400966 0.182006 -0.150286 -0.0143216 0.00478838 0.0440094 0.465281 0.0465281 
6399 2372 2470 0.0256802 -0.19273 -0.128481 -0.0131968 0.00940621 -0.0167476 0.233048 0.0233048 
6400 2575 2500 -0.0153905 -0.00489508 -0.000180682 0.00032136 -0.00096404 -0.00125537 0.0161512 0.00161512 
6401 2500 2432 -0.0994447 -0.00303892 -0.118342 -0.00849061 0.0109532 0.0068535 0.154607 0.0154607 
6402 2388 2419 0.582055 0.198662 -0.423481 -0.0163274 0.0716352 0.011164 0.74672 0.0743156 
6403 2388 2347 -0.135561 -0.322551 -0.277415 -0.0287895 0.0283916 -0.0189427 0.446514 0.0446514 
6404 2494 2507 -0.416281 0.432047 -0.293879 -0.0521568 -0.0361904 0.0206751 0.668071 0.0667648 
6405 2494 2347 0.606835 -0.338603 -0.190424 -0.0127798 -0.0507536 0.0495214 0.720529 0.0720529 
6406 2524 2219 -0.829838 -0.766248 -0.922411 -0.0410076 -0.086212 0.108509 1.45829 0.144528 
6407 2219 2047 -0.204534 -0.0887403 0.183459 -0.016459 0.0219882 -0.00771387 0.288732 0.0285286 
6408 2219 2555 -0.173186 -0.307524 -0.230045 0.0266265 -0.027139 0.016234 0.42129 0.0413406 
6409 2325 2474 -0.457991 -0.287026 -0.384344 -0.0069269 -0.048547 0.0445089 0.663219 0.0662256 
6410 2325 2346 0.0249106 0.0638121 -0.0736993 0.00939854 -0.00359223 6.64244e-05 0.100619 0.0100619 
6411 2364 2387 0.163754 -0.176588 -0.097666 0.0033774 0.0147986 -0.0210942 0.25988 0.025988 
6412 2062 2338 0.41192 -0.271949 -0.0947148 -0.0286172 -0.0373148 -0.0173182 0.502598 0.0501125 
6413 2062 2396 -0.697442 0.458758 -0.793053 0.0581463 -0.0544595 -0.0826394 1.15144 0.114787 
6414 2062 2580 -0.125622 -0.306238 -0.504958 0.0503159 0.0214782 -0.0255432 0.603776 0.0603776 
6415 2293 2650 0.278878 0.246157 -0.372576 -0.00843503 -0.0400764 -0.0327918 0.526478 0.0524649 
6416 2315 2086 1.00369 -0.748172 -0.289758 0.0544386 0.0453883 0.0713746 1.28496 0.100588 
6417 2315 2495 -0.209488 0.0643267 -0.469729 0.0471835 0.00552102 -0.0202866 0.518333 0.0516557 
6418 2047 2623 -0.163075 -0.446464 -0.263926 0.00288632 0.0268424 -0.0471906 0.543673 0.0543673 
6419 2047 2508 -0.121365 0.0674345 -0.189406 -0.00167526 -0.0221825 -0.00682422 0.234844 0.0232689 
6420 2474 2245 -0.632298 -0.365529 0.438989 0.0516991 -0.00994455 0.0661843 0.852129 0.0845698 
6421 2453 2470 -0.0365112 0.0330645 -0.0102609 0.000176139 -0.00131192 -0.00485427 0.0503151 0.00503151 
6422 2338 2463 0.107192 -0.325392 -0.169077 0.0363938 0.00728311 0.00905651 0.382043 0.0382043 
6423 2504 2080 0.205347 -0.162359 0.0931912 -0.0121768 -0.00107787 0.0249538 0.277872 0.0277872 
6424 2504 2152 -0.762811 -0.949074 0.163576 0.0710491 -0.0695449 -0.0721757 1.22857 0.122857 
6425 2504 2514 -0.259901 -0.143869 -0.342936 0.0317772 -0.0302767 -0.0113813 0.453709 0.0453431 
6426 2504 2528 0.10701 0.141747 -0.289699 0.0287338 0.00967207 0.0153462 0.339807 0.0339807 
6427 2591 2152 0.480911 -0.451427 0.17916 0.0139224 0.00622886 -0.0216765 0.683491 0.0265048 
6428 2591 2614 0.0537525 0.272254 -0.176934 -0.0132546 -0.014532 -0.0263876 0.329116 0.0329116 
6429 2591 2514 0.0114671 -0.00312845 -0.00956331 -0.000910308 -0.000940318 -0.000783919 0.0152558 0.00152558 
6430 2591 2310 -0.00389565 -0.258727 -0.1072 -0.0157195 0.00907488 -0.021331 0.280084 0.0280084 
6431 2086 2022 1.00263 -1.0012 0.36231 -0.0385865 -0.0805504 -0.11581 1.46251 0.146251 
6432 2086 2431 -0.0726473 -0.182904 -0.224041 -0.028688 0.00698078 0.00360332 0.298205 0.0297442 
6433 2623 2161 0.287285 -0.451002 0.340203 0.0519047 0.0345828 0.00201488 0.633777 0.062403 
6434 2623 2454 -0.349992 -0.492472 0.211972 0.0507058 -0.022819 0.0307066 0.640277 0.0635191 
6435 2623 2555 0.536608 0.358115 -0.625326 0.0639621 -0.0575566 0.0219256 0.898458 0.0887955 
6436 2379 2030 -0.221675 -0.0121614 0.0937791 0.00746075 -0.0169345 0.0154397 0.241003 0.0241003 
6437 2379 2438 0.177173 -0.276958 0.123319 -0.0149695 0.00442894 0.0314537 0.351146 0.0351146 
6438 2379 2590 0.226509 -0.104149 -0.147162 -0.0172418 -0.0191702 -0.0129711 0.2895 0.0288622 
6439 2379 2645 -0.121428 -0.0317492 -0.091538 0.00933352 -0.000265168 -0.0122892 0.155345 0.0154341 
6440 2463 2030 0.514958 -0.235791 0.42997 0.025826 -0.0399615 -0.0528453 0.711093 0.0711093 
6441 2463 2452 -0.246351 0.110995 -0.25723 0.00506422 -0.0318107 -0.0185764 0.373063 0.037184 
6442 2080 2580 0.0944013 0.181875 -0.165815 0.0177711 -0.0173236 -0.00888406 0.2636 0.02636 
6443 2080 2572 -0.370426 -0.27919 -0.501461 0.0521735 0.00849081 -0.0432675 0.6831 0.06831 
6444 2080 2559 0.0521398 -0.0563737 -0.052581 0.00733453 0.0055819 0.00128845 0.0930662 0.00930662 
6445 2152 2064 0.087851 -1.11628 -0.24524 -0.111897 -0.0134079 0.0209459 1.14628 0.114628 
6446 2152 2572 0.216186 -0.0583038 -0.140628 -0.0151939 -0.00747871 -0.0202566 0.264409 0.026403 
6447 2152 2310 -0.287766 -0.105591 -0.25863 0.0251857 -0.0257984 -0.0174903 0.401059 0.0400723 
6448 2022 2162 -0.801371 -0.482563 -0.178728 0.00560366 -0.0118669 0.00691504 0.952369 0.0148338 
6449 2022 2310 0.288611 -0.119704 -0.670731 -0.0649468 0.0170197 -0.0309836 0.739936 0.0739442 
6450 2445 2558 -1.06354 0.36151 -1.41028 0.117304 -0.0821641 -0.109525 1.80297 0.180297 
6451 2161 2269 0.285002 -0.449041 -0.261926 0.0460016 0.00787174 0.0365592 0.592848 0.0592848 
6452 2161 2377 -0.074081 -0.0621114 -0.394112 0.00330076 0.0395656 -0.00685591 0.405796 0.0402906 
6453 2454 2519 -0.312751 -1.21418 -0.719194 0.0111821 0.0713006 -0.125236 1.44544 0.144544 
6454 2019 2373 2.03151 -0.366152 -1.87175 0.14295 0.208815 0.114303 2.78649 0.277675 
6455 2323 2590 -0.222916 -0.0614649 -0.105889 -0.00762971 0.0236991 0.00230545 0.254326 0.0250035 
6456 2030 2462 -0.123203 -0.141495 -0.0524788 -0.0150084 0.0107785 0.00617336 0.194817 0.0194817 
6457 2030 2645 0.059909 -0.0667539 -0.424322 0.00113948 0.00718542 -0.000969522 0.433698 0.00733952 
6458 2626 2064 -1.03896 -0.491623 -0.849492 0.0355973 -0.0600874 -0.00876272 1.42926 0.0703879 
6459 2626 2032 0.341369 -0.353934 -0.30836 0.04571 0.0337409 0.0118754 0.580421 0.0580421 
6460 2626 2572 0.000313313 0.00911996 -0.0203245 -0.00210804 0.00043939 0.000164665 0.0222791 0.00215963 
6461 2064 2210 -0.420029 -1.25849 0.324162 0.127879 -0.0460486 -0.0130773 1.36576 0.136545 
6462 2064 2389 -1.06077 -0.376821 -0.692927 -0.0466116 0.0997714 0.0170987 1.32188 0.111442 
6463 2064 2421 0.0982482 -0.194629 -0.111983 0.0192366 0.000990276 0.0151561 0.245098 0.0245098 
6464 2064 2203 0.0039016 0.0689029 -0.158253 0.0111285 0.0119995 0.00549891 0.172647 0.0172647 
6465 2162 2101 -0.307039 -0.43215 0.0224496 0.0424837 -0.0306265 -0.00851226 0.530595 0.0530595 
6466 2162 2431 -0.0821674 0.541354 -0.760038 0.0734483 0.0234592 0.00876884 0.936736 0.0776008 
6467 2162 2467 -0.460565 -0.0354534 -0.322696 0.0240628 -0.040859 -0.0298544 0.56348 0.0560335 
6468 2162 2331 0.283268 -0.573347 -1.0035 -0.0261036 0.0680941 -0.046274 1.18995 0.0863683 
6469 2269 2467 0.108335 -0.00786816 -0.0596586 -0.0055954 -0.00554654 -0.00942925 0.123925 0.0122875 
6470 2578 2130 -0.248273 -0.369597 0.270103 0.0303998 0.00963402 0.0411255 0.520766 0.0520411 
6471 2438 2442 -0.154614 -0.0173803 -0.0492398 -0.00505828 0.00185583 0.0152281 0.163194 0.0161531 
6472 2438 2496 -0.155222 -0.650252 -0.236406 -0.0477583 0.00748857 0.0107597 0.709091 0.0495248 
6473 2438 2590 0.112068 0.173015 -0.346669 -0.00991814 0.0232093 0.008377 0.403328 0.0265935 
6474 2462 2360 0.00977204 -0.0545581 -0.0628735 0.00809018 0.00189142 -0.000383859 0.0838162 0.0083172 
6475 2032 2217 -0.461526 -0.444346 0.31307 -0.0160591 -0.028001 -0.0634167 0.713065 0.0711592 
6476 2032 2444 0.28208 -0.024669 -0.104216 0.00151481 -0.028147 0.0107628 0.301726 0.0301726 
6477 2032 2196 0.0027796 -0.025943 -0.00870513 0.000230484 -0.000849687 0.00260584 0.0275054 0.00275054 
6478 2032 2552 -0.00813807 0.139143 -0.333611 -0.0127118 -0.00213152 -0.000578927 0.361557 0.0129023 
6479 1793 2389 0.0401458 -0.0843671 -0.412148 -0.0371808 0.017351 -0.00717341 0.422605 0.0416525 
6480 2101 2426 0.134067 -0.207361 -0.290421 0.00792911 0.0142828 -0.00653762 0.381204 0.0175957 
6481 2024 2519 -0.144698 0.0889561 -0.0844767 0.00334077 0.0145792 0.00962998 0.189702 0.0177891 
6482 2102 2130 -0.323784 0.0593094 0.121929 0.0135275 0.013161 0.0295207 0.351028 0.0350383 
6483 2102 2408 0.154258 -0.144457 -0.109523 -0.0023618 -0.0157312 0.0174225 0.23803 0.0235922 
6484 2656 2498 -0.103401 0.0695466 -0.0623732 -0.00343271 0.00577167 0.0121262 0.139352 0.0138614 
6485 2425 2496 -0.491049 0.103423 -0.0361366 0.00185025 -0.0084856 -0.0494283 0.503122 0.0501855 
6486 2425 2610 0.0275011 -0.21642 0.0186042 -0.0145242 -0.00322533 -0.0160497 0.218952 0.0218849 
6487 2425 2498 0.0312984 0.0787222 -0.0500529 -0.000348644 0.00533802 0.00817752 0.0983974 0.00977179 
6488 2496 2529 -0.360498 -0.0315798 -0.283858 0.0166923 -0.0248678 -0.0184325 0.459926 0.0351681 
6489 2496 2545 0.0774518 -0.235971 -0.0918379 -0.0212625 -0.0112761 0.0110412 0.264793 0.0264793 
6490 2585 2110 -0.45689 -0.250592 -0.147825 -0.0223263 0.0125514 0.0477281 0.541661 0.0541661 
6491 2585 2392 0.0495974 -0.0996146 -0.025935 -0.00883959 -0.00559688 0.00459266 0.114261 0.0114261 
6492 2585 2360 -0.143952 0.0895875 -0.337386 -0.0331293 0.00799387 0.0162579 0.377594 0.0377594 
6493 2110 2239 -0.219421 0.114504 0.111289 -0.00372401 -0.0220618 0.0153567 0.271371 0.0271371 
6494 2110 2493 -0.0999605 0.0529177 -0.24715 -0.00736459 0.0247959 0.00828774 0.2718 0.0271618 
6495 2110 2484 -0.37442 -0.35306 -0.235316 0.00706249 0.0256596 -0.0497362 0.565876 0.0564091 
6496 2239 2196 -0.3603 -0.144315 -0.659164 0.050243 0.0441131 -0.0371209 0.764944 0.0764741 
6497 2217 2639 -0.315991 -0.836757 -0.538282 -0.0388628 0.0107566 0.00609279 1.04392 0.0407816 
6498 2217 2421 -0.140482 0.0499292 -0.504657 0.00632013 0.0519768 0.00338308 0.52622 0.0524688 
6499 2210 2421 0.0828234 0.014891 -0.0811685 -0.00120495 -0.0111584 -0.00327662 0.116918 0.0116918 
6500 2210 2276 -0.292758 -0.7162 -0.779885 -0.03614 -0.0323363 0.0432621 1.09858 0.0649873 
6501 2057 2279 -0.016798 -0.490501 -0.0345952 0.0476125 -0.000767142 -0.0122419 0.492007 0.0491671 
6502 2057 2389 0.279473 0.275587 -0.274654 -0.0147687 0.0384939 0.0235968 0.47905 0.0475048 
6503 2057 2426 0.0106039 0.00162049 0.00588202 0.000606094 -0.000414987 -0.000978321 -0.0122339 0.00122339 
6504 2570 2181 0.348692 -0.172874 0.0551388 0.0179446 0.0339373 -0.00707788 0.39308 0.0390364 
6505 2570 2542 -0.330298 0.413362 -0.374299 -0.0166439 -0.0488277 -0.0392362 0.648124 0.0648124 
6506 2570 2329 0.359182 -0.206915 -1.07547 -0.0475878 -0.104672 0.00424515 1.15258 0.11506 
6507 2220 2316 -0.558735 -0.317527 0.156829 0.00482947 0.0214223 0.0605792 0.661516 0.0644366 
6508 2220 2085 0.699439 -0.251767 -0.601079 -0.0355701 0.0485934 -0.0617446 0.95598 0.0862493 
6509 2392 2529 0.0420335 0.262341 -0.218697 -0.0335646 0.00682912 0.00174085 0.344119 0.0342965 
6510 2392 2486 -0.107784 -0.156042 -0.462843 -0.0195049 0.0205753 -0.00239454 0.50019 0.028452 
6511 1984 2196 0.0310778 0.172811 -0.165449 -0.00938287 -0.0144668 -0.016873 0.241252 0.0241252 
6512 1984 2484 0.34005 -0.0641616 -0.296011 -0.00193657 0.0416926 -0.0112617 0.455382 0.0432302 
6513 1984 2137 -0.0339961 -0.819679 -0.579549 0.0502542 -0.0187824 0.0236168 1.00444 0.0586175 
6514 2639 2665 -0.374761 -0.539335 -0.197386 0.0521148 -0.0417849 0.0152263 0.685776 0.0685111 
6515 2155 2279 -0.704804 0.0463005 -0.43284 0.0110675 0.0247014 -0.0153791 0.828397 0.0311314 
6516 2155 1769 0.0459324 -0.699295 0.0273289 -0.0187066 -0.00253441 -0.0334103 0.701335 0.0383746 
6517 2279 1889 -0.50706 -0.715517 0.317156 -0.00444363 0.0402786 0.0837659 0.932557 0.0930529 
6518 2279 2276 0.149545 0.0501863 -0.0797918 0.00264677 0.0121261 0.0125875 0.176774 0.0176774 
6519 2279 2128 -0.063234 -0.00962116 -0.0309846 0.00204414 0.00408935 -0.00544152 0.0710714 0.00710714 
6520 2279 2188 -0.0558454 -0.289222 -0.213386 0.0354811 -0.00655086 -0.000406769 0.363733 0.0360831 
6521 2279 2412 -0.0131817 0.167524 -0.307807 0.00854582 0.0300262 0.0159758 0.350689 0.0350689 
6522 2181 2426 0.232992 0.331653 -0.521923 0.0536682 0.0163035 0.034318 0.66082 0.0657556 
6523 2181 2128 0.367779 -0.619815 -1.01477 -0.118492 -0.0235446 -0.0285638 1.24467 0.12414 
6524 2633 2429 -0.19603 -0.28461 -0.529839 0.0533714 -0.0335499 -0.0017246 0.632582 0.0630641 
6525 2025 2638 0.0218129 0.422388 -0.638605 -0.032185 0.058233 0.0374174 0.765966 0.0763349 
6526 2025 2429 0.0469731 -0.0280996 -0.0432688 -0.00205933 0.00430816 -0.00503343 0.0697729 0.00693805 
6527 2316 2408 -0.203465 0.241688 -0.499987 -0.0424587 -0.0395999 -0.00186402 0.591437 0.0580893 
6528 2316 2540 -0.353195 -0.543182 -0.663387 -0.0754994 -0.0142993 0.051905 0.927294 0.0927294 
6529 2291 2448 -0.0426792 -0.204618 -0.0420772 0.0202418 -0.00363983 -0.0028312 0.213215 0.0207604 
6530 2291 2408 0.413675 0.228535 -0.297291 0.0353218 -0.0383622 0.0196597 0.558334 0.0557297 
6531 2291 2540 0.191024 -0.158752 -0.109203 -0.0179752 -0.0202206 -0.00204785 0.271326 0.0271326 
6532 2072 2079 -0.135586 -0.22524 0.109112 -0.0110238 0.0165155 0.0203944 0.284643 0.0284643 
6533 2610 2545 -0.0329124 0.012319 -0.0204861 0.00226339 0.000914706 -0.00308625 0.0406776 0.00393505 
6534 2610 2587 -0.0969641 -0.213431 -0.174009 0.0151914 0.0112411 -0.0222531 0.291948 0.0291948 
6535 2374 2668 -0.173345 -0.0331546 -0.000158092 -0.000494605 0.00250272 0.0174634 0.176488 0.0176488 
6536 1925 2255 -2.03933 -0.711936 -0.190004 -0.0248394 0.0461297 0.0937588 2.16837 0.107404 
6537 1925 2668 0.359828 -0.25831 -0.268223 0.0205316 -0.00135364 0.0288473 0.517827 0.0354337 
6538 1925 2550 -0.0562312 -0.0523908 -0.526146 0.0206718 0.0432746 -0.00651832 0.53173 0.0483994 
6539 2255 2031 -0.537202 -0.873164 -0.240957 0.0515339 -0.0147384 -0.0614842 1.05312 0.0815676 
6540 2255 2484 -0.00447216 0.490746 -0.464788 -0.018398 -0.0448132 -0.047139 0.675928 0.0675928 
6541 2255 2137 -1.13504 0.0733603 -0.886149 -0.0354067 0.0489559 0.0494041 1.44186 0.0780454 
6542 2255 2422 0.164288 -0.296324 -0.338354 0.0390793 0.0272365 -0.00487831 0.478834 0.0478834 
6543 1889 2635 -0.417774 -1.0588 0.0666398 -0.029774 0.00894027 -0.0446112 1.14019 0.0543744 
6544 1889 2669 -0.434795 -0.040902 -0.180948 -0.00652667 -0.0396845 0.0246532 0.472718 0.0471725 
6545 2448 2405 -0.469578 -0.715478 0.108823 -0.0271512 0.0293317 0.0756876 0.862702 0.085593 
6546 2448 2540 0.80328 0.332773 -0.182237 -0.0306561 0.0820684 0.0147322 0.888373 0.0888373 
6547 2448 2530 0.0331817 -0.0435033 -0.0344231 -0.00514926 -0.00355242 -0.000474063 0.0646414 0.0062737 
6548 2079 2405 0.728777 -0.511968 -0.246461 0.0387332 0.0740897 -0.0393721 0.924106 0.0924106 
6549 2460 2282 -0.13945 -0.0570254 -0.0207982 0.000223587 -0.00569019 0.0141024 0.152088 0.0152088 
6550 2668 2455 -0.0670292 -0.0716312 0.0467679 0.00834562 -0.00416991 0.00557443 0.108679 0.0108679 
6551 2668 2370 -0.0692542 -0.296172 -0.155808 0.0240956 -0.0154545 0.018667 0.341745 0.0341745 
6552 2455 2422 -0.471594 0.147153 -0.493309 -0.00539804 0.0285313 0.0136713 0.698146 0.0320949 
6553 2455 2370 0.167075 -0.0837311 -0.357559 0.0140642 0.0117062 0.00383042 0.403452 0.0186951 
6554 2031 2228 -0.207233 -1.19256 0.0402568 -0.039354 0.00947499 0.0780992 1.2111 0.0879659 
6555 2031 2137 -0.123687 0.392804 -0.172202 0.0427608 0.0124429 -0.00233064 0.446371 0.0445953 
6556 1922 1769 -0.482511 0.0882594 0.0883312 -0.0124628 -0.0326308 -0.0354742 0.498407 0.0497847 
6557 1922 2137 0.40343 0.176888 -0.25956 0.00716943 0.0170592 0.0227691 0.511289 0.0293402 
6558 1922 2586 0.091955 -0.161463 -0.414523 0.0110452 0.0418318 -0.013844 0.454263 0.0454263 
6559 1769 2365 -0.589015 -0.310539 -0.348884 0.0075925 -0.0616905 0.0420919 0.751727 0.0750673 
6560 1769 2665 0.609613 0.819417 -1.59165 0.0173139 0.0666214 0.0409295 1.89115 0.0800837 
6561 1769 2061 0.198197 -0.536218 -0.58004 -0.0428055 -0.0134558 -0.00218723 0.814407 0.0449239 
6562 2365 1872 0.369579 -0.623697 0.292869 0.0574436 0.00967202 -0.051892 0.781895 0.0780135 
6563 2365 2188 -0.430337 1.00854 -1.02821 0.141428 0.00996463 -0.0494178 1.50319 0.150144 
6564 2365 2477 -0.45857 -0.201453 -0.413763 0.00518069 0.0556394 -0.0328315 0.649669 0.0648112 
6565 2365 2634 0.0420426 -0.0230411 -0.128644 0.0112612 0.00698152 0.00242989 0.137287 0.0134708 
6566 2635 2116 0.333097 -0.502183 0.052637 0.0239747 0.0188446 0.0280696 0.604907 0.0414465 
6567 2635 2477 0.243328 -0.0579717 -0.677256 -0.0552536 -0.0435844 -0.016121 0.721973 0.0721973 
6568 2627 2026 0.0625242 -0.209422 0.0331495 -0.00707522 0.00119727 0.0209085 0.221056 0.0221056 
6569 2350 2648 -0.408221 -0.0472386 0.310354 0.00780967 0.0474348 0.0174923 0.514971 0.051157 
6570 2350 2523 0.715414 0.508403 -0.435532 -0.0437375 0.0618108 0.000308617 0.979785 0.0757208 
6571 2350 2429 -0.0694984 0.157958 -0.0809747 -0.0169941 -0.00346309 0.00783013 0.190624 0.019029 
6572 2350 2503 -0.34228 -0.439556 -0.0584721 -0.0373362 0.032553 -0.0261565 0.560165 0.0560165 
6573 2350 2646 -0.0828146 -0.0584802 -0.280037 -0.0169 -0.0221362 0.00962051 0.297824 0.0294649 
6574 2648 2515 -0.0804438 0.0593637 -0.316971 -0.0319147 -0.00333963 0.00747414 0.332364 0.0329479 
6575 2243 2609 0.0427579 -0.657997 0.164015 0.0584798 0.0118778 0.032406 0.679478 0.0679052 
6576 2243 2540 -0.0781708 0.211712 -0.0845153 0.021594 0.0093496 0.00344798 0.240989 0.0237824 
6577 2243 2515 0.533347 -0.199233 -0.453858 -0.00513736 -0.0676518 0.0236604 0.728107 0.0718538 
6578 2243 2530 -0.355396 -0.0840039 -0.336927 0.0181771 -0.0455788 -0.00780963 0.496873 0.0496873 
6579 2405 2170 -0.0611287 -0.238681 0.00252305 -0.0238348 0.00608965 -0.00139058 0.246397 0.0246397 
6580 2405 2632 0.708625 -0.738903 -0.32232 -0.0524881 -0.0748619 0.0562215 1.07332 0.107332 
6581 2000 2587 -0.0929808 0.269914 -0.148557 -0.0304708 -0.00776846 0.0049569 0.32182 0.0318338 
6582 2343 2418 -1.79334 -1.50741 -1.12753 0.11721 0.0308104 -0.227614 2.59994 0.257867 
6583 2163 2359 -0.321172 0.0499717 -0.618417 -0.00165952 0.0414 0.00420723 0.698633 0.0416463 
6584 2235 2228 0.410992 -0.254974 0.0334928 -0.0123107 -0.0139676 0.0447326 0.484817 0.0484525 
6585 2235 2586 0.0578205 0.23757 -0.281345 -0.0226253 -0.0201037 -0.0216255 0.372743 0.0371984 
6586 2235 2061 -0.680714 0.450958 -0.332642 -0.0113895 -0.00314889 0.0190384 0.881694 0.0224076 
6587 2235 2380 -0.528371 -0.487222 -0.197868 0.0127911 -0.0390363 0.0619651 0.745461 0.0743446 
6588 1872 2116 -0.210121 -0.0571198 0.00296889 -0.00570706 0.0210125 0.00035617 0.217767 0.0217767 
6589 1872 2061 0.128752 0.128315 -0.14465 -0.00430542 0.0187979 0.0128429 0.232305 0.0231697 
6590 1872 2385 -0.280229 -0.121279 -0.505561 -0.0514681 -0.000404925 0.0286255 0.590617 0.0588944 
6591 2609 2525 0.183369 -0.392884 -0.168597 -0.0235909 -0.0245976 0.0316622 0.465195 0.0465195 
6592 2170 2582 -0.230195 0.10067 -0.0262582 -0.00516354 -0.0165893 -0.0183346 0.252614 0.0252592 
6593 2170 2577 -0.259214 -0.251861 0.0166876 -0.023519 0.0232369 -0.0146196 0.361808 0.0361501 
6594 2170 2565 0.0112748 -0.0473504 0.0160643 0.00326263 0.00193465 0.00341258 0.0512567 0.00510228 
6595 2170 2632 0.526245 0.162376 -0.179918 0.00673558 0.0315173 0.0481455 0.57937 0.057937 
6596 2517 2435 -0.206024 -0.0539305 0.0829093 -0.00976626 0.00976428 -0.0179171 0.228535 0.0226217 
6597 2228 2359 0.203183 0.152249 -0.309739 -0.0158952 0.0360165 0.00727656 0.400501 0.0400349 
6598 2228 2211 -0.498214 -0.404773 -0.3888 0.0194201 -0.0612096 0.0388391 0.750482 0.0750482 
6599 2116 2385 0.213503 0.0247958 -0.378582 0.023482 -0.0349842 0.0109514 0.435342 0.0435342 
6600 2116 2427 -0.270682 -0.0946586 -0.299015 0.0112849 0.0162579 -0.0153624 0.414293 0.0250534 
6601 2026 2543 -0.699734 -0.108342 -0.340511 -0.0161966 -0.0565154 0.0512651 0.785693 0.0780028 
6602 2026 2378 -0.23851 0.497642 -1.38876 0.0988534 -0.0263205 -0.0264089 1.49439 0.105651 
6603 2026 2427 0.285965 -0.069544 -0.28045 -0.02161 -0.031336 -0.0142644 0.406527 0.0406498 
6604 2543 2434 -0.569285 -0.0845078 0.468391 -0.0474724 0.00549475 -0.0567069 0.742036 0.0741586 
6605 2543 2655 -0.168562 0.018106 -0.289219 -0.0245935 -0.0175737 0.0132334 0.335244 0.0329969 
6606 2434 2111 0.552 -0.695439 -0.170731 0.041556 0.04863 -0.0637274 0.904151 0.0902937 
6607 2434 2503 -0.304294 0.502576 -0.725131 -0.038212 -0.0764786 -0.0369707 0.93327 0.0931449 
6608 2434 2440 -0.0544856 -0.170949 -0.304366 -0.0209999 -0.0229303 0.0166382 0.353314 0.035265 
6609 2525 2503 0.499629 0.477209 -0.18271 0.0223732 -0.012537 0.0284362 0.714661 0.038293 
6610 2525 2469 -0.422944 0.277299 -0.333473 -0.0256248 -0.0533935 -0.0118994 0.605789 0.0604077 
6611 2525 2440 0.419074 -0.170629 -0.163668 -0.0228783 -0.0210079 -0.0366791 0.48117 0.0480636 
6612 2525 2579 0.109263 0.0533526 -0.423433 0.0388402 -0.0193538 0.00758379 0.440546 0.0440527 
6613 2330 2632 -0.44391 0.701929 -0.551572 -0.0871659 -0.020931 0.043515 0.996992 0.0996472 
6614 2330 2538 -0.19824 -0.087277 -0.243806 0.00684626 -0.0312391 0.00561616 0.326126 0.0324699 
6615 2330 2594 0.252377 -0.47389 -0.547775 0.0641776 -0.00702632 0.0356473 0.767022 0.0737487 
6616 2520 2348 0.107399 -0.123522 0.0705098 -0.0115764 -0.00245853 0.013326 0.178224 0.0178224 
6617 2381 2418 0.384815 0.703632 -0.402609 -0.033017 0.0543062 0.063352 0.897371 0.0897371 
6618 2381 2394 -0.0341915 0.0290087 -0.0217035 -0.000793359 0.00227724 0.0042936 0.0498157 0.00492445 
6619 2342 2535 0.104832 -0.0868749 -0.00524257 -0.00281282 -0.00415673 0.0126355 0.136252 0.0135958 
6620 2342 2471 -0.106321 -0.216348 -0.119804 -0.0228434 0.0036546 0.013673 0.269191 0.0268725 
6621 2342 2423 0.0168345 0.141008 -0.472942 -0.0184391 -0.00521684 -0.00221175 0.493802 0.0192901 
6622 2027 2312 0.263526 -0.129368 -0.0934253 -0.00418541 -0.0229863 0.0200237 0.308075 0.0307707 
6623 2027 2087 -0.680407 -0.343878 -0.0843421 0.0215194 -0.025986 -0.0676523 0.76702 0.0755989 
6624 2027 2211 0.3774 0.303437 -0.480981 0.040425 -0.00872324 0.0262161 0.68253 0.0489649 
6625 2027 2588 -0.227237 -0.211313 -0.714119 0.00421759 -0.0509546 0.0137357 0.778624 0.0529417 
6626 2044 2304 0.353377 0.145446 -0.328543 -0.00683686 -0.0424785 -0.0261588 0.503955 0.0503532 
6627 2044 2510 -0.231518 -0.0113938 -0.329766 -0.022055 -0.019588 0.0161609 0.403083 0.0336346 
6628 2511 2111 -0.790881 -0.0762614 0.395054 -0.010298 -0.0338449 -0.0271496 0.887342 0.044594 
6629 2511 2208 0.176841 -0.323413 0.0702016 0.0112172 0.0133305 0.0331559 0.375229 0.0374546 
6630 2511 2415 -0.493251 -0.0195696 -0.405446 -0.0369842 0.028463 0.0436199 0.638801 0.0638801 
6631 2511 2424 0.15524 0.254268 -0.648334 0.0180794 -0.0132661 -0.000873769 0.713505 0.0224414 
6632 2565 2538 0.195881 0.0865902 -0.304898 -0.00746527 0.0360946 0.0054547 0.372599 0.0372599 
6633 2654 2589 -0.392924 -0.0278211 0.04685 0.00282966 0.0187104 0.0348427 0.396684 0.0396498 
6634 2589 2321 -0.439624 -0.325539 0.088498 -0.0165078 0.018711 -0.0131762 0.554145 0.0282174 
6635 2535 2146 -0.116567 -0.12061 0.0498447 0.0120351 -0.00736602 0.0103216 0.174983 0.0174825 
6636 2312 2075 -0.431833 -0.308696 0.0999483 -0.000334666 -0.0162034 -0.0514912 0.540151 0.0539815 
6637 2312 2211 -0.169906 0.485637 -0.225514 0.0534664 0.0162795 -0.00522495 0.561755 0.0561336 
6638 2312 2471 0.204915 -0.0342203 -0.120932 0.0019253 0.018619 -0.00200629 0.240387 0.0188255 
6639 2087 2304 -0.114108 0.292312 -0.222767 0.0074616 0.0245211 0.0283541 0.384827 0.0382219 
6640 2087 2283 0.041329 -0.150739 -0.135436 -0.00769154 -0.0139549 0.0131845 0.206816 0.0206816 
6641 2208 2043 -0.199186 -0.166492 0.0720177 0.015905 -0.0108858 0.018824 0.269409 0.0269409 
6642 2208 2107 0.0866434 -0.499243 0.0355889 -0.0464572 -0.00669935 0.0191241 0.507954 0.0506841 
6643 2208 2510 0.322924 0.411033 -0.369603 0.0515964 -0.0157045 0.0276152 0.640183 0.0605922 
6644 2208 2409 -0.325016 0.0468287 -0.454593 -0.00100663 0.0300808 0.0038184 0.560787 0.0303389 
6645 2208 2663 0.111665 -0.217734 -0.377226 -0.0190812 -0.0181052 0.00480197 0.44964 0.0267385 
6646 2551 2440 0.105046 0.434082 -0.361871 0.00225804 -0.0264632 -0.0310885 0.574815 0.0408888 
6647 2551 2335 -0.00204043 -0.100893 -0.322013 -0.00809851 -0.00664154 0.00213225 0.337455 0.0106884 
6648 2551 2599 -0.267069 -0.0550159 -0.142209 0.0122202 0.00938243 -0.0265792 0.307532 0.0307216 
6649 2321 2301 -0.367194 -0.390911 -0.132707 -0.0175576 0.00701604 0.0279143 0.552498 0.033715 
6650 2321 2491 0.0402272 -0.206775 -0.356697 0.00349175 -0.000880631 0.000904284 0.414254 0.00371289 
6651 2146 2065 -0.322751 -0.0934277 -0.0586123 0.00248585 -0.00808513 -0.00080072 0.341075 0.00849647 
6652 2146 2301 0.0905855 -0.168253 0.00508379 -0.0115551 -0.00663528 -0.0137062 0.191156 0.0191156 
6653 2146 2471 -0.294718 0.309489 -0.409021 0.0113672 0.00689613 -0.00297255 0.591557 0.0136237 
6654 2146 2636 0.000177223 -0.176963 -0.240857 -0.00660041 -0.0234881 0.0172524 0.298877 0.0298814 
6655 2065 2363 -0.402267 0.13922 -0.395799 0.0388361 -0.00160944 -0.0400369 0.581255 0.0558013 
6656 2075 2179 0.0392734 -0.354123 -0.150435 0.038133 0.00545477 -0.00288527 0.386751 0.0386291 
6657 2075 2363 0.2213 -0.0555391 -0.367326 -0.0335351 0.0154109 -0.0225338 0.43242 0.043242 
6658 2509 2107 -0.433627 -0.312893 0.115842 0.031701 -0.0327133 0.0303055 0.547132 0.0547132 
6659 2509 2344 0.341504 0.284568 -0.39041 0.00122995 -0.0295931 -0.0204944 0.591628 0.0360178 
6660 2043 2107 0.972606 -0.389997 -0.210844 0.0113955 0.0162124 0.0225786 1.06889 0.0300415 
6661 2043 2619 0.0514565 -0.145669 -0.422258 -0.0106129 -0.0250281 0.00734078 0.449632 0.0281589 
6662 2420 2574 -0.814165 -0.325169 -0.492006 -0.0451734 0.0879926 0.0165975 1.00532 0.100294 
6663 2420 2599 0.133028 0.362888 -0.331685 0.00369287 -0.0349957 -0.0368068 0.509313 0.0509223 
6664 2420 2413 0.367556 -0.163172 -0.493124 -0.050381 -0.000763511 -0.0372995 0.636313 0.0626903 
6665 2574 2404 -0.644488 -0.161527 0.100764 0.0175289 -0.0637493 0.00992373 0.672019 0.0668559 
6666 2563 2459 0.0559272 -0.107826 0.0134849 0.00706547 0.00247636 -0.00950217 0.122213 0.0120973 
6667 2301 2642 -0.619527 -0.181323 -0.103158 0.00208581 -0.0214937 0.0252535 0.653707 0.0332275 
6668 2301 2636 -0.0900526 0.0548159 -0.158393 -0.00197224 0.0174524 0.00716116 0.19027 0.0189673 
6669 2301 2473 -0.00457984 -0.191172 -0.119929 0.0216118 -0.00382549 0.00527267 0.225722 0.0225722 
6670 2642 2636 0.109669 0.130717 -0.155958 -0.00311003 0.0185533 0.0133636 0.231164 0.0230756 
6671 2642 2417 -0.317887 0.0524743 -0.316472 0.0198058 -0.00515511 -0.0207491 0.45162 0.0291439 
6672 2642 2499 -0.14416 -0.213829 -0.083547 0.015062 -0.00136449 -0.0224972 0.271081 0.0271081 
6673 2179 2177 -0.378867 0.0886319 0.276821 0.0043994 0.00996959 0.00282913 0.477521 0.0112584 
6674 2179 2487 0.175241 -0.377685 0.285021 -0.0432175 -0.000443442 0.025984 0.504571 0.0504293 
6675 2179 2417 0.348919 -0.0880526 -0.176159 -0.0141558 0.0137028 -0.0348876 0.400662 0.0400662 
6676 2177 2352 -0.810868 -0.36874 -0.249213 0.0273133 -0.000363868 -0.0883314 0.924978 0.0924586 
6677 2177 2283 -0.0342085 0.362842 -0.558219 -0.0510505 -0.0173784 -0.00816751 0.666658 0.0545424 
6678 2352 2481 -0.0865901 -0.745985 0.204186 -0.0553151 0.0203334 0.0508294 0.778256 0.0778256 
6679 2352 2631 0.299662 -0.0133028 -0.331083 0.00914221 0.0432374 0.00653732 0.446755 0.0446743 
6680 2352 2328 -0.453327 0.114637 -0.498006 -0.0186247 -0.0173276 0.0129651 0.683123 0.0285521 
6681 2107 2108 -0.182788 -0.142322 0.00314616 0.0134369 -0.0174151 -0.00713341 0.231682 0.0231241 
6682 2107 2466 0.245833 -0.896613 0.119686 -0.00205002 0.0118473 0.0929633 0.937376 0.0937376 
6683 2107 2328 0.105107 -0.0548268 -0.122393 -0.00148403 -0.0133096 0.00468767 0.170392 0.0141888 
6684 2108 2619 -0.0010555 0.106096 -0.122331 0.000311216 0.0122302 0.0106044 0.161933 0.0161904 
6685 2108 2416 0.0631603 -0.0296369 -0.0831751 -0.00718425 0.00400909 -0.00688399 0.108562 0.0107273 
6686 2505 2652 0.0254006 0.101314 -0.0331656 -0.010422 0.00164303 -0.00296282 0.109588 0.0109588 
6687 2505 2571 0.0920023 -0.150795 -0.320661 -0.0241018 -0.0269485 0.00575774 0.366097 0.0366097 
6688 2404 2099 -0.0445616 -0.17946 0.0735969 -0.0122647 0.00845716 0.0131961 0.199018 0.0199018 
6689 2537 2491 -0.105208 0.184718 -0.171247 0.0250101 0.00670007 -0.00813814 0.272975 0.0271409 
6690 2487 2499 0.142816 -0.0772422 -0.125645 -0.0119269 0.00424021 -0.0161636 0.205303 0.0205303 
6691 2487 2611 -0.0494362 -0.0759216 -0.0919533 -0.00176934 0.0103111 -0.00756213 0.129087 0.0129087 
6692 2601 2631 -0.0699586 0.307065 -0.317778 0.036076 -0.0144912 -0.0219448 0.447399 0.0446435 
6693 2601 2611 0.0803747 -0.0405754 -0.0425083 -0.00587549 -0.00541547 -0.00594016 0.0995661 0.00995661 
6694 2601 2516 -0.0332012 -0.0207409 -0.0334184 -0.00367136 6.53824e-05 0.00360691 0.0514713 0.00514713 
6695 2466 2416 -0.145744 0.0214896 -0.273299 0.0271696 0.00525844 -0.0140755 0.310476 0.0310476 
6696 2600 2349 0.469886 -0.1739 0.0602671 0.0023636 -0.0106863 -0.0492633 0.504644 0.0504644 
6697 2600 2151 0.00209742 -0.00901984 0.00749258 0.000157109 -0.00073267 -0.000925994 0.011912 0.0011912 
6698 2600 2571 -0.00661182 0.0958205 -0.091907 -0.0106071 0.00515356 0.00613608 0.132937 0.0132937 
6699 2362 2640 -0.0141995 -0.0560064 0.0219573 0.00445192 0.000505834 0.00416922 0.0618099 0.00612028 
6700 2625 2345 -0.198844 0.0556242 -0.0299659 0.00267025 -0.00156979 -0.0206328 0.20864 0.020864 
6701 2135 2473 0.0912337 0.0926022 -0.126442 0.00469583 -0.0155735 -0.00801732 0.181346 0.0181346 
6702 2481 2516 0.103552 -0.0566739 -0.332693 0.0217796 -0.0253552 0.0110982 0.353015 0.0352194 
6703 2526 2349 -0.408935 0.171459 -0.131038 0.0179324 0.0113799 -0.0410719 0.462382 0.0462382 
6704 2526 2192 0.211531 -0.530968 0.0727457 0.0413794 0.0117123 -0.034836 0.576163 0.0553442 
6705 2349 2151 -0.101652 -0.0555503 0.0686044 0.0062795 -0.0119043 -0.00033468 0.134631 0.0134631 
6706 2349 2416 0.105213 0.197991 -0.159047 0.0141807 -0.0188072 -0.0140313 0.274893 0.0274168 
6707 2151 2569 -0.427962 -0.414218 -0.0143841 -0.0394729 0.0413317 -0.0158084 0.595764 0.0592986 
6708 2397 2251 0.0566028 -0.342523 -0.0154213 0.0186111 0.00438201 -0.0290183 0.347511 0.0347511 
6709 2397 2499 -0.012849 0.241633 -0.231722 0.0191443 -0.0184934 -0.0203459 0.335032 0.0335032 
6710 2005 2516 -0.0662773 0.149459 -0.162167 0.0172326 -0.00685372 -0.0133596 0.23028 0.0228564 
6711 2568 2461 -0.47744 0.139113 0.00818529 0.00616782 0.0184876 0.0455578 0.497362 0.0495515 
6712 2361 2432 -0.0794978 -0.209931 -0.0844761 -0.0197094 0.00219595 0.0130908 0.239848 0.0237624 
6713 2548 2650 -0.0598815 -0.0922572 0.0209023 -0.000230816 -0.0023306 -0.0109479 0.111956 0.0111956 
6714 2432 2396 -0.0846082 -0.0164806 0.0425618 0.00316078 -0.00858285 0.00295988 0.0961336 0.00961336 
6715 2396 2650 -0.918828 0.050152 -0.200268 -0.00699734 -0.0931172 0.00878491 0.941737 0.093792 
6716 2396 2528 -0.202048 -0.312164 -0.371171 -0.0374105 0.0355101 -0.00950031 0.525392 0.0524478 
6717 2650 2614 0.00541859 0.00213897 0.00188492 -1.30951e-05 0.000423055 -0.00044243 -0.00612284 0.000612284 
6718 2347 2340 -0.244106 -0.247956 -0.200126 0.0317935 -0.0172751 -0.0173766 0.401398 0.0401398 
6719 2580 2452 0.27093 -0.245925 -0.202481 -0.0257797 -0.00131186 -0.0329013 0.418187 0.0418187 
6720 2340 2431 0.0115049 -0.260126 0.0546337 -0.0148573 0.00387351 0.0215715 0.26605 0.0264778 
6721 2452 2559 -0.0387697 -0.0615479 0.0476845 7.80521e-06 0.00530611 0.00685511 0.0869773 0.00866876 
6722 2572 2552 0.13 -0.149499 -0.127675 -0.0196084 -0.0109658 -0.00712531 0.235692 0.0235692 
6723 2572 2203 -0.135306 -0.0667169 -0.112766 -0.00526962 -0.0120597 0.0134578 0.188348 0.0188233 
6724 2310 2389 -0.00179629 -0.215336 -0.0201727 -0.0177279 0.00121575 -0.0113991 0.216286 0.0211115 
6725 2310 2203 0.301728 -0.115056 -0.179432 -0.0193892 -0.0273195 -0.0150865 0.369423 0.036741 
6726 2310 2644 -0.34015 -0.0639884 -0.389656 0.00287029 -0.051409 0.00593664 0.52118 0.0518302 
6727 2431 2443 -0.225551 0.121652 -0.257085 0.0200319 -0.0162407 -0.0252598 0.362995 0.0360984 
6728 2431 2644 0.299027 -0.159603 -0.293879 -0.00817218 0.0347402 -0.0271824 0.448615 0.0448615 
6729 2559 2444 0.106276 -0.236338 -0.0349079 -0.0208446 -0.00730653 -0.013993 0.261474 0.0261474 
6730 2559 2552 -0.264878 -0.210223 -0.341736 -0.0350161 -0.00787812 0.0319872 0.480768 0.0480768 
6731 2519 2546 -0.446044 -1.21533 -0.576094 -0.0284509 -0.00958927 0.0422578 1.41699 0.0518376 
6732 2519 2354 0.465972 -0.379887 -0.632786 -0.041733 -0.074692 0.0141091 0.872847 0.0867157 
6733 2360 2444 -0.475269 0.206664 0.0733225 -0.0113732 -0.0280413 0.00531639 0.523419 0.0307235 
6734 2360 2529 0.309557 -0.114491 0.0102385 -0.0107341 -0.0277403 0.0143401 0.33021 0.033021 
6735 2444 2493 0.0229411 -0.264798 -0.126153 -0.00676094 -0.0127642 0.0255631 0.294209 0.0293616 
6736 2389 2331 -0.868487 0.148871 -0.0275354 0.00137234 0.023679 0.0847366 0.881584 0.0879936 
6737 2389 2358 0.436894 -0.358413 -0.553937 0.0654209 0.0159759 0.0412611 0.791317 0.0789785 
6738 2389 2403 -0.24417 -0.100839 -0.390454 0.0192179 -0.0430381 -0.000902896 0.471426 0.0471426 
6739 2331 2426 -0.162706 -0.306713 0.0433038 0.0149354 -0.0120148 -0.0289813 0.349887 0.0347467 
6740 2331 2403 0.0226343 -0.0185438 -0.0386124 -0.00347682 -0.00334618 -0.000431059 0.0484469 0.00484469 
6741 2331 2659 -0.149668 -0.0336068 -0.0873172 0.00935471 -0.00508848 -0.0140762 0.176506 0.0176506 
6742 2542 2341 0.264651 -0.0549468 -0.585979 -0.0382532 -0.0495684 -0.0126286 0.645315 0.0638734 
6743 2546 2408 -0.708794 -0.428166 0.187465 0.0328101 -0.0528899 0.00325342 0.849034 0.0623252 
6744 2546 2638 0.0854737 -0.387567 -0.0849082 0.0365777 0.00454805 0.0160615 0.405861 0.0402068 
6745 2493 2484 -0.0872584 -0.243052 0.146513 -0.00501428 0.00329169 0.00247427 0.296908 0.00648847 
6746 2196 2355 -0.242545 -0.0705835 -0.412364 -0.0407307 -0.0069008 0.0251383 0.483585 0.0483585 
6747 2421 2355 0.108889 -0.118892 -0.137618 0.000364979 -0.0158939 0.01402 0.211969 0.0211969 
6748 2426 2329 -0.16617 -0.0432617 -0.0507714 -0.00499484 -0.000962826 0.0171681 0.179058 0.0179058 
6749 2426 2412 0.303066 -0.147439 -0.178107 0.0231067 0.0186877 0.0238483 0.381195 0.0381037 
6750 2426 2336 -0.0381821 -0.119474 -0.220396 0.00706918 0.0204432 -0.0123067 0.253587 0.0248868 
6751 2329 2573 0.00986347 -0.445219 -0.102096 0.029279 0.00845443 -0.0340393 0.456882 0.0456882 
6752 2085 2277 0.53256 -0.351043 0.0107989 -0.0345894 -0.0521179 0.0116069 0.63794 0.0636193 
6753 2085 2386 0.0785071 0.127139 -0.374841 0.0162068 -0.0357726 -0.00873908 0.403527 0.0402332 
6754 2486 2550 -0.192243 -0.0869284 0.0543158 0.0101505 -0.0177232 0.0075614 0.217862 0.0217789 
6755 2484 2550 0.0972882 -0.0573824 -0.0247745 -0.00522257 -0.00995738 0.0025544 0.115635 0.0115304 
6756 2484 2410 -0.21513 -0.14903 -0.445372 -0.0212582 0.0231711 0.00251494 0.516572 0.0315458 
6757 2276 2665 0.298654 -0.687251 0.130228 -0.00898076 -0.00992198 -0.0317654 0.76057 0.0344694 
6758 2276 2412 -0.433025 0.0949788 -0.208948 0.000207047 -0.0388535 -0.0180902 0.490093 0.042859 
6759 2276 2430 0.061542 -0.014303 -0.0878098 0.00881324 0.00188212 0.00587024 0.108178 0.0107552 
6760 2128 2188 0.544374 -0.487868 -0.111427 0.0469691 0.0554387 -0.0132647 0.739441 0.0738613 
6761 2128 2669 -0.205047 -0.256734 0.140542 -0.0129882 -0.00739624 -0.0324605 0.357363 0.0357363 
6762 2128 2336 -0.0372603 0.210761 -0.336297 -0.0118072 0.0310475 0.020766 0.398628 0.0391738 
6763 2128 2573 -0.186189 -0.0474005 -0.105559 0.0114963 -0.00530375 -0.017896 0.219217 0.0219217 
6764 2277 2597 -0.279975 -0.0663986 -0.46225 0.0461004 -0.0125347 -0.0261215 0.54449 0.054449 
6765 2277 2573 0.242091 -0.123238 -0.255082 0.0238125 -0.00920384 0.0270465 0.372643 0.0371922 
6766 2540 2618 0.0543551 -0.0292146 -0.0584481 0.00357016 0.00764025 -0.000498749 0.084995 0.00844797 
6767 2550 2422 -0.0966328 -0.166807 0.038379 -0.00680829 0.00778944 0.0167131 0.196559 0.0196559 
6768 2137 2586 -0.290792 -0.347692 -0.200692 -0.0395231 0.0289165 0.00716982 0.495709 0.0494939 
6769 2137 2564 -0.651913 0.515977 -0.72109 0.000715088 -0.0386886 -0.0283301 1.10054 0.0479574 
6770 2137 2593 0.166108 -0.273611 -0.33497 0.0208483 0.0363998 -0.0193938 0.463314 0.0462138 
6771 2665 2564 0.663481 0.161002 -0.392576 0.00658407 -0.0758581 -0.0199831 0.787556 0.0787218 
6772 2665 2628 -0.145083 0.0368672 -0.198344 0.0199947 0.00562644 -0.0135797 0.248493 0.0248164 
6773 2665 2457 0.0621732 -0.442012 -0.571642 -0.0128165 -0.0152359 0.010387 0.725268 0.0224563 
6774 2188 2478 -0.0624723 0.228765 -0.401899 0.0123075 -0.0382587 -0.0236903 0.466647 0.0466522 
6775 2188 2628 0.457671 0.183346 -0.278394 -0.0332088 0.0209752 -0.0407803 0.566199 0.0566199 
6776 2188 2506 -0.00867594 -0.0266551 -0.040091 -0.00479963 0.000797043 0.000508744 0.0489188 0.00489188 
6777 2669 2523 -0.408403 -0.0635697 -0.192895 0.0175105 0.0109262 -0.0406746 0.456117 0.0456117 
6778 2669 2401 0.00460528 -0.291508 -0.4142 -0.0250142 0.0358682 -0.0255216 0.506517 0.0506319 
6779 2523 2573 0.467816 0.484215 -0.34107 -0.00541116 -0.0397356 -0.0638343 0.754748 0.0753858 
6780 2422 2359 -0.184526 -0.290825 -0.0936284 0.00884432 -0.0155536 0.0308812 0.356925 0.0356901 
6781 2422 2593 -0.216942 0.0222545 -0.177356 -0.000591167 0.0277862 0.0042097 0.281095 0.0281095 
6782 2586 2436 0.0384763 0.088276 -0.185131 0.0170355 -0.0118565 -0.00211299 0.208678 0.0208626 
6783 2586 2457 -0.136223 0.0636685 -0.0964871 0.0103893 0.000238483 -0.0145105 0.178662 0.017848 
6784 2586 2464 -0.109138 -0.353452 -0.0920385 0.0308238 -0.0140123 0.0172606 0.381196 0.038005 
6785 2061 2634 -0.364415 0.0391793 -0.348368 0.0313484 -0.0188504 -0.0349124 0.505661 0.0505661 
6786 2515 2503 0.314258 -0.646434 0.182931 0.0613278 0.0194838 -0.0365042 0.741686 0.0739815 
6787 2515 2618 -0.130528 0.252823 -0.129795 0.0175353 -0.00407532 -0.0255723 0.312736 0.0312736 
6788 2515 2646 0.240628 -0.0900723 -0.187388 0.00301 0.0298689 -0.010492 0.318008 0.0318008 
6789 2530 2632 -0.180842 -0.384408 0.163074 -0.00833204 -0.0140072 -0.0422585 0.455046 0.0452925 
6790 2370 2418 0.319478 -0.308713 0.101408 -0.0285205 -0.0322549 -0.00834052 0.45569 0.0438562 
6791 2370 2394 -0.061781 -0.131177 0.035137 0.0126104 -0.00690495 -0.00360555 0.149194 0.0148223 
6792 2359 2593 -0.104551 0.366842 -0.151266 0.015719 -0.0105139 -0.0363622 0.410348 0.0409858 
6793 2359 2534 -0.281614 -0.324625 -0.246518 0.0227229 -0.0100143 -0.0127705 0.495438 0.0279231 
6794 2359 2423 0.0290234 -0.0588584 -0.0252437 -0.00609849 -0.00338622 0.000883745 0.070313 0.0070313 
6795 2385 2477 -0.0811121 0.0798305 -0.0179098 -0.00671527 -0.00510147 0.00767387 0.115208 0.0114021 
6796 2385 2304 0.0521136 -0.200049 0.0372791 0.00465732 0.00491861 0.0198839 0.21006 0.021006 
6797 2385 2634 0.0488059 0.132327 -0.0721893 -0.00785483 0.00733516 0.00813528 0.158442 0.0134791 
6798 2385 2465 0.0559063 -0.0367338 -0.0462101 0.00574491 0.00202133 0.00534354 0.0813035 0.00810205 
6799 2385 2666 -0.148209 -0.232228 -0.188248 0.000192595 0.0209368 -0.0259797 0.333666 0.0333666 
6800 2477 2506 0.0701924 0.126387 -0.251157 0.00157169 0.0252945 0.0131679 0.289794 0.02856 
6801 2477 2401 -0.100767 0.03966 -0.0366918 0.00460722 0.00227755 -0.010191 0.114338 0.0114136 
6802 2477 2522 -0.27147 -0.274951 -0.290392 0.0367401 -0.0209222 -0.0145365 0.483344 0.0447088 
6803 2378 2401 0.119252 0.232349 -0.108879 -0.0251612 0.00846746 -0.0094886 0.282952 0.0281925 
6804 2378 2522 0.167507 -0.0213715 -0.150232 -0.0151439 -0.00377346 -0.0163485 0.22602 0.022602 
6805 2378 2468 -0.395294 0.262374 -0.547842 -0.0375554 -0.00153839 0.0263613 0.724726 0.0459096 
6806 2503 2655 0.215807 -0.135461 -0.262051 -0.0199899 0.0169624 -0.0252305 0.365504 0.0363854 
6807 2632 2469 0.534281 -0.209246 -0.215638 -0.0183015 -0.0444756 -0.00218791 0.612977 0.0481437 
6808 2380 2211 0.291754 -0.134555 -0.0599926 0.000936941 0.0149772 -0.0290353 0.32684 0.032684 
6809 2380 2464 0.198587 0.125051 -0.251263 -0.0151063 -0.00584287 -0.0148472 0.343813 0.0219722 
6810 2380 2465 -0.154802 -0.0170234 -0.349738 0.0242232 0.0270918 -0.0120404 0.382845 0.0382845 
6811 2427 2510 0.021771 -0.184161 -0.0255681 0.017601 0.00287094 -0.00569162 0.187198 0.0187198 
6812 2211 2534 0.153973 0.0675061 -0.192322 -0.0195189 -0.00205861 -0.0163494 0.255446 0.0255446 
6813 2211 2464 -0.109065 0.268431 -0.189452 0.0305742 0.0154371 0.00427141 0.346183 0.0345157 
6814 2211 2536 0.0946948 -0.183805 -0.163945 0.00941543 0.0189319 -0.0157869 0.263874 0.0263874 
6815 2304 2344 -0.067208 -0.249282 -0.10948 0.00907679 0.00858002 -0.0251085 0.280435 0.0280435 
6816 2304 2465 0.249712 0.284365 -0.423729 -0.0451173 0.00273619 -0.0247523 0.568125 0.0515338 
6817 2510 2666 0.196033 0.192649 -0.193402 -0.0242914 0.00147327 -0.0231543 0.336075 0.0335912 
6818 2415 2440 -0.639199 0.166338 0.294535 -0.0336559 -0.0249687 -0.0589389 0.723183 0.0723183 
6819 2415 2409 0.14714 -0.165735 0.00247267 -0.00889412 -0.00761812 0.0186394 0.22164 0.0220129 
6820 2440 2579 -0.134104 0.102412 -0.133691 -0.016704 -0.00591505 0.0122245 0.215279 0.0215279 
6821 2594 2599 0.248133 -0.30888 0.0752471 -0.000129744 -0.00964369 -0.0391582 0.403285 0.0403285 
6822 2471 2536 -0.192873 0.0751812 -0.125913 0.010559 0.00740873 -0.0117505 0.242294 0.0174487 
6823 2588 2283 -0.124698 -0.285662 0.048041 0.00628775 -0.00777082 -0.0298862 0.315373 0.0315136 
6824 2588 2621 -0.130137 0.0334098 -0.201779 0.00621604 0.0189854 -0.000865492 0.242418 0.0199958 
6825 2344 2283 0.128383 -0.104578 0.0548426 -0.00921533 -0.00380731 0.0143124 0.174431 0.0174431 
6826 2344 2621 0.156953 0.117224 -0.176938 -0.0203244 0.00224762 -0.0165397 0.263975 0.0263001 
6827 2409 2652 -0.180663 -0.058512 0.100888 0.00872851 0.00530819 0.018709 0.215037 0.0213165 
6828 2652 2335 -0.107119 0.0233897 -0.0475308 0.00529335 0.00430593 -0.0098105 0.119502 0.0119502 
6829 2335 2599 -0.107103 0.0149144 0.0610813 -0.000976613 -0.0123132 0.00129411 0.124195 0.0124195 
6830 2363 2536 0.132005 0.332933 -0.137458 -0.0151882 -0.00812169 -0.0342569 0.383621 0.0383429 
6831 2363 2567 -0.289426 -0.232516 -0.198298 0.00483898 0.0173884 -0.0274516 0.420896 0.0328536 
6832 2283 2631 -0.0286364 -0.18021 -0.0320832 -0.0130104 0.00428814 -0.0124737 0.185271 0.0185271 
6833 2663 2328 0.155353 -0.236417 0.0549582 0.00354356 0.00863111 0.0271121 0.28818 0.0286727 
6834 2631 2567 0.281813 0.186445 -0.195521 -0.018399 -0.00744383 -0.0336177 0.390396 0.0390396 
6835 2328 2416 -0.233626 -0.160338 -0.00971662 0.0155844 -0.0230366 0.0054257 0.28352 0.0283372 
6836 2552 2607 -0.265608 -0.241333 -0.245536 0.0263915 0.00564213 -0.0340944 0.43483 0.043483 
6837 2607 2358 -0.411444 -0.133316 0.0883235 0.0101325 -0.00294184 0.0427607 0.44143 0.0440432 
6838 2607 2355 0.0576193 -0.227418 0.0787347 0.0153705 0.00970272 0.0167771 0.247464 0.0247359 
6839 2358 2430 0.122312 -0.48262 -0.0299568 -0.0415706 -0.0120553 0.0244864 0.498778 0.0497295 
6840 2403 2412 -0.0291481 -0.187113 0.0963672 0.0190503 -0.00615508 -0.00618896 0.212479 0.0209548 
6841 2659 2341 -0.360915 -0.073847 -0.0821137 -0.00485267 0.0356112 -0.0106972 0.377433 0.0374985 
6842 2355 2564 -0.142951 -0.517502 0.172766 -0.0141415 -0.0137334 -0.052838 0.563996 0.0563954 
6843 2430 2564 0.410888 -0.349659 0.29879 0.0459691 0.0325162 -0.0251634 0.616738 0.0616738 
6844 2430 2628 -0.275825 -0.226086 0.0670438 -0.0182688 0.0258439 0.0119914 0.36289 0.0338445 
6845 2410 2564 -0.287368 0.0246908 0.084125 -0.00456386 0.0147176 -0.0199096 0.300445 0.0251759 
6846 2410 2593 -0.000794116 -0.138473 0.0300728 0.00130993 0.00298728 0.0137898 0.141703 0.0141703 
6847 2564 2436 0.0522329 -0.205292 -0.174959 0.0045103 0.0182348 -0.0200496 0.274743 0.0274742 
6848 2573 2402 0.371861 -0.295843 -0.432075 -0.0203002 0.0405698 -0.0452495 0.642256 0.0640744 
6849 2593 2436 -0.163311 0.0670141 -0.122154 -0.013787 -0.00925834 0.013353 0.214669 0.0213096 
6850 2457 2660 -0.130374 -0.431655 -0.200948 0.0178382 0.0148199 -0.0434079 0.493663 0.0492146 
6851 2634 2506 -0.133616 0.0510037 -0.0983211 0.000403206 0.0155305 0.00750846 0.173556 0.0172551 
6852 2506 2402 -0.195274 0.124298 -0.0433417 -0.00280051 -0.0114155 -0.0201207 0.2355 0.0233024 
6853 2646 2468 0.421588 -0.0802437 -0.120437 0.00103373 -0.0353298 0.0271578 0.445736 0.0445736 
6854 2522 2424 -0.146505 -0.230239 0.0702013 -0.00678001 -0.00386904 -0.0268386 0.281783 0.0279509 
6855 2534 2536 -0.0704066 -0.277365 0.0379853 -0.0214574 0.00284027 -0.0190325 0.288671 0.0288222 
6856 2465 2621 -0.0156194 -0.174506 -0.0581166 0.00560664 0.00510117 -0.0168241 0.184591 0.0184528 
6857 2465 2660 0.124279 0.420299 -0.268905 0.00612116 -0.0286978 -0.0420258 0.514205 0.0512562 
