ITEM: TIMESTEP
700001
ITEM: NUMBER OF ENTRIES
4971
ITEM: BOX BOUNDS pp pp fm
0.0000000000000000e+00 2.0000000000000000e+01
0.0000000000000000e+00 2.0000000000000000e+01
0.0000000000000000e+00 6.0000000000000000e+01
ITEM: ENTRIES index c_c_pairs[1] c_c_pairs[2] c_c_forces[1] c_c_forces[2] c_c_forces[3] c_c_forces[4] c_c_forces[5] c_c_forces[6] c_c_forces[7] c_c_forces[8]
1 79 70 -2.72812 0.998037 0.000302564 0.0932229 0.25449 1.10166 2.90495 1.13451 
2 79 1123 2.16479 -1.65571 -1.98719 0.550021 0.13609 0.485788 3.37292 0.746347 
3 112 523 0.0166131 -0.100869 -8.00611e-06 0.0336061 0.00553986 -0.0625451 0.102228 0.0712176 
4 112 1064 0.419176 1.17108 -1.84294 -0.363844 -0.659391 -0.50176 2.22341 0.904954 
5 112 1148 -3.56314 1.50565 -2.50356 0.914028 -0.508283 -1.60655 4.60769 1.91698 
6 112 833 0.0953407 -1.19002 -2.26539 -0.630378 -0.0472481 -0.00171038 2.56071 0.632148 
7 12 138 1.11195 1.15439 3.68797e-05 -0.383626 0.369527 -0.18983 1.60283 0.565469 
8 12 71 0.105066 -2.04644 7.76949e-05 -0.409388 -0.0210247 -0.170714 2.04914 0.444054 
9 22 66 4.12878 5.81643 0.000118834 -2.90067 2.05905 -0.816986 7.13286 3.6498 
10 22 529 1.54735 -4.42116 -0.000379421 -0.797834 -0.27908 -1.76167 4.68412 1.95395 
11 22 260 -0.516582 -0.462722 -4.11402e-05 -0.0151378 0.0169149 -0.170371 0.69352 0.171876 
12 22 609 -1.41076 -4.01556 -6.12778 -0.843964 -0.611232 0.594843 7.46088 1.19988 
13 436 244 -0.0151716 -0.0391082 5.13631e-07 -0.0160302 0.00621906 0.0238029 0.041948 0.0293636 
14 129 244 0.801374 -0.565832 -3.59239e-05 -0.121816 -0.172548 0.35695 0.981003 0.414759 
15 129 250 3.02603 0.402345 -3.9606 -1.77942 0.572959 -1.30133 5.00051 2.27774 
16 37 77 1.18658 -9.27411 0.000158779 1.66514 0.213032 -0.90633 9.34971 1.90775 
17 37 824 -0.0654349 2.56514 -4.08335 0.159259 0.310327 0.192394 4.82265 0.398349 
18 37 438 1.12487 -0.478073 -1.41746 -0.102783 0.109753 -0.118583 1.87165 0.1915 
19 530 237 -1.92753 2.00558 -0.00010123 0.232518 0.223447 -0.428828 2.78167 0.536551 
20 530 312 0.376468 -1.89466 -3.10781e-05 0.210065 0.041745 -0.307869 1.9317 0.375038 
21 530 777 -0.39553 1.04768 -1.94755 0.394909 0.0409164 -0.0581914 2.24656 0.401265 
22 530 658 2.1379 -1.74252 -4.169 -0.749798 -0.0596151 -0.359585 4.99876 0.833698 
23 570 798 0.544399 -0.288037 -0.45969 -0.305523 0.00702971 -0.366227 0.768538 0.476986 
24 52 1260 -0.126385 0.0100394 -0.0147705 0.0115157 0.017048 -0.0869477 0.127641 0.0893485 
25 52 1438 0.567317 0.576649 -1.07598 0.217657 -0.0647452 0.0800622 1.34615 0.240783 
26 52 1086 -0.20334 -1.04151 -1.64024 -0.141206 -0.00819441 0.0227085 1.95358 0.143255 
27 1260 693 -0.812919 1.57344 0.206302 0.58839 0.201602 0.780916 1.78301 0.998337 
28 1260 2226 -0.724965 -1.22742 -0.44006 0.793339 -0.550074 0.227307 1.49191 0.991784 
29 388 1166 -3.88804 1.52209 -1.32004 0.367113 -0.0224967 -1.10723 4.37905 1.16672 
30 388 1310 2.15579 -2.15577 -0.969206 0.00554648 0.123179 -0.261645 3.19909 0.289244 
31 141 34 -1.92096 2.19788 -2.03682 -0.286684 0.45582 0.762241 3.55941 0.933259 
32 141 1048 2.17508 -4.08351 -4.15816 -0.066778 -0.116798 0.0797707 6.22064 0.156411 
33 71 397 -2.39274 -0.233088 -3.78232 0.0804252 -0.0401 -0.0484068 4.48169 0.102076 
34 71 580 0.814063 -1.1371 -1.67605 0.420984 -0.515635 0.554302 2.18285 0.866232 
35 164 139 0.282421 0.617499 2.89344e-05 0.25363 -0.116 -0.00904051 0.679019 0.279044 
36 164 156 -1.33531 0.146768 -2.40908 0.413253 -0.303731 -0.247562 2.75831 0.569489 
37 117 159 1.30266 2.90044 9.11454e-05 0.254545 -0.114311 -0.358076 3.17954 0.453959 
38 117 529 -1.12932 -0.628988 3.35804e-06 -0.0199117 0.0357494 -0.225208 1.29267 0.228895 
39 117 82 0.162629 -3.40236 7.63908e-06 -0.160878 -0.00768874 0.471854 3.40624 0.498585 
40 117 583 -0.802448 2.01165 -2.14125 -0.177058 -0.00649795 0.0602489 3.04559 0.187141 
41 529 185 -2.32394 -2.08176 0.000111469 0.761492 -0.850037 0.815414 3.12 1.40262 
42 529 758 1.71497 0.47571 -3.04014 -0.220469 -0.000983197 -0.124523 3.52276 0.253207 
43 529 220 0.300368 -3.12938 -2.53433 0.425239 -0.333048 0.461645 4.03808 0.710538 
44 260 185 1.00177 -2.862 4.26008e-05 -0.836943 -0.29294 0.639045 3.03226 1.09301 
45 260 609 2.08702 0.484508 -3.08365 -0.444334 1.05016 -0.135723 3.7549 1.14835 
46 260 894 -1.4213 0.154913 -2.40722 -0.391188 -0.0271131 0.229226 2.79978 0.454211 
47 244 246 0.246213 -0.912632 -1.18557e-05 0.0826024 0.022288 -0.25305 0.945261 0.267122 
48 244 668 -0.259991 -0.187194 -0.499396 0.13292 0.0910537 -0.10333 0.593324 0.191404 
49 198 438 -1.1988 1.04091 -1.84103 0.99396 0.316176 -0.468459 2.43105 1.14341 
50 198 542 -0.44636 -0.709139 -0.943321 -0.176082 -0.353781 0.349272 1.26173 0.527406 
51 29 764 0.393856 -0.197151 -0.320641 -0.159356 0.0533298 -0.228534 0.544796 0.283666 
52 414 630 -1.11206 -1.38553 0.000124448 -0.0259896 0.0208621 0.025844 1.77662 0.0421735 
53 414 1086 0.573928 0.371892 -1.05693 0.403955 0.409684 0.363505 1.25889 0.680556 
54 56 707 -0.443865 1.51889 -2.18902 0.386979 0.233127 0.0832913 2.70108 0.459389 
55 56 794 -0.686186 -1.11048 -2.21973 0.264159 -0.4911 0.164028 2.57511 0.581261 
56 523 457 -0.124426 -0.105666 -0.200555 0.0918412 0.0383901 -0.0772057 0.258591 0.125974 
57 236 189 3.81781 -1.94096 0.000188905 -0.31649 -0.622721 -2.01687 4.28287 2.13441 
58 236 457 0.145006 0.0273093 -0.181307 -0.0790365 -0.0626761 -0.0726525 0.233762 0.124312 
59 236 580 -1.47331 0.781571 -1.9988 -0.0424117 0.459065 0.210765 2.60321 0.506913 
60 24 611 0.0422152 -0.0967636 -9.94958e-06 0.0136622 0.00596168 -0.0121487 0.105571 0.0192299 
61 24 397 2.70965 2.00573 -5.30552 -0.961583 -0.075018 -0.519462 6.28599 1.0955 
62 24 514 -1.08127 -3.27 -4.26404 0.405047 0.376293 -0.391282 5.48125 0.677319 
63 82 297 -0.38742 -2.44123 -6.78189e-05 0.144789 -0.0229706 -0.263363 2.47178 0.301416 
64 82 187 0.551498 -0.810257 -1.57431 -0.260767 -0.0152752 -0.083488 1.85448 0.274232 
65 185 51 2.58199 -4.35623 -0.000104394 -0.881242 -0.5223 -0.947573 5.06393 1.39545 
66 185 32 -0.339033 -0.494304 -3.32962e-05 -0.158822 0.108939 -0.0956812 0.599399 0.215051 
67 185 489 -1.90687 -0.963654 -3.13792 0.393906 0.434055 -0.372669 3.79623 0.694584 
68 246 32 0.604473 -0.815241 5.23633e-06 0.157394 0.116705 0.384147 1.01489 0.431233 
69 246 344 -0.208331 -0.426616 -0.573923 -0.295288 0.177838 -0.0250049 0.744843 0.34561 
70 77 47 -1.16891 -1.54969 -0.000102544 -0.00106061 0.000771762 0.426832 1.9411 0.426834 
71 77 542 7.7322 -3.19898 -9.42436 -1.46557 -2.37498 -0.396266 12.6031 2.81877 
72 312 331 1.80703 -1.38158 -3.31162 0.456024 -0.10614 0.293117 4.01758 0.552396 
73 312 413 -1.57607 -2.5541 -1.76938 -0.282103 0.700828 -0.760362 3.48398 1.07186 
74 630 2226 -0.535875 1.59617 -0.758487 1.03901 0.325706 -0.0486438 1.84668 1.08995 
75 630 648 0.851669 -0.0141635 -0.604305 -0.211973 -0.247776 -0.292934 1.04438 0.438333 
76 630 1310 -3.94573 0.487737 -1.2641 0.212063 -0.550309 -0.874255 4.17189 1.05458 
77 630 1612 -1.16961 -1.5688 -3.39295 0.441036 -0.0800502 -0.115019 3.91678 0.462763 
78 868 144 0.579028 -1.28801 2.80226e-05 0.0913043 0.0410499 0.174457 1.41218 0.201138 
79 868 606 -0.785515 0.970259 -0.609093 0.086092 0.14916 0.126577 1.38904 0.213734 
80 189 462 0.518993 -0.51365 -5.20814e-05 0.0653445 0.0660558 -0.311256 0.730199 0.324828 
81 189 457 -0.00767153 0.0161319 -0.0219522 -0.0117415 -0.0144404 -0.00650853 0.0283018 0.0197167 
82 189 469 -1.89727 -6.40046 -8.95932 3.51849 0.578235 -1.15818 11.173 3.74906 
83 611 21 -0.14356 -0.192701 -4.44877e-07 0.0148165 -0.0110382 0.0165703 0.240298 0.0248182 
84 611 633 0.376574 -0.0107973 -1.06835 -0.0987711 0.0203188 -0.0350204 1.13283 0.106747 
85 297 51 -1.08411 -0.0298737 4.65303e-05 0.00678164 -0.246278 -0.112312 1.08452 0.270763 
86 297 8 1.14774 -1.98724 0.000208921 -0.298073 -0.172131 0.206352 2.29487 0.40132 
87 51 350 0.312846 -0.914233 -2.82801e-05 -0.183966 -0.0629572 0.15749 0.966279 0.25022 
88 51 345 -2.56745 -2.07712 -5.1274 1.38742 -1.64056 -0.0301326 6.09889 2.14879 
89 32 466 -0.114013 -0.68209 -0.303139 0.147933 -0.0830548 0.131242 0.755075 0.214492 
90 47 352 0.0439309 -0.346159 -7.35718e-06 -0.000390755 -4.83523e-05 -0.0582578 0.348936 0.0582592 
91 47 612 0.651147 -1.07663 -2.44933 -0.796782 0.0411176 -0.229895 2.75361 0.830304 
92 31 290 -0.780144 0.117029 -5.9768e-05 -5.62548e-05 -0.000383908 -0.0174288 0.788873 0.0174331 
93 31 764 -0.143028 0.828147 -0.611938 0.303665 0.0315567 -0.0282694 1.03959 0.306606 
94 31 413 4.15552 1.43361 -2.59185 -1.27017 0.963904 -1.50331 5.10306 2.19143 
95 31 610 -0.0929518 -2.54585 -3.92411 -0.0315101 -0.577811 0.375613 4.67853 0.689887 
96 290 648 -0.650752 0.268688 -0.499395 0.00666028 -0.084232 -0.0539979 0.863173 0.100275 
97 290 628 0.0512266 -0.0315362 -0.292277 0.0512827 -0.00501751 0.00952955 0.298404 0.0524014 
98 504 287 2.08144 -0.555433 5.00381e-05 -0.129553 -0.485562 -0.808903 2.15427 0.952302 
99 504 1310 -0.633807 1.78264 -0.60141 0.153338 0.12693 0.214634 1.98525 0.292731 
100 144 504 1.29423 1.16329 -8.45496e-06 -0.242129 0.269387 0.525764 1.74019 0.638454 
101 144 278 -2.64546 -0.782864 0.000120033 -0.0341587 0.115429 0.00139563 2.75886 0.120386 
102 144 96 0.202433 -2.33972 2.7889e-05 -0.164725 -0.0142636 -0.9651 2.34846 0.979161 
103 144 1652 0.296839 0.272636 -0.698178 0.0929226 -0.0616268 0.0154421 0.806161 0.112565 
104 144 722 -0.155401 -0.415238 -0.666626 0.0711789 -0.0525325 0.0161293 0.800601 0.0899236 
105 148 1194 -1.14846 1.41111 -2.47956 0.434785 -0.763494 -0.635882 3.07546 1.08458 
106 148 375 -0.259064 -0.325779 -0.257436 0.0831554 0.0212109 -0.110523 0.489407 0.139929 
107 462 582 1.38148 -0.292541 -1.27861 -0.269203 -0.341384 -0.212756 1.90497 0.484023 
108 160 81 0.663742 -0.530526 -3.32838e-05 -0.164595 -0.205932 0.106025 0.849712 0.284149 
109 160 424 -0.0653336 -0.659389 -0.288855 -0.0108905 -0.0185583 0.0448276 0.722842 0.0497245 
110 160 536 -0.977908 0.658148 -4.97813 0.0328337 0.288365 0.0316742 5.11578 0.291951 
111 21 317 -0.359243 0.0967448 -0.422063 0.0881806 0.0970542 -0.0528091 0.562629 0.141365 
112 21 330 0.261914 -0.446826 -0.312612 -0.105226 -0.017362 -0.0633449 0.604962 0.124043 
113 48 344 0.0733873 1.05456 -1.27826 0.0840702 -0.500891 -0.408408 1.65874 0.651734 
114 48 374 -1.08348 -2.68125 -5.82427 0.354629 1.09431 -0.569745 6.5027 1.2837 
115 48 466 0.22911 -0.148488 -0.119704 -0.000125516 0.00207359 -0.00281244 0.298109 0.00349647 
116 243 644 0.969241 0.412697 -1.99653 -0.405712 -0.239395 -0.246443 2.25741 0.531645 
117 352 479 0.529296 -0.172434 -0.500313 -0.0877524 -0.0640258 -0.0707692 0.748466 0.129646 
118 352 538 -0.461692 -0.172938 -0.397051 0.0693398 0.0205769 -0.0895908 0.633022 0.115143 
119 109 532 1.71283 -0.390403 -3.26794e-05 0.00896354 0.0393655 -0.472982 1.75676 0.474702 
120 109 338 -2.52355 0.184437 -1.93986 0.384244 -0.339219 -0.532111 3.18832 0.73882 
121 287 338 4.77614 -1.21369 -3.77834 -0.915471 -0.35634 -1.04277 6.2097 1.43263 
122 278 664 0.15196 0.400142 -0.489081 0.0661073 -0.0490261 -0.019571 0.649927 0.0845976 
123 278 1032 -1.28595 -3.62377 -5.56276 -0.886077 1.08783 -0.503816 6.76237 1.49075 
124 591 618 -1.11897 -0.187628 4.88455e-05 -0.0122376 0.0728119 -0.654069 1.1346 0.658223 
125 591 180 0.124877 -0.0618824 -2.97665e-06 -0.00395294 -0.00797771 0.0155494 0.139369 0.017918 
126 591 582 -0.49115 1.16414 -1.14408 0.437346 -0.423446 -0.618623 1.70451 0.867913 
127 618 439 -1.29178 -0.0756898 -1.57673 -0.135489 -0.153944 0.118393 2.03973 0.236797 
128 618 455 2.08821 -3.15375 -4.48889 -1.38008 1.09988 -1.41475 5.87 2.26183 
129 81 439 0.362178 -0.745047 -1.00922 0.0231197 0.0219173 -0.00788328 1.30567 0.0328182 
130 8 317 0.0606932 0.080036 -0.113978 -0.0370509 -0.00632316 -0.0241698 0.151922 0.0446871 
131 8 518 -2.91676 -1.24451 -7.96956 1.25116 -0.164419 -0.432233 8.5773 1.33389 
132 350 73 0.0323131 -0.0443948 8.36063e-07 -0.00780001 -0.00567738 -0.0039803 0.0549094 0.0104363 
133 350 126 -0.399339 -0.879543 -0.686407 0.374782 -0.0293818 -0.180392 1.185 0.416972 
134 427 106 0.281447 -0.128777 1.32185e-05 -0.0047982 -0.0104929 -0.0606683 0.309509 0.0617557 
135 427 773 -0.146471 -0.902464 -2.21266 -0.0234776 0.484821 -0.196187 2.39411 0.523538 
136 532 538 2.0167 -0.36627 -1.65078 0.103647 0.0215616 0.121839 2.63179 0.161408 
137 193 144 -1.51148 0.706502 2.26965e-05 -0.114806 -0.245625 0.31099 1.66845 0.412586 
138 193 686 2.17827 -0.293377 -0.952948 -0.146496 -0.443424 -0.198351 2.39563 0.507374 
139 96 453 -3.0532 -1.01293 -8.20736e-05 0.0142574 -0.0429183 -0.701973 3.21684 0.703429 
140 96 722 -0.0529285 0.0901846 -0.15723 0.0301041 0.0303128 0.00725295 0.188828 0.0433327 
141 96 1082 1.06656 -2.51867 -3.74403 0.814238 0.0218843 0.217229 4.6367 0.843001 
142 453 33 -2.34793 -1.59994 0.000161616 -0.0973563 0.142891 0.19493 2.84123 0.260565 
143 453 1032 -0.54477 0.935902 -1.56605 -0.213622 -0.426406 -0.180517 1.904 0.509943 
144 180 33 0.0132504 -0.176974 1.10767e-05 0.0381424 0.00284839 -0.118115 0.17747 0.124154 
145 180 375 -0.0225755 0.139289 -0.0872667 0.054234 -0.0479932 -0.0906335 0.165911 0.116013 
146 123 455 -1.9679 1.01972 -2.62997 0.748346 -0.254301 -0.658556 3.43936 1.02878 
147 123 399 -0.0814933 -0.394285 -0.469586 0.0382388 -0.029463 0.0181023 0.618557 0.0515555 
148 116 424 -0.22174 0.299287 -0.162384 0.0830424 0.0467245 -0.02728 0.406337 0.0991132 
149 116 389 -2.6846 -1.67174 -6.12278 1.19955 0.0334344 -0.535086 6.89132 1.31391 
150 186 424 0.269378 0.178114 -0.14077 -0.0250272 0.0968781 0.0746865 0.352286 0.124859 
151 186 330 -0.860315 0.471462 -0.592169 0.135916 0.0139283 -0.186373 1.1459 0.231089 
152 186 59 -0.191433 -1.43956 -2.14325 0.210485 0.185527 -0.143414 2.58892 0.315106 
153 115 192 0.281985 -0.180146 -1.41235e-05 -0.0484421 -0.0758267 -0.00444788 0.334617 0.0900894 
154 115 242 -0.916406 2.67912 -5.5899 1.1877 -0.200399 -0.290758 6.26614 1.23909 
155 115 495 -1.8649 -1.77653 -0.769479 0.468761 -0.362024 -0.300263 2.68813 0.664045 
156 73 495 0.0851056 -0.104988 -0.0403685 -0.0118663 -0.00567137 -0.010267 0.14105 0.0166849 
157 73 851 -0.112291 -0.459102 -2.45511 0.0683713 0.284096 -0.0562528 2.50019 0.297573 
158 158 401 0.331619 -1.13399 3.82761e-05 0.151883 0.0444009 -0.45802 1.18148 0.484584 
159 158 466 -0.373357 0.773513 -0.376517 0.13397 0.136045 0.146643 0.937807 0.24075 
160 158 126 1.19621 0.00622522 -0.85007 -0.421353 -0.305809 -0.595166 1.46751 0.790747 
161 106 396 1.89212 -0.482163 -6.58343 -0.56832 0.284847 -0.184201 6.86689 0.661858 
162 229 810 1.91897 1.10261 -3.50619 -0.388715 0.120858 -0.174741 4.14627 0.44299 
163 229 512 0.045536 -3.20672 -1.30952 -0.433788 0.436161 -1.08315 3.46409 1.24564 
164 122 1079 1.85078 1.09847 -3.41741 -0.100099 -0.128284 -0.0954461 4.03866 0.188644 
165 122 335 -2.87714 -0.227475 -1.74504 0.343619 0.763002 -0.666002 3.37267 1.06949 
166 122 526 -0.674265 -5.13835 -5.56977 1.37825 0.958381 -1.051 7.60786 1.98057 
167 63 686 -0.968701 0.419851 -0.457792 -0.112272 -0.136179 0.112678 1.15075 0.209394 
168 63 335 1.7017 -1.37976 -1.32433 0.434672 0.956613 -0.438119 2.55995 1.13842 
169 63 1124 -0.7876 -0.757 -2.76963 -0.128196 -0.23386 0.100374 2.97728 0.284955 
170 640 915 -0.148493 -0.0571932 -0.348542 0.0175523 -0.0803202 0.005702 0.383149 0.0824132 
171 640 1234 0.675591 -1.08054 -1.00136 -0.149661 0.47898 -0.617827 1.62071 0.795946 
172 33 235 -0.14861 -0.139095 -1.08908e-05 -0.0285509 0.0305087 -0.0614473 0.203549 0.0743082 
173 33 310 -1.33922 1.54674 -2.57369 -0.087871 0.360707 0.262503 3.28783 0.454685 
174 33 477 0.307878 -3.68598 -4.07282 -0.547521 -0.0417189 -0.00363263 5.50174 0.54912 
175 111 91 1.81185 -2.75669 7.21064e-05 0.32888 0.216192 1.26619 3.29881 1.32594 
176 111 547 -2.43641 2.77259 -3.51872 -0.314005 0.198435 0.373778 5.09948 0.526959 
177 248 59 -3.51515 3.385 -7.20605 -0.441884 1.09947 0.732023 8.70296 1.39282 
178 248 316 2.7118 -7.56174 -5.47172 -0.10028 0.316254 -0.486753 9.71975 0.589068 
179 192 367 -1.75707 -1.52021 -1.44033 0.719729 0.398344 -1.29844 2.73366 1.53709 
180 277 495 3.25952 0.690534 -0.995632 -0.344326 0.460454 -0.807907 3.47744 0.99161 
181 277 155 -4.08573 0.698204 -8.43869 0.357975 1.12687 -0.0800834 9.40171 1.18507 
182 277 67 1.45608 -3.19959 -2.54835 0.530944 0.184962 0.071141 4.34185 0.566722 
183 401 614 -1.41755 2.30174 -4.52154 0.774745 -1.58629 -1.05041 5.268 2.05424 
184 401 178 0.349624 -0.587291 -0.154533 0.0509435 0.058787 -0.108159 0.700733 0.133227 
185 162 635 1.77712 0.442373 -2.64692 -0.001736 1.03601 0.171981 3.2187 1.05019 
186 162 571 -0.454847 0.191608 -0.402889 -0.11307 -0.290286 -0.0104033 0.637118 0.311703 
187 162 831 -0.353987 -0.941793 -1.3677 -0.334732 -0.476304 0.414616 1.69791 0.714715 
188 1 571 0.676228 0.695478 -0.791815 -0.0432378 0.040861 -0.0010364 1.25218 0.0594997 
189 1 527 0.180155 -1.34562 -1.3487 -0.416313 0.180749 -0.235946 1.91367 0.511525 
190 204 252 -2.08007 -3.0514 -1.58236e-06 -0.496711 0.338596 0.588029 3.69293 0.84092 
191 204 335 2.84107 2.92999 -2.467 -0.0018071 0.118804 0.13902 4.76892 0.182877 
192 124 1284 -2.05933 0.762524 -2.92743 0.847286 0.228508 -0.53651 3.65952 1.02857 
193 124 922 0.563508 -1.65807 -2.19611 0.0665873 0.306953 -0.214665 2.80886 0.38044 
194 235 399 -0.280681 0.318082 -0.494735 -0.00488942 0.00723726 0.00742702 0.651706 0.0114649 
195 235 486 -0.126975 -0.504883 -0.768609 0.0891659 -0.0250638 0.00173362 0.928326 0.0926378 
196 478 509 -0.501644 -1.6704 -1.66537 0.399292 0.524455 -0.646316 2.4115 0.923153 
197 478 701 -0.0604103 0.252405 -0.935248 -0.0457849 -0.0164541 -0.00148328 0.970591 0.0486744 
198 2 367 1.18167 0.864358 -0.907627 -0.0724514 -0.644771 -0.70836 1.72257 0.9606 
199 2 495 -0.154354 0.69504 -0.212681 0.120913 0.0222936 -0.014898 0.74306 0.123851 
200 2 67 -2.29791 -0.00025158 -1.66542 0.586896 -0.156665 -0.809761 2.83795 1.01228 
201 2 289 -0.130017 -0.509519 -0.281025 0.0805347 0.0538845 -0.134956 0.596229 0.16614 
202 305 211 0.1683 -0.260106 1.54023e-05 -0.0150195 -0.00971973 -0.0237179 0.309806 0.0297085 
203 305 565 -0.144307 0.241476 -0.487997 0.00837478 -0.00305068 -0.00398611 0.563273 0.00976385 
204 199 254 -0.905066 -0.621071 2.59627e-05 0.168077 -0.244914 0.443448 1.09767 0.53374 
205 199 831 0.48122 1.01259 -1.52414 0.573112 0.349864 0.41339 1.89207 0.788514 
206 199 527 -1.42015 0.268998 -1.43604 0.157794 -0.545922 -0.25831 2.03749 0.624222 
207 199 311 1.67471 -1.7157 -2.79608 -0.344494 0.504696 -0.51602 3.68325 0.799795 
208 196 526 0.761656 0.940187 -1.29987 -0.227406 -0.473221 -0.475527 1.77587 0.708363 
209 196 373 -0.235335 -0.0741994 -0.206608 0.0342607 0.0430642 -0.05449 0.321831 0.0774434 
210 252 258 -1.07989 -0.909261 0.000213154 -0.162722 0.193335 0.324953 1.41171 0.411645 
211 252 14 1.17842 -1.58706 3.12577e-05 0.0711638 0.0528441 0.182723 1.97673 0.203087 
212 252 373 0.337871 0.032201 -0.284179 -0.0443516 -0.0306339 -0.0562024 0.442664 0.077873 
213 252 268 -2.70719 0.969984 -1.07628 -0.14588 -0.62924 -0.200161 3.07052 0.676231 
214 206 298 0.48814 -0.51308 -1.57825e-05 0.0466847 0.0444106 0.15965 0.708189 0.172162 
215 206 1234 1.06511 1.23812 -1.28344 -0.511059 -0.0405879 -0.463276 2.07717 0.69098 
216 206 525 -0.480884 -0.0153738 -0.439831 0.178289 0.0759942 -0.197586 0.651872 0.276771 
217 206 62 0.121003 -1.68587 -1.98813 -0.272906 0.499069 -0.439805 2.60949 0.71901 
218 153 476 -0.0939405 -0.0475701 1.82912e-07 -0.0118773 0.0234552 0.0248665 0.105298 0.0361878 
219 153 525 0.537062 -0.0375345 -0.492108 -0.172319 -0.0276071 -0.185955 0.729393 0.25502 
220 91 476 1.11884 -0.977606 -4.82869e-05 -0.243523 -0.278718 0.241566 1.48577 0.441974 
221 91 420 -0.98595 1.02052 -2.59591 0.492249 -0.709312 -0.465811 2.95843 0.981026 
222 113 905 0.10283 0.859257 -1.64058 -0.84533 0.0323029 -0.0360655 1.85484 0.846716 
223 113 391 4.29189 -3.47706 -4.60634 -0.995599 1.00884 -1.68915 7.19226 2.20504 
224 238 316 0.645406 3.92 -2.70523 -0.584031 -0.501289 -0.865725 4.80638 1.15839 
225 238 490 -0.32148 -1.2279 -1.45293 -0.0893764 -0.490696 0.434472 1.92927 0.661466 
226 222 44 -0.0139699 -0.770655 -0.446812 0.140026 0.0592014 -0.106488 0.890923 0.185611 
227 222 562 -1.1245 1.15434 -5.4178 0.136859 -0.382101 -0.109818 5.6524 0.420466 
228 75 67 0.501466 1.33333 -1.03234 -0.0943058 0.215111 0.232019 1.75925 0.33015 
229 75 178 -0.478578 0.495869 -0.15579 0.0674936 0.032434 -0.104101 0.706536 0.128236 
230 75 289 0.335293 -0.0369433 -0.180261 -0.0126897 -0.111874 -0.000675561 0.382466 0.112593 
231 75 119 -0.784608 -1.92149 -0.990962 0.282755 -0.11958 0.00799103 2.29994 0.307105 
232 211 225 0.0570239 -2.42456 -2.81203e-05 0.982858 0.0231166 -0.0455204 2.42523 0.984184 
233 211 214 1.52144 0.185236 -2.90413 -0.0933229 -0.102847 -0.0554508 3.28376 0.149537 
234 211 19 -2.72392 0.347228 -2.28072 0.296005 0.820415 -0.228622 3.5696 0.901647 
235 254 527 0.0730376 0.39964 -0.403642 0.151162 -0.0234868 0.00409827 0.57269 0.153031 
236 254 323 1.63315 -2.04156 -4.25273 0.155558 0.501629 -0.181074 4.99208 0.555534 
237 254 761 -2.52806 -1.26618 -2.40356 0.24346 0.200868 -0.361888 3.71098 0.480191 
238 88 512 1.39479 1.97546 -0.987456 -0.845741 0.143671 -0.907199 2.61208 1.24857 
239 88 775 -1.2559 -2.58418 -4.86486 0.943695 0.589934 -0.556991 5.64997 1.24452 
240 258 298 -4.88418 -2.35126 -0.000778409 -0.628567 1.30633 -1.90618 5.42067 2.39481 
241 258 803 9.1089 -1.99053 -10.0334 -1.85173 2.8531 -2.24714 13.6968 4.07661 
242 258 318 -0.874945 -1.98993 -2.52082 -0.372661 -0.144437 0.243364 3.32865 0.467937 
243 298 89 0.480714 -0.679784 8.09262e-06 -0.0728416 -0.0515111 -0.0569253 0.832582 0.105829 
244 298 203 -1.64864 -1.40829 -7.70062e-05 0.0566122 -0.0662575 -0.30617 2.16825 0.318332 
245 298 62 -3.75452 0.45817 -4.4491 -0.821454 -0.540863 0.637514 5.8396 1.17207 
246 263 203 1.45384 -1.11616 -0.000183877 0.408343 0.531902 -0.11869 1.83288 0.680993 
247 263 599 -6.88092 -1.03433 -5.71781 1.61679 0.880013 -2.10487 9.00612 2.79623 
248 263 50 -0.0544782 -1.16886 -0.872372 0.0651324 0.0608109 -0.0855457 1.45953 0.123524 
249 476 174 0.2871 -1.62115 7.60939e-05 0.336851 0.0596279 -0.579242 1.64638 0.672715 
250 154 15 -0.0328454 -0.0731528 3.27722e-06 -0.00676446 0.00303702 -0.00445789 0.0801882 0.00865183 
251 154 549 0.10088 0.162234 -0.428874 -0.0101447 -0.0792869 -0.0323789 0.469499 0.0862422 
252 130 509 -0.451868 2.59346 -2.51453 0.0790667 -0.128515 -0.146758 3.64048 0.210489 
253 130 490 2.12547 0.090165 -2.436 1.05022 -0.226943 0.907946 3.23417 1.40671 
254 130 44 -0.0529966 -0.00456199 -0.0308417 0.00271471 -0.00409798 -0.00405865 0.0614871 0.00637462 
255 130 231 1.60084 -9.93738 -6.37126 -2.84356 2.07095 -3.94457 11.9125 5.28529 
256 125 619 -4.72985 -1.10561 0.000271664 0.0822357 -0.351325 1.9716 4.85735 2.00434 
257 125 19 5.70716 1.96892 -5.01446 -0.139863 0.575117 0.0666355 7.84813 0.595619 
258 125 233 0.560736 -1.20299 -0.764975 0.283355 -0.0588929 0.300317 1.53193 0.417072 
259 619 161 -1.7894 -1.1269 -0.000165284 0.0804047 -0.127695 0.143946 2.11468 0.208546 
260 619 311 0.657888 1.18781 -1.58363 -0.0383407 0.0346943 0.0100946 2.08605 0.052684 
261 619 209 0.823831 -3.4123 -4.79463 -0.615668 1.02513 -0.835362 5.9423 1.45869 
262 266 170 -0.253882 -0.308388 2.11811e-05 0.0652401 -0.0537156 -0.0945869 0.399449 0.12684 
263 266 761 1.38269 0.482714 -1.24474 -0.459141 -0.183097 -0.581033 1.92203 0.762846 
264 14 306 2.09915 -2.14954 -2.72111 -0.216581 0.261594 -0.373724 4.05356 0.504983 
265 203 100 0.96968 -1.70083 0.000131634 -0.677826 -0.386435 0.10912 1.95783 0.787837 
266 174 473 -0.131463 -3.12789 -5.87824 0.200084 0.290526 -0.159067 6.65993 0.386964 
267 507 426 0.197294 0.0586282 -0.437695 0.132236 -0.181023 0.0353588 0.483672 0.226949 
268 507 231 -2.27608 -0.192782 -1.44524 0.620655 -0.120108 -0.961434 2.70304 1.15065 
269 539 44 0.027445 0.496976 -0.288528 0.135928 -0.111203 -0.178613 0.575315 0.25049 
270 539 240 -1.28972 0.214297 -1.71506 -0.233291 0.359593 0.220365 2.15655 0.481967 
271 539 551 0.654562 -2.81894 -3.67594 0.710967 0.646811 -0.369416 4.6784 1.02971 
272 208 176 -0.0159196 -0.262371 -6.09778e-07 0.0258584 -0.00156897 -0.00599422 0.262854 0.0265904 
273 208 289 -0.0101913 0.41718 -0.222991 -0.0525733 -0.0477258 -0.0868847 0.473147 0.112208 
274 225 205 -0.493562 -0.474555 -2.77184e-06 -0.117767 0.122482 0.19415 0.684693 0.258002 
275 225 119 2.24799 0.706566 -1.12515 -0.151848 -0.143205 -0.393313 2.61125 0.445265 
276 225 560 0.753101 -1.29533 -1.97662 -0.229054 -0.603894 0.308477 2.48034 0.715759 
277 225 429 -0.380861 0.408467 -1.30117 0.204404 -0.0832156 -0.0859537 1.41596 0.236842 
278 239 209 -1.50699 1.35792 -2.76997 0.620575 -0.275044 -0.472455 3.43332 0.827028 
279 239 18 0.34578 -0.535298 -0.466396 0.0452048 -0.000176829 0.0337172 0.789704 0.0563946 
280 161 588 -2.3645 -1.03438 8.99519e-05 -0.108789 0.248633 -0.570262 2.58085 0.631548 
281 161 40 0.504066 -0.903686 -0.0896649 0.129151 0.0894006 -0.174977 1.03864 0.235138 
282 161 494 -0.131726 -0.0774146 -0.262131 -0.0334106 -0.0204125 0.0228179 0.303409 0.0453166 
283 588 494 0.14797 0.0447082 -0.265239 0.0186173 0.0230359 0.014269 0.306994 0.0328764 
284 588 361 -2.55917 -1.94166 -5.02711 -0.457128 0.603492 -0.000379803 5.96584 0.757079 
285 170 928 0.13333 0.265777 -0.515199 0.195184 0.00749516 0.054379 0.594848 0.202756 
286 170 586 -0.470031 -5.68805 -4.38521 0.347616 1.87454 -2.46872 7.19757 3.11918 
287 13 228 0.00327428 -0.0103531 7.87057e-10 0.000707639 0.000223798 0.00362414 0.0108585 0.00369935 
288 89 38 -1.05674 -0.577919 -2.30436 -0.910159 0.305744 0.340706 2.60015 1.0188 
289 89 517 1.53194 -1.26433 -1.9596 0.851895 0.314812 0.462863 2.79024 1.01935 
290 100 295 -4.27153 -0.235028 5.41974e-05 -0.0124861 0.226856 -0.319707 4.27799 0.392214 
291 100 394 6.19179 -2.01968 0.00071428 0.438602 1.34503 1.13975 6.51287 1.81674 
292 100 750 -3.51346 1.07525 -5.83888 -0.0134192 -1.16776 -0.206972 6.89878 1.18603 
293 100 483 0.124562 -0.351038 -0.260476 0.00599432 0.0080144 -0.00793431 0.454523 0.0127717 
294 295 50 -2.40711 5.38118 -4.39511 -1.36136 -1.67587 -1.30627 7.35311 2.52352 
295 295 750 0.0525528 0.0226443 -0.0909176 -0.0131866 0.00612587 -0.00609644 0.107427 0.0157664 
296 295 577 -0.0781685 -1.19944 -1.46164 -0.0744899 -0.0936125 0.0808035 1.8924 0.144365 
297 15 613 -2.31911 -0.273971 -4.05565 0.903972 -0.238865 -0.500774 4.67992 1.06066 
298 291 348 -8.5809 -2.62035 -8.34667 3.43066 0.250236 -3.60549 12.2542 4.98313 
299 104 102 3.54543 -3.24274 -0.000276927 0.16844 0.184321 -1.85455 4.80473 1.87128 
300 104 231 -1.43845 5.33644 -3.49764 -0.446498 -1.65106 -2.33544 6.54066 2.89476 
301 104 348 0.907707 0.101176 -0.849417 -0.249886 -0.128214 -0.282306 1.24727 0.39822 
302 176 440 0.0939274 -0.236735 6.38855e-06 0.0344307 0.0136598 -0.0351619 0.254688 0.0510727 
303 176 300 -0.12112 -0.129495 3.91187e-06 -0.0065498 0.00612459 -0.0527257 0.17731 0.0534828 
304 282 119 -0.0336279 0.822566 -0.393119 0.0954698 -0.0125961 -0.0345228 0.912298 0.102298 
305 282 560 -3.17051 0.580776 -4.25292 0.365756 0.34134 -0.226054 5.33636 0.548991 
306 282 593 1.84045 -1.35193 -2.98072 0.513093 -0.0673192 0.347343 3.75495 0.623252 
307 205 233 -0.853348 1.50726 -0.998306 0.15757 0.207173 0.178102 1.99916 0.315387 
308 205 378 0.659031 -1.27195 -3.01063 -0.0696915 -0.259688 0.0944589 3.33408 0.284986 
309 40 249 0.759946 -0.748769 0.0925295 -0.110546 -0.0908982 0.172347 1.07086 0.224023 
310 140 114 1.43191 0.494471 -6.59481 -0.487037 -0.326412 -0.130223 6.76657 0.600589 
311 447 267 -0.465795 -0.717707 -0.000103469 0.152795 -0.0991229 -0.292206 0.85561 0.34432 
312 447 361 0.74435 4.48469 -7.11716 1.92509 -1.4381 -0.704845 8.44515 2.50418 
313 447 586 -5.48372 0.731996 -4.2513 0.183333 -1.42296 -0.481488 6.97715 1.51336 
314 272 394 -1.53717 -0.159244 0.000209127 -0.0372894 0.360838 0.67601 1.54539 0.767192 
315 272 433 1.07255 -0.226374 -3.8958 0.640214 0.06265 0.172617 4.04708 0.66603 
316 587 195 0.861373 -0.306094 2.61122e-06 0.0929122 0.261463 0.124173 0.914143 0.303998 
317 587 505 -0.196485 0.154496 -0.302092 0.0888879 0.0358159 -0.039497 0.39209 0.103653 
318 587 234 -1.23024 -1.52177 -1.6317 -0.104984 0.61772 -0.496947 2.54788 0.799722 
319 30 234 2.29868 -2.5201 -2.84469 0.41657 -0.159532 0.477943 4.44152 0.653766 
320 30 492 -2.59101 -0.977442 -4.90557 -0.478429 1.70356 -0.0867418 5.63323 1.77159 
321 480 102 -4.7659 -0.0911689 0.674504 -0.0130398 0.661623 -0.00270827 4.81425 0.661757 
322 480 92 5.01101 -0.988911 0.722989 0.0984856 0.523455 0.0333875 5.15857 0.533685 
323 480 604 -0.189696 0.237156 -0.836602 -0.120971 -0.357738 -0.0739801 0.890017 0.384816 
324 102 219 -0.720372 -5.11545 -3.08741 0.508432 0.620183 -1.1462 6.01821 1.39889 
325 28 279 -0.127055 -1.22454 -9.66329e-06 -0.583006 0.0604875 0.445542 1.23112 0.736249 
326 28 551 -1.45483 3.54496 -4.86746 0.551882 -0.129592 -0.259333 6.19479 0.623395 
327 28 314 1.76097 -1.05637 -1.28189 0.134194 -0.195714 0.345629 2.42078 0.419251 
328 440 646 1.18026 -0.601869 -2.1664 -0.0405589 0.411534 -0.136429 2.5394 0.435452 
329 440 57 -0.409257 -0.264053 -0.44456 -0.0925138 -0.0629937 0.122583 0.65943 0.165993 
330 300 428 -1.61176 -0.195666 -1.65188 0.51567 0.0997057 -0.514957 2.31619 0.735553 
331 300 57 0.105725 -0.146992 -0.165267 0.00908252 0.00984324 -0.0029445 0.245149 0.0137132 
332 27 281 0.509206 -1.50894 -3.57855e-05 -0.467326 -0.157704 0.0124998 1.59254 0.493376 
333 27 18 -0.712286 0.992211 -0.893974 0.075487 0.0976643 0.0482511 1.51361 0.132532 
334 27 213 2.08873 -2.0233 -4.38936 -0.261006 1.24092 -0.696213 5.26527 1.44663 
335 249 18 3.4524 2.3545 -3.059 -0.157204 -0.241129 -0.363017 5.17882 0.46329 
336 249 137 -2.75596 -0.970639 -1.03959 -0.0712941 -0.203796 0.379279 3.10132 0.436427 
337 249 451 1.92681 -2.39849 -2.73394 -0.230128 0.184385 -0.323949 4.11579 0.438063 
338 249 336 -0.499735 0.425223 -1.46083 0.214428 -0.13709 -0.113258 1.60142 0.278569 
339 394 517 2.86271 3.62826 -4.56153 0.0541816 0.892447 0.74386 6.49361 1.16307 
340 394 128 4.99386 -5.56288 -9.48602 -0.840989 0.298804 -0.617961 12.0776 1.08555 
341 227 134 0.0188852 0.00504042 2.47048e-09 0.00040095 -0.00150226 -0.0075422 0.0195463 0.0077008 
342 195 577 -0.144509 0.32723 -0.43492 0.199046 -0.0440218 -0.0992579 0.563132 0.226736 
343 195 372 -0.861794 -0.883183 -1.44638 0.702079 0.17652 -0.526105 1.90124 0.894908 
344 92 450 -0.331712 5.05448 -4.7426 2.8457 -1.51999 -1.81898 6.93903 3.70366 
345 92 546 -0.171061 -0.519846 -0.519663 0.0360349 -0.103717 0.0918919 0.754686 0.143178 
346 279 299 1.07974 -0.781405 -0.676981 -0.122287 0.496126 -0.767692 1.4949 0.922196 
347 279 49 -1.81039 -1.30537 -2.58347 0.44456 0.0876328 -0.355807 3.41406 0.576118 
348 281 567 -0.0941222 -0.0647091 -0.150065 -0.0029762 -0.0198608 0.0104308 0.188589 0.0226299 
349 281 292 0.711468 -4.41526 -1.50778 0.213863 0.724051 -2.01934 4.71955 2.15586 
350 302 137 2.79312 1.39297 -1.11042 0.213911 -0.149718 0.350254 3.31284 0.436865 
351 302 629 -1.2613 1.36302 -1.95712 -0.665562 -0.392152 0.155822 2.69796 0.788059 
352 302 456 0.523289 -2.33779 -3.61772 -0.821953 0.310206 -0.319348 4.33901 0.934782 
353 267 86 -0.377866 -0.10514 -1.31186e-06 0.0331807 -0.11925 0.0317882 0.392221 0.127797 
354 267 631 0.928405 -0.882539 -0.647288 -0.459403 -0.177219 -0.417294 1.4352 0.645439 
355 86 107 -0.16108 -0.0613212 -5.85292e-07 -0.0132044 0.0346847 0.0893786 0.172357 0.0967777 
356 86 105 0.234322 -0.252665 -0.346405 -0.150316 0.0180558 -0.114849 0.488614 0.19003 
357 107 134 -0.055484 0.0189171 -2.84248e-08 -0.00414149 -0.012147 0.0219812 0.0586202 0.0254534 
358 17 434 -1.48462 0.0968233 -0.000113172 0.0202324 0.310664 0.372749 1.48777 0.485657 
359 17 642 6.82639 1.44882 -5.02907 -1.93721 -0.321571 -2.72218 8.60176 3.35655 
360 17 857 -0.259139 -1.01704 -1.0715 0.249125 0.108226 -0.162976 1.49988 0.316761 
361 434 461 -1.33525 0.690397 -0.348314 -0.0603505 -0.264574 -0.293064 1.54301 0.399409 
362 41 781 -0.448639 0.74446 -2.20278 0.241514 -0.381123 -0.177995 2.36807 0.485042 
363 7 57 -0.143962 0.255878 -0.268007 0.0761264 -0.00555663 -0.0461971 0.397526 0.0892204 
364 7 49 3.56456 -1.04325 -4.29945 -1.37927 0.452946 -1.25342 5.68153 1.91797 
365 200 118 -0.205251 0.239516 -0.392359 0.0862315 -0.114239 -0.114847 0.503429 0.183511 
366 212 451 0.291367 2.33772 -2.09317 0.606398 -0.0769973 -0.00158329 3.15138 0.611269 
367 212 567 0.194335 -0.0557455 -0.26563 -0.0020429 0.00841119 -0.00325978 0.333815 0.0092492 
368 212 410 -0.36807 0.0277409 -0.470271 0.129254 0.0440684 -0.0985648 0.597829 0.168415 
369 212 103 -1.08191 -2.84179 -1.40222 -0.489647 0.349323 -0.330154 3.34851 0.686136 
370 151 410 0.357611 -0.00587993 -0.455615 -0.137928 0.000327584 -0.108264 0.579229 0.175344 
371 168 456 0.778206 2.17661 -3.49037 -0.353133 -0.792762 -0.573102 4.1864 1.04001 
372 245 631 1.58492 1.72115 -1.18247 -0.0912156 -0.202373 -0.416825 2.62156 0.472248 
373 245 68 1.18758 -2.85888 -2.07424 -0.708355 0.587304 -1.21503 3.72639 1.52414 
374 569 407 1.03199 -1.72231 0.000144811 0.187872 0.112654 0.978471 2.00782 1.00269 
375 569 105 1.72275 1.76448 -2.4796 0.703438 -1.38985 -0.500289 3.49709 1.63609 
376 569 385 -2.81118 0.629094 -5.66402 -0.399217 1.35185 0.348288 6.35449 1.45195 
377 23 93 -0.0445031 -0.0400404 1.99626e-06 0.00272393 -0.00302739 0.00279391 0.0598646 0.0049387 
378 99 903 -0.288047 0.0647835 -0.662863 0.149983 -0.0167587 -0.0668129 0.725641 0.165044 
379 175 461 4.78049 3.59862 -1.38719 0.554024 -1.04374 -0.798397 6.14227 1.42611 
380 175 546 -0.100712 0.580722 -0.559706 0.0112622 0.187298 0.192304 0.812805 0.268679 
381 175 324 -4.56118 -2.07306 -8.24319 -0.098545 -0.503882 0.181248 9.64635 0.54448 
382 253 357 -3.10468 0.0759087 -4.46634 1.27875 -0.177691 -0.891914 5.43995 1.56916 
383 4 351 -0.171254 -2.91512 -4.05304e-05 -0.576782 0.033904 -1.43539 2.92015 1.54731 
384 4 219 -0.582212 1.4964 -0.95956 0.264792 -0.0102736 -0.176684 1.87054 0.318493 
385 9 299 -1.9597 7.90567 -4.13829 -0.640117 -1.17209 -1.93599 9.13594 2.35193 
386 9 301 0.262979 -2.51648 -0.825162 0.138011 0.0773744 -0.191983 2.66134 0.24878 
387 9 145 1.42444 -0.75745 -4.85896 -1.24758 -0.764755 -0.246523 5.11979 1.48394 
388 173 49 -0.176298 0.669309 -0.801022 0.0506847 -0.290809 -0.254147 1.05863 0.389525 
389 173 64 0.0484048 -0.0266909 -0.0617944 -0.00775729 0.0259191 -0.0172717 0.0829095 0.0320981 
390 201 43 -0.0299021 -0.0294821 2.39535e-06 0.00279775 -0.00283998 -0.0291228 0.041992 0.0293944 
391 201 313 0.00212851 0.0598765 -0.539801 0.00536489 -0.020889 -0.00229592 0.543116 0.0216888 
392 183 103 2.13903 0.22449 -0.991844 -0.257242 1.22467 -0.277586 2.36846 1.28182 
393 183 319 -0.207102 -3.7607 -4.53739 -0.552297 0.508476 -0.396229 5.89692 0.848868 
394 607 402 -0.319017 4.89424 -6.70269 -0.549223 -1.45516 -1.0364 8.3055 1.86903 
395 607 425 2.47428 -1.76914 -4.12043 -0.401571 0.805579 -0.58702 5.12151 1.07462 
396 93 857 -0.483693 0.996217 -1.13044 0.0220817 -0.419394 -0.379046 1.5825 0.565734 
397 93 120 -0.949678 -0.937836 -1.10567 0.391602 0.404283 -0.679266 1.73319 0.882156 
398 256 366 -0.168436 0.15578 -0.423462 0.0817107 -0.0725892 -0.0592049 0.48162 0.124302 
399 359 95 -0.367075 -0.297091 1.53661e-05 -0.191138 0.236163 0.0143902 0.472236 0.304161 
400 359 488 1.10019 -0.418413 -0.939456 -0.126853 0.186022 -0.231407 1.50601 0.32287 
401 351 357 0.711509 0.983711 -1.74555 0.876379 -0.243107 0.22022 2.12623 0.935756 
402 351 301 -3.78874 -2.1423 -1.41893 0.779213 -1.60031 0.335538 4.57793 1.81129 
403 274 191 0.0937882 -0.854846 -9.6395e-05 -0.172684 -0.0189992 0.473389 0.859976 0.50426 
404 274 64 0.0286797 0.252721 -0.284442 0.01186 -0.0637443 -0.0554398 0.381573 0.0853087 
405 274 146 -10.489 -3.22672 -7.56717 3.26408 2.65159 -5.65507 13.3301 7.04733 
406 601 241 -0.140793 -0.278724 1.70564e-05 -0.00442919 0.00223403 -0.0538456 0.312266 0.0540737 
407 601 437 0.0891388 0.203382 -0.513645 0.026932 0.0127764 0.00973276 0.55959 0.0313576 
408 43 545 -0.495764 0.888041 -1.68668 0.461343 -0.00181285 -0.136557 1.96959 0.481133 
409 43 515 0.369808 -2.42815 -3.91052 -0.854035 0.795702 -0.574838 4.61789 1.30114 
410 26 292 -1.04893 4.7981 -1.65614 -0.217049 -0.705507 -1.90649 5.18313 2.0444 
411 26 61 0.360961 -3.27189 -1.17844 -0.21472 -0.41416 1.08412 3.49632 1.18024 
412 26 470 -3.34961 -1.76854 -2.88549 0.910019 1.66415 -2.07637 4.76169 2.81227 
413 218 292 2.7191 1.93423 -1.12523 -0.316604 -0.594096 -1.7863 3.52149 1.90894 
414 218 103 -0.795477 0.467308 -0.425492 0.293 0.277335 -0.243187 1.01597 0.471067 
415 218 470 1.41263 -3.8972 -3.15795 -0.820043 0.881807 -1.45506 5.21117 1.88871 
416 218 890 -0.0290865 0.220633 -1.69898 0.44966 0.258566 0.0258798 1.71349 0.519346 
417 432 103 0.0350082 0.151918 -0.0718801 -0.0226711 0.00394802 -0.00269753 0.171672 0.0231698 
418 432 639 0.0296248 -0.235649 -0.420886 -0.0173107 0.0484627 -0.0283521 0.483273 0.0587549 
419 98 594 0.784206 1.43324 -2.39823 0.374331 0.091536 0.177108 2.90184 0.42411 
420 98 68 -4.7846 2.03983 -3.48554 1.07652 -1.15271 -2.15233 6.26117 2.66837 
421 98 832 -1.06167 -2.02404 -0.856684 0.325807 0.0719237 -0.573697 2.44086 0.663666 
422 407 68 5.02035 0.66379 -3.39403 -0.717012 -2.71424 -1.59142 6.09623 3.22705 
423 407 368 -2.71338 2.06089 -8.87891 -0.423256 0.681153 0.287449 9.51024 0.851904 
424 131 78 1.47767 -1.06078 -4.44379e-05 -0.00855145 -0.0119195 0.173084 1.819 0.173705 
425 131 548 0.0368662 0.541069 -0.617908 -0.0523767 -0.137847 -0.12383 0.822146 0.192559 
426 131 464 -0.834401 -0.956271 -1.74123 -0.553974 1.03295 -0.301825 2.15466 1.21036 
427 95 917 0.442365 1.69826 -2.57517 0.249577 -0.295615 -0.152079 3.11629 0.415699 
428 95 409 -1.87569 -0.850232 -1.65354 0.108787 -0.248592 0.00442153 2.64108 0.27139 
429 241 39 -1.60295 -0.403545 -9.41336e-05 -0.0457032 0.181622 -0.346837 1.65297 0.394172 
430 241 555 -1.04463 -1.389 -2.08217 -0.546273 1.0578 -0.431583 2.71219 1.26634 
431 241 647 0.173789 1.31187 -2.94843 1.06426 -0.736453 -0.264946 3.23178 1.32107 
432 39 61 -1.93335 -0.0822155 -0.692562 0.00893089 -0.215865 0.000694503 2.05529 0.216051 
433 55 54 3.31551 -3.41415 -0.715736 1.02463 1.49563 -2.38793 4.81262 2.99817 
434 55 470 6.47203 7.59657 -7.60474 -2.45327 -3.08342 -5.16797 12.547 6.49876 
435 84 136 0.921524 -0.622852 6.75193e-05 -0.0257487 -0.0380786 0.158133 1.11227 0.164679 
436 84 398 -0.585171 -1.07245 -3.0808e-05 0.184677 -0.10078 0.457376 1.22171 0.503443 
437 84 807 0.615519 0.179582 -0.665392 -0.0889185 -0.105716 -0.110785 0.924045 0.177076 
438 84 553 -2.05864 -0.323271 -3.46725 0.687787 1.56428 -0.554212 4.04529 1.79643 
439 53 398 1.22038 -1.86554 -7.03877e-05 0.281476 0.184108 0.676381 2.22925 0.755391 
440 53 652 -2.86131 1.48435 -5.55782 0.144832 0.391587 0.0300196 6.42493 0.41859 
441 166 165 -3.44416 -1.28671 -0.000183583 0.178384 -0.477518 0.252266 3.67667 0.568755 
442 166 464 5.99136 0.145669 -8.22629 -1.42947 1.94744 -1.00662 10.1779 2.61709 
443 165 110 -6.62758 -2.18532 0.000719431 0.396718 -1.2028 1.08309 6.97856 1.66649 
444 165 120 0.528402 4.60302 -3.83856 2.21086 -1 -0.894819 6.01677 2.58623 
445 482 605 -0.507505 0.088307 -0.978594 0.184815 -0.0234005 -0.0979579 1.1059 0.210476 
446 224 409 0.27387 0.126266 -0.242167 -0.0365401 -0.0312043 -0.0575936 0.386772 0.0750061 
447 224 301 -1.52836 3.26221 -1.17478 1.65887 0.548434 -0.63522 3.78919 1.85907 
448 224 101 -5.02829 0.110268 -6.82855 0.946657 -1.99012 -0.72922 8.48086 2.32132 
449 191 493 -0.799294 -0.641523 -1.22778 0.262466 0.0458327 -0.194815 1.59933 0.330063 
450 304 146 0.00390125 0.0216598 -0.0151677 -0.0156867 -0.00380121 -0.00946295 0.0267287 0.0187101 
451 54 288 -7.73106 -2.80662 1.23625 0.497187 0.634666 4.55009 8.31714 4.62097 
452 54 61 3.00102 3.55453 -0.892455 1.45445 -0.863864 1.45017 4.7368 2.22816 
453 54 337 -0.150567 0.177994 -0.367412 0.00558268 -0.0124049 -0.00829739 0.435136 0.0159341 
454 54 371 5.56962 -2.46 -9.5655 1.66356 -0.149555 1.00709 11.3389 1.95039 
455 65 965 -0.56019 0.0485319 -0.806482 0.138436 0.136676 -0.0879344 0.983149 0.213489 
456 65 557 0.315451 -0.372754 -0.629972 -0.0322244 0.0812713 -0.0642242 0.797069 0.108481 
457 327 207 1.78066 -1.70666 4.14563e-05 -0.663821 -0.692599 0.258368 2.46646 0.993532 
458 327 965 1.30587 1.40968 -2.75642 -1.15597 0.685039 -0.197304 3.36011 1.35811 
459 136 832 6.97575 3.18308 -2.87428 -0.401546 0.019228 -0.953241 8.18868 1.03454 
460 136 667 -3.38024 -1.19973 -3.90718 0.440395 -0.63537 -0.185907 5.30391 0.795112 
461 136 452 0.578843 -2.02129 -1.72183 -1.03962 -0.0136386 -0.333489 2.7176 1.09189 
462 398 535 1.93081 -1.57566 3.57498e-05 -0.277228 -0.339727 -0.539455 2.49213 0.695185 
463 78 423 0.922192 -1.07406 3.5859e-05 0.0385455 0.033104 0.262571 1.41564 0.267442 
464 78 595 0.269261 -0.0157584 -0.260115 -0.0129598 0.117388 -0.0205272 0.374713 0.119872 
465 276 444 -0.340061 0.0880217 -0.446773 -0.00653245 -0.0322115 -0.00137403 0.568327 0.0328959 
466 916 444 0.0937579 0.146501 -0.221246 0.0417936 0.0174342 0.0292553 0.28143 0.0539122 
467 916 632 -0.551485 -0.0418531 -0.31867 -0.0488607 0.0102416 0.0832125 0.638309 0.097039 
468 916 264 2.62777 -1.72315 -1.81854 -0.5542 0.590435 -1.36028 3.63064 1.58307 
469 110 690 0.243372 0.370937 -0.70561 0.0707073 0.0667786 0.059493 0.833492 0.11401 
470 110 632 0.403613 -0.435007 -0.342009 0.0796577 -0.0648993 0.176552 0.684912 0.204274 
471 110 930 -10.8448 -0.460317 -10.6669 1.6867 -0.782195 -1.68107 15.2185 2.50655 
472 121 930 3.50319 0.915079 -3.55681 -1.04293 -2.21178 -1.59625 5.07549 2.92022 
473 121 519 -1.49353 0.811996 -2.80347 0.544901 0.775989 -0.065535 3.27863 0.950458 
474 190 409 -2.4513 7.11216 -6.04199 0.652847 -2.65258 -3.38728 9.6487 4.35156 
475 190 519 0.405601 -0.00374918 -0.668941 -0.0241095 -0.220005 -0.0133853 0.782309 0.221726 
476 190 216 -0.37261 -1.06899 -1.03558 -0.00153407 0.0977307 -0.100332 1.53428 0.140072 
477 625 321 -0.551092 -0.0311184 0.0803116 0.0186725 0.145482 0.184499 0.557782 0.235698 
478 625 45 0.461384 -0.220455 0.0744448 0.0312097 0.129066 0.188779 0.516737 0.230802 
479 321 177 -2.40663 -1.07068 -0.000170411 0.0813942 -0.182805 -0.938834 2.63405 0.959923 
480 321 493 0.396002 1.13151 -1.43614 0.219229 0.136716 0.168166 1.87073 0.308274 
481 142 177 0.481001 -0.550855 -7.51084e-05 0.127115 0.110942 0.390577 0.731302 0.425461 
482 142 555 0.10955 3.32474 -3.98561 0.131551 -1.81424 -1.5098 5.19143 2.36395 
483 142 90 -2.84968 0.0887802 -0.78202 0.149739 1.49622 -0.37579 2.95637 1.54994 
484 288 207 -3.15923 -0.319893 -8.96947e-05 0.0512171 -0.505792 -0.0793298 3.17538 0.514531 
485 288 557 -0.128012 0.174274 -0.279014 0.0811376 0.0936438 0.0212646 0.352998 0.125717 
486 288 804 -0.0284392 -0.66905 -1.06866 0.0947174 -0.0343599 0.0189908 1.26114 0.102531 
487 207 349 -2.12002 -2.10836 -4.38436 0.162345 -0.629006 0.223977 5.30682 0.687146 
488 341 412 -0.504285 0.0985157 -0.622276 -0.151937 -0.0725074 0.111649 0.806992 0.202009 
489 341 349 1.04463 -0.164349 -1.55036 -0.0813638 0.114749 -0.0669869 1.87667 0.155803 
490 535 452 0.947919 0.262268 -0.805269 0.0603661 0.600215 0.266543 1.27114 0.659505 
491 535 421 1.31648 -4.23211 -2.65983 -0.710649 -0.0730785 -0.235458 5.16901 0.752199 
492 423 76 -1.63775 -0.390756 -2.72745e-05 -0.0193963 0.0812915 0.043424 1.68372 0.0941816 
493 423 595 0.0197287 0.210531 -0.203936 0.04484 -0.0895505 -0.0881086 0.293772 0.133391 
494 423 785 1.75136 -0.564809 -2.41491 0.451389 0.229165 0.273762 3.03612 0.575512 
495 76 276 -0.415124 0.106662 -2.51275e-06 -0.00353486 -0.0137565 0.0468942 0.428608 0.048998 
496 76 524 -0.491133 -1.24671 -4.87645e-06 0.00910119 -0.00358787 0.644775 1.33996 0.644849 
497 76 600 -0.486745 0.73981 -1.82044 0.0661685 0.3922 0.141695 2.02441 0.422228 
498 45 216 0.310841 0.0287363 -0.285551 -0.0618173 -0.0932805 -0.0766794 0.423069 0.135655 
499 45 795 -2.43338 -3.0561 -9.50786 0.643586 1.58057 -0.672756 10.2791 1.83439 
500 177 10 -1.26167 -2.94874 0.00021788 -0.436029 0.186635 0.977437 3.20732 1.08643 
501 177 498 0.171592 1.07143 -0.92662 -0.182967 -0.020463 -0.0575428 1.4269 0.19289 
502 181 471 1.95164 1.97295 -4.22965 -0.766417 -0.559929 -0.614823 5.05879 1.1309 
503 181 303 -0.688435 -0.0552098 -1.13941 0.0914793 -0.099971 -0.0504282 1.33238 0.144588 
504 358 804 0.34519 1.06545 -1.78736 0.115461 -0.197804 -0.0956126 2.10927 0.248192 
505 358 528 1.10355 -3.86961 -4.05343 -0.373791 1.30418 -1.3468 5.71156 1.91167 
506 597 412 0.816096 0.334917 -1.06836 0.158268 -0.303807 0.0256577 1.38549 0.343519 
507 597 452 -0.161761 0.374794 -0.334211 -0.148526 -0.081537 -0.0195498 0.527574 0.17056 
508 597 421 -0.643175 -0.25369 -0.414888 -0.0450467 0.181321 -0.0410387 0.806328 0.191287 
509 269 785 -0.0245969 0.319899 -0.420988 0.0433286 -0.128812 -0.100413 0.529313 0.168976 
510 132 524 -1.35812 -0.178109 -0.000100156 0.0754937 -0.575678 0.0427745 1.36974 0.582181 
511 132 871 -1.75987 2.79091 -6.47748 0.389971 0.545205 0.128958 7.26939 0.68261 
512 132 984 1.95497 -1.70842 -1.9117 0.53454 0.489274 0.109393 3.22416 0.732863 
513 386 524 1.68906 1.04342 -6.43273e-05 0.141598 -0.229241 -0.431659 1.98536 0.508852 
514 386 270 -1.72953 0.674724 -3.75209e-05 -0.0938042 -0.240471 -0.391646 1.85648 0.469055 
515 386 264 0.0984688 2.07739 -1.20356 0.530387 -0.662191 -1.09957 2.40287 1.38883 
516 386 956 -0.373034 -0.91538 -0.367792 -0.206872 0.306919 -0.554054 1.05468 0.666312 
517 270 6 -1.69612 0.221815 3.77151e-06 0.00243031 0.018585 -0.0907741 1.71056 0.092689 
518 270 363 -0.370406 -0.368987 -2.00656 -0.226249 0.473218 -0.0452553 2.07355 0.526471 
519 6 286 -1.57194 -1.12185 1.32741e-05 -0.413303 0.579112 -0.895041 1.9312 1.14337 
520 6 632 0.235524 0.488354 -0.312383 -0.114365 0.0569322 0.00277651 0.625735 0.127782 
521 6 975 -0.528415 0.024782 -1.02203 -0.0811951 -0.445285 0.0311826 1.15082 0.4537 
522 286 622 -0.313634 -0.249845 -0.0372117 0.0666753 -0.0707015 -0.0872635 0.402707 0.130611 
523 286 766 -2.22237 0.40026 -3.73672 -0.340044 -0.499688 0.148713 4.36603 0.622442 
524 85 216 -0.188277 1.05988 -0.984535 -0.214014 0.107432 0.156581 1.4588 0.286114 
525 85 354 1.80737 -0.0931281 -3.05135 -0.506973 -0.547622 -0.283577 3.54767 0.798328 
526 179 261 0.0807003 -0.521959 1.99899e-06 -0.000977341 -0.000151199 -0.0240086 0.528161 0.024029 
527 179 963 -0.130387 1.64412 -1.71243 -0.0864299 -0.526816 -0.499223 2.37751 0.73091 
528 10 210 -3.22376 -3.97572 0.000297015 0.152009 -0.123199 0.787421 5.1185 0.811367 
529 10 320 0.314185 1.1814 -3.09861 0.258218 1.2478 0.501929 3.33104 1.36954 
530 80 384 0.667385 2.07621 -4.30256 -0.232968 -0.664752 -0.356914 4.8237 0.789656 
531 80 496 0.0724943 -0.615106 -0.355229 0.282809 0.177933 -0.250389 0.714002 0.417535 
532 251 408 4.0744 0.769255 -4.9087 -1.42892 0.341098 -1.1326 6.42555 1.85498 
533 251 510 -1.33964 0.568229 -2.02282 0.697966 -1.09791 -0.77065 2.49186 1.51211 
534 194 421 -0.816037 1.30491 -0.923602 0.387611 -0.0396957 -0.398554 1.79493 0.557372 
535 194 510 1.02905 0.565928 -1.6322 -0.347106 -0.923884 -0.539176 2.0108 1.12461 
536 524 700 0.43612 -0.400793 -0.692622 0.0642944 -0.250987 0.18572 0.911351 0.31878 
537 403 956 1.63555 -0.440622 -0.630244 -0.283606 -0.106771 -0.66134 1.80731 0.727463 
538 403 627 -1.62906 0.684409 -1.75262 0.300311 -0.307941 -0.399393 2.48876 0.586966 
539 622 346 -0.404534 0.103126 0.0387303 0.0125307 -0.015524 0.172217 0.419265 0.173369 
540 622 347 0.13841 -0.266677 0.0278783 -0.135275 -0.0542654 0.152524 0.301747 0.210968 
541 346 262 -0.142766 0.00950606 6.21908e-06 0.00398233 0.0598053 0.00494825 0.143082 0.0601416 
542 262 171 -1.78329 -0.0533134 -5.85577e-05 0.00294602 -0.0982341 -0.280357 1.78409 0.297084 
543 262 581 1.19944 0.912075 -1.8247 0.0321329 0.304454 0.173303 2.36645 0.351794 
544 262 284 -1.30868 0.841826 -2.04046 0.548495 -0.758625 -0.664768 2.56609 1.14816 
545 171 261 -1.62333 -0.592736 2.50054e-05 -0.045055 0.123391 -0.0324843 1.72816 0.135316 
546 171 284 0.327163 0.239199 -0.531358 -0.110255 -0.112397 -0.118483 0.668276 0.197047 
547 171 443 -0.546476 0.100968 -0.780467 -0.0157821 -0.0326137 0.00683129 0.958102 0.03687 
548 261 296 0.218715 -1.9754 2.31699e-05 -0.357613 -0.0395909 0.316404 1.98748 0.479131 
549 261 552 -3.39958 1.20815 -2.23644 0.429856 -0.237888 -0.781929 4.24481 0.923461 
550 210 20 -0.062947 -8.40482 -8.41556e-05 -0.334109 0.00247099 3.12485 8.40506 3.14266 
551 210 293 -1.69901 8.16032 -7.2658 0.611684 -0.0253399 -0.171494 11.0575 0.635775 
552 210 418 -1.44123 -1.31233 -3.39916 -0.232078 0.592862 -0.13049 3.91837 0.649902 
553 167 616 -1.94548 0.266808 -2.72729 0.944247 0.196066 -0.654386 3.36068 1.16545 
554 167 309 0.627055 -0.880122 -1.02494 -0.117763 0.327584 -0.353346 1.4894 0.496017 
555 97 616 4.54664 0.487481 -6.35274 -1.11506 0.935894 -0.726228 7.82732 1.62686 
556 97 449 0.483026 -2.50618 -1.69807 -0.707787 0.340195 -0.703426 3.06557 1.05428 
557 537 188 -0.425876 0.111977 -1.3003e-05 -0.0228264 -0.0868068 0.0641587 0.440352 0.11033 
558 537 984 -0.785181 1.79327 -1.44129 -0.42465 -0.305402 -0.148646 2.43098 0.543777 
559 537 725 2.34993 -0.0349787 -2.67002 -0.0951928 -0.442617 -0.0779824 3.55702 0.459405 
560 188 700 -0.575191 0.536791 -0.920008 0.0844345 -0.15877 -0.145425 1.21054 0.231269 
561 756 956 -3.13578 0.185081 -1.16869 0.0341385 0.634634 0.00890581 3.35159 0.635614 
562 756 404 0.0166857 0.141114 -0.406427 -0.0115626 0.0194693 0.00628516 0.430551 0.0235 
563 763 627 0.146684 0.260265 -0.296308 -0.0293249 -0.0265518 -0.0378389 0.420776 0.0547424 
564 763 699 -1.32811 -0.71985 -2.52871 0.559643 0.478539 -0.430158 2.94558 0.852781 
565 347 215 0.456076 -0.179752 2.59621e-06 0.0874367 0.221847 -0.133449 0.49022 0.273258 
566 347 699 0.262592 0.289561 -0.654244 -0.0529798 0.195309 0.0651773 0.762125 0.212604 
567 347 415 -1.07923 -0.0844908 -0.422773 0.170831 -0.135751 -0.408958 1.16216 0.463528 
568 20 259 -1.90944 -3.60215 -0.000189505 0.0642194 -0.0340878 0.877631 4.07694 0.880638 
569 20 465 2.60777 0.295053 -5.51142 0.378113 -0.785065 0.136879 6.10436 0.882061 
570 149 496 0.373572 1.00053 -0.612473 0.0888172 -0.180006 -0.239882 1.23115 0.312784 
571 149 500 -0.30527 -0.511913 -0.192571 -0.0795302 0.0542874 -0.0182387 0.626361 0.0980042 
572 152 602 -0.000889825 -0.0903541 3.43605e-06 -0.0232842 0.000229211 -0.00253556 0.0903585 0.023423 
573 152 309 0.208425 0.133726 -0.234836 -0.150065 -0.0310863 -0.15089 0.341279 0.215067 
574 36 362 -0.961181 -1.8575 1.74671e-05 -0.124791 0.0645841 1.03565 2.09145 1.04514 
575 36 501 2.86927 1.62791 -3.02694 -0.385502 0.225634 -0.244074 4.47718 0.509013 
576 36 725 -0.864659 0.666751 -1.24037 0.0874903 0.306018 0.103508 1.65249 0.334687 
577 853 756 -1.79733 1.5179 -8.13357e-05 -0.345285 -0.408897 -0.87923 2.35254 1.0293 
578 853 1162 1.53357 1.04984 -2.70403 0.40248 -0.0599737 0.204978 3.28113 0.455635 
579 550 1360 1.60771 0.128374 -1.48426 -0.332676 -0.0826001 -0.36749 2.19186 0.502539 
580 550 1309 -0.918972 0.0462072 -2.38457 0.37328 0.140401 -0.141135 2.55594 0.423048 
581 215 157 -0.734832 -1.31348 -1.88693e-06 -0.14379 0.0804447 -0.488445 1.50506 0.515486 
582 215 738 0.899187 1.14662 -1.79101 0.194639 -0.113657 0.0249556 2.30889 0.226771 
583 215 1628 0.10536 -0.0925199 -0.129257 0.0874496 0.0814655 0.0129705 0.190704 0.120218 
584 143 430 -2.98881 -2.4501 -0.000441021 0.00567527 -0.00685023 -0.404784 3.86471 0.404881 
585 143 534 1.14858 2.30242 -5.51438 0.406372 2.04232 0.937374 6.08513 2.28361 
586 143 415 2.64409 -0.130742 -1.03413 -0.327212 -0.104802 -0.823376 2.84214 0.892188 
587 143 568 1.10968 -3.03864 -1.89952 -0.830554 -0.677121 0.597981 3.75139 1.22715 
588 430 257 -3.20871 -1.76072 0.000339235 0.237551 -0.432812 0.502368 3.66005 0.704365 
589 430 138 0.230916 -0.554863 3.85745e-05 -0.348401 -0.144981 0.175138 0.600995 0.416025 
590 430 543 0.0536403 0.267023 -0.452819 0.0519782 0.0105483 0.0123775 0.528416 0.0544628 
591 296 294 -0.922328 -2.73285 -0.00020401 -0.168543 0.0568976 -0.20046 2.88429 0.268008 
592 296 474 0.0174834 0.257158 -0.481741 0.0696452 0.0206914 0.0135729 0.546361 0.0739108 
593 296 169 2.57555 -0.604792 -2.04673 -0.524068 0.608433 -0.839262 3.3449 1.16155 
594 617 259 1.48603 -1.33273 -5.76023e-05 0.672207 0.749548 -0.475092 1.99611 1.11328 
595 617 596 -3.04819 -0.466321 -4.83284 0.703247 0.414488 -0.48355 5.73282 0.948776 
596 362 638 0.936042 -1.15367 -5.09518e-05 -0.0327239 -0.02658 0.661188 1.48564 0.66253 
597 362 825 -1.84425 0.972174 -1.07366 0.290987 -0.0621776 -0.556135 2.34502 0.630734 
598 362 365 -0.0811872 -0.527706 -0.516775 -0.445218 -0.150052 0.223171 0.743049 0.520134 
599 362 808 0.257101 0.587556 -1.65733 0.00745469 -0.0210736 -0.00631458 1.77709 0.0232281 
600 157 70 -1.62772 -1.51714 0.00019733 0.314589 -0.337612 -0.722074 2.22512 0.856936 
601 157 1102 -0.0283257 0.146895 -0.182129 -0.092701 -0.0626229 -0.0360906 0.235693 0.117548 
602 157 1315 -0.466804 -0.641215 -1.33996 0.134632 0.1477 -0.117581 1.5571 0.231876 
603 182 1868 -0.126701 -0.106427 -0.668825 0.076717 0.0363924 -0.0203241 0.68899 0.0873096 
604 257 139 -3.38066 -5.14195 4.35969e-05 0.825482 -0.542709 1.92371 6.15374 2.16255 
605 257 169 0.266474 7.33416 -5.67857 0.050553 -0.224475 -0.287549 9.27938 0.368279 
606 257 603 0.566893 -1.24663 -1.61436 0.271579 0.0685904 0.0424003 2.11698 0.283297 
607 294 139 0.184941 -0.310531 3.65317e-05 0.0381089 0.0226876 -0.0736295 0.361432 0.0859553 
608 294 159 -1.34045 -2.30645 0.000221575 0.0409499 -0.0237698 0.303526 2.66768 0.307197 
609 133 66 -0.771662 -1.45388 0.000144088 -0.263659 0.139941 0.010446 1.64597 0.298678 
610 133 383 2.62812 1.22624 -2.55631 -0.733203 0.142269 -0.685554 3.86592 1.01381 
611 259 66 5.241 -6.64339 0.000784349 -1.74106 -1.37315 3.1924 8.46184 3.88693 
612 259 1277 -1.00134 4.62912 -6.45831 -1.74946 0.693678 0.768457 8.00882 2.03281 
613 273 500 -0.153314 0.106453 -0.0603076 0.00938434 -0.0135887 -0.0478433 0.196149 0.0506133 
614 273 1070 -0.669514 -1.40372 -2.00218 0.480958 0.573806 -0.563121 2.53524 0.936845 
615 602 221 -3.51435 -0.472385 1.77905e-05 -0.0984162 0.732185 0.203145 3.54596 0.766191 
616 602 500 0.59407 0.306644 -0.216026 -0.0464174 0.0800984 -0.0139497 0.702579 0.0936211 
617 602 958 0.469667 0.767864 -4.18618 1.52576 -0.817357 0.0212559 4.28186 1.73103 
618 221 226 -0.976261 -2.46086 -0.000127773 0.720453 -0.285876 1.16597 2.64743 1.40009 
619 221 554 -1.11917 3.04123 -6.1251 -0.631024 0.653638 0.439844 6.92954 1.0094 
620 202 226 2.73858 -2.85094 -0.000236739 -0.0820302 -0.0787158 -0.981279 3.95318 0.987843 
621 202 558 -1.59208 3.41958 -5.17199 0.358934 -0.147671 -0.208126 6.40138 0.440405 
622 638 237 0.6019 -1.20109 4.03548e-05 0.0257144 0.0128848 -0.0416999 1.34347 0.050657 
623 638 895 0.157762 -0.234501 -0.484125 0.197473 0.273173 -0.0679689 0.560585 0.343859 
624 11 592 0.830875 0.709764 -1.76385 -0.0240236 0.596061 0.228535 2.07492 0.638822 
625 390 1628 0.0299966 0.217291 -0.202207 -0.0757925 -0.0200933 -0.0328358 0.298333 0.0850084 
626 390 1800 0.37611 -0.544612 -1.88309 0.0145167 0.216405 -0.0596876 1.99602 0.224954 
627 70 463 -5.02732 1.47472 -0.000367768 -0.13588 -0.463272 -0.218323 5.23915 0.529858 
628 70 112 -0.707494 -0.675513 -2.56072e-05 -0.235324 0.24648 -0.402128 0.978195 0.527102 
629 70 1315 0.866121 0.541708 -1.72661 0.659063 -0.429762 0.195772 2.00619 0.810793 
630 70 1064 -4.08247 -1.2511 -6.32821 0.722493 0.973687 -0.658596 7.63401 1.37979 
631 463 568 -1.10249 2.81757 -1.77638 -0.395685 0.146278 0.477595 3.50852 0.637229 
632 138 970 -0.651072 1.50931 -3.08489 0.496438 -0.21603 -0.210469 3.4955 0.580876 
633 139 1187 -0.242762 0.505741 -1.05046 0.157347 0.238785 0.0785991 1.19087 0.296571 
634 139 431 0.310952 -3.20097 -4.69271 -0.416045 -0.939592 0.613342 5.68897 1.19671 
635 159 184 -0.931045 3.37184 -4.30061 0.714426 -0.925736 -0.88048 5.54359 1.46377 
636 66 387 -0.780096 4.05844 -6.81822 0.850515 -0.139929 -0.180601 7.97293 0.880666 
637 487 436 -0.0606362 -0.0369629 -3.61477e-06 -0.00671035 0.0110075 0.00551516 0.0710141 0.0140218 
638 487 458 -0.151116 0.702156 -0.981062 0.0920044 0.0679736 0.0344777 1.21587 0.119474 
639 487 1273 2.15553 -1.10927 -3.67967 -0.836884 -0.0933597 -0.462097 4.40644 0.960533 
640 232 436 0.0386986 -0.0284162 -9.35083e-09 0.0127424 0.0173532 -0.0235477 0.0480111 0.031906 
641 226 37 2.70293 -5.31216 0.000404104 -0.469382 -0.238804 0.348326 5.96027 0.631409 
642 237 895 -0.810013 2.31298 -4.1992 -0.417669 -0.487823 -0.188133 4.86202 0.669188 
643 127 52 -0.107577 -0.561568 -1.85103e-06 -0.211524 0.040521 -0.11026 0.571779 0.241953 
644 127 365 1.06158 1.73024 -1.96485 -0.368886 0.158608 -0.059635 2.82512 0.405943 
645 127 1586 -0.0922544 -0.01018 -0.0645347 0.0393047 -0.048609 -0.0485195 0.113045 0.0791317 
646 693 1263 -0.0249494 -0.00403477 -3.95721e-07 -0.0026936 0.0166567 -0.00531862 0.0252735 0.0176915 
647 693 1586 0.341725 -0.0288281 -0.238437 -0.107791 0.204345 -0.179191 0.417683 0.292378 
648 1123 1166 3.86242 -1.46986 1.24171 0.20326 0.0684841 -0.551184 4.31516 0.591446 
649 1123 1390 -1.39814 -0.827044 -1.23819 0.00399345 0.719468 -0.485076 2.04253 0.867727 
650 34 70 -0.692694 2.81064 2.02015 -0.935847 0.363136 -0.826124 3.52995 1.30006 
651 34 1064 -0.320494 0.277247 -0.112515 0.065887 0.0459159 -0.074535 0.438454 0.109567 
652 34 707 -0.0767455 -1.28399 -0.315476 -0.119334 -0.0164313 0.0959061 1.3244 0.153976 
653 34 1482 -0.248398 -0.15173 -1.39977 0.101712 0.52295 -0.0747351 1.42971 0.537966 
654 1148 463 2.53833 3.05008 2.56796 0.863762 -0.88285 0.194805 4.72658 1.25038 
655 1148 1230 -3.40424 -2.34037 -1.24522 0.298978 -0.426952 -0.0149108 4.31471 0.521438 
656 1148 1674 -2.20529 2.08415 -5.37694 -0.833019 -0.327133 0.214853 6.17401 0.92038 
657 1230 397 -3.47898 -2.15981 -0.0493107 -0.415533 0.67205 -0.119112 4.09518 0.799066 
658 1230 580 0.0623711 -1.08441 0.0697301 0.421175 -0.00147243 -0.399625 1.08844 0.580596 
659 1230 1638 0.243978 -0.126554 -0.180518 -0.119687 -0.0423595 -0.132067 0.328828 0.183197 
660 431 156 -3.57067 -1.09796 -0.181696 0.0646967 -0.190645 -0.119375 3.74008 0.234055 
661 431 397 1.75695 -2.47186 -0.0579441 0.328613 0.25022 -0.710207 3.03321 0.821579 
662 431 1303 1.02251 -0.976185 -2.49882 0.270903 0.350991 -0.0262654 2.87099 0.444154 
663 156 758 -4.191 -1.90048 0.0478548 -0.0889778 0.195479 -0.0293163 4.60202 0.216768 
664 156 584 0.290187 -0.650819 -0.37101 0.110093 0.100419 -0.090043 0.803382 0.174104 
665 156 1411 -0.692344 -0.0414491 -1.21304 -0.104304 -0.196368 0.0662415 1.39733 0.232008 
666 583 66 -1.168 1.97682 2.27073 0.092123 -0.528195 0.507214 3.22928 0.738067 
667 583 184 0.844554 1.43747 -0.121467 0.159201 -0.147952 -0.64399 1.67163 0.679675 
668 583 1054 -1.81477 -0.181895 -3.09849 0.832015 -0.59195 -0.452556 3.59542 1.1169 
669 250 1070 1.09084 2.3734 0.00589108 0.597869 -0.274196 -0.237673 2.61209 0.69937 
670 250 894 1.59929 -1.21068 -0.136242 0.418684 0.522946 0.267731 2.01048 0.721421 
671 250 668 -0.432029 -1.85606 -0.0948754 -0.0301647 0.0373951 -0.594208 1.90804 0.596147 
672 250 1088 -1.75273 -0.422183 -1.63636 0.406052 0.0673094 -0.452294 2.43474 0.611538 
673 250 1751 0.085434 0.051952 -0.411527 0.0540857 -0.0189736 0.00883306 0.4235 0.0579938 
674 824 658 -2.31431 -2.71297 0.0452849 0.275577 -0.228589 0.388941 3.56627 0.528649 
675 824 1142 2.07539 6.11243 -1.67828 0.699644 -0.270453 -0.119816 6.66976 0.759607 
676 824 1318 -0.396467 -0.0545857 -1.82714 -0.136876 0.0495852 0.028219 1.87046 0.148291 
677 777 798 -0.483702 -0.676742 0.232041 -0.0470227 -0.0534071 -0.253782 0.863591 0.263569 
678 777 845 0.973719 1.59456 -0.396581 -0.235657 0.00084135 -0.575224 1.90998 0.621625 
679 1438 127 -0.437452 1.0384 1.4988 0.347063 -0.0886186 0.162693 1.87512 0.393414 
680 1438 1427 -0.468515 1.14524 -1.10763 -0.502107 -0.827767 -0.643487 1.6607 1.16249 
681 1438 1547 1.74739 -0.385294 -0.909989 0.166571 0.245786 0.215787 2.00746 0.367043 
682 1166 11 0.0443605 1.89556 0.599394 0.755533 -0.00421178 -0.0425966 1.98857 0.756745 
683 1166 606 0.255186 -1.54221 -0.216355 0.192225 0.0235218 0.0590589 1.57808 0.202464 
684 1166 1756 -0.0330333 0.506157 -0.952839 -0.00828128 0.252444 0.134388 1.07944 0.286106 
685 1166 1852 -0.703316 -0.667149 -0.912637 0.0264552 -0.297829 0.197329 1.33141 0.358247 
686 833 1638 -1.46829 -0.232515 -0.849694 0.23265 0.162558 -0.446507 1.71228 0.529074 
687 833 1229 0.364122 -0.944654 -1.1099 0.196992 -0.109746 0.158033 1.50228 0.275363 
688 397 1303 -0.995508 2.11927 -3.7987 -0.198232 -0.673839 -0.323979 4.46234 0.77351 
689 397 1107 -1.72682 -3.92186 -5.49898 0.501599 0.390317 -0.435889 6.97149 0.77068 
690 758 574 -2.67719 -1.67042 -2.36163 -0.125513 0.51151 -0.219515 3.94144 0.570599 
691 609 574 1.27732 -2.71254 -2.50372 0.504977 0.374625 -0.148247 3.90616 0.646005 
692 609 1404 -2.88072 -0.850862 -5.29996 0.447286 0.0896306 -0.257506 6.09197 0.523839 
693 894 1656 0.246593 0.871595 -0.386359 0.391007 -0.0173916 0.210326 0.984764 0.444326 
694 894 332 -0.605494 -1.50766 -1.09491 0.149962 0.115595 -0.242102 1.9592 0.30735 
695 668 896 -0.472837 -1.44538 -1.34354 -0.173529 -0.447363 0.542345 2.02924 0.724144 
696 438 542 0.0926583 -0.658432 0.00641721 0.104826 0.0135855 -0.119655 0.664951 0.159657 
697 438 1088 1.773 1.56078 -2.36003 -0.665711 0.21359 -0.358868 3.33906 0.785862 
698 438 1173 -0.387352 -0.140468 -0.508667 0.00974379 0.0196542 -0.0128474 0.65461 0.0254222 
699 658 331 0.470473 -2.11642 0.0210365 -0.508144 -0.115286 -0.234129 2.16818 0.571242 
700 658 1173 0.681479 -0.24466 -0.710543 -0.174295 -0.0272735 -0.157774 1.01447 0.236675 
701 658 934 -1.91797 -1.73796 -0.968068 0.832452 -0.592242 -0.58604 2.76338 1.17778 
702 658 1261 -0.22461 0.0642087 -0.633451 0.24943 -0.0433553 -0.0928382 0.675153 0.269656 
703 798 764 -0.448623 -0.835203 0.00908347 0.203228 -0.107188 0.181573 0.948108 0.292847 
704 1086 1940 -0.0631081 0.353525 -0.331007 -0.0507176 -0.235291 -0.241627 0.488394 0.341054 
705 1086 1826 1.21423 -0.427613 -0.69731 -0.272759 -0.130612 -0.394862 1.46405 0.497366 
706 1086 1844 -0.0701748 -0.572807 -0.508829 0.0318336 0.17992 -0.206933 0.769375 0.276054 
707 2226 2547 0.206483 -0.264631 -0.558969 -0.162928 0.35662 -0.229019 0.652005 0.454063 
708 1310 2134 0.00202381 0.623775 -0.955398 -0.328086 -0.132084 -0.0869317 1.141 0.364203 
709 1310 1883 -1.89018 -1.1649 -1.92235 -0.115934 0.324125 -0.0824173 2.93687 0.353964 
710 606 1194 -0.342277 -0.233176 -0.163754 -0.00835957 -0.0911276 0.147233 0.445354 0.173355 
711 1048 1194 1.66801 -1.28957 -0.293407 -0.320244 -0.367134 -0.206966 2.1287 0.52932 
712 1048 1852 0.985538 0.450328 -0.364074 -0.00292172 0.214351 0.257224 1.14308 0.334841 
713 1048 1953 -0.294793 -3.40714 -2.87854 -0.103702 0.246107 -0.28068 4.47006 0.387433 
714 707 1390 1.05625 0.73334 -0.536361 -0.105847 0.0575163 -0.129804 1.39325 0.177089 
715 707 1229 -1.00413 -0.0317645 -1.40286 -0.194555 -0.265154 0.145261 1.72549 0.359526 
716 580 1305 1.14989 -0.778543 -1.59047 -0.353485 -0.209492 -0.153017 2.11139 0.438467 
717 580 633 -0.580326 -0.743928 -0.168001 0.140707 -0.0652549 -0.197087 0.958349 0.250798 
718 580 1379 -0.193471 0.300664 -0.604114 -0.0720711 -0.00231045 0.0219313 0.701985 0.0753695 
719 514 584 -0.438541 0.504976 -0.448986 0.102541 0.0828996 -0.00691766 0.805548 0.132041 
720 514 633 1.12919 -0.400334 -0.200774 0.0179413 -0.00171114 0.104317 1.21476 0.105862 
721 514 636 -0.781901 -2.7776 -3.92452 -0.735622 -0.322205 0.374604 4.87117 0.886163 
722 220 578 0.985245 -3.59082 -0.967684 -0.282786 0.0776255 -0.575966 3.84722 0.64632 
723 489 344 -1.91942 -0.695912 0.114465 0.178268 -0.421811 0.424821 2.04489 0.624642 
724 489 332 -0.42381 0.3178 -0.389175 0.145751 0.148056 -0.0378198 0.65732 0.211174 
725 489 881 0.713929 0.518628 -2.97048 -0.226151 -0.384803 -0.121538 3.09878 0.46259 
726 542 644 3.08994 -7.55147 -1.1268 0.56525 0.244851 -0.0908774 8.23663 0.62267 
727 542 896 4.36913 -0.36184 -5.06657 0.452862 1.82964 0.259855 6.70003 1.90268 
728 542 541 -2.7283 -1.02895 -4.00163 0.142156 -0.387247 0.00265272 4.9513 0.412523 
729 331 612 0.620296 -2.92968 -0.19582 0.390073 0.0877669 -0.0774568 3.00102 0.407259 
730 331 541 1.68032 -0.65768 -1.93633 -0.367274 -0.205475 -0.248924 2.64677 0.488951 
731 764 1826 -0.145162 0.130986 -0.207196 0.141813 -0.0500223 -0.130977 0.284885 0.199419 
732 648 1844 0.129735 0.255052 -0.683222 0.00889779 -0.121522 -0.0436754 0.740726 0.129438 
733 1194 1451 0.100113 0.0508467 -0.0917437 -0.0144075 0.0936688 0.0361918 0.145 0.101446 
734 1194 1223 -0.195672 -2.34944 -2.01931 0.387156 0.924216 -1.11283 3.10415 1.49748 
735 794 582 0.356101 -0.426729 0.108007 -0.00223015 -0.0669481 -0.257155 0.56619 0.265737 
736 794 789 -0.251582 -1.2251 -0.490128 0.0941859 0.0719349 -0.228151 1.34328 0.257096 
737 794 1062 -0.566284 -0.00975808 -0.671064 -0.00972949 0.143341 0.00612598 0.878122 0.143801 
738 187 317 0.140223 -0.280068 0.0310757 0.0903935 0.0484423 0.0287008 0.314748 0.106496 
739 187 584 0.112283 0.142884 -0.101128 -0.0185781 -0.043176 -0.0816309 0.207967 0.0941961 
740 187 1264 -0.0725317 0.0802296 -0.125621 0.0210679 -0.0591745 -0.0499571 0.165765 0.080257 
741 187 703 -0.151086 -0.7541 -0.739951 0.164011 0.0289278 -0.0629694 1.06725 0.178049 
742 344 644 -2.19561 -0.832639 -0.269147 0.0924483 0.0625834 -0.947773 2.36357 0.954326 
743 644 374 5.2847 -5.12066 -0.0819509 -0.564027 -0.557638 -1.52824 7.35907 1.7218 
744 644 888 -2.7333 -1.05682 -2.82862 0.160635 -1.15576 0.276586 4.07295 1.1992 
745 612 888 0.622569 -0.219316 -0.628225 0.103434 -0.396752 0.241011 0.91124 0.475602 
746 612 856 -0.414687 -3.08943 -2.03045 0.516908 -0.0885686 0.0291913 3.72011 0.525252 
747 413 934 -0.0439458 3.63203 -3.33619 0.677103 -0.435712 -0.483269 4.93191 0.939075 
748 413 837 0.266575 -2.42345 -2.54726 0.120652 -0.454608 0.445137 3.526 0.64759 
749 1612 1652 -0.318977 -0.322325 5.68197e-05 -0.00268319 0.00263781 -0.0993296 0.453475 0.0994008 
750 1612 1728 0.977698 -0.339606 -0.444575 -0.0186922 0.0662289 -0.091699 1.12644 0.114649 
751 1612 2094 -0.856842 -0.809648 -2.34667 -0.374435 -0.183873 0.200157 2.62614 0.462681 
752 1652 1924 -0.133436 0.0298072 -0.184679 -0.0600858 0.00286814 0.0438766 0.229783 0.0744559 
753 664 1883 0.229284 0.379702 -0.0929074 -0.0460279 0.0488188 0.085926 0.453185 0.109019 
754 375 339 -0.166137 -0.13612 -0.146439 -0.0411872 -0.0104927 0.0564808 0.259951 0.0706863 
755 582 1953 0.555959 1.06745 -1.00546 -0.212573 -0.0441196 -0.164381 1.56827 0.272314 
756 582 339 0.90976 -1.80421 -0.93014 0.119682 0.434027 -0.724829 2.22441 0.853277 
757 469 789 5.53824 -3.10437 -2.982 -0.576735 0.20617 -1.28575 7.01438 1.42418 
758 469 902 -2.21535 -3.99472 -3.07499 -1.62988 0.0811799 1.06877 5.50647 1.95074 
759 469 1062 1.11055 1.53363 -2.75845 -0.614216 -0.521418 -0.537179 3.3458 0.968348 
760 578 345 -2.96352 -0.479837 0.115541 -0.174913 1.21356 0.553516 3.00434 1.34525 
761 578 518 4.71722 -6.37116 -0.396109 0.995705 0.680921 0.905579 7.9373 1.50836 
762 578 724 -0.155351 -0.389998 -0.189278 0.101799 -0.0106109 -0.0616889 0.460498 0.119504 
763 578 1317 -1.49313 1.37125 -2.3947 -0.323254 0.428055 0.446667 3.13757 0.698022 
764 345 791 -2.57349 -0.0371127 -1.16546 -0.132585 -0.500591 0.308706 2.82533 0.602884 
765 345 328 -1.34018 -3.29967 -1.6785 -0.281095 0.831666 -1.41049 3.93717 1.66137 
766 374 791 2.74612 1.41737 -1.18332 0.264802 -0.326072 0.223959 3.30913 0.476026 
767 374 773 -2.07663 -2.16239 -0.085886 0.143919 -0.12815 -0.253324 2.99928 0.318289 
768 374 396 2.69393 -4.03975 -0.306816 0.833862 0.460042 1.26431 4.86528 1.58286 
769 374 1000 -0.208463 1.49546 -1.80164 -0.31893 -0.609883 -0.469333 2.3507 0.833035 
770 374 907 -0.323537 -3.41048 -4.82082 0.240123 0.0482084 -0.0502202 5.91408 0.25001 
771 610 392 -0.807942 -3.15135 0.548518 -0.112322 -0.125012 -0.883666 3.29919 0.899505 
772 610 628 -0.0827179 0.0608717 -0.0146094 -0.0400549 -0.0446261 0.0408501 0.103736 0.0725576 
773 610 837 3.06794 0.464584 -1.32047 -0.246526 0.147067 -0.521029 3.3722 0.594873 
774 610 1008 -1.66102 -0.891641 -1.06724 -0.281794 0.45074 0.0619984 2.16634 0.53518 
775 338 1728 -0.593767 0.585904 -0.718165 0.240988 -0.328041 -0.466872 1.10073 0.619399 
776 338 1008 2.24271 -0.65838 -2.44549 -0.0804277 1.04956 -0.356325 3.38284 1.11132 
777 338 1631 -0.993388 -1.75032 -2.85664 0.865377 -0.595828 0.0641425 3.4944 1.05262 
778 722 1530 -0.103914 -0.393384 -0.327438 -0.0438001 0.00206939 0.011414 0.522269 0.0453102 
779 439 547 -0.0699154 -1.17532 0.0980204 0.0144375 -0.013735 -0.154392 1.18147 0.155672 
780 439 902 -1.11066 0.729163 -0.963804 0.0650394 0.0195145 -0.0601859 1.64139 0.0907374 
781 439 511 -0.15678 -0.531964 -0.770238 0.230198 0.0422141 -0.0760115 0.949122 0.246071 
782 330 242 -0.701853 -0.145751 -0.290171 -9.59179e-05 -0.149549 0.0753494 0.773331 0.167459 
783 330 1238 0.221613 0.305425 -0.375153 -0.0675882 0.0184681 -0.0248907 0.532106 0.0743558 
784 242 518 -2.64471 1.25037 -0.108381 0.297893 0.761698 1.51841 2.92739 1.72467 
785 242 918 -0.513749 -2.98456 -0.968137 -0.133615 0.0737687 -0.15651 3.17944 0.218609 
786 242 713 3.03415 3.43575 -5.34302 -0.457111 -0.362013 -0.492368 7.03976 0.763171 
787 479 773 0.369369 -0.26711 -0.120578 0.0671424 0.0487115 0.0977709 0.471509 0.128219 
788 538 810 1.73679 -2.14436 -0.617332 0.0774281 0.0742275 -0.0400004 2.82769 0.114476 
789 538 837 -0.330467 1.32314 -1.03081 0.369165 0.354539 0.336733 1.70953 0.612674 
790 538 782 -0.116792 -0.0170674 -0.130168 0.000645365 0.004016 -0.00110562 0.175714 0.00421511 
791 392 335 -1.46716 -3.9744 0.665203 -0.363011 0.242107 0.645872 4.28846 0.77945 
792 392 782 1.06411 0.345466 -1.08339 -0.200524 0.217555 -0.127584 1.55737 0.322207 
793 686 840 -0.18982 0.204427 -0.236989 0.0295959 -0.0454833 -0.0629394 0.366041 0.0831025 
794 686 1124 0.840853 -0.901793 -0.775525 0.261997 0.17234 0.0836671 1.45661 0.324567 
795 1032 1386 0.127328 0.426291 -0.508795 -0.0574637 -0.306123 -0.270863 0.675877 0.412771 
796 1032 1184 -0.359444 -2.21533 -1.22583 0.79062 -0.124259 -0.00726753 2.55726 0.800358 
797 1032 1270 -3.69094 0.00066504 -5.05617 0.263828 0.160876 -0.19257 6.26002 0.364101 
798 310 339 -1.12823 2.14843 -0.781705 0.00395314 -0.203599 -0.565274 2.54945 0.600836 
799 310 315 -0.285921 -0.0339838 -0.351455 -0.000169833 0.073385 -0.00695777 0.454342 0.0737143 
800 455 339 0.843296 0.644802 -0.364449 0.084631 -0.15678 -0.0815557 1.12238 0.195943 
801 455 675 -1.76244 -3.23367 -3.0389 1.11923 -0.414449 -0.208097 4.7747 1.21151 
802 455 720 -0.326664 2.27448 -4.77815 -0.475156 -0.372035 -0.14461 5.30195 0.620561 
803 389 547 2.84145 -0.908312 0.603828 -0.117262 -0.208358 0.238379 3.0436 0.337621 
804 389 653 -1.68356 2.06529 -1.08516 -0.714193 -0.501148 0.154239 2.87705 0.886008 
805 389 1027 -0.0836145 -2.58288 -1.66403 -0.328883 0.144053 -0.20707 3.07364 0.41448 
806 389 996 -0.548382 0.31187 -4.2811 -0.831437 0.0612651 0.110965 4.32733 0.841043 
807 59 653 1.64334 3.21095 -1.75609 -0.364938 -0.435235 -1.13732 4.01181 1.27126 
808 59 830 -5.83965 1.04319 -4.03904 0.625341 -0.413595 -1.01094 7.1766 1.25862 
809 59 411 0.0219431 -0.139663 -0.296313 0.00137771 -0.00626559 0.00305523 0.328311 0.00710564 
810 126 155 0.343446 -2.04507 -0.695871 0.0723604 0.0796922 -0.198491 2.18735 0.2258 
811 126 724 0.29411 0.805124 -0.866386 0.0318302 -0.0411605 -0.0274447 1.21875 0.0588266 
812 614 565 -0.0621121 -0.0873277 -0.000872889 0.0119622 -0.00842632 -0.00818941 0.107167 0.016768 
813 614 396 -3.4988 2.66748 -0.443917 0.424766 0.692234 0.811749 4.42201 1.14828 
814 614 726 1.49784 -4.15563 -4.12288 0.978487 1.62028 -1.27767 6.04243 2.28368 
815 810 946 3.73279 0.0263085 -2.88543 -0.117276 -0.363875 -0.155034 4.71807 0.412546 
816 810 360 0.137333 -0.522232 -0.159634 0.039687 0.0193454 -0.0291445 0.56309 0.0529028 
817 810 797 -0.392428 0.0555118 -0.645609 -0.113156 -0.0151754 0.067476 0.757557 0.132618 
818 1079 797 1.70726 0.79523 -3.06186 0.107277 0.185184 0.107913 3.59474 0.23968 
819 335 526 0.940059 -0.747574 -0.26398 -0.0905016 -0.0454261 -0.193642 1.22974 0.21852 
820 335 783 -0.244353 1.43862 -3.16951 0.133934 -0.695483 -0.326001 3.48928 0.779687 
821 335 994 -0.0677481 -0.569225 -0.652821 -0.0463381 0.0841516 -0.0685669 0.868782 0.118026 
822 1284 1615 0.318907 1.39489 -2.62162 -1.00277 -0.338485 -0.30208 2.98669 1.10062 
823 1082 255 0.63436 -0.217556 0.917818 -0.298908 0.0930174 0.228642 1.13672 0.387654 
824 1082 1284 0.499173 0.12657 0.00388597 0.031341 -0.123101 -0.0163897 0.514984 0.128081 
825 1082 915 -0.836582 -0.617492 -0.10688 -0.149592 0.198451 0.0243642 1.04527 0.249708 
826 1082 1530 -0.188566 0.0711324 -0.173383 -0.0058461 0.0466523 0.0254977 0.265855 0.053486 
827 1082 1188 2.9728 -1.84209 -3.30114 -0.791375 -0.222208 -0.588667 4.8092 1.01103 
828 915 1234 1.82943 -1.17676 0.66371 -0.193073 0.103981 0.716538 2.27422 0.749343 
829 915 1184 -2.20612 1.21698 -1.07417 -0.268365 0.0374959 0.59365 2.73895 0.652569 
830 915 1620 -0.33701 -0.781035 -0.729696 0.0382551 0.0595836 -0.0814439 1.12074 0.10792 
831 399 420 -0.325263 -0.243522 -0.0483971 -0.0407688 0.0600899 -0.028362 0.409196 0.077957 
832 399 315 0.0323727 0.154075 -0.207845 0.00350642 -0.0620235 -0.0454318 0.260743 0.0769627 
833 547 511 -0.208253 0.853208 -1.75724 0.133716 -0.134308 -0.0810588 1.96449 0.206129 
834 367 878 0.608985 -0.394461 -3.79378 -0.543243 -0.497456 -0.0354791 3.86255 0.737451 
835 495 918 1.13557 0.440537 -2.67848 0.42918 -0.803739 0.0497619 2.94242 0.912507 
836 155 851 2.55219 2.41629 -0.298277 -0.414068 0.407576 -0.241247 3.52719 0.629103 
837 155 445 -0.701066 1.68871 -1.54999 -0.0497684 0.207808 0.248917 2.39702 0.328056 
838 155 726 -6.08583 -2.3902 -5.4921 0.681745 -1.49556 -0.104566 8.53894 1.64694 
839 155 741 0.599367 -1.2434 -1.21546 0.107201 0.288147 -0.241908 1.83919 0.391204 
840 635 565 0.187458 -0.145668 -0.0104697 -0.00867215 -0.00952302 -0.022776 0.237633 0.0261657 
841 635 396 1.78111 2.48411 -0.42055 1.05863 -0.842966 -0.495722 3.08545 1.44119 
842 635 589 -0.833537 0.317302 -1.20625 -0.405467 -0.31253 0.197974 1.50017 0.548883 
843 571 946 -0.200646 0.481963 -0.761425 0.25306 0.19739 0.0582585 0.923209 0.326184 
844 512 796 -0.808066 0.522058 -2.66582 1.14602 -0.329213 -0.411855 2.83409 1.2615 
845 512 872 0.0959979 -0.772171 -0.735964 -0.27318 -0.0595728 0.0268704 1.07103 0.280888 
846 526 796 3.14307 0.343098 -2.29035 -0.900719 0.721109 -1.12804 3.90414 1.61362 
847 526 994 -0.377302 -0.0211802 -0.240404 0.0436814 -0.118049 -0.0581552 0.447883 0.138656 
848 526 1161 0.0499032 -4.30939 -5.47139 0.123576 -1.07712 0.84949 6.96487 1.37735 
849 922 1124 0.482216 1.30146 -0.208285 0.395209 -0.174221 -0.173636 1.40346 0.465502 
850 922 694 -0.195281 -2.30414 -1.63735 0.027533 -0.101241 0.139187 2.83339 0.174301 
851 1234 1409 -0.261403 0.112858 -1.91765 -0.0840221 0.168299 0.0213582 1.93867 0.189316 
852 477 786 -0.358807 -3.75972 -2.48496 0.364605 0.144393 -0.271112 4.52098 0.476747 
853 477 1256 -0.298092 0.195794 -0.725301 0.0139137 -0.282492 -0.0819767 0.808242 0.294475 
854 420 905 -2.71667 -0.0870661 -0.0190267 -0.00561002 0.032051 0.654344 2.71813 0.655153 
855 420 675 -0.0188908 1.10021 -0.676349 0.340115 0.315079 0.503036 1.29161 0.684104 
856 420 821 1.7134 0.153456 -1.79084 0.189043 0.282746 0.205096 2.48322 0.397174 
857 420 484 -0.396806 -1.58231 -1.52835 0.0315175 -0.0591685 0.0530744 2.2354 0.0855053 
858 905 316 -3.18778 0.391759 1.09099 -0.259412 0.636464 -0.986525 3.392 1.20234 
859 905 805 -0.062576 -0.215121 -0.605773 0.0299641 0.0423568 -0.0181369 0.645874 0.0549626 
860 316 1027 0.487605 0.700477 -1.48471 -0.1175 -0.163259 -0.115613 1.71254 0.232005 
861 316 661 -2.32719 -4.72689 -5.66129 1.17021 1.39411 -1.64505 7.73366 2.45339 
862 67 406 2.22561 0.493994 -2.45888 -1.23372 -0.608066 -1.23884 3.35313 1.85109 
863 67 419 -0.220459 -1.6559 -1.33762 -0.0855446 0.169182 -0.195338 2.14005 0.272209 
864 831 892 0.449812 -0.132511 -1.50422 -0.0806858 0.08791 -0.0318721 1.57561 0.123508 
865 527 360 -0.177842 0.473008 -0.236779 0.0377377 -0.00805698 -0.0444396 0.558058 0.0588552 
866 527 872 -2.15497 -0.321198 -0.841729 0.0727368 -0.573191 0.0325079 2.33571 0.578702 
867 527 826 1.15916 -0.888848 -1.81515 -0.215011 0.273643 -0.271306 2.32991 0.441268 
868 373 454 0.0674681 -0.0715808 -0.0692324 0.0232108 0.0141555 0.00798365 0.120287 0.0283348 
869 268 1234 -2.79388 -0.212757 -0.777368 -0.049218 0.563349 0.022709 2.90781 0.565951 
870 525 1620 0.0909817 0.27552 -0.554625 -0.0366968 -0.0100063 -0.0109906 0.625937 0.0395926 
871 525 405 -0.0184326 -0.281407 -0.216721 0.0407211 -0.000443596 -0.00288742 0.355665 0.0408258 
872 486 786 0.289866 -0.094267 -0.158726 -0.047516 -0.0847675 -0.0364307 0.34366 0.103781 
873 486 549 -0.280719 -0.357067 -0.038991 -0.0139433 0.0163331 -0.0491872 0.455873 0.0536709 
874 509 661 2.62882 0.526018 -2.03294 -0.719667 0.380109 -0.83226 3.36455 1.16407 
875 509 562 -2.27926 0.699449 -0.662802 0.106495 -0.120216 -0.493082 2.47458 0.518578 
876 509 499 -0.22389 -0.213762 -0.406068 -0.000633587 0.0327182 -0.0168742 0.5106 0.0368187 
877 289 355 0.178689 -0.246458 -0.388145 0.0250761 0.0183895 -0.000132493 0.493283 0.0310967 
878 214 119 0.146905 -0.274064 0.158213 -0.0364682 0.0382456 0.100112 0.348889 0.113204 
879 214 419 1.13594 0.0409492 -0.393988 0.00456621 -0.0762741 0.00523769 1.20303 0.0765899 
880 214 369 0.0399765 -0.195508 -0.119389 0.0137511 0.0138745 -0.0181161 0.232541 0.0266418 
881 214 1158 0.24646 0.288402 -2.18616 -0.120804 0.256398 0.0202055 2.21883 0.284151 
882 19 308 3.79204 2.85635 -6.48552 0.0862438 0.40219 0.227559 8.03743 0.470083 
883 19 943 -0.734226 0.550373 -0.76307 -0.0954985 0.0288575 0.112702 1.19343 0.150514 
884 19 429 0.0803095 -0.125444 -0.0434474 0.0106485 0.00286759 0.0114035 0.155157 0.0158636 
885 311 943 2.62179 1.26019 -1.7672 0.160858 -0.646333 -0.222252 3.40365 0.702152 
886 311 826 -1.54582 0.511207 -1.7126 -0.0361026 -0.283531 -0.0520468 2.36303 0.290521 
887 311 573 0.732365 -0.831687 -0.632934 0.0140401 0.000161425 0.0160336 1.27619 0.0213126 
888 775 928 -0.428161 -2.46545 -0.0127717 -1.07918 0.186496 0.177725 2.50238 1.10951 
889 775 872 4.53054 2.63873 -1.0936 -0.0267453 -0.229547 -0.66467 5.35581 0.7037 
890 775 454 -2.96487 -0.143344 -1.13302 -0.0580633 -1.20283 0.304115 3.17722 1.24204 
891 775 765 -0.426668 -0.816292 -2.45011 0.128502 0.0300353 -0.0323843 2.61752 0.135881 
892 62 405 -5.50371 -1.11116 -3.43824 0.676399 -0.899068 -0.792177 6.58384 1.376 
893 62 1521 -0.0675684 0.449955 -1.56037 0.183573 0.291503 0.0761096 1.62536 0.352797 
894 599 50 1.22344 -1.15502 0.0625076 -0.0955832 -0.102318 -0.0198282 1.68368 0.141415 
895 599 786 0.253344 1.75349 -1.53609 -0.47352 -0.214367 -0.322803 2.34488 0.611863 
896 599 811 -4.41787 0.0074598 -6.64758 -1.75575 -0.464941 1.16632 7.98172 2.15851 
897 391 484 1.0363 1.00007 -3.39959 0.652906 -1.74259 -0.313596 3.69205 1.88712 
898 391 549 1.31367 -0.34053 -0.385319 -0.0088463 0.155619 -0.16769 1.41073 0.228945 
899 391 971 -0.00791975 -1.28718 -1.39177 0.793643 -0.275906 0.250656 1.89576 0.876825 
900 391 460 -0.542205 0.0117206 -0.236871 0.0583151 0.0157267 -0.132707 0.591804 0.145805 
901 490 426 2.48985 -2.29234 -0.520042 0.0451932 0.363634 -1.38652 3.42412 1.43412 
902 490 460 0.21252 0.10056 -0.0705864 0.00638626 -0.04258 -0.0414334 0.245478 0.0597543 
903 44 516 0.20725 -0.40813 -0.501124 0.0219503 0.0537152 -0.0346692 0.67871 0.067595 
904 119 369 -0.0688018 -0.0152474 -0.266997 -0.00594201 0.0132119 0.000776688 0.276141 0.0145075 
905 119 217 1.893 -0.887528 -1.83745 -0.046308 -0.00942141 -0.043157 2.78341 0.0639978 
906 323 867 -0.358211 0.146234 -0.478261 -0.0712753 -0.125132 0.0151236 0.615169 0.144799 
907 323 876 2.11205 -1.12908 -3.63658 0.0788066 -0.428274 0.178739 4.35434 0.470719 
908 761 872 -0.124233 0.983726 -0.455599 0.134328 0.0556787 0.0835923 1.0912 0.167726 
909 761 897 -1.50624 -1.93075 -3.58335 0.121224 0.130405 -0.12122 4.34015 0.215395 
910 306 928 5.29498 -0.70432 -1.06091 0.028287 -0.308286 0.345846 5.44596 0.464166 
911 306 677 -4.38661 -1.91776 -1.06773 -0.0933543 -0.223129 0.784297 4.90512 0.820746 
912 306 454 0.29403 1.13419 -0.7642 0.0226885 0.216094 0.329447 1.39888 0.394647 
913 306 828 0.332057 -0.161196 -1.24926 0.382141 0.0407092 0.0963213 1.30265 0.39619 
914 803 694 -0.586355 5.48263 -4.4427 -0.534205 -1.20927 -1.42183 7.081 1.94147 
915 803 844 6.06706 -2.07008 -7.99999 2.32417 -1.34192 2.10984 10.2515 3.41379 
916 318 38 -1.32953 -2.48922 -0.367314 0.217141 -0.0838534 -0.217701 2.84584 0.318709 
917 318 1645 -0.202261 0.380422 -0.220698 -0.036883 -0.0125747 0.0121266 0.484085 0.040811 
918 318 1249 0.446543 -0.0885115 -0.6037 0.0644327 0.145387 0.0263436 0.756101 0.161192 
919 50 750 1.41488 -0.902758 -0.430846 -0.114445 -0.254051 0.156484 1.73277 0.319573 
920 50 502 -3.81902 0.0808191 -5.89955 -0.0914845 2.38895 0.0919484 7.02823 2.39247 
921 426 613 6.09333 -3.50715 0.270099 0.313736 0.606751 0.8007 7.03575 1.05247 
922 426 864 -3.77991 -0.223372 -2.38376 0.238382 1.05719 -0.477065 4.47436 1.18409 
923 231 864 1.21893 0.429037 -2.71665 -1.56244 0.0493733 -0.693252 3.00833 1.71004 
924 231 516 -7.66641 1.75956 -7.82438 1.61627 0.299306 -1.51633 11.0946 2.23633 
925 231 377 0.356763 -7.35331 -4.91813 1.25038 0.305789 -0.366494 8.85361 1.33839 
926 240 355 0.00105508 0.322385 -0.168377 0.0364544 -0.0139597 -0.0264996 0.363709 0.0471808 
927 240 217 -1.53496 0.561779 -0.506075 -0.019667 -0.302413 -0.276048 1.71109 0.40993 
928 560 378 -2.19028 -1.4632 -0.280975 0.0156383 -0.164122 0.732773 2.649 0.751091 
929 560 369 0.0966102 0.231294 -0.18842 -0.0239244 -0.0250862 -0.0430614 0.313581 0.0552809 
930 560 429 -0.506389 0.716962 -0.107914 0.0221098 -0.0312637 -0.311463 0.88437 0.313808 
931 560 459 1.87614 -1.05526 -3.08713 0.238649 0.34973 0.0254871 3.76349 0.424162 
932 560 959 -1.45235 -0.00259609 -2.56685 -0.351731 0.476797 0.198531 2.94925 0.624872 
933 233 429 0.482102 0.124885 -0.230189 -0.0882254 0.0570558 -0.153822 0.54864 0.18628 
934 233 573 -0.237673 0.250793 -0.398679 -0.00549752 0.0213176 0.0166874 0.527571 0.0276248 
935 209 1274 -0.394581 -0.368793 -0.413507 0.178888 -0.310178 0.105937 0.680213 0.373409 
936 209 842 1.81184 -2.05232 -2.02958 0.269593 0.243749 -0.00580995 3.40793 0.363494 
937 209 876 -1.87806 2.42837 -5.69423 -0.683995 -1.257 -0.310469 6.46903 1.46434 
938 494 114 0.0159601 -0.0731523 -0.00832814 -0.0133638 -0.00633814 0.0300621 0.0753348 0.0335036 
939 928 361 2.84504 -3.94655 0.114229 1.28153 0.905907 -0.619767 4.86647 1.68733 
940 677 517 -6.46819 -5.31022 1.59002 -0.793013 1.00784 0.139925 8.51846 1.29003 
941 677 844 1.01906 2.74498 -2.33623 -0.475684 1.09703 1.08148 3.74585 1.61224 
942 677 839 2.32455 -1.4357 -0.568623 -0.0970805 -0.284907 0.322484 2.79072 0.441127 
943 38 517 1.58677 -0.383405 0.305472 0.0456619 0.258498 0.0872563 1.66077 0.276622 
944 38 750 -4.88763 -1.67332 0.206481 -0.0881773 0.138873 -0.961834 5.17026 0.9758 
945 38 621 0.599256 -1.6254 -1.0723 -0.128353 -0.0373619 -0.0150971 2.03736 0.13453 
946 750 967 -6.51567 -2.05979 -6.65036 -1.21453 0.387607 1.06988 9.53541 1.66432 
947 750 1471 0.435649 -1.06632 -1.16519 0.157982 -0.0431241 0.0985322 1.63845 0.19112 
948 473 505 2.30383 -5.09823 0.63103 -0.904408 -0.440948 -0.260603 5.63007 1.03938 
949 473 502 3.98808 1.68462 -2.88447 -0.412571 0.267703 -0.414076 5.2022 0.642914 
950 473 566 -5.14525 1.03673 -1.19881 0.255944 -0.324056 -1.37874 5.38383 1.43925 
951 613 450 2.63973 -2.19896 0.640188 0.848106 0.602265 -1.42835 3.49477 1.76697 
952 613 566 2.36377 0.689059 -0.605093 -0.00415804 -0.836876 -0.969249 2.53542 1.28056 
953 613 604 -0.750275 -1.76941 -0.420067 -0.0872416 0.0804644 -0.183112 1.96728 0.21821 
954 348 377 -5.27989 -0.557179 -2.38081 -0.84425 1.36264 1.55338 5.81859 2.23216 
955 348 604 1.69038 -1.01092 -0.857377 0.36504 0.683468 -0.0861612 2.14813 0.77962 
956 348 370 -0.297859 -1.97199 -1.13943 -0.346496 0.32213 -0.466925 2.2969 0.664715 
957 348 506 1.68463 1.4522 -8.43069 -1.45287 -2.69515 -0.754557 8.71914 3.15342 
958 551 516 0.487006 1.97634 -1.03765 0.854078 -0.733081 -0.995405 2.28469 1.50256 
959 551 377 4.18194 -0.549241 -1.34817 0.0657465 1.43614 -0.381137 4.42808 1.48731 
960 551 329 -3.64508 -0.877156 -1.4691 -0.244981 0.586534 0.257637 4.0267 0.685867 
961 551 937 -0.161219 -1.63301 -3.21286 -1.07369 1.02311 -0.466144 3.60766 1.55463 
962 593 329 2.83367 -0.979598 -1.14499 0.0531006 0.36656 -0.182196 3.20941 0.412772 
963 593 333 -0.0858453 -0.852088 -0.784669 -0.442659 0.0453348 -0.000801669 1.16152 0.444975 
964 378 18 -3.3906 0.162727 1.11621 0.31079 -0.284861 0.98558 3.57332 1.07196 
965 378 213 -0.163784 -1.99622 0.139295 0.133073 0.0616715 1.04028 2.00776 1.05056 
966 378 852 1.88268 -2.00008 -1.99285 0.50024 0.511119 -0.0403881 3.39356 0.71632 
967 378 959 0.0367993 0.060691 -0.0841089 0.00676217 -0.0109665 -0.00495458 0.110054 0.0138036 
968 378 435 -1.63451 -0.0593944 -2.64212 0.734006 0.408437 -0.463264 3.1074 0.95927 
969 18 842 -0.998584 1.36315 -2.34849 0.971761 1.18347 0.273734 2.89323 1.55558 
970 361 586 -1.76264 -0.85928 0.470704 -0.211892 0.698133 0.480986 2.01664 0.873862 
971 361 416 -2.01197 -2.07667 -2.76068 0.318561 -0.660836 0.264937 3.99774 0.779985 
972 361 768 7.34309 0.360028 -11.3923 0.0847545 1.18911 0.0922088 13.5586 1.19568 
973 586 643 -6.42935 -6.86725 -2.44763 -0.445886 -0.0170486 1.21907 9.72042 1.29817 
974 586 416 2.80207 -0.705512 -6.9825 -0.278707 1.01361 -0.21426 7.55677 1.07284 
975 586 839 -2.95024 1.82758 -1.91699 -0.107818 0.062014 0.225053 3.9647 0.257137 
976 517 433 0.082906 -0.0517977 -0.0263543 -0.00322917 0.00298432 -0.0160239 0.101247 0.0166162 
977 517 949 0.291257 -0.00411228 -2.55271 -0.690714 -0.834753 -0.0774639 2.56927 1.08623 
978 483 394 0.913141 0.623837 0.773578 0.0104513 -0.0963795 0.0653866 1.3496 0.116934 
979 483 695 -0.824863 -0.762664 -0.646077 0.0624822 -0.119056 0.0607679 1.29594 0.147551 
980 577 695 0.699817 -0.694394 -0.309199 0.147485 0.202642 -0.121284 1.03321 0.278434 
981 577 882 -0.857976 -0.61246 -0.937005 -0.0573595 0.116598 -0.0236909 1.41039 0.132085 
982 505 234 0.101791 -5.51856 0.724081 1.29297 0.083494 0.454583 5.56679 1.37309 
983 505 559 0.0392305 0.183539 -0.569324 -0.124796 -0.112142 -0.0447518 0.599463 0.173645 
984 450 705 5.95416 0.212011 -6.94743 0.0717786 1.69809 0.113336 9.15225 1.70338 
985 428 333 0.587141 -0.0354234 -0.679588 0.033176 -0.0229398 0.0298587 0.898794 0.0501839 
986 428 852 -1.16858 0.0396221 -1.44328 -0.556082 -0.0679216 0.448379 1.85748 0.717555 
987 137 336 0.259992 0.260861 -0.260185 0.0392811 -0.0501279 -0.0110063 0.450933 0.0646294 
988 137 417 -0.112567 -0.145933 -0.607385 0.00606746 -0.000651676 -0.000967909 0.634732 0.00617864 
989 629 114 2.73191 1.99613 -0.870523 0.413913 -0.167927 0.913898 3.49366 1.01722 
990 629 42 -4.73364 -1.53334 -1.42657 -0.385862 0.591617 0.644468 5.17625 0.956158 
991 629 904 0.0391437 0.0566675 -0.547614 0.0198454 0.00830919 0.0022784 0.551928 0.021635 
992 643 42 4.59563 -1.12289 -0.668835 0.133616 0.0243213 0.877254 4.77787 0.887704 
993 643 326 -11.2789 -6.40445 -0.861839 -0.336282 0.598636 -0.0476281 12.999 0.688273 
994 128 621 -0.711471 0.507667 -0.704086 0.307627 0.579927 0.107291 1.12234 0.665178 
995 128 326 6.32441 -4.0295 -1.07628 1.52619 2.14897 0.922598 7.57584 2.79258 
996 128 343 -3.43209 -3.51992 -4.24857 -0.967368 -0.485906 1.18403 6.49765 1.60432 
997 128 1208 1.36215 0.139286 -5.69156 -0.243289 -0.60574 -0.0730497 5.85395 0.656846 
998 234 372 10.5725 -2.19875 -1.30918 -0.408174 -1.92969 -0.0553892 10.8778 1.97317 
999 234 461 -4.46545 -1.9075 2.21279 0.498689 -1.05378 0.0979676 5.33622 1.16994 
1000 234 862 -2.93747 -3.24066 -2.63595 -0.4588 1.30967 -1.09884 5.10675 1.77008 
1001 492 705 0.115801 1.3947 -0.975109 -0.730296 -0.0776578 -0.197802 1.70571 0.760585 
1002 492 637 -3.38754 0.403196 -1.96615 0.226554 -0.856554 -0.56599 3.93748 1.05136 
1003 492 978 0.616546 -0.167828 -0.847982 0.0920482 0.00736364 0.0654686 1.06178 0.113196 
1004 314 219 1.75818 -1.41039 0.0372333 0.137635 0.159765 -0.447357 2.25429 0.494567 
1005 646 49 -0.0861433 -0.890079 0.0866325 0.16086 0.0236473 0.402909 0.898424 0.434477 
1006 646 329 -0.662112 0.814021 -0.326838 0.297344 0.115578 -0.314506 1.09902 0.44798 
1007 646 590 1.0991 -0.885513 -0.492079 -0.139212 0.0170963 -0.341706 1.49475 0.369371 
1008 646 937 0.279597 0.548088 -0.891803 0.186789 0.0549681 0.0923445 1.08346 0.215498 
1009 57 972 -0.496417 -0.230222 -0.204049 0.0215264 0.0217672 -0.0769295 0.58401 0.082797 
1010 213 118 0.535802 -0.694879 0.0476102 -0.240293 -0.184008 0.0186114 0.878753 0.303226 
1011 213 852 0.902845 0.574446 -0.931602 0.159902 0.0918827 0.211623 1.4188 0.280705 
1012 213 508 0.38397 -2.25036 -2.92868 0.0457185 -0.243212 0.192875 3.71332 0.313757 
1013 451 410 -0.175408 -0.172251 -0.0303293 -0.0168797 0.0122385 0.0281158 0.247706 0.0350029 
1014 451 669 2.08188 0.0796644 -4.94439 0.721144 0.127483 0.305699 5.3654 0.793569 
1015 631 456 1.67352 -0.238814 -0.700204 0.381014 0.428222 0.764592 1.82975 0.955587 
1016 631 503 0.261951 0.142624 -2.15524 -0.345387 0.134891 -0.0330524 2.17578 0.372264 
1017 642 372 -8.03112 4.72909 -1.6684 -1.22319 -2.06035 0.0479651 9.46819 2.39656 
1018 642 695 0.0847833 2.86551 -1.59867 -0.36701 0.302913 0.523488 3.28239 0.707454 
1019 642 1091 -0.586624 -5.77428 -4.29167 -0.415441 -0.288345 0.444743 7.21837 0.673447 
1020 372 695 1.1198 0.478615 -0.398267 0.0196246 0.0919758 0.16571 1.28127 0.190537 
1021 372 1028 1.21289 -1.07559 -2.01644 -0.489753 0.184215 -0.392848 2.58728 0.654311 
1022 372 572 -1.34067 -1.78472 -1.62618 0.237121 -0.0300139 -0.162549 2.76172 0.289049 
1023 546 637 -0.0247655 0.181721 -0.170804 -0.0291931 -0.0701875 -0.0704408 0.250619 0.103636 
1024 546 781 -0.158521 0.0261903 -0.0400131 -0.00199592 -0.0114104 0.000438673 0.165577 0.011592 
1025 219 299 -0.739159 -0.378917 0.050049 0.0326563 -0.104551 -0.309253 0.832129 0.328078 
1026 219 781 1.62613 0.265693 -0.756421 -0.188778 -0.435937 -0.558954 1.81303 0.733558 
1027 219 370 -0.0239771 0.89136 -0.791928 -0.0708011 -0.145147 -0.161228 1.19258 0.228199 
1028 219 467 0.336565 -3.04185 -3.81052 0.401631 -1.3184 1.08792 4.88735 1.75586 
1029 299 64 -0.116772 -0.189237 -0.0680186 0.0356112 0.000700011 -0.0630835 0.232536 0.0724443 
1030 299 590 -3.98583 5.09558 -6.90046 1.72091 1.05494 -0.215019 9.45876 2.02995 
1031 49 679 -2.83066 0.656982 -2.47081 0.504204 0.0265231 -0.570584 3.81433 0.7619 
1032 49 771 2.12811 -3.43511 -5.46935 1.0618 0.658811 -0.000633514 6.80019 1.24958 
1033 49 437 -0.111729 -0.199559 -0.0373665 0.00534658 -0.00562087 0.014032 0.23174 0.0160337 
1034 118 292 -0.525587 -0.694317 0.451069 0.190074 -0.238117 -0.145051 0.980704 0.337443 
1035 118 972 0.535756 0.152174 -0.140226 -0.0344834 0.0330672 -0.0958649 0.574329 0.10711 
1036 567 292 0.140078 -0.127691 0.102665 -0.0224656 -0.0240863 0.000694956 0.215562 0.0329445 
1037 410 395 -0.256172 -0.253706 -0.110735 0.0411054 -0.0409972 -0.00116348 0.377164 0.058067 
1038 410 778 0.00386133 0.204797 -0.505573 0.0232046 0.00381401 0.0017222 0.545491 0.023579 
1039 456 395 0.563171 -0.552329 -0.200645 -0.217822 -0.25899 0.101558 0.813933 0.353322 
1040 456 848 0.811626 0.0474033 -7.41758 1.03031 0.316151 0.114757 7.462 1.08382 
1041 105 42 0.994337 1.4426 -0.534845 -0.607982 0.634833 0.58198 1.8319 1.05421 
1042 105 342 2.60411 -2.19298 -2.11626 -0.479414 0.242101 -0.840809 4.00863 0.997703 
1043 385 932 -9.58676 1.61165 0.393168 -0.0233741 -0.174246 0.144319 9.72923 0.227455 
1044 385 684 2.79829 4.50348 -4.34525 0.723494 0.0338237 0.500976 6.85514 0.880661 
1045 385 326 -1.59523 4.24366 -0.163351 -1.26169 -0.466093 0.212699 4.53653 1.36174 
1046 385 368 5.62831 -6.20736 -0.353694 0.641504 0.508913 1.27675 8.38655 1.51677 
1047 385 906 -0.395975 -1.06033 -0.107657 -0.209443 0.093931 -0.15478 1.13696 0.276851 
1048 385 1004 0.31897 -0.983483 -2.19667 -0.246769 -0.0775779 -0.00109959 2.42783 0.258679 
1049 932 402 -15.9007 0.531482 0.700468 -0.0329179 -2.18456 0.910299 15.925 2.36686 
1050 932 326 4.07821 4.95437 -0.491813 2.22573 -1.83183 0.00294568 6.43579 2.88262 
1051 402 642 -14.4758 -2.95399 3.3692 -0.948108 1.54883 -2.71559 15.1534 3.26684 
1052 402 343 1.55381 4.19629 -3.65107 -0.497101 0.732862 0.630747 5.77525 1.08722 
1053 402 931 -0.537344 -2.60849 -2.65252 -1.90757 0.917199 -0.515543 3.75884 2.1785 
1054 857 366 -0.167553 0.00513927 -0.0280333 -0.00944612 -0.0287531 0.0511875 0.169959 0.0594654 
1055 857 974 -0.0724757 -0.58672 -2.15235 -0.239157 0.302037 -0.0742807 2.23206 0.392352 
1056 366 903 -0.278828 0.0239706 -0.00958695 0.00579446 0.103506 0.0902722 0.280021 0.137463 
1057 324 357 -7.2499 -3.11574 0.263907 -0.260893 0.598896 -0.0964206 7.89547 0.660332 
1058 324 917 -0.112619 -0.957079 0.0270555 -0.14047 0.0262957 0.34549 0.964062 0.37388 
1059 324 681 3.93266 2.72693 -4.53349 -0.0562779 0.521999 0.265167 6.592 0.588187 
1060 324 903 0.374928 -0.107026 -0.0230918 0.0040916 0.0213595 -0.0325643 0.390587 0.0391587 
1061 324 874 -1.58686 -2.12989 -3.63015 0.439895 -0.174533 -0.0898907 4.49806 0.481715 
1062 357 917 1.0666 -0.796152 -0.00713238 0.182791 0.248927 -0.451251 1.331 0.546813 
1063 357 467 -4.47156 6.15229 -4.06858 -1.90389 0.0652845 2.19119 8.62548 2.90351 
1064 357 145 -2.03318 -0.275103 -0.264709 0.02545 0.297688 -0.504855 2.06872 0.586638 
1065 357 382 -0.387033 -6.56825 -4.55947 -0.214551 -1.03397 1.50772 8.00503 1.84075 
1066 545 520 -0.019779 0.0052378 -0.0105363 0.00465555 0.0153607 -0.00110342 0.0230143 0.0160886 
1067 545 472 0.386478 0.781863 -1.25307 -0.413409 0.115644 -0.0553489 1.52672 0.432833 
1068 292 520 0.777306 -0.522283 -9.11473 1.07799 1.16205 0.0253442 9.16271 1.58526 
1069 103 563 -0.126593 0.268431 -3.18831 -0.0290042 -0.406316 -0.0330571 3.20209 0.408689 
1070 594 395 1.38904 0.72278 -0.41094 -0.289275 0.230894 -0.571688 1.61886 0.681043 
1071 594 776 -0.278033 0.288126 -0.677135 0.341325 0.247795 -0.0347102 0.786658 0.423214 
1072 68 342 -0.896084 3.24217 -3.12234 -0.876848 -0.311845 -0.0721646 4.58951 0.933444 
1073 68 400 1.64279 -8.17179 -8.72652 1.20805 1.80858 -1.46619 12.0677 2.62298 
1074 425 652 0.688002 -1.48738 -0.0994406 0.436321 0.144365 0.85945 1.64181 0.974613 
1075 425 1100 1.66584 1.41722 -4.43074 -0.267941 -0.741683 -0.337975 4.94115 0.85797 
1076 548 425 0.385192 0.272106 -0.0249464 0.0443746 -0.050189 0.137736 0.472268 0.153164 
1077 548 1091 -0.438424 0.304782 -0.252489 -0.0351254 -0.0378294 0.0153277 0.590642 0.0538498 
1078 917 671 1.14936 -0.697339 -2.32846 0.525771 0.578959 0.0861384 2.68869 0.786796 
1079 319 364 -3.44517 -1.94616 -0.679306 0.367265 -1.04569 1.1332 4.01474 1.58508 
1080 319 531 1.6923 -0.597045 -5.01972 0.678171 0.329823 0.189403 5.33085 0.777543 
1081 120 690 -0.576587 -0.489657 -0.161283 -0.0278412 0.00450057 0.0858686 0.773453 0.0903814 
1082 120 734 5.16012 1.76953 -3.48356 -1.43919 1.99865 -1.1166 6.4725 2.70419 
1083 120 753 -0.950414 0.354652 -0.869752 -0.220786 -0.0336997 0.22752 1.33624 0.318822 
1084 120 891 0.219751 -0.433871 -0.6461 -0.0452907 -0.0509834 0.0188323 0.80869 0.0707475 
1085 488 903 -0.0453586 0.143119 -0.0454408 -0.0678341 -0.0219819 -0.00152218 0.156861 0.0713231 
1086 488 753 0.897185 -0.131925 -0.80748 0.171126 -0.190129 0.2212 1.21424 0.338176 
1087 605 519 -0.432987 -0.528327 0.0204355 0.00521403 0.000860509 0.132722 0.683392 0.132827 
1088 605 1011 0.274341 -0.0320651 -0.206465 -0.027306 -0.0144338 -0.0340413 0.344846 0.0459648 
1089 605 671 -0.093054 0.423967 -0.594041 -0.0500983 0.100466 0.0795502 0.735725 0.137592 
1090 409 382 0.020274 5.36485 -6.36252 -1.37622 1.92065 1.6151 8.32248 2.86207 
1091 409 939 -2.57513 -5.05298 -4.47482 0.656186 1.13109 -1.65485 7.22412 2.10914 
1092 301 101 -0.548679 -2.45476 -1.43333 -1.05488 0.392752 -0.268831 2.89506 1.15728 
1093 301 742 -1.33154 -0.0440973 -1.12598 0.481969 -0.303895 -0.558054 1.74435 0.797541 
1094 146 380 1.40125 2.7245 -6.40183 -1.50929 -0.874807 -0.702658 7.09717 1.88068 
1095 146 647 -8.95078 1.42193 -3.32906 -1.16701 -1.66455 2.42674 9.6551 3.16571 
1096 146 742 4.22842 -0.545604 -1.79465 -0.935018 -0.53786 -2.0395 4.6258 2.30719 
1097 146 751 -0.538634 -0.87103 -0.919119 0.240701 -0.218595 0.0660987 1.37608 0.331797 
1098 515 555 1.6547 -2.47013 0.235902 0.327541 0.304846 0.894546 2.98249 1.00021 
1099 515 647 8.38987 0.758559 -0.553123 0.218169 -0.717211 2.32564 8.44223 2.44348 
1100 515 608 -8.39678 -0.129394 -2.8138 0.102896 0.286829 -0.320246 8.85664 0.442059 
1101 515 579 -0.609073 -1.39336 -0.39394 -0.034799 0.152845 -0.486804 1.57086 0.51142 
1102 515 843 -0.909093 1.66383 -3.15188 -1.23237 -0.0943681 0.305636 3.67819 1.27321 
1103 61 90 1.3789 -2.1398 0.185061 1.28067 0.831483 0.0718227 2.55232 1.52861 
1104 470 890 -0.0157802 0.0480232 -0.0211223 -0.0221364 0.00619183 0.0306154 0.054785 0.038284 
1105 470 608 8.25185 0.211084 -5.55898 -1.2191 1.14292 -1.76625 9.95188 2.43149 
1106 470 641 -6.41776 -0.949106 -13.5799 1.60725 1.11566 -0.837551 15.0499 2.12825 
1107 470 337 -0.0388903 -0.20373 -0.0870624 0.00801244 0.00838282 -0.0231953 0.22494 0.0259324 
1108 639 557 0.0176533 -0.225827 0.0183075 0.00696471 0.00505099 0.0555894 0.227255 0.0562513 
1109 965 364 -2.55266 2.10664 -0.394173 0.528325 0.516748 -0.659688 3.33307 0.990628 
1110 965 893 -0.0432038 -0.128858 -0.107915 0.0196507 -0.000810951 -0.00689881 0.173542 0.0208423 
1111 965 353 1.63945 -0.306819 -2.27987 0.156712 0.0861725 0.101095 2.82484 0.205438 
1112 832 364 5.12227 2.28817 -4.07514 0.15259 -0.00546231 0.188732 6.93398 0.242762 
1113 832 945 0.702746 -0.92235 -0.843134 -0.112863 -0.115531 0.0323153 1.43369 0.164711 
1114 807 400 0.459096 0.0627704 -0.312855 0.0837438 0.0725939 0.137454 0.559095 0.176569 
1115 553 652 -1.10053 0.308537 -0.00903324 -0.0247802 -0.0825669 0.198851 1.14299 0.216733 
1116 553 595 -0.30544 -0.293507 0.0699241 -0.0201833 0.0187435 -0.00948797 0.429336 0.0291326 
1117 553 666 1.35405 1.9282 -2.70263 -1.26037 -0.603285 -1.06188 3.58547 1.75502 
1118 652 906 0.73978 0.754916 -0.128801 -0.187459 0.159768 -0.140276 1.06478 0.28345 
1119 652 1290 -2.30272 1.02774 -2.81713 0.015384 0.836627 0.292642 3.78087 0.886466 
1120 652 749 -1.29872 -1.07334 -0.49425 0.375656 -0.242553 -0.460357 1.75585 0.641778 
1121 652 951 0.0849929 -0.39731 -0.486499 -0.156044 -0.241754 0.170172 0.633845 0.334295 
1122 464 600 1.50271 -1.8014 -0.214693 0.182368 0.0968763 0.463606 2.35569 0.507517 
1123 464 734 -4.92262 5.18219 -2.829 1.56094 -0.169405 -3.02643 7.68704 3.40948 
1124 464 1380 -0.247589 -1.89899 -2.32731 -0.0139274 0.045134 -0.0353459 3.01395 0.0589947 
1125 690 1011 -0.223127 0.0842298 -0.197166 0.00600431 -0.0659282 -0.0349597 0.309442 0.0748649 
1126 101 1320 1.42931 3.27275 -2.54184 -1.24011 -0.14726 -0.886938 4.38346 1.53174 
1127 101 379 -4.26369 -8.49407 -4.08035 -1.60128 1.42001 -1.2828 10.343 2.49521 
1128 493 800 0.71003 0.745979 -1.92571 -0.570592 -0.128767 -0.260265 2.1838 0.64023 
1129 555 498 0.315354 -0.26781 0.0492476 -0.0504451 -0.0530385 0.0345971 0.416648 0.0809614 
1130 555 674 0.140091 -2.60272 -3.85059 0.2651 1.21546 -0.81192 4.64982 1.48555 
1131 555 841 -0.187775 0.838051 -1.70081 0.154003 -0.105963 -0.0692144 1.90535 0.199338 
1132 557 337 0.270434 0.0722556 -0.0579051 -0.000395002 0.00434139 0.00357254 0.285847 0.0056362 
1133 557 624 -0.0939476 -0.262224 -0.338279 0.0450303 -0.0756286 0.0461191 0.438201 0.09937 
1134 667 1202 -3.05533 -0.688736 -3.17697 -0.950603 1.40429 0.609768 4.46123 1.80208 
1135 667 598 0.0341339 -2.23935 -1.16447 0.952744 -0.151067 0.318439 2.52425 1.01585 
1136 444 891 -0.114143 0.141263 -0.155644 -0.0320983 0.0179975 0.0398743 0.239184 0.0542602 
1137 930 1159 2.22296 -0.929576 -2.98581 -0.214139 1.12307 -0.509074 3.83676 1.25152 
1138 930 1131 -6.73047 0.613608 -12.8955 0.0384919 1.4703 0.0498712 14.5592 1.47164 
1139 930 966 -2.09123 -4.52538 -1.28341 0.259931 -0.348059 0.80374 5.14776 0.913623 
1140 519 838 -0.0392384 -0.853811 -0.816424 0.346204 -0.0551575 0.0410443 1.18198 0.352965 
1141 519 835 -0.378795 1.6171 -2.20649 -0.821556 0.0317218 0.164287 2.76172 0.838421 
1142 216 939 -0.550994 1.10068 -0.855186 0.184703 0.0426864 -0.0640632 1.49881 0.200103 
1143 216 654 -0.16984 -0.794593 -1.12774 -0.00777698 -0.262125 0.185863 1.38997 0.321427 
1144 498 751 0.185382 0.665048 -0.499234 0.0874903 0.0607123 0.113365 0.851992 0.155538 
1145 471 674 0.988432 2.13364 -2.74748 0.374635 0.113099 0.222609 3.61636 0.450219 
1146 471 381 -0.52098 -1.00312 -1.47832 0.345029 0.19652 -0.254942 1.86094 0.471869 
1147 90 579 0.0198383 0.257655 -0.389146 -0.065239 0.000930387 -0.00270981 0.467134 0.0653019 
1148 412 945 0.140438 0.576452 -0.101038 -0.203063 0.0561684 0.0382086 0.601854 0.214125 
1149 412 689 0.23902 -0.680636 -0.741769 0.172776 0.175949 -0.105774 1.03471 0.268324 
1150 452 745 -0.239517 0.390353 -1.64749 0.172112 -0.720257 -0.195679 1.70996 0.765952 
1151 452 650 0.0491475 -0.368 -0.36426 0.231367 -0.0182658 0.0496704 0.52012 0.237343 
1152 785 598 2.45398 -0.0189476 -1.07899 -0.314336 -0.123215 -0.712739 2.68078 0.788661 
1153 785 1654 -0.023799 -0.0987985 -0.2285 0.049081 0.0984581 -0.047683 0.25008 0.119902 
1154 600 871 0.447852 -0.561784 0.00596209 -0.0550852 -0.0417468 0.204182 0.718477 0.215563 
1155 600 1213 1.04719 -0.0149259 -0.796078 -0.268127 0.0517768 -0.353674 1.31551 0.446831 
1156 264 1697 3.04131 -0.621638 -3.29869 0.349146 0.322944 0.261045 4.52961 0.542531 
1157 264 576 -0.606702 0.512523 -2.04261 0.0528885 0.0241417 -0.00965154 2.19158 0.0589336 
1158 963 683 -1.2839 0.978415 -1.78717 0.000266263 0.614567 0.336264 2.40825 0.700547 
1159 963 873 0.904488 -0.300042 -0.246278 0.00311253 -0.0265494 0.0437765 0.984264 0.0512927 
1160 303 384 -1.38502 -0.104626 -0.0511122 -0.0557305 0.737935 -0.000383252 1.3899 0.740037 
1161 303 293 5.94953 -7.57262 1.94716 0.0978067 0.0360228 -0.158753 9.82511 0.189911 
1162 303 371 -4.22294 6.81064 -1.10812 -0.108903 -0.12016 -0.3235 8.08987 0.361871 
1163 303 924 -0.51352 -0.378357 -0.95788 -0.38306 0.428199 0.0362226 1.15082 0.575675 
1164 384 829 -1.68502 2.86268 -2.99351 -0.339281 0.335936 0.512232 4.47161 0.700247 
1165 384 422 -0.0661653 -0.256665 -0.15445 -0.0558779 -0.0262778 0.0676063 0.306773 0.0915613 
1166 384 924 1.17038 -0.539174 -1.69214 -0.000424972 -0.328855 0.10449 2.12694 0.345057 
1167 804 829 0.696402 0.44018 -0.840149 -0.262543 0.210129 -0.10753 1.17668 0.353052 
1168 804 624 -0.146415 0.112434 -0.188804 0.0458802 0.129509 0.0415436 0.264056 0.143539 
1169 804 746 0.0634867 -0.755806 -1.3724 0.151991 0.0241533 -0.00627063 1.56804 0.154026 
1170 349 408 -1.17294 -2.4556 0.169856 -0.415407 0.197326 -0.0158625 2.72665 0.460165 
1171 349 893 -0.212045 0.888829 -0.714626 -0.0317533 -0.0554399 -0.0595325 1.16003 0.0873268 
1172 349 752 0.983038 -1.09039 -0.447353 0.0697602 -0.00409464 0.163275 1.53474 0.177601 
1173 349 757 0.109641 -0.708064 -4.26285 -0.308034 0.488745 -0.0891038 4.32264 0.584548 
1174 421 706 -1.65038 -0.485727 -1.05326 0.466275 -0.674964 -0.419352 2.01719 0.921327 
1175 421 1289 0.110629 -2.35751 -1.84743 0.496901 0.525623 -0.640994 2.99718 0.96647 
1176 871 1213 0.960318 4.28502 -3.41129 -0.152482 -0.824125 -1.07813 5.56062 1.36558 
1177 871 1697 -2.06459 -0.726009 -0.786349 0.00813938 0.0115162 -0.0320028 2.32551 0.0349721 
1178 871 988 0.143954 -0.218796 -0.189375 0.0511557 0.162118 -0.148418 0.323198 0.22567 
1179 975 627 0.592328 -1.09065 0.232196 -0.046621 -0.124159 -0.46426 1.26265 0.482832 
1180 975 966 -1.27477 0.708274 -0.0904571 0.134161 0.215067 -0.206711 1.46112 0.327081 
1181 766 966 -0.0196086 2.25414 -0.213236 0.839924 -0.027541 -0.368377 2.26429 0.917569 
1182 766 1240 -4.48799 -2.54219 -1.07251 0.384104 -0.526387 -0.359609 5.26831 0.74427 
1183 766 809 0.366196 0.106386 -1.13087 0.411784 0.425474 0.173369 1.19344 0.616969 
1184 354 581 -0.899698 -0.538417 0.0937068 -0.107126 0.184787 0.0332044 1.05268 0.216159 
1185 354 966 2.2294 1.2883 -0.232535 -0.195899 0.498299 0.882522 2.58534 1.03224 
1186 354 838 0.115256 0.928974 -0.881762 -0.23133 -0.0772794 -0.111654 1.28599 0.268239 
1187 354 1240 0.0470689 -2.41187 -0.490726 -0.175323 0.101202 -0.514217 2.46174 0.552629 
1188 354 1037 0.340569 -0.594019 -1.74176 0.0935556 -0.12661 0.0614731 1.87151 0.169002 
1189 581 654 0.130625 0.962624 -0.993988 0.0650426 -0.129465 -0.116832 1.38986 0.186122 
1190 284 150 -1.28531 -3.87062 -0.392292 0.391706 -0.0782228 -0.511593 4.09727 0.649061 
1191 284 795 0.856799 3.13296 -0.424749 0.199097 -0.0553755 -0.00683348 3.27566 0.206768 
1192 284 873 -1.29675 1.21804 -0.316849 0.300294 0.285325 -0.132148 1.80709 0.434799 
1193 284 446 0.455051 -0.558999 -0.470462 -0.222566 -0.0079915 -0.20578 0.860748 0.303224 
1194 284 954 0.0750095 0.0708277 -0.313659 -0.0267268 -0.0328312 -0.0138052 0.330189 0.0445286 
1195 293 320 4.73022 2.12029 -1.47247 -0.614587 0.448944 -1.32786 5.38877 1.53052 
1196 293 334 -0.940482 -0.340317 -0.43812 0.262382 -0.200919 -0.407169 1.09191 0.524403 
1197 293 737 1.44541 -1.47502 -1.52924 0.0810548 0.0255422 0.0519751 2.56972 0.0996177 
1198 528 496 0.484288 -0.201482 0.113851 0.0620536 0.018841 -0.230615 0.536742 0.23956 
1199 528 422 1.74774 0.192905 -1.65678 -0.217639 -0.639448 -0.304041 2.41593 0.740743 
1200 528 752 -1.00568 0.66701 -0.539286 -0.0537765 0.0795153 0.198632 1.32179 0.220611 
1201 528 615 -1.30227 -1.61557 -2.62018 1.01458 -1.06751 0.153951 3.34235 1.48076 
1202 408 616 4.49843 -4.34853 -0.298537 0.662269 0.594038 1.32638 6.26376 1.59711 
1203 408 689 -3.56319 3.09799 -4.9588 0.589962 1.58993 0.569379 6.84716 1.78889 
1204 408 929 -1.33409 -1.48759 -0.479029 0.111182 -0.121693 0.0682694 2.0548 0.178413 
1205 408 685 0.267211 -0.382048 -1.54435 -0.16996 -0.0844903 -0.00850574 1.61319 0.189993 
1206 510 689 1.21843 0.643737 -1.2652 -0.215488 0.847589 0.223733 1.87075 0.902718 
1207 510 650 -1.53528 3.07604 -2.10484 -0.906767 -0.115796 0.492176 4.03106 1.03821 
1208 510 929 2.8758 -4.58154 -1.0198 -1.34032 -0.710989 -0.585479 5.50461 1.62627 
1209 984 706 1.40271 0.871579 -0.817915 -0.0533936 -0.835272 -0.981643 1.84289 1.29002 
1210 984 988 -0.411299 0.241667 -0.902221 0.257376 0.0309844 -0.109032 1.02057 0.281231 
1211 700 1478 0.212207 -0.639212 -0.729911 -0.169041 0.482199 -0.471426 0.993174 0.695221 
1212 956 1138 -2.63886 0.217771 -2.79277 0.131052 -0.73102 -0.180832 3.84845 0.764372 
1213 627 363 0.689516 0.459085 -0.22626 -0.00630886 -0.0440864 -0.108678 0.858712 0.117449 
1214 627 727 -1.00339 -0.763755 -2.23489 -0.0506282 0.048384 0.00619549 2.56609 0.0703037 
1215 443 474 -0.065153 -0.278974 -0.0192682 0.0595685 -0.0158195 0.0276195 0.287128 0.0675388 
1216 443 866 -0.569239 0.242927 -0.349915 0.0118334 0.101749 0.0513883 0.710976 0.114602 
1217 552 737 -2.73872 0.411262 -2.91714 -0.316061 0.586952 0.379479 4.02236 0.76708 
1218 418 1277 -0.329577 -1.37256 0.0863641 0.385615 -0.0637531 0.45835 1.41422 0.602369 
1219 418 737 2.83018 1.81782 -1.40171 -0.293323 0.91204 0.59054 3.64406 1.12543 
1220 418 779 -4.07792 -1.85497 -2.60578 -0.275537 0.0674094 0.383217 5.1827 0.476781 
1221 418 968 0.139181 -0.191676 -0.537751 -0.0490433 -0.0653701 0.0106072 0.587611 0.0824076 
1222 496 334 1.30283 0.477291 -0.939597 0.0369061 -0.243716 -0.0726285 1.67571 0.256972 
1223 616 752 0.117227 0.294036 -0.101785 0.0206269 0.0123583 0.0594569 0.332505 0.0641351 
1224 616 615 8.43757 -1.2085 -7.95084 -0.933058 -0.962007 -0.843956 11.6563 1.58377 
1225 501 1289 -0.722302 0.971084 -0.618164 0.573041 0.120169 -0.480801 1.35899 0.757618 
1226 501 929 2.6612 0.645628 -0.927837 -0.0475803 0.0805053 -0.0804495 2.89131 0.123358 
1227 725 1289 0.885433 0.944329 -0.532336 -0.294661 0.117067 -0.282439 1.39969 0.424619 
1228 725 1880 1.23584 -0.510937 -1.82228 -0.064787 0.0700867 -0.0635889 2.26032 0.114687 
1229 725 1567 -0.497935 -0.0254536 -0.247527 0.140285 -0.0739006 -0.274604 0.556648 0.317094 
1230 725 808 0.00539488 -0.0248835 -0.00471232 -0.00674928 -0.00453127 0.0162006 0.025894 0.0181258 
1231 738 1628 0.0310823 -0.187159 0.0186629 -0.0939621 -0.0189796 -0.0338443 0.190638 0.101659 
1232 738 1138 1.96889 1.83533 -0.842417 0.0231823 0.280891 0.666145 2.8204 0.723316 
1233 738 1176 -0.0150533 -0.782843 -1.09755 -0.929393 -0.126165 0.102736 1.34821 0.943527 
1234 699 727 0.574358 0.79487 -1.00771 -0.0182715 -0.644548 -0.518826 1.40612 0.827621 
1235 699 1495 -0.8763 0.604043 -1.05163 0.0483458 0.252688 0.104855 1.49623 0.277818 
1236 699 1362 0.00891986 -0.439007 -0.672321 0.0014991 -0.30476 0.199019 0.803008 0.363991 
1237 534 543 -0.583502 -0.343747 0.0332959 0.00826927 -0.0128545 0.012207 0.678045 0.0195609 
1238 534 1240 3.09522 3.74542 -0.75378 -0.0463062 -0.279536 -1.57912 4.91699 1.60434 
1239 534 446 -1.48598 1.06133 -0.883711 0.509217 0.0693955 -0.772917 2.02867 0.92818 
1240 150 169 -1.43937 -5.69778 1.70756 -0.569631 0.345674 0.67328 6.11982 0.947246 
1241 150 446 1.89502 0.66414 -1.01422 -0.326945 0.0837117 -0.556065 2.24963 0.650468 
1242 150 936 -0.425431 0.648975 -1.10443 -0.185636 -0.0233153 0.0578076 1.34979 0.195822 
1243 465 859 3.85157 0.0664486 -2.91195 -0.150518 1.1699 -0.172389 4.82892 1.19208 
1244 465 784 -0.478654 -1.5899 -1.8822 -0.27875 -0.042191 0.106526 2.50989 0.301379 
1245 309 448 0.92862 0.184966 -0.930409 0.29257 -0.237914 0.24471 1.32748 0.449536 
1246 309 1152 -0.772843 -0.301108 -0.618801 0.0136802 -0.149699 0.0557578 1.03483 0.16033 
1247 449 554 -1.02315 -2.56303 -0.964767 1.12912 -0.801235 0.931131 2.92348 1.6685 
1248 449 1218 -0.443718 0.841669 -2.04229 0.164336 0.3289 0.0998419 2.25305 0.380986 
1249 825 1162 -1.17483 0.328301 -0.480139 -0.208661 0.13978 0.60614 1.31093 0.656113 
1250 825 1366 0.100822 -0.195957 -1.34552 0.0507288 0.148511 -0.0178274 1.36345 0.157945 
1251 1162 1567 0.94756 0.759818 -0.485528 0.034456 -0.186248 -0.22422 1.30803 0.293514 
1252 1162 1478 -0.393693 1.0058 -0.977095 -0.0538865 -0.056145 -0.0360825 1.45648 0.0857786 
1253 1360 853 0.966475 0.203177 0.908846 -0.0271094 0.239376 -0.0246853 1.34215 0.242167 
1254 1360 960 -0.696707 -1.24196 -0.167514 -0.208416 0.131941 -0.111392 1.43385 0.270654 
1255 1360 1850 0.707242 0.659877 -1.72025 0.341307 0.212154 0.221702 1.97355 0.458968 
1256 415 1120 0.732827 -0.112321 -1.83254 0.317432 -0.195736 0.138937 1.97683 0.397968 
1257 543 169 -0.646003 -0.133409 0.166783 0.0132303 -0.0165251 0.0380265 0.680393 0.0435217 
1258 169 442 0.961663 0.91872 -4.76066 0.171318 0.881726 0.204763 4.94295 0.921259 
1259 169 1060 -1.3913 -0.549597 -1.27969 -0.195475 0.360279 0.0577921 1.96859 0.413946 
1260 383 859 -0.198721 1.4076 -2.24226 0.681312 0.0664152 -0.0186885 2.65492 0.684796 
1261 383 1060 1.02582 -0.277613 -0.798497 0.302682 0.0599838 0.367998 1.32927 0.480247 
1262 1277 458 -0.77768 -1.09395 -0.000690379 0.118036 -0.0840689 0.250903 1.34221 0.289746 
1263 1277 779 -3.84843 4.25769 -3.91846 1.77474 0.745787 -0.932678 6.94929 2.13911 
1264 596 779 1.31733 1.33259 -1.16267 -0.258562 -0.125098 -0.436338 2.20521 0.522393 
1265 596 1057 -3.32767 -0.0538654 -2.51132 -0.297947 0.366851 0.386931 4.16929 0.610793 
1266 596 1049 -0.141038 -1.30304 -1.34256 0.326558 -0.300054 0.256916 1.87624 0.512522 
1267 554 623 -4.38963 4.8227 -1.04115 1.23424 0.934084 -0.876951 6.60388 1.77902 
1268 554 1142 2.72258 -4.06198 -1.07343 -0.597595 -0.200073 -0.7586 5.00644 0.986216 
1269 554 845 -0.838938 -1.379 -0.313479 -0.142794 0.248261 -0.709958 1.6443 0.765548 
1270 554 1170 0.290131 0.000254719 -0.406983 0.0263524 -0.0725426 0.0187408 0.499811 0.0794235 
1271 558 895 -1.18323 -1.77043 -0.118923 -0.0534854 -0.0234181 0.880786 2.13274 0.882719 
1272 558 623 0.990494 1.72571 -0.478071 -0.32302 0.0867429 -0.356131 2.04639 0.488565 
1273 558 1526 -2.21568 2.55468 -3.00498 0.658553 0.642089 0.0602972 4.52388 0.921741 
1274 558 1443 1.03428 7.92297e-05 -2.33127 -0.0142836 0.178872 -0.00633094 2.5504 0.179553 
1275 960 592 -0.771181 -1.05879 -0.0736063 -0.00172255 -0.0112749 0.180231 1.31193 0.180591 
1276 568 970 -2.01343 -0.729028 -0.869529 0.306662 -0.502153 -0.289075 2.31116 0.655564 
1277 568 1058 0.0269526 0.231217 -0.77871 -0.0150846 0.00834194 0.0019548 0.812759 0.0173481 
1278 568 1868 0.430853 -0.125898 -0.235424 0.0153539 0.224231 -0.0918131 0.506862 0.242785 
1279 970 603 -0.506398 -0.36305 0.0752981 -0.142869 0.138636 -0.292396 0.627626 0.353733 
1280 970 1674 0.464342 -1.26821 -0.847691 -0.044657 -0.0265607 0.0152749 1.59454 0.0541575 
1281 970 356 -0.567072 0.897366 -3.23971 -0.973818 0.487886 0.305594 3.40919 1.13126 
1282 184 1187 0.0999992 -0.0182091 -0.0108693 0.0147047 0.064561 0.0271279 0.102223 0.0715561 
1283 184 1251 0.296378 -0.702673 -0.744012 0.0486556 0.179836 -0.150462 1.06543 0.239473 
1284 184 1056 0.97581 3.0249 -5.26159 -0.676547 1.31145 0.628483 6.14707 1.60394 
1285 387 1273 -0.59317 -0.765349 0.019373 -0.110435 0.0881179 0.0998377 0.968496 0.172998 
1286 387 784 1.47651 4.62679 -6.42451 -0.711563 0.116909 -0.0793399 8.05367 0.725455 
1287 458 1070 -0.814937 -0.427475 0.0157604 0.0299509 -0.0617233 -0.125444 0.920383 0.142979 
1288 365 1221 1.28695 0.183096 -2.01231 0.802809 -0.0793207 0.506211 2.39565 0.952389 
1289 365 1222 -2.21702 0.470006 -0.532116 0.186082 0.345247 -0.470348 2.32792 0.612413 
1290 592 1664 -0.0396961 0.668263 -0.685187 -0.13772 -0.013313 -0.00500535 0.957931 0.138453 
1291 592 1756 -0.0656673 -0.119702 -0.0483891 0.0359474 -0.0517774 0.0793007 0.144853 0.1013 
1292 1315 1214 0.247385 0.245195 -0.381781 0.099086 -0.201864 -0.0654399 0.516795 0.2342 
1293 1315 1498 1.25089 -1.0095 -1.19242 -0.233728 0.683135 -0.823526 2.00142 1.09522 
1294 1064 1511 -3.66686 0.711666 -8.90791 0.0786619 -0.294398 -0.0559004 9.65936 0.309811 
1295 603 12 0.252485 -0.483725 0.643102 -0.0268391 -0.0484265 -0.025888 0.843397 0.0611199 
1296 603 1821 0.290746 -0.631733 -1.88066 -0.355399 -0.255267 0.0308031 2.00512 0.438655 
1297 1187 1060 0.0716909 0.87939 -0.362313 -0.163653 -0.0648339 -0.189744 0.953802 0.258821 
1298 1273 22 0.304717 -1.23775 1.93515 -1.35031 0.200743 0.341024 2.31725 1.4071 
1299 1273 1054 2.79225 -1.87779 -3.59241 0.00290804 1.09341 -0.569277 4.92221 1.23274 
1300 1273 1247 -0.0565807 0.765003 -1.41694 0.0547401 -0.117785 -0.0657778 1.61125 0.14559 
1301 1070 1049 0.579256 1.44082 -1.86675 -0.376271 -0.332869 -0.373677 2.42822 0.626113 
1302 1070 1656 0.363121 -0.361638 -0.267227 0.11227 0.0471446 0.0887579 0.57797 0.150683 
1303 895 1221 -1.16234 1.34875 -1.61488 0.928182 0.338834 -0.385081 2.40374 1.06048 
1304 895 1547 -0.83993 -2.50592 -1.1159 -0.461348 0.248225 -0.210173 2.86886 0.564474 
1305 895 2088 0.421759 -0.191212 -0.7247 -0.28777 0.445405 -0.284996 0.860019 0.602013 
1306 1586 1222 0.145108 0.547943 -0.21398 -0.143617 -0.110388 -0.380065 0.605876 0.421024 
1307 1756 1800 -0.662916 0.877061 0.272666 -0.0180213 0.101105 -0.369029 1.13271 0.383052 
1308 1756 1700 0.309443 -0.376048 -0.0714557 0.221615 0.203352 -0.110459 0.492212 0.320416 
1309 1482 2300 0.0903766 1.04671 -0.421021 -0.141825 -0.081187 -0.232286 1.13183 0.284011 
1310 1482 1229 -0.252562 -0.47775 -0.0391005 0.057773 -0.0211916 -0.114244 0.541813 0.129763 
1311 1482 1690 0.0527032 -0.325817 -0.497847 0.0368921 -0.159606 0.10836 0.597315 0.19641 
1312 1054 1411 0.934641 -0.678385 -0.20729 -0.0760803 -0.127991 0.0758332 1.17334 0.167095 
1313 1054 714 -0.803638 -4.24291 -4.67624 -0.423976 0.0921688 -0.0107654 6.36517 0.434012 
1314 1656 1273 1.09849 0.329242 0.526248 0.0837234 0.2946 -0.359079 1.26176 0.471949 
1315 1656 1751 -0.111567 -0.0211768 -0.0676202 0.000601227 -0.0306608 0.00861017 0.132167 0.0318525 
1316 1088 1829 1.36478 -2.26175 -1.92952 0.04901 0.0862755 -0.0664649 3.27127 0.119428 
1317 1088 1460 0.0136004 0.0158854 -0.0740693 0.0448604 -0.029536 0.00190264 0.0769647 0.0537443 
1318 1547 2009 0.941418 -2.758 -1.86663 0.235692 0.151292 -0.104668 3.4608 0.29899 
1319 2134 1700 -0.770954 0.143464 -0.15096 0.136496 0.488278 -0.233053 0.798586 0.557997 
1320 1700 2218 -0.00508018 -0.0201171 -0.0650598 0.0448018 -0.0136154 0.000711665 0.0682883 0.0468304 
1321 1390 1752 0.156681 0.566551 -1.87253 -0.679454 0.0053464 -0.0552347 1.96262 0.681716 
1322 1638 1305 -0.132738 -0.92893 -0.132902 -0.131203 0.0355872 -0.117698 0.94773 0.179815 
1323 1638 1325 -0.607799 0.73222 -0.959318 -0.332523 -0.195794 0.0612335 1.35124 0.390713 
1324 1173 541 0.117537 -0.641904 -0.0140066 0.184445 0.0347685 -0.0456122 0.652726 0.193156 
1325 1173 1574 -0.233935 0.165629 -0.737818 0.193593 -0.0678003 -0.0766014 0.791539 0.218958 
1326 1826 2009 0.673886 0.212729 -0.382554 0.0671572 0.429082 0.356903 0.803569 0.56214 
1327 1826 2229 -0.0136227 -0.612681 -0.962219 -0.0561259 -0.179758 0.115253 1.1408 0.220785 
1328 1451 1852 -0.225446 0.23917 0.166568 0.157383 0.0377135 0.158863 0.368474 0.22678 
1329 1451 1883 1.50442 -0.48295 0.867925 0.0318486 0.403794 0.169483 1.80272 0.439076 
1330 1451 2066 -1.32597 -0.209467 -0.775441 -0.0148032 0.27854 -0.0499282 1.55028 0.283367 
1331 1305 536 -0.60291 -2.08467 1.42188 0.408949 -0.120216 -0.002849 2.59443 0.426262 
1332 1305 1226 0.974699 0.82325 -1.84291 0.13631 -0.168244 -0.00306367 2.24145 0.216554 
1333 1305 1389 -0.34912 -0.298498 -0.943754 -0.0887608 0.0435422 0.0190632 1.0496 0.100687 
1334 584 1250 0.163168 0.15075 -0.521992 -0.0461503 0.0259047 -0.00694477 0.567296 0.0533772 
1335 1264 574 -3.59645 0.651648 0.534153 0.249236 0.492939 1.07674 3.69384 1.21015 
1336 1264 1411 0.0671796 0.546979 -0.0749397 0.0665244 0.0282875 0.266104 0.556161 0.275748 
1337 1264 820 2.6865 -1.35526 -1.77336 0.556892 0.0697555 0.790339 3.49268 0.969345 
1338 1264 1126 -0.0998003 -0.441032 -0.424782 0.0013742 0.0213976 -0.022539 0.62041 0.0311087 
1339 574 1404 -3.77075 2.61527 -1.07958 0.024385 -0.226639 -0.634205 4.7142 0.673926 
1340 574 881 -0.972742 -0.548635 -0.381117 -0.0461288 -0.0426459 0.179127 1.18003 0.189824 
1341 574 1317 0.190396 -3.97996 -0.729936 0.129967 -0.135571 0.773099 4.05082 0.795583 
1342 574 989 0.044939 -0.31471 -1.14821 0.0305191 0.277525 -0.0748717 1.1914 0.289063 
1343 332 802 -0.535403 -0.639623 -1.43229 -0.232071 -0.257456 0.201724 1.65748 0.40104 
1344 896 1829 0.359616 1.88176 -1.262 0.862588 -0.247778 -0.123658 2.29412 0.905949 
1345 896 802 2.72911 -0.318009 -3.41313 -0.024973 -0.483657 0.0250952 4.38162 0.484951 
1346 896 1000 0.461212 -1.20701 -0.207009 -0.197607 -0.0560837 -0.113256 1.3086 0.234565 
1347 541 792 0.799458 0.598204 -1.02671 0.324159 0.170866 0.351962 1.43217 0.508086 
1348 541 1127 -2.93325 -2.41495 -1.28154 -0.418517 0.151472 0.672488 4.00977 0.806437 
1349 541 1122 0.309985 -2.02373 -4.1872 0.923322 0.68898 -0.264638 4.66092 1.18205 
1350 934 2009 -1.49189 1.22435 -1.47685 0.118845 0.398806 0.210567 2.4302 0.466378 
1351 934 1440 1.70477 -0.74308 -2.55417 -0.293793 0.234608 -0.264345 3.15946 0.459602 
1352 934 1630 -0.408845 -0.419353 -0.661639 0.0176126 0.0435337 -0.0384753 0.883616 0.0607103 
1353 1883 1924 0.00433288 -0.458782 -0.465596 -0.214063 -0.116572 0.112874 0.653666 0.268612 
1354 1953 1223 1.9242 -1.46908 -0.35329 -0.55492 -0.80498 0.32496 2.44654 1.0303 
1355 1953 1660 -1.41686 1.44706 -1.2649 -0.347351 -0.0549099 0.326264 2.38777 0.479704 
1356 1953 2066 0.926961 0.503575 -0.848634 -0.136079 -0.117146 -0.218153 1.35389 0.282544 
1357 1953 1716 -1.31735 -1.08732 -1.44771 0.826426 -0.49632 -0.379242 2.2391 1.03592 
1358 536 633 -1.10952 0.478702 0.0361835 0.0317936 0.0712424 0.0323805 1.20892 0.0844678 
1359 536 1021 -0.644415 -1.26381 -3.16034 0.57895 -0.480936 0.0742728 3.46413 0.756306 
1360 633 1238 -0.0388385 -0.462191 -0.134603 -0.0336178 0.00988587 -0.0242454 0.482956 0.0426114 
1361 633 849 -0.0273973 -0.0973614 -0.811955 -0.0530454 -0.102358 0.0140636 0.81823 0.116141 
1362 636 820 -3.43701 3.51699 -3.08187 0.332826 0.709246 0.438203 5.80346 0.897677 
1363 636 713 0.86805 -7.37882 -0.502464 0.733341 0.073441 0.188409 7.44668 0.760711 
1364 1728 1976 0.857271 0.200599 -0.725463 -0.187347 -0.172188 -0.268998 1.14081 0.37028 
1365 1728 2121 -0.0740619 0.0999474 -0.145699 0.003038 0.110279 0.0741054 0.19158 0.1329 
1366 1223 1386 1.59256 -0.97648 -0.223115 0.10483 0.308806 -0.603252 1.88137 0.685758 
1367 1223 1911 1.29356 0.624946 -1.14156 0.612765 -0.458172 0.44353 1.83494 0.884376 
1368 1223 1053 -2.19649 -1.90997 -1.98481 0.19194 -1.11661 0.8621 3.52307 1.42369 
1369 789 1716 2.10573 1.27768 -2.64674 0.185084 -0.215395 0.0432727 3.61549 0.287269 
1370 789 720 2.43974 -4.72411 -2.59777 0.0611825 -0.363421 0.71835 5.91759 0.807369 
1371 1238 653 0.0792574 -0.0876751 -0.00517566 -0.0385741 -0.0336317 -0.0209871 0.118302 0.0553129 
1372 703 911 0.142764 -0.731128 -0.257452 -0.13172 -0.0305481 0.0137103 0.78817 0.135909 
1373 791 740 0.0794909 0.494532 -1.29865 0.205698 0.053912 0.0331208 1.3919 0.215209 
1374 888 856 -2.12158 -1.57451 0.383451 -0.587911 0.613881 -0.732138 2.66968 1.12184 
1375 888 1179 1.17225 -2.17519 -1.29294 -0.263027 0.337196 -0.805759 2.78878 0.912213 
1376 837 782 -0.166581 -0.307849 -0.0487078 0.0842182 -0.0452654 -0.00193498 0.353402 0.0956316 
1377 837 1127 3.38174 1.04606 -2.98927 0.514312 0.601585 0.792353 4.63316 1.11993 
1378 837 1353 -0.222683 -0.963604 -2.3297 -0.42084 -0.887519 0.407319 2.53093 1.06335 
1379 1008 1631 -2.32567 -0.751949 -0.232214 -0.180217 0.668266 -0.359044 2.45522 0.779725 
1380 1008 1425 1.03253 1.19821 -0.806292 -0.126183 0.203736 0.141177 1.77536 0.278139 
1381 1008 1512 1.62319 -1.10567 -2.38057 0.171642 -0.364507 0.28633 3.08616 0.494279 
1382 840 1652 -0.277387 0.0972884 0.0535371 0.00367765 -0.0178937 0.0515713 0.298788 0.0547112 
1383 1386 1924 0.521948 0.458214 -0.065903 -0.0347945 0.081695 0.292443 0.697663 0.305626 
1384 1386 1639 1.46782 -0.446949 -1.0445 -0.051525 -0.58828 0.179323 1.85613 0.617159 
1385 1386 1382 -0.222305 -0.0191909 -0.337693 0.0693656 0.0153904 -0.0465384 0.404752 0.0849368 
1386 339 1053 0.340474 1.09504 -2.91905 0.239826 -0.112592 -0.0142642 3.13622 0.265324 
1387 902 653 -4.59588 -2.15584 0.482351 0.204013 -0.85994 -1.8996 5.09925 2.09514 
1388 902 1339 -0.238609 -0.228509 -1.08812 -0.248163 0.0880881 0.0359197 1.13717 0.265772 
1389 653 1073 -5.16607 0.341048 -5.08375 -0.274767 0.864589 0.337218 7.25597 0.967847 
1390 518 851 -1.14065 -3.725 -0.206545 -0.379844 0.142247 -0.467699 3.9012 0.619078 
1391 518 911 2.0508 -0.445579 -5.778 1.18031 -1.09243 0.503174 6.14733 1.68515 
1392 724 659 0.300421 0.314929 -0.603695 -0.0302988 0.0225023 -0.00333903 0.744231 0.0378882 
1393 328 445 1.09306 -1.32065 -0.494309 0.0775586 -0.131442 0.522679 1.78417 0.544505 
1394 328 396 -4.32115 -2.21348 1.57377 0.907142 -0.747221 1.43982 5.10379 1.85858 
1395 328 1299 1.17913 2.50787 -2.63607 0.270564 -0.882828 -0.718869 3.82474 1.1702 
1396 328 900 -1.36357 0.444036 -1.80576 0.524832 -0.133541 -0.42915 2.30592 0.690979 
1397 773 946 -1.4293 -0.401929 -0.935088 0.234403 -0.453622 -0.16331 1.75466 0.536086 
1398 773 589 0.250435 -1.55549 -1.55392 -0.710969 -0.504194 0.390122 2.2129 0.954926 
1399 856 1245 0.33483 -0.567354 -1.10398 -0.502267 0.100323 -0.203892 1.2856 0.551279 
1400 856 797 -2.74817 -3.16807 -1.14107 0.323641 -0.494084 0.592317 4.34639 0.836482 
1401 782 1353 0.385569 0.493178 -0.78711 0.205111 -0.240188 -0.0500196 1.0057 0.319786 
1402 1631 2237 -0.307165 0.195928 -0.263675 -0.0255513 -0.109321 -0.0514672 0.449736 0.123502 
1403 1631 1436 0.84871 -0.948704 -1.42923 -0.599369 0.351621 -0.589323 1.91391 0.911144 
1404 1631 1615 -2.63161 -1.77414 -0.825661 0.0358219 -0.202579 0.321117 3.27943 0.381363 
1405 1530 1184 -0.379161 -0.17509 0.0667184 0.0399206 -0.0985915 -0.0318665 0.422931 0.111038 
1406 511 780 -0.0754649 -0.724216 -0.400553 -0.110628 -0.00775034 0.0348555 0.83104 0.116248 
1407 511 1398 0.434535 0.808387 -1.86828 -0.255636 0.255917 0.0512753 2.08154 0.365339 
1408 830 918 -1.98026 -0.647897 0.412321 0.0638388 0.45785 1.02604 2.12396 1.12537 
1409 830 692 -3.32656 1.39762 -3.44236 0.131254 0.150267 -0.0658289 4.98691 0.210098 
1410 830 1146 0.114815 -0.971329 -2.34702 -0.200214 0.269174 -0.121193 2.54267 0.35669 
1411 851 376 1.16672 -0.354134 -3.04788 -0.581414 -0.572944 -0.155993 3.28272 0.831048 
1412 445 858 0.550234 0.335702 -0.704929 -0.126052 0.125139 -0.0387961 0.955186 0.181807 
1413 396 927 -0.054173 -1.80176 -2.74981 1.25345 0.0717082 -0.0716789 3.28797 1.25754 
1414 946 1179 1.70827 1.92493 -1.85835 0.35211 -0.603031 -0.300962 3.17443 0.760398 
1415 946 1245 -0.294594 0.25131 -0.592005 0.00500101 -0.0292716 -0.0149146 0.707399 0.0332308 
1416 946 1296 0.162811 -2.24226 -1.17044 0.517269 0.242625 -0.392854 2.5346 0.693374 
1417 783 1124 -1.4305 -0.212386 0.824799 0.155284 -0.374996 0.172757 1.66485 0.441112 
1418 783 1280 1.92517 -0.275194 -0.862662 -0.239502 0.510552 -0.697357 2.12749 0.896845 
1419 783 1436 -1.46288 0.610636 -1.78123 0.970341 0.468259 -0.636388 2.38446 1.25133 
1420 1124 1039 -0.12741 -1.57212 -1.87285 0.0292959 0.410218 -0.34634 2.44854 0.53767 
1421 1184 1256 -2.0941 -1.81052 -0.986655 -0.305918 0.468058 -0.209602 2.93883 0.597157 
1422 315 720 -0.164345 0.202608 -0.0287439 -0.0406184 -0.0225975 0.0729535 0.26246 0.0865026 
1423 675 730 0.282294 -1.55353 -3.16704 -0.652794 -0.631732 0.251698 3.53882 0.942643 
1424 1027 780 0.730547 0.100159 -0.608876 -0.0237684 0.074845 -0.016206 0.956274 0.0801832 
1425 1027 1069 -1.09044 -1.87079 -2.33438 0.350843 -0.206005 0.00120819 3.18406 0.406854 
1426 918 406 -1.22532 -3.54514 -0.467267 0.240809 0.0911216 -1.32282 3.77992 1.34764 
1427 726 308 -2.2236 -6.56534 0.66002 -0.727751 0.352151 1.05113 6.96303 1.32608 
1428 726 1035 -1.03157 3.71575 -4.15636 2.31881 0.270344 -0.333821 5.66977 2.35826 
1429 726 854 -0.604753 -0.160593 -0.241915 -0.107081 -0.0547225 0.304014 0.67085 0.326933 
1430 726 702 3.01842 -2.81616 -6.61774 -3.57661 -1.14907 -1.14235 7.79975 3.92651 
1431 796 1002 3.46086 1.37178 -4.29588 1.1348 -0.830445 0.649042 5.68454 1.54876 
1432 796 1508 -0.982138 -0.0316089 -2.70579 -1.04067 0.765315 0.3688 2.87869 1.3434 
1433 994 923 -0.392786 -0.555206 -0.563686 -0.0731732 -0.0218673 0.0725267 0.883333 0.105321 
1434 1188 1571 2.16819 -2.06697 -2.38649 0.704688 0.0917998 0.560719 3.82998 0.905217 
1435 1188 2247 -0.524119 -0.177762 -1.41111 0.0492637 -0.0487506 -0.0121565 1.51576 0.0703656 
1436 1409 1599 -0.6256 0.679598 -0.624086 0.0836503 -0.143688 -0.240322 1.11477 0.292229 
1437 1409 1537 0.301069 -0.26591 -0.387585 -0.109302 0.0140431 -0.094538 0.558187 0.145195 
1438 1620 1521 0.318889 -0.419635 -0.0860234 0.0100675 0.0220938 -0.0704566 0.534026 0.0745227 
1439 1620 1374 -0.567276 0.103988 -0.698668 -0.0324552 -0.126821 0.00747609 0.905954 0.131121 
1440 821 1256 2.38063 0.751834 -0.0974241 -0.0235762 0.0605093 -0.109144 2.49843 0.127002 
1441 821 730 -0.545908 0.306684 -0.609303 -0.129002 9.14014e-05 0.115626 0.873682 0.173237 
1442 821 1255 0.410515 -0.494541 -0.308371 -0.191693 -0.138517 -0.0330469 0.712872 0.2388 
1443 701 878 -0.242683 0.0400539 -0.160076 0.0104181 0.0071831 -0.013997 0.293468 0.0188693 
1444 701 411 0.107454 0.186528 -0.257151 0.0152194 0.00568895 0.0104862 0.335359 0.0193379 
1445 878 762 -2.43262 1.14496 -2.49755 -0.0910239 -0.238906 -0.0208648 3.66965 0.256509 
1446 878 651 2.26766 -1.74469 -1.13364 0.0907458 0.003788 0.175693 3.07756 0.19778 
1447 406 562 1.56179 -1.15434 0.753427 0.0577429 0.113737 0.0545619 2.08311 0.138735 
1448 406 818 -2.54343 -2.52125 -5.31436 0.93815 0.0113434 -0.454376 6.40844 1.04246 
1449 741 818 0.922181 -0.494501 -0.766786 0.0280537 -0.286167 0.218288 1.29727 0.36101 
1450 741 1158 -0.245346 -0.405232 -0.155207 -0.0758974 -0.00924264 0.144107 0.498495 0.163134 
1451 741 1306 0.134176 0.229524 -0.376602 -0.059837 0.0321875 -0.00170166 0.460991 0.0679662 
1452 872 732 2.09784 0.858708 -2.62561 0.430187 0.929639 0.647755 3.46874 1.21197 
1453 872 865 -0.40698 -0.0916132 -1.11368 0.119926 0.0332622 -0.0465619 1.18924 0.132878 
1454 1161 454 -3.28201 -3.98546 1.6233 -0.868933 -0.0918538 -1.98234 5.41208 2.16637 
1455 1161 865 4.76668 -1.58213 -2.77889 -0.461082 0.267907 -0.943434 5.73991 1.08371 
1456 786 405 0.896748 -0.837902 0.00710914 -0.259103 -0.279084 -0.210376 1.22731 0.435063 
1457 786 1255 -1.59075 0.189009 -1.76955 0.389574 0.410972 -0.306313 2.38695 0.643812 
1458 786 1271 0.38331 -1.59396 -2.15977 0.207038 -0.136976 0.137836 2.7115 0.283947 
1459 484 961 2.50253 -2.78362 -1.80135 0.865344 1.40054 -0.962077 4.15404 1.90681 
1460 484 790 -1.54999 -1.35467 -2.04367 -0.496668 0.359258 0.138554 2.90072 0.628444 
1461 661 460 0.229436 -0.114272 0.0673589 0.0520206 0.0377069 -0.113223 0.265021 0.130182 
1462 661 1069 1.17578 2.09209 -4.19767 0.583112 -1.89883 -0.783031 4.83526 2.13511 
1463 661 651 -2.16749 1.09314 -1.74021 -0.033012 -0.46183 -0.248989 2.98686 0.525712 
1464 661 687 1.11659 -2.58567 -3.04971 -0.221457 -0.596864 0.424964 4.15129 0.765431 
1465 562 721 -1.03471 -0.153799 -5.43136 -0.517104 0.459635 0.0854968 5.53118 0.697116 
1466 419 910 0.69525 -1.36171 -1.58084 0.147188 -0.146044 0.190532 2.19925 0.281594 
1467 308 1158 2.09351 -0.643852 -1.02503 -0.0232426 0.0648165 -0.0881836 2.41827 0.111883 
1468 308 850 -1.73791 -0.67157 -1.68932 0.526642 0.165806 -0.607702 2.51498 0.821063 
1469 308 729 0.0942455 -1.74666 -0.850288 -0.0279927 -0.113497 0.230043 1.94492 0.258041 
1470 943 854 1.13184 1.33988 -1.39645 -0.170121 0.374872 0.221802 2.24197 0.467618 
1471 943 850 0.548589 -0.51653 -1.16258 0.442254 -0.00701751 0.211805 1.38541 0.490407 
1472 826 1185 -1.05449 -0.724591 -3.1253 0.418652 0.330034 -0.217772 3.37705 0.575861 
1473 454 844 -6.47221 -3.64628 -2.29404 -0.762812 0.0416143 2.08599 7.7748 2.22148 
1474 454 1098 -0.0775165 -0.0600482 -0.425141 0.00791183 -0.00999728 -3.05286e-05 0.436302 0.0127493 
1475 454 765 0.646141 -0.22379 -0.486133 -0.11454 -0.255622 -0.034566 0.838991 0.282236 
1476 694 923 1.89384 0.397805 -1.26511 0.113612 0.376459 0.288449 2.31201 0.48768 
1477 694 1571 -1.93756 1.79165 -3.05995 -0.767013 0.316194 0.670809 4.04072 1.0669 
1478 694 1381 -0.96705 -1.84883 -2.70489 0.407092 0.87896 -0.746323 3.4161 1.22282 
1479 1645 1234 -0.217257 0.382552 0.325862 -0.00380475 0.0101345 -0.0144343 0.547478 0.0180425 
1480 1149 318 0.322775 0.0763133 0.435691 0.0770869 -0.0711197 -0.0446518 0.547571 0.113992 
1481 1149 38 0.0913507 -0.549249 0.497939 0.104871 0.0961834 0.0868553 0.746969 0.166712 
1482 1149 1521 -0.671816 0.60361 -0.154886 0.0522491 0.0312593 -0.104808 0.916336 0.12121 
1483 1149 1561 0.0610584 -0.230566 -0.149435 -0.0180446 0.0352673 -0.0617878 0.28146 0.0733971 
1484 405 502 -2.95645 -3.33612 -0.689944 -0.235397 -0.0176234 1.09391 4.5107 1.11909 
1485 405 1271 -1.78055 0.286652 -2.42412 0.0926547 1.10196 0.0622502 3.02141 1.1076 
1486 405 1168 0.341955 -1.68313 -2.03751 0.387337 0.229982 -0.124976 2.66483 0.467483 
1487 811 549 -1.04476 0.311546 0.725607 -0.0505693 0.136443 -0.131394 1.30961 0.196057 
1488 811 502 2.37875 -2.1808 0.0986714 -0.239205 -0.230379 0.67497 3.22864 0.752249 
1489 811 1255 -0.00088358 0.148115 -0.101061 -0.0136201 0.0407728 0.0598756 0.17931 0.073709 
1490 811 961 -8.04914 0.761829 -5.0167 0.841649 0.535301 -1.26911 9.51506 1.61418 
1491 971 566 2.1257 -1.72581 0.765653 0.185685 -0.0145081 -0.548224 2.84311 0.578998 
1492 971 952 -1.38891 -0.362748 -0.817574 -0.130286 0.518572 -0.00875295 1.65199 0.534759 
1493 499 355 -0.24237 -0.0632836 0.0585693 0.00562309 -0.0160289 0.00595021 0.257252 0.0179986 
1494 499 516 0.000698337 -0.112008 0.0284312 0.00645416 0.00281054 0.0109139 0.115562 0.0129873 
1495 369 744 0.0148933 0.0160631 -0.120289 0.0435285 0.0187346 0.00789115 0.122267 0.0480415 
1496 429 729 0.00504181 0.512687 -1.85938 -0.172561 0.567058 0.155887 1.92877 0.612889 
1497 573 564 0.474639 -0.538352 -0.521326 0.0241559 -0.0193373 0.0419615 0.887065 0.0521364 
1498 897 867 0.69251 0.55072 -0.139777 -0.0365445 0.0576678 0.0461548 0.895768 0.0824096 
1499 897 962 -2.1036 -1.77337 -1.55623 -0.19926 -0.019514 0.291582 3.16099 0.353703 
1500 897 768 0.412583 -1.10391 -0.25249 0.129345 0.0379704 0.0453467 1.20523 0.142226 
1501 897 772 -0.135957 0.391093 -1.65559 -0.164383 0.0613787 0.0279984 1.70658 0.177688 
1502 844 1249 -0.442892 -0.175279 -0.0204985 -0.0631363 0.150284 0.079082 0.476756 0.181178 
1503 844 1098 0.089355 0.0452174 -0.0927188 0.00364846 0.00964798 0.00822126 0.136476 0.0131903 
1504 844 828 2.9027 -1.54075 -0.389432 -0.298624 -0.286995 -1.09038 3.30926 1.16639 
1505 844 1192 -0.013109 -0.590858 -0.20948 0.221621 0.0033164 -0.0232229 0.627031 0.222859 
1506 844 1136 -1.01628 -0.619984 -5.06243 0.311302 -0.189668 -0.0392657 5.20052 0.366639 
1507 502 1168 1.62396 0.223739 -1.26735 -0.0255641 -0.407643 -0.104723 2.07207 0.421656 
1508 502 1203 -3.12432 0.14628 -5.90365 0.158006 -1.3391 -0.1168 6.68101 1.35344 
1509 566 919 0.807992 -0.234483 -2.33547 -0.421465 -0.19086 -0.12665 2.48239 0.479687 
1510 566 676 -0.670431 -0.870573 -0.783386 0.0820256 0.0830298 -0.162469 1.34947 0.200046 
1511 864 941 -4.66966 2.16157 -4.53499 0.781246 -0.860726 -1.2147 6.85888 1.68128 
1512 516 941 2.89292 2.08379 -5.98325 -1.46603 0.398678 -0.569984 6.96494 1.62268 
1513 516 556 -5.46026 -0.393828 -5.20422 -0.440741 0.73448 0.406844 7.55337 0.94828 
1514 217 910 0.159115 0.51897 -0.83916 -0.0748265 0.234604 0.1309 0.999418 0.278878 
1515 217 697 0.47833 -1.32201 -1.40766 -0.259538 -0.0696277 -0.0228015 1.98947 0.269681 
1516 1274 336 0.294543 -0.443642 0.309531 -0.114544 -0.0847891 -0.0125285 0.615941 0.143061 
1517 1274 114 -2.66167 -2.72823 1.86843 0.0531435 0.25344 0.445771 4.24485 0.515526 
1518 1274 876 0.552042 1.74791 -0.518677 0.264584 0.264232 1.17205 1.90498 1.23025 
1519 1274 663 1.89382 0.408025 -2.67616 -0.50626 -0.119887 -0.37654 3.30377 0.642226 
1520 967 1168 0.21338 1.70641 -1.00609 -0.0307936 0.221057 0.368401 1.99238 0.430736 
1521 967 559 -9.08002 -1.63727 -1.65494 0.386997 -0.942638 -1.19073 9.3737 1.56722 
1522 967 1047 0.258314 -1.33966 -1.38868 0.544818 0.288595 -0.177065 1.94675 0.641456 
1523 377 544 0.354214 0.929907 -3.79907 0.420229 0.923696 0.265276 3.92722 1.04889 
1524 377 491 -0.335442 -5.97923 -5.25358 -0.706959 -1.25153 1.46953 7.96642 2.05564 
1525 459 697 4.10547 0.376679 -0.760472 0.115065 0.150878 0.695919 4.19226 0.721323 
1526 459 393 -0.245759 -1.71002 -1.36645 -0.738576 0.00807057 0.122734 2.20267 0.748748 
1527 459 748 -0.746498 0.251662 -1.46421 -0.367267 0.232926 0.227277 1.66268 0.490708 
1528 842 564 2.81547 1.81926 -1.64456 -0.690128 0.0597282 -1.11542 3.73378 1.31301 
1529 842 663 -0.299783 0.10217 -0.457817 0.108553 0.0105485 -0.0687273 0.556691 0.128912 
1530 842 435 0.0869344 -0.060651 -0.0397223 0.00861226 -0.0135275 0.0395032 0.113199 0.0426341 
1531 842 696 -0.279493 -1.02237 -0.46583 0.295754 -0.156386 0.165774 1.15774 0.373374 
1532 336 696 0.395278 -0.224635 -0.899724 -0.191694 0.176384 -0.128256 1.00807 0.290358 
1533 114 887 0.706461 -0.280217 -3.99201 0.784262 -0.313013 0.160761 4.06372 0.859586 
1534 416 962 0.0480262 1.17016 -0.56163 -0.254546 0.254695 0.508892 1.29885 0.623406 
1535 416 1129 -0.195048 0.0540217 -0.107728 -0.000873658 0.0492789 0.0262933 0.229276 0.0558615 
1536 416 708 -1.63295 -3.06251 -1.51462 -0.327824 0.418883 -0.493531 3.78676 0.725606 
1537 416 736 2.21953 0.647897 -7.15827 0.963297 -1.96371 0.120949 7.52243 2.1906 
1538 839 433 -1.07268 -0.860656 0.180449 0.345223 -0.323901 0.50732 1.38706 0.693876 
1539 839 828 0.491215 1.21421 -0.835088 0.35624 -0.0487766 0.138627 1.55338 0.385362 
1540 839 1192 -0.874387 0.458256 -1.13317 -0.222396 -0.10115 0.130702 1.50287 0.277082 
1541 839 1129 0.128774 -0.155349 -0.443753 0.0129842 -0.0403995 0.017911 0.487476 0.0460599 
1542 433 715 1.20551 -1.32594 -2.5721 -0.126439 -0.10081 -0.00729202 3.13481 0.161873 
1543 1471 695 -0.362032 -2.63256 1.47717 -0.601562 0.264665 0.324242 3.04031 0.732842 
1544 1471 1623 0.940933 -0.471245 -0.921302 -0.198199 0.017498 -0.211372 1.39865 0.290288 
1545 1471 1523 -0.417942 1.64748 -2.05155 -0.706784 -0.089079 0.0724521 2.66416 0.716051 
1546 705 919 -0.956606 5.0611 -3.89978 -0.476682 -0.567185 -0.619159 6.4605 0.965547 
1547 705 559 7.07987 0.635907 -2.05569 0.0749339 -1.99248 -0.358279 7.39965 2.02583 
1548 705 1266 -0.21554 -0.0992045 -0.566275 -0.0842357 0.159087 0.00419231 0.613975 0.180061 
1549 604 637 1.9487 -0.957076 -0.657844 -0.403296 -0.93796 0.16994 2.26852 1.03503 
1550 604 370 -0.689295 -0.291736 -0.0729051 0.013277 -0.0631892 0.127327 0.752033 0.142763 
1551 604 769 0.173286 -0.111534 -1.47739 -0.120559 0.200073 -0.0292449 1.4917 0.235412 
1552 329 697 -1.05053 1.25267 -1.39115 -0.330056 -0.707699 -0.388009 2.14665 0.871967 
1553 329 533 -0.0788672 -0.688752 -0.720693 0.0943937 0.159459 -0.162721 0.999999 0.246608 
1554 333 393 -0.255376 0.0597011 -0.314697 0.0716827 0.0127465 -0.0557522 0.409653 0.0917017 
1555 333 812 -0.0595802 -0.915294 -0.534929 0.335568 -0.0186417 -0.00547847 1.06182 0.33613 
1556 852 393 2.16747 0.279556 -2.45803 0.382041 -0.626009 0.265682 3.28907 0.780019 
1557 852 673 -0.834363 -0.335651 -1.08662 0.00136529 -0.15409 0.0465494 1.41052 0.160974 
1558 621 1471 -2.00721 -0.364215 -0.298764 0.025316 0.234816 -0.45634 2.06175 0.513834 
1559 621 343 0.329055 -3.09334 -0.082442 -0.0949844 -0.0301005 0.750297 3.11188 0.756885 
1560 621 949 2.38743 1.74227 -0.873074 -0.486041 0.706025 0.0798317 3.08181 0.86086 
1561 621 1561 -0.072525 0.259542 -0.244029 0.0121465 -0.0410607 -0.047281 0.363555 0.0637888 
1562 882 978 -0.874439 -0.158496 -0.212637 0.00889447 -0.0941158 0.0335752 0.913772 0.10032 
1563 882 747 -0.069408 -0.23266 -0.247089 0.027992 0.0228835 -0.0294102 0.346412 0.0466065 
1564 637 1252 0.427754 -0.341759 -0.576249 -0.220693 -0.0356237 -0.142695 0.794881 0.26521 
1565 637 898 -1.84099 -2.17784 -1.68563 -0.0330083 0.293704 -0.343416 3.31264 0.453085 
1566 781 898 1.01641 -0.303747 -3.18414 0.0614828 0.500674 -0.0281352 3.35621 0.505219 
1567 370 491 -1.26149 0.0188885 -0.88096 -0.0149671 -0.47404 0.0112683 1.53877 0.474411 
1568 370 1115 -0.112424 -0.878596 -1.06954 -0.0185531 0.067739 -0.0536952 1.3887 0.0884079 
1569 590 491 3.1934 4.59836 -3.85627 -1.76846 0.768487 -0.548096 6.79806 2.0046 
1570 590 827 -2.38648 0.35757 -3.22346 -0.343974 -0.459955 0.203639 4.02664 0.609381 
1571 669 435 0.292043 1.19893 -0.209706 0.056717 -0.0762886 -0.357173 1.25168 0.369607 
1572 669 673 2.5586 0.529907 -2.38981 -0.535099 0.434754 -0.476493 3.54097 0.838086 
1573 669 508 0.94879 -0.757047 -0.0444406 0.0469602 0.0697389 -0.185421 1.21462 0.203592 
1574 669 585 -0.137085 -0.966646 -0.257268 -0.320223 0.00283216 0.159989 1.00965 0.357977 
1575 669 950 -0.191382 -0.0318116 -0.354573 0.0734699 -0.18414 -0.0231349 0.404179 0.199601 
1576 417 848 -0.0854354 -0.141538 -0.104862 -0.0166023 -0.0147836 0.0334809 0.195776 0.0401891 
1577 503 815 -0.384678 0.435892 -1.53555 0.319367 -0.147303 -0.121821 1.64192 0.372201 
1578 684 715 -0.568341 1.39837 -0.403068 -0.167497 -0.0256757 0.1471 1.56235 0.224394 
1579 684 708 4.32363 3.51082 -2.48922 -0.0803682 -0.30675 -0.572239 6.10048 0.654226 
1580 326 521 -0.223536 -0.761511 -1.03026 -0.126248 -0.0272119 0.0475057 1.3005 0.137608 
1581 343 1623 -0.199299 0.23553 -0.380973 -0.00995891 -0.0792661 -0.0437951 0.490239 0.091106 
1582 343 728 0.390609 -0.999508 -1.30266 0.149719 -0.104882 0.125368 1.68775 0.221659 
1583 343 1469 -3.25928 -2.48055 -2.03746 -0.162078 1.23091 -1.23932 4.57464 1.75423 
1584 1028 572 -2.16068 -0.521949 0.431433 -0.218751 0.0607397 -1.02205 2.26431 1.04696 
1585 1028 1091 0.659646 -1.95525 0.79891 -0.184731 0.289908 0.86205 2.21278 0.928064 
1586 1028 1469 3.27172 1.08509 -1.26406 -0.587712 0.392453 -1.18427 3.67144 1.3791 
1587 1028 691 -0.199163 -0.25894 -0.427853 0.132636 0.0256868 -0.0772872 0.538306 0.155645 
1588 572 747 -0.0344273 0.15936 -0.217678 -0.0424323 0.0112658 0.0149586 0.271964 0.0463807 
1589 572 901 -2.48916 -2.63651 -2.35437 -0.925163 0.219235 0.732622 4.32321 1.2003 
1590 862 681 -2.9836 -0.35817 -1.25557 -0.0659528 -0.974956 0.434843 3.25678 1.06957 
1591 862 1030 0.00214955 0.0362687 -2.38393 -0.321552 -0.628734 -0.0098554 2.38421 0.706257 
1592 681 903 0.129781 -0.245609 0.224501 0.0161923 -0.00512995 -0.0149728 0.357166 0.0226427 
1593 681 1252 0.569245 2.40824 -1.64225 0.400569 -0.643059 -0.804148 2.96996 1.10482 
1594 681 920 -0.818339 -0.0325655 -2.09135 0.547446 0.44353 -0.221121 2.24599 0.738451 
1595 467 711 -6.17161 -0.207695 -2.64271 0.538605 2.04887 -1.41885 6.71683 2.54972 
1596 679 313 -0.0370136 -0.0359377 0.0232247 0.00284643 -0.0146104 -0.0180716 0.0565767 0.0234126 
1597 679 533 0.124509 0.691818 -0.370993 -0.0503457 -0.0617224 -0.131995 0.794828 0.154166 
1598 679 812 -2.01928 0.69813 -1.47704 -0.165233 -0.00425442 0.223881 2.59741 0.278286 
1599 679 921 0.295518 -0.351446 -0.682604 -0.483083 -0.241392 -0.0848561 0.822674 0.546663 
1600 342 1093 -2.29546 1.31761 -3.75612 1.68707 -0.149591 -1.08348 4.59496 2.0106 
1601 342 776 1.0945 -0.214878 -0.562452 -0.119899 0.00878589 -0.236673 1.24918 0.265457 
1602 1091 734 -2.78874 -7.97277 0.0249434 -0.354222 0.119393 -1.44094 8.44646 1.48864 
1603 771 380 -0.950415 -4.05815 0.382783 0.0294673 -0.0491224 -0.447616 4.1855 0.451266 
1604 771 711 5.39142 0.919666 -0.689783 -0.293488 0.087344 -2.17748 5.51262 2.19891 
1605 771 921 -1.47613 0.530696 -1.42827 0.474927 -0.226606 -0.575042 2.12145 0.779474 
1606 313 472 -0.019432 0.00409668 -0.0185773 -0.0104778 -0.0137467 0.00792841 0.0271938 0.0190162 
1607 520 890 -0.86916 -0.36151 0.320924 0.205311 -0.0290516 0.52332 0.994545 0.562903 
1608 520 508 -0.171846 2.95508 -0.958709 0.115879 -0.11933 -0.388587 3.11145 0.422691 
1609 520 801 3.29219 -0.991692 -7.90572 -0.713408 -0.791667 -0.197779 8.62104 1.08388 
1610 890 563 -0.335773 0.172998 -0.176302 0.0653264 -0.0255219 -0.14946 0.416838 0.165098 
1611 563 395 -1.19737 0.17796 0.429224 -0.112109 -0.13316 -0.257531 1.28437 0.310841 
1612 563 585 1.38185 1.10197 -0.8324 0.00760232 0.306725 0.418679 1.95365 0.519066 
1613 563 1005 -0.367911 0.3144 -0.728757 -0.114814 -0.114802 0.00843557 0.87481 0.162582 
1614 563 925 0.731705 -1.63754 -1.7532 -0.748002 -0.00262964 -0.309725 2.50812 0.809594 
1615 395 1081 -0.141864 -0.161517 -0.450446 0.0691948 0.0501586 -0.0397776 0.499114 0.0942659 
1616 368 666 -0.724589 -1.22888 -1.31373 0.665601 0.179781 -0.535283 1.93934 0.872853 
1617 368 981 3.63752 -1.30867 -5.11585 -0.414889 -0.516924 -0.162765 6.41219 0.682522 
1618 931 1091 -1.94995 -0.656618 0.727752 -0.17273 0.226415 -0.258532 2.18245 0.384627 
1619 931 1290 1.5422 -2.84347 -0.31702 0.678851 0.292264 0.680968 3.25026 1.00497 
1620 931 1469 -1.00359 2.93366 -1.24213 -0.90118 -0.687432 -0.895459 3.34013 1.44448 
1621 145 1320 -0.091917 -1.92786 -0.934996 0.0526862 -0.144197 0.292139 2.1446 0.330021 
1622 145 307 0.373002 0.0165373 -0.897027 -0.148839 -0.150623 -0.0646672 0.971628 0.221409 
1623 145 340 -2.69337 -0.610783 -2.76486 0.702817 1.30492 -0.972913 3.90791 1.77294 
1624 380 657 -1.65161 -3.96028 -3.95387 -0.901541 0.518538 -0.142787 5.83479 1.04978 
1625 380 645 0.885145 1.05304 -2.7642 0.641965 0.10985 0.247417 3.08758 0.696707 
1626 647 751 0.354168 -0.515986 -0.213708 -0.114071 -0.0463279 -0.0771886 0.661322 0.145316 
1627 647 846 -0.477556 1.0178 -1.46149 -0.0289496 -0.0828813 -0.04826 1.84389 0.100182 
1628 400 879 3.30241 1.0652 -2.36459 -0.466301 -0.770008 -0.998114 4.19903 1.34409 
1629 400 1516 -0.313034 -0.0184535 -4.01184 0.144092 -0.90466 -0.00708188 4.02407 0.916091 
1630 400 998 -0.382374 -0.19732 -0.20901 0.0401252 -0.141328 0.0600162 0.478362 0.1587 
1631 400 909 1.27598 -4.72503 -2.94148 -0.205882 -0.481406 0.683994 5.71019 0.861387 
1632 666 1003 -2.18759 0.111003 -0.565321 -0.152478 0.306169 0.65015 2.26218 0.734632 
1633 666 998 0.897613 -0.617726 -0.115886 -0.183289 -0.231582 -0.18525 1.09578 0.34863 
1634 666 1492 -0.00629046 -0.199856 -0.141499 0.0177866 0.00437103 -0.00696444 0.244957 0.0195952 
1635 666 1239 -0.567394 1.42564 -4.25929 2.20479 -0.481222 -0.454778 4.52724 2.30206 
1636 1290 1572 -0.377399 -0.896823 -1.46273 0.311019 0.236485 -0.225239 1.75678 0.450989 
1637 734 974 -1.84117 1.98851 -1.57509 0.557118 0.120659 -0.498906 3.13448 0.757526 
1638 734 788 -1.08109 -1.78408 -9.22887 -0.488234 0.619767 -0.0626176 9.4617 0.791458 
1639 753 1207 -0.0653255 -0.0799881 -0.567488 -0.0171436 0.043685 -0.00418399 0.576809 0.0471146 
1640 382 1320 -5.34276 -1.15593 0.030654 -0.0971103 0.419799 -1.09536 5.46646 1.17707 
1641 382 874 1.28031 1.54695 -0.565132 -0.295635 0.450368 0.563039 2.08605 0.779259 
1642 382 712 3.05523 -0.273949 -5.96929 -0.532879 -1.34495 -0.211017 6.71133 1.46198 
1643 1320 742 -2.0466 0.172922 0.976687 -0.3272 0.0178062 -0.688786 2.27429 0.76276 
1644 1320 948 -2.90289 -0.325107 -4.84551 0.027346 0.442264 -0.0460561 5.65787 0.445496 
1645 742 340 0.520727 1.36907 -1.43962 -0.51683 -0.326058 -0.497025 2.05378 0.787694 
1646 742 800 -0.670091 -2.40972 -2.4113 0.778853 0.123875 -0.340234 3.47421 0.858904 
1647 751 955 0.379555 -0.873583 -0.972296 -0.156229 -0.0427955 -0.0225366 1.36109 0.163545 
1648 608 843 1.60107 1.06672 -1.2318 0.0164712 0.0681459 0.0804224 2.28443 0.106691 
1649 608 688 -4.22233 3.20847 -6.90303 1.37787 0.129759 -0.782481 8.70483 1.58985 
1650 608 522 -0.814078 -2.48349 -1.51661 0.787958 -0.489727 0.378985 3.02168 1.00217 
1651 641 925 -2.64477 4.9433 -4.26379 -1.17608 -1.0573 -0.496292 7.0435 1.65752 
1652 641 1211 -0.550738 -3.37646 -1.56602 -0.533307 0.381016 -0.633944 3.76247 0.911852 
1653 641 1020 0.466916 -0.752072 -6.90662 -0.378447 0.00416893 -0.0260385 6.96312 0.379365 
1654 364 879 -0.590544 1.63232 -3.67508 0.62939 0.475758 0.110177 4.06441 0.796628 
1655 364 660 0.201505 -0.214118 -0.403545 -0.0185296 -0.007725 -0.00515369 0.499299 0.0207263 
1656 749 464 -5.31989 -0.923138 1.94144 0.273005 0.195284 0.840938 5.73782 0.905452 
1657 749 951 4.88926 -0.086956 -2.71985 0.105149 -0.762237 0.213388 5.59554 0.798496 
1658 891 1242 -0.188902 -0.351997 -0.208484 0.0933488 -0.0311303 -0.0320215 0.450613 0.103482 
1659 939 886 0.100297 0.819031 -1.09874 0.100496 0.0212037 0.0249795 1.37408 0.105703 
1660 939 1044 -2.67413 0.414656 -1.9137 -0.352749 -0.659251 0.350072 3.31439 0.825587 
1661 939 733 1.4901 -2.38282 -4.15146 -0.905511 -1.06659 0.287175 5.01326 1.4283 
1662 674 683 1.76572 -1.60613 0.32129 0.100659 0.36146 1.25374 2.40845 1.30868 
1663 674 1164 -0.873929 0.376745 -0.515296 0.29458 0.185197 -0.364197 1.08223 0.503701 
1664 674 540 2.21974 2.6611 -3.92409 -1.01709 -0.412047 -0.854766 5.23518 1.391 
1665 674 1050 0.139873 -1.45599 -1.90272 -0.8598 0.779541 -0.659722 2.39997 1.33498 
1666 579 371 -1.12842 -1.05904 0.164085 0.0734256 0.0336398 0.722066 1.55622 0.726569 
1667 579 1164 0.274442 -0.25396 -1.61938 0.083519 0.287124 -0.030874 1.66199 0.300614 
1668 945 893 0.594636 -0.311723 -0.390915 -0.0334781 -0.0782561 0.0114781 0.776902 0.0858868 
1669 745 650 0.277497 -1.1071 0.311277 -0.211349 -0.116708 -0.226676 1.18303 0.331166 
1670 745 998 -0.2569 1.16661 -0.143929 -0.21249 -0.0543279 -0.0610776 1.2032 0.227671 
1671 745 1099 0.029115 -0.469799 -0.864453 0.239574 0.503801 -0.265729 0.984296 0.617918 
1672 1202 1492 0.117453 0.203204 -0.258077 -0.000321762 -0.0250047 -0.0198345 0.348843 0.0319178 
1673 1202 951 -4.03315 2.40715 -0.878533 -0.809864 -1.49837 -0.387572 4.77833 1.74677 
1674 1202 1585 0.403363 -0.43662 -0.587219 0.314472 0.0535215 0.176216 0.835563 0.36443 
1675 1380 576 -0.917791 -1.59778 0.274605 0.275119 -0.203703 -0.26573 1.86297 0.433356 
1676 1380 1465 -0.496922 -0.309551 -0.605854 -0.128339 0.00975676 0.100279 0.842504 0.163162 
1677 1159 731 0.584965 -0.736425 -0.00416284 -0.264421 -0.209884 -0.0270796 0.940491 0.338678 
1678 1159 1013 0.764568 1.44213 -3.00212 0.903234 -0.374495 0.0501363 3.41717 0.979077 
1679 1131 1110 0.375148 3.8208 -4.41917 -1.45889 -0.355736 -0.431416 5.85391 1.56238 
1680 1131 1311 -5.6679 -1.09871 -7.35229 0.113687 -0.164842 -0.0630078 9.34817 0.209922 
1681 379 873 -0.259797 -1.08704 0.262978 0.400315 -0.153349 -0.238407 1.14818 0.490516 
1682 379 912 -6.97088 -4.17465 -4.93184 0.98637 -1.6293 -0.015026 9.50494 1.90467 
1683 683 320 -3.44798 -5.92748 4.31048 -0.722511 0.618697 0.27285 8.09962 0.989573 
1684 683 955 3.71525 5.4777 -3.69509 -0.726274 0.559104 0.0985938 7.58037 0.921842 
1685 683 912 1.691 -0.364197 -0.458071 0.035277 0.010567 0.121826 1.7894 0.12727 
1686 371 522 -0.405312 2.83316 -2.61306 0.134611 0.0416074 0.0242326 3.87545 0.142963 
1687 371 1291 1.42868 -1.3237 -5.81265 0.654463 1.49831 -0.180345 6.13027 1.64492 
1688 829 1211 -1.79345 3.94403 -1.68782 0.152769 -0.235959 -0.71371 4.6498 0.76707 
1689 829 1314 0.0442083 0.111473 -0.515526 0.0439582 0.0195778 0.00800294 0.529289 0.0487818 
1690 624 757 -0.0884088 -0.0621908 -0.0278979 -0.0010545 -0.0144293 0.0355078 0.111634 0.0383421 
1691 893 660 -0.0234345 0.195597 -0.063007 0.0531981 0.00655968 0.000577472 0.206827 0.0536041 
1692 893 1051 0.0438661 -0.107607 -0.682392 0.245758 0.24472 -0.0227922 0.692215 0.34757 
1693 598 650 3.19904 -1.16106 -0.467118 -0.339051 -1.04587 0.277606 3.43513 1.13396 
1694 598 1585 -0.278907 0.271896 -1.23349 0.272111 0.25432 -0.0054683 1.29353 0.372495 
1695 598 1969 0.130285 -0.760903 -0.621852 0.190246 0.0116584 0.0255933 0.991286 0.192313 
1696 1213 951 0.654913 1.64452 -0.228661 0.244829 0.059162 1.12671 1.78484 1.15452 
1697 1213 1517 -1.9525 1.03578 -1.69692 0.284112 0.339727 -0.119537 2.78651 0.458719 
1698 1213 1349 3.06391 0.651567 -3.38942 -0.812233 -0.147395 -0.762564 4.61522 1.12381 
1699 1697 1959 0.676372 -1.30561 -1.67007 0.146662 0.0186442 0.0448223 2.22513 0.154488 
1700 576 993 -1.19509 -0.957434 -1.75045 -0.0518628 -0.122606 0.102469 2.32573 0.167994 
1701 731 363 1.09992 -1.36763 1.05621 -0.0851461 0.131818 0.259354 2.04837 0.303134 
1702 731 1242 0.207183 0.421444 -0.214978 -0.213356 0.130138 0.049503 0.516484 0.254769 
1703 731 823 -0.595539 -0.0889105 -0.657631 -0.173217 0.018563 0.154352 0.891656 0.232752 
1704 838 733 -0.559132 0.202705 -0.369557 0.116535 0.142418 -0.0981966 0.700207 0.208581 
1705 838 1224 0.811916 -0.29834 -0.689494 -0.164153 -0.155409 -0.126055 1.10617 0.25882 
1706 654 985 0.239568 -0.717858 -1.52988 -0.228608 0.282091 -0.168163 1.70682 0.400145 
1707 795 770 -0.072576 2.47986 -9.74436 -0.750156 -0.988604 -0.246005 10.0552 1.26514 
1708 320 866 0.521629 -0.400583 -0.267351 0.0621943 0.0411927 0.0596266 0.709957 0.0955002 
1709 320 979 -0.00360168 -0.0182874 -0.0704515 -0.0487699 0.0148965 -0.00137349 0.0728753 0.0510127 
1710 689 1014 -1.29892 7.57296 -1.94049 -0.23805 -0.535441 -1.93027 7.9248 2.01725 
1711 689 685 0.0342486 -0.0344109 -0.0116401 0.0240714 0.0242155 -0.000761383 0.0499257 0.0341526 
1712 689 1116 0.0188035 -0.763222 -1.94558 -0.0766762 -0.19529 0.0758684 2.09001 0.2231 
1713 650 814 0.195996 -0.740416 -1.44925 0.551077 0.0536301 0.0471278 1.6392 0.555682 
1714 706 1589 0.123364 -2.0224 -1.69361 0.0576073 0.966598 -1.15005 2.64076 1.50341 
1715 363 735 0.792886 -0.376407 -0.277352 -0.033997 0.0169053 -0.120133 0.920475 0.12599 
1716 334 957 0.883664 -0.174174 -1.10072 -0.24467 -0.0878907 -0.182514 1.42225 0.317647 
1717 422 448 -0.0064739 -0.0466713 0.000299745 -0.00189292 5.11246e-05 -0.0329231 0.0471192 0.0329775 
1718 422 746 -0.768874 0.669884 -0.353084 -0.0874133 0.0613632 0.306771 1.07916 0.324831 
1719 422 698 1.52034 -1.66812 -1.77775 0.782656 0.222409 0.460637 2.87305 0.934988 
1720 422 834 0.00531297 0.0532245 -0.140893 -0.00633324 -0.0129621 -0.00513545 0.150705 0.0153133 
1721 752 746 0.13734 0.0348727 -0.107653 0.000104684 -0.0479498 -0.0153992 0.177954 0.050362 
1722 1289 1880 -0.026782 -0.281018 -0.132869 0.0194121 -0.0757591 0.156317 0.311997 0.17479 
1723 1289 1969 -0.442554 1.18829 -1.22316 -0.0659432 -0.0546704 -0.0292529 1.76182 0.0905156 
1724 1289 1105 2.15094 -0.507758 -1.51234 -0.627231 -0.158585 -0.838844 2.67797 1.05935 
1725 988 1654 0.0856031 0.10179 -0.0317495 -0.0139623 -0.0172968 -0.0930994 0.136738 0.0957164 
1726 404 700 0.18455 0.177394 0.0479142 0.009003 0.0133359 -0.0840505 0.260429 0.0855768 
1727 404 735 -0.703829 0.301086 -0.263079 0.0673568 0.0623136 -0.108887 0.809468 0.142395 
1728 1138 1308 -0.0105077 1.80113 -2.4518 -0.563813 -0.0622343 -0.0433021 3.04229 0.568887 
1729 727 1286 0.0967437 -0.0649634 -0.0576013 -0.0123473 0.048815 -0.075792 0.12999 0.0909933 
1730 727 1420 -1.02788 -0.64001 -2.22228 0.13265 0.213 -0.122699 2.53075 0.279321 
1731 1495 1240 -0.769078 0.317111 0.482747 -0.0418996 0.176241 -0.182522 0.961813 0.257159 
1732 1495 809 0.241215 0.605506 -0.16263 -0.231074 0.0138176 -0.291286 0.671767 0.372067 
1733 1495 1356 -0.133394 -0.490696 -0.495032 -0.0941787 0.337664 -0.309328 0.709671 0.467515 
1734 1240 1201 -1.57846 -2.54204 -3.68489 -0.441839 0.978702 -0.485898 4.74678 1.17863 
1735 446 954 -0.234874 0.673033 -0.314234 0.145165 0.080406 0.0637116 0.779027 0.177756 
1736 446 1288 0.797354 0.341891 -3.15807 0.0265326 0.0679506 0.0140553 3.27507 0.0742888 
1737 737 979 1.10212 2.9702 -2.67339 -0.204426 -0.457829 -0.592935 4.14533 0.776511 
1738 737 1259 0.323126 -0.428323 -0.810374 -0.0692201 0.159498 -0.111903 0.971893 0.206769 
1739 737 957 -0.202827 0.0353488 -0.146616 -0.0138257 -0.00820595 0.0171479 0.252754 0.0235061 
1740 615 1269 6.31729 0.191367 -7.03079 0.306522 1.79075 0.324157 9.45393 1.84548 
1741 615 977 0.551577 -6.07807 -4.94864 -0.0369548 -0.738106 0.902445 7.85723 1.16644 
1742 929 1218 2.27179 -1.4487 -1.40875 -0.246011 -0.373883 -0.0122363 3.04045 0.447727 
1743 929 623 -0.346864 -4.90079 -0.219016 2.14998 -0.163229 0.247492 4.91793 2.17032 
1744 929 1105 -0.840904 0.39104 -0.9057 0.0736697 0.334253 0.0759161 1.29627 0.350593 
1745 1880 1526 1.42422 -2.4985 0.244462 0.692925 0.378861 -0.164825 2.88629 0.806751 
1746 1880 1589 -0.717181 0.675637 -0.120321 0.261655 0.167283 -0.620268 0.992628 0.693671 
1747 1880 1819 -0.54193 -0.148023 -0.408127 -0.0707427 0.474225 -0.0780603 0.694382 0.485786 
1748 1567 1589 0.811042 0.564569 -0.544701 -0.0183613 0.00960316 -0.0173859 1.12837 0.0270486 
1749 1478 1850 -0.336371 -0.498131 -0.0324134 -0.0916274 0.0352096 0.409764 0.601939 0.421357 
1750 1478 1959 -1.40828 1.86764 -1.29617 -0.102824 -0.196985 -0.172117 2.67421 0.281069 
1751 1478 1497 1.15752 -0.168558 -1.04687 0.271585 -0.173282 0.328191 1.56978 0.459885 
1752 2018 1309 -0.553586 -0.708972 0.718511 0.115558 0.188466 0.274997 1.15124 0.35284 
1753 859 819 6.09253 8.61579 -5.16341 -0.701054 0.887391 0.653516 11.7478 1.30615 
1754 859 1259 -0.72776 1.01073 -0.88699 0.556697 0.151523 -0.2841 1.52904 0.643104 
1755 859 1056 -0.375066 -7.72252 -0.980937 -0.73503 -0.190568 1.78131 7.7936 1.9364 
1756 779 448 -1.05752 0.331355 -0.0208824 -0.0852999 -0.252219 0.317614 1.10842 0.41445 
1757 779 698 -2.85266 7.0328 -6.38894 -0.41382 -0.355908 -0.207005 9.9205 0.583754 
1758 779 1584 0.487033 -1.11299 -0.642731 -0.0903048 -0.125015 0.148055 1.37443 0.213785 
1759 779 1617 -1.3706 -0.944856 -1.4907 -0.0118903 -0.188995 0.130724 2.23461 0.230107 
1760 1152 1218 -0.508288 0.264873 -0.101381 -0.0272283 -0.0125227 0.103796 0.582058 0.108036 
1761 1152 958 0.112425 -0.439079 0.146994 -0.154789 -0.010071 0.0883036 0.476483 0.178489 
1762 1152 1170 -0.146588 -0.2613 -0.135474 0.0041549 0.0424445 -0.0863618 0.328814 0.096318 
1763 1218 1295 1.42606 0.548683 -1.68306 0.0443511 -0.153999 -0.0126254 2.27319 0.160755 
1764 1218 1372 -0.384091 -0.807164 -0.824971 0.194272 0.0679838 -0.156966 1.21639 0.258847 
1765 623 1215 -1.01796 1.06605 -2.63848 0.664594 1.46941 0.33729 3.0223 1.64761 
1766 1309 1904 -0.61296 -0.0711925 -1.62952 -0.251826 0.313242 0.0810414 1.74245 0.410006 
1767 1176 1214 -1.5041 -1.58809 -0.0208583 0.809042 -0.76624 -0.00139543 2.18741 1.1143 
1768 1176 1904 0.632901 0.164509 -0.189502 0.0451326 0.273191 0.387895 0.680836 0.476585 
1769 1176 1362 -0.787926 0.234782 -0.0875971 0.168033 0.437261 -0.339469 0.826815 0.578509 
1770 1176 2054 0.0224976 -0.0643073 -0.0158943 -0.0159825 -0.0162489 0.0431192 0.0699586 0.0487723 
1771 1176 1875 0.0347542 -0.102991 -0.358456 -0.25499 0.0475114 -0.0383736 0.374574 0.262202 
1772 1120 1362 0.483203 -0.0196984 -0.214164 -0.0459844 0.341347 -0.135148 0.528904 0.369996 
1773 1120 1397 0.20806 -0.638166 -0.47191 -0.0901089 -0.0231797 -0.0083821 0.820514 0.0934194 
1774 442 760 1.12018 2.57349 -3.05873 0.277789 -0.191559 -0.0594368 4.15133 0.342629 
1775 442 1650 0.0524329 -0.362654 -0.96699 -0.285085 -0.265221 0.0840086 1.03409 0.398337 
1776 1060 1066 -0.270428 0.583809 -1.69039 -0.157892 0.111376 0.0637255 1.80869 0.203459 
1777 1060 1732 0.229726 -0.197444 -0.206777 -0.187512 -0.162634 -0.0530304 0.366763 0.253816 
1778 1057 958 -4.49386 -2.54583 2.73275 0.519591 -0.540597 0.350819 5.84328 0.827825 
1779 1057 1049 0.47863 -0.45124 -0.0749675 -0.147111 -0.168466 0.0747922 0.662061 0.235831 
1780 1057 977 -2.32387 2.85419 -3.3955 0.94015 0.845309 0.0671129 5.00762 1.26607 
1781 1057 1617 1.51349 0.376144 -1.14557 -0.143565 -0.0883925 -0.218696 1.93506 0.276138 
1782 958 1142 -2.42224 -2.30948 -0.406714 0.470062 -0.61444 0.68951 3.37141 1.0363 
1783 958 1109 0.145709 -0.612413 0.000652757 0.0809375 0.0188709 -0.362394 0.629509 0.371801 
1784 958 1170 -0.225689 0.0419841 -0.238516 -0.0844237 -0.135655 0.056005 0.331041 0.169311 
1785 1526 1221 -0.275888 -0.419282 -0.0318567 0.217843 -0.160212 0.222044 0.502918 0.349896 
1786 1526 1215 1.34049 1.32862 -0.93099 0.113621 -0.572375 -0.653241 2.10449 0.875926 
1787 1526 1945 -0.361995 0.2658 -0.859526 -0.439328 0.368979 0.29913 0.969781 0.647019 
1788 1366 1222 -0.496583 -1.10826 0.740554 0.53274 -0.00704975 0.346682 1.42241 0.63565 
1789 1748 1222 1.06818 -0.82942 1.07271 0.208667 -0.0598644 -0.254072 1.72617 0.334183 
1790 1664 1904 -0.225742 0.61239 -0.207326 0.147509 0.00439366 -0.147634 0.684811 0.208744 
1791 1214 1498 0.343061 -2.29525 0.335246 -0.820683 -0.156521 -0.231805 2.34484 0.867037 
1792 1868 1397 0.0393125 0.0170997 -0.0860984 0.0240718 -0.0625004 -0.00142183 0.0961812 0.0669909 
1793 1049 1617 0.00977022 0.144588 -0.0790272 0.085629 -0.00788489 -0.00383979 0.165065 0.086077 
1794 1049 1505 -0.36897 -0.18334 -0.121694 0.0495704 -0.0267422 -0.110006 0.429607 0.123587 
1795 1049 1423 1.02055 -1.73838 -1.79628 -0.0864762 0.705664 -0.732052 2.70002 1.02046 
1796 1142 1109 1.16917 -0.35428 0.149753 0.121284 0.0966045 -0.718358 1.23081 0.734902 
1797 1142 1435 1.09109 -1.32684 -2.31186 0.52878 0.191471 0.13967 2.88023 0.579463 
1798 845 1443 -0.159574 0.497082 -0.443526 0.0667513 -0.086959 -0.121475 0.685032 0.163627 
1799 845 1321 0.154351 0.0231755 -0.270626 -0.130966 0.0810575 -0.0677549 0.312409 0.168265 
1800 845 2088 -0.408788 -0.190093 -0.367466 0.188366 0.0711012 -0.246329 0.581613 0.318144 
1801 1221 1970 1.40654 0.487926 -1.70409 -1.20114 0.636839 -0.809062 2.26282 1.58205 
1802 1800 2054 0.0795982 0.646294 -1.16868 -0.304567 0.0165182 -0.0116091 1.33785 0.305235 
1803 1498 1752 -0.182543 -1.62462 -1.57204 0.593302 -0.837512 0.79663 2.26804 1.29925 
1804 1498 2485 0.102664 0.149898 -0.469969 0.0513803 -0.295792 -0.0831199 0.503865 0.311515 
1805 1674 1511 1.7869 -0.12163 -0.640692 0.0853644 0.606707 0.122905 1.90218 0.624889 
1806 1674 1821 -4.01986 -0.414057 -1.20769 0.166965 0.522713 -0.734961 4.21773 0.91721 
1807 1674 1325 -0.171756 -0.88929 -0.832376 -0.0241852 0.167849 -0.174335 1.23012 0.24321 
1808 1674 1444 -0.506785 0.509154 -2.0305 0.0593849 -0.0910435 -0.0376511 2.15383 0.115035 
1809 1251 156 0.00559318 -1.14438 0.859786 -0.199536 0.023348 0.0323744 1.43139 0.203489 
1810 1251 1467 0.723799 0.796876 -0.952792 -0.287246 -0.158264 -0.350575 1.43761 0.480064 
1811 1109 250 1.27677 -1.63735 0.389959 -0.450133 -0.0894786 1.09809 2.11261 1.19014 
1812 1109 1505 0.851381 0.636291 -1.83399 -0.164826 0.230798 0.00355763 2.11972 0.283633 
1813 1752 2049 -0.330384 0.263938 -0.327908 0.0589337 -0.0240352 -0.0787249 0.535108 0.101235 
1814 1752 1997 0.361735 -2.63241 -0.966878 -0.0932661 0.284907 -0.810576 2.82759 0.864236 
1815 1325 1276 -1.21958 -0.425253 -0.65566 0.206122 0.0400806 -0.4094 1.44849 0.46011 
1816 1325 2205 0.0142373 0.037796 -0.136601 -0.0710059 -0.0652172 -0.0254456 0.142446 0.0997125 
1817 1411 1385 0.135975 -0.434004 -0.580561 0.0519637 -0.0078308 0.0180245 0.737495 0.0555556 
1818 1318 2357 0.091912 0.0076534 -0.164245 0.0830767 0.0889988 0.050637 0.188369 0.131858 
1819 1318 1574 -0.0299715 -0.376647 -0.317229 -0.00237997 0.0922425 -0.109295 0.493351 0.143038 
1820 1813 1229 1.47316 -2.81678 1.8294 0.315315 0.0711518 -0.144359 3.66758 0.354014 
1821 1813 1226 -2.06603 -4.5469 -1.13203 0.275196 0.187713 -1.25621 5.12096 1.29963 
1822 1379 1303 -0.348135 0.210079 -0.0272115 0.0722436 0.113091 -0.0511708 0.407519 0.143622 
1823 1303 1821 1.26342 1.91182 -0.0121466 -0.085861 0.0554503 -0.203114 2.2916 0.227381 
1824 1303 1250 -2.38574 -1.79442 -2.01884 0.0390736 0.929093 -0.871991 3.60381 1.2748 
1825 1303 1276 1.64985 -0.265357 -2.6771 -0.605547 0.280173 -0.400958 3.15583 0.778429 
1826 1250 820 -2.30198 -3.97703 0.653854 0.668856 -0.411032 -0.145281 4.64149 0.798387 
1827 1250 1902 -1.01671 4.13884 -0.847931 0.370922 -0.262823 -1.72763 4.34543 1.78643 
1828 1250 1534 -0.00698294 -0.264445 -0.769153 0.0147376 0.0890529 -0.0307514 0.813373 0.0953586 
1829 714 1476 -0.313767 2.20512 -0.406795 -0.334917 -0.0242736 0.126746 2.26418 0.35892 
1830 714 1500 -1.14895 -0.565142 -1.17382 -0.154135 0.428328 -0.0553517 1.73704 0.458569 
1831 714 989 -0.767492 -5.63474 -0.724881 0.267505 -0.0393875 0.0229425 5.73278 0.271361 
1832 714 1513 1.0793 -0.263907 -2.09482 0.157387 -0.272031 0.11536 2.37125 0.334783 
1833 1404 2317 -0.582954 2.199 -3.01191 -0.409947 0.0714774 0.131531 3.77453 0.436424 
1834 1404 1153 -4.69676 -1.42084 -4.15847 -0.501211 0.759656 0.306537 6.43204 0.960341 
1835 1829 792 -1.00056 -0.694432 -0.273099 -0.0953972 -0.0559248 0.491714 1.24817 0.503994 
1836 1829 1153 4.05163 -0.10249 -1.19928 -0.185322 0.826235 -0.696696 4.22665 1.09654 
1837 1829 1480 -0.242693 -0.336872 -1.23815 0.149801 -0.200895 0.0252961 1.30591 0.251872 
1838 1261 2009 -0.0549753 -0.0124136 -0.00111497 0.00655184 -0.0311145 0.0233665 0.0563704 0.0394593 
1839 2009 1630 0.105193 -0.680728 -0.0981628 -0.0251565 -0.0284031 0.170008 0.695767 0.174191 
1840 2009 2497 0.774485 1.30501 -1.49833 -0.0221451 0.204874 0.166994 2.13258 0.265237 
1841 2009 2369 0.205517 -0.570015 -1.49123 -0.379943 -0.647972 0.195321 1.60963 0.776128 
1842 1660 1229 -1.79332 0.911547 0.450751 -0.0902392 0.0617342 -0.483862 2.06158 0.496061 
1843 1660 1690 -0.169293 0.417718 -0.291198 0.0185594 0.136023 0.184333 0.536605 0.229838 
1844 1660 1997 0.209647 0.106573 -0.200799 -0.0375748 -0.129871 -0.108158 0.309241 0.173137 
1845 1229 1062 -0.603487 -3.60538 -0.0100684 -0.381169 0.0648123 -0.361786 3.65555 0.529509 
1846 1107 849 0.329644 -0.512662 -0.193644 0.0187282 -0.021422 0.088595 0.639519 0.0930523 
1847 1107 1519 -1.37898 -2.42971 -5.57578 -0.238986 -0.496002 0.275243 6.23654 0.615541 
1848 820 1385 -0.152077 0.256643 -0.135767 -0.00195773 0.00627425 0.0140533 0.327759 0.0155143 
1849 820 1038 -0.0541786 -1.16621 -0.397805 0.000153885 0.0392671 -0.115137 1.23338 0.121649 
1850 820 1197 -0.706889 -0.110916 -2.1297 -0.607043 -0.465483 0.225732 2.24669 0.797578 
1851 881 740 -0.562684 -0.881417 -0.457804 -0.263044 0.201603 -0.0648444 1.14153 0.337699 
1852 881 1033 -0.0993537 -0.103568 -2.2092 0.393322 0.31609 -0.0325072 2.21385 0.50564 
1853 802 740 0.795674 -0.792413 0.108962 0.340212 0.330234 -0.0827485 1.12822 0.481296 
1854 802 1153 1.33802 2.3598 -0.149138 0.460759 -0.231855 0.465167 2.71684 0.694576 
1855 802 1614 0.418721 -2.12014 -2.27867 -0.159175 -0.0694345 0.0353541 3.14049 0.177223 
1856 802 1076 -2.06117 -1.11488 -1.10181 0.324317 -0.296801 -0.306381 2.58947 0.535856 
1857 802 1693 0.267684 0.322934 -0.811793 0.17347 -0.0841753 0.0237156 0.913756 0.194267 
1858 1440 1553 1.21626 -0.450722 -2.51579 0.283486 -0.386747 0.20634 2.83048 0.522028 
1859 1630 1425 -0.675195 -1.01527 0.18193 -0.0720836 0.076413 0.158904 1.23279 0.190488 
1860 1630 1718 0.310901 -0.324514 -0.510032 0.146628 0.101856 0.0245735 0.67978 0.180217 
1861 2229 1976 -0.317413 -0.423789 0.144076 0.00312139 -0.055562 -0.156555 0.548732 0.166152 
1862 1911 1924 1.79836 -0.409965 0.826871 0.40308 0.550401 -0.603768 2.02136 0.911017 
1863 1911 2356 -0.214405 0.108571 -0.447206 -0.0784359 -0.0421112 0.0273811 0.507691 0.0931411 
1864 2066 2657 0.17658 0.259072 -0.336818 -0.0594071 -0.0989914 -0.107286 0.460158 0.157603 
1865 2066 1997 -0.606492 0.584877 -0.55815 0.0188671 -0.0813805 -0.105779 1.01067 0.134788 
1866 2066 1886 -0.146892 -0.173188 -0.176702 0.097901 -0.0177298 -0.0640079 0.287741 0.118305 
1867 1062 1052 -0.289705 -2.96229 -1.45819 0.300811 0.0160056 -0.0922787 3.31443 0.315054 
1868 1062 1342 -0.736141 -0.1071 -2.34715 -0.312739 0.675491 0.0672623 2.46221 0.747407 
1869 849 1021 0.559235 -0.469029 0.0366293 -0.0224082 -0.0317571 -0.0645271 0.730804 0.0753285 
1870 849 1074 -0.312922 -0.283884 -0.247952 -0.00220148 0.0807326 -0.0896534 0.489888 0.120666 
1871 1126 659 -0.108389 -0.463489 0.0921739 -0.0114869 0.00757456 0.0245804 0.484836 0.0281695 
1872 1317 1299 -1.67593 -2.40641 -0.969301 0.172877 0.0514456 -0.426625 3.08854 0.463187 
1873 740 1608 0.561602 -0.409398 -1.27712 -0.0066688 -0.20695 0.0634082 1.45397 0.216549 
1874 1127 1122 0.769892 0.162151 -0.558345 0.00101243 -0.0374229 -0.00947209 0.964767 0.0386163 
1875 1127 1597 -0.104822 -0.766945 -1.83213 -0.19446 0.124052 -0.0408034 1.98895 0.23424 
1876 1976 2264 0.133568 -0.572693 -0.430959 0.201105 0.123447 -0.101717 0.72907 0.256961 
1877 2094 2237 1.28541 -0.990741 -0.423366 -0.107003 0.0773698 -0.505934 1.67722 0.522882 
1878 2094 2294 -0.0932166 0.0237163 -0.109703 -0.0450962 0.0275699 0.0442792 0.145899 0.0689522 
1879 1924 2094 1.99361 0.567733 -0.187272 0.199072 -0.379551 0.96858 2.08131 1.05917 
1880 1924 2294 0.0968533 0.132199 -0.255665 0.0174999 -0.121512 -0.0562022 0.30368 0.135019 
1881 1716 1053 3.10591 -2.71571 -0.253014 -0.175762 -0.127024 -0.794186 4.1335 0.823261 
1882 1716 1886 0.243421 0.0816162 -0.189746 -0.101476 0.0747651 -0.0980218 0.319247 0.159673 
1883 1716 1595 -1.22416 2.28524 -2.57324 -0.0428001 -0.114658 -0.0814641 3.65273 0.147019 
1884 1052 1398 0.226072 -2.79124 -1.2808 -0.182492 -0.120625 0.230667 3.07938 0.317901 
1885 1021 1339 1.37712 -1.79412 -1.08246 -0.74993 -0.0886249 -0.807176 2.5074 1.10534 
1886 1021 1619 -0.347059 -0.262042 -0.621776 0.185751 -0.0679727 -0.075035 0.758763 0.211552 
1887 659 911 0.201493 -0.105561 0.0543575 -0.0289107 -0.0423717 0.0248814 0.233875 0.0570111 
1888 1299 1248 1.49173 1.81295 -2.44917 -0.0541752 1.1495 0.817898 3.39271 1.41182 
1889 1299 1562 -0.488054 -3.65588 -2.81932 -1.01143 -0.0548084 0.24616 4.64243 1.04239 
1890 1000 1287 -0.27084 -1.01199 -1.7007 -0.000336904 0.64007 -0.380815 1.99746 0.744788 
1891 1353 2234 -0.14252 0.0238891 -0.121514 0.0481456 -0.0357038 -0.0634876 0.188808 0.0873123 
1892 1353 1130 -0.176741 -2.08671 -0.971545 0.206395 0.491868 -1.09399 2.30857 1.21711 
1893 2237 2387 0.720792 -0.649621 -1.112 0.214181 -0.275125 0.299556 1.47584 0.459675 
1894 1639 1725 1.24264 -1.36488 0.327517 0.432827 0.342605 -0.214442 1.87465 0.592202 
1895 1639 2658 -0.282528 -0.0168536 -0.432512 -0.0170965 0.0533614 0.00908857 0.516887 0.0567656 
1896 1053 1270 3.13841 -2.75543 1.76847 -0.252454 -0.94275 -1.02087 4.53536 1.41233 
1897 1053 1382 0.499528 -0.0131939 -0.211358 -0.0518122 -0.0478603 -0.119466 0.542563 0.138735 
1898 1053 1703 0.186653 0.0645294 -2.23497 0.173945 -0.741567 -0.00688398 2.24368 0.761726 
1899 1053 1993 -2.7408 -0.404188 -1.90619 0.566139 0.0338714 -0.821203 3.36287 0.998016 
1900 720 1993 0.0940326 0.330602 -0.813157 -0.209581 0.238318 0.0726562 0.882816 0.325574 
1901 720 1272 1.01362 -4.1226 -5.05688 0.617726 0.606155 -0.370345 6.60267 0.941363 
1902 1339 996 -0.163441 -0.608625 0.308206 0.254336 0.0682779 0.269704 0.701518 0.376947 
1903 1339 1459 -1.26778 -0.899474 -2.48882 1.33118 -0.533821 -0.485161 2.93437 1.51406 
1904 1073 713 -5.85463 2.88682 2.16832 -0.699437 0.0149934 -1.90849 6.87837 2.03268 
1905 1073 1619 0.852353 1.17084 -1.58688 -0.108598 -0.456641 -0.395252 2.14838 0.613627 
1906 1073 1077 1.33501 -2.18092 -1.81555 -0.727624 -0.151575 -0.352956 3.13606 0.822794 
1907 1073 1106 -0.208993 -0.0855002 -0.338123 -0.00981153 0.0255923 -0.000406976 0.40659 0.0274117 
1908 713 692 -1.40678 -3.61702 -1.84819 -0.45864 0.225027 -0.091291 4.29856 0.518962 
1909 713 1074 1.09715 1.94108 -2.87953 -1.57973 0.141139 -0.506766 3.64187 1.66502 
1910 911 692 3.52193 -3.70231 -1.10841 -0.272234 0.305928 -1.88686 5.22874 1.93079 
1911 911 1038 0.385863 1.22032 -0.883544 0.0148239 -0.318325 -0.433185 1.55522 0.537773 
1912 911 860 -0.173963 0.00220928 -0.597336 -0.0353102 0.0243456 0.0103734 0.622156 0.0441262 
1913 900 907 -2.78586 -1.20181 1.09471 -0.201828 1.07353 0.664942 3.22548 1.27881 
1914 900 1562 2.30202 -0.939792 -1.48751 0.408989 1.4639 -0.291939 2.89745 1.54774 
1915 900 1156 -0.474458 -0.1275 -1.71153 -0.0909427 0.0311923 0.0228868 1.78065 0.0988299 
1916 907 1179 -1.27435 0.324824 -0.462623 -0.0841162 -0.704185 -0.262726 1.39409 0.756291 
1917 907 589 -1.15626 -1.86774 0.185772 -0.0161431 -0.0618731 -0.722543 2.20452 0.725367 
1918 907 1096 -0.157583 -1.09914 -1.43979 -0.370609 -0.0763357 0.0988377 1.81822 0.391084 
1919 1179 1287 1.73702 1.10394 -1.09861 0.180635 -0.265388 0.0189275 2.333 0.321587 
1920 1179 1191 -0.332915 -1.91487 -3.25579 0.0402219 0.211773 -0.128666 3.7918 0.251039 
1921 1245 1378 -0.76422 0.0998507 -1.18765 0.320987 -0.290166 -0.230941 1.41581 0.490472 
1922 1512 1280 1.12675 -1.91179 0.626139 0.262056 -0.00293789 -0.480545 2.30576 0.547362 
1923 1512 2234 0.472407 1.00316 -1.06184 0.0785954 -0.237501 -0.189408 1.53525 0.313782 
1924 1512 1882 -0.227565 -0.178815 -0.466228 0.0829505 -0.176832 0.0273334 0.548753 0.197224 
1925 1725 1188 0.11714 -0.202977 0.124614 0.0995575 0.0362239 -0.0345828 0.265424 0.111444 
1926 1725 2189 -1.2219 -0.402465 -2.11716 -0.673418 -0.416883 0.467904 2.47738 0.919901 
1927 1725 2247 0.0321451 -0.296712 -0.155238 -0.0110281 0.0001916 -0.0026498 0.336408 0.0113436 
1928 1227 1270 -0.940957 0.571013 0.797432 0.00813681 0.211357 -0.141744 1.35917 0.254617 
1929 1227 1599 0.828103 -0.914082 0.0617902 0.143098 0.115715 -0.205974 1.23496 0.27621 
1930 1270 1382 0.0186455 0.0475426 -0.0635422 0.0306313 -0.0215112 -0.0071065 0.0815203 0.0380987 
1931 1270 1558 -2.04843 -1.54494 -3.49818 0.509484 -1.25903 0.2577 4.33823 1.38244 
1932 996 411 -0.13329 -0.0964853 0.0245028 -0.0120395 0.015625 -0.0039657 0.166361 0.0201201 
1933 996 1077 -1.90682 -0.00677647 -1.70891 0.752855 0.208963 -0.840875 2.56054 1.14784 
1934 996 1237 0.125709 -0.27465 -0.514237 -0.0860916 0.0137081 -0.0283671 0.596385 0.0916753 
1935 692 376 -0.443121 -0.132434 0.0800084 -0.0765141 0.23767 -0.030363 0.469357 0.251522 
1936 692 1146 1.4521 -1.35029 -0.474637 0.518859 0.311525 0.701139 2.03891 0.926207 
1937 692 762 -0.192614 -0.702861 -0.0797362 -0.354644 0.0829607 0.12541 0.733125 0.385204 
1938 692 1106 0.192125 0.0611533 -0.207318 0.000942578 -0.0012321 0.000510064 0.289193 0.001633 
1939 692 1087 -3.93212 -2.82537 -7.8479 1.04386 -0.916675 -0.193 9.22138 1.40257 
1940 376 858 -1.60304 0.96498 -0.748979 0.375481 0.354363 -0.347085 2.01542 0.622116 
1941 376 762 1.62742 -1.61592 -0.666918 0.391378 0.350195 0.106533 2.38841 0.535876 
1942 376 1306 -0.664505 -1.08634 -0.668503 -0.045898 0.218858 -0.310027 1.43826 0.38226 
1943 858 1006 -0.428295 1.53295 -1.65434 -0.364884 0.252655 0.328581 2.2957 0.552214 
1944 1035 927 -2.13251 0.213863 1.16836 0.48711 0.177372 0.856614 2.44098 1.00126 
1945 1035 1562 0.248818 1.21086 -0.374393 0.0917015 -0.0459719 -0.0877384 1.29161 0.134984 
1946 1035 1092 3.78368 0.967337 -4.00069 -0.838088 1.53165 -0.422286 5.59084 1.7963 
1947 1035 1133 -0.46329 0.320919 -0.916248 0.103422 -0.391005 -0.189245 1.0757 0.446537 
1948 927 854 0.194142 -1.23781 -0.133827 -0.398397 -0.0766171 0.130704 1.26007 0.426232 
1949 927 1096 -0.242692 0.0704958 -0.25307 -0.0053978 -0.0865747 -0.01894 0.35765 0.0887865 
1950 589 1296 -3.33125 -1.5848 -1.12838 0.434243 -0.0755113 -1.17593 3.85773 1.25582 
1951 589 892 0.183686 -2.25339 -0.305221 -0.146696 -0.0665823 0.403282 2.28138 0.434269 
1952 797 1280 -1.37526 -0.401442 -0.192719 -0.0177421 0.267667 -0.430953 1.44556 0.507622 
1953 797 1002 1.12812 -2.41538 -1.08335 -0.555709 0.116785 -0.83905 2.87756 1.01314 
1954 797 1130 -0.437812 0.168187 -0.842542 0.148965 -0.386067 -0.154474 0.964283 0.441702 
1955 1280 1508 0.918456 -1.90011 -0.997732 -0.0122607 -0.401074 0.752529 2.3344 0.852825 
1956 1280 1130 0.52639 0.478535 -0.783685 0.370376 0.130934 0.328727 1.05842 0.512234 
1957 1280 1857 -0.17965 -0.168999 -0.756427 0.0642688 -0.000864664 -0.0150705 0.795623 0.0660178 
1958 1436 2264 0.30078 1.17118 -0.401675 -0.0420854 -0.120592 -0.383127 1.27415 0.403856 
1959 1436 1882 0.823901 0.157844 -1.04441 -0.16553 0.0749509 -0.119253 1.3396 0.217345 
1960 1436 2387 -0.552045 0.42497 -0.513081 -0.269856 -0.309792 0.0337575 0.86522 0.412229 
1961 1436 1487 -0.429933 -0.651165 -1.50947 0.0715284 -0.267819 0.0951607 1.69922 0.293086 
1962 1615 1725 -3.37011 -1.24077 -1.07062 0.0563559 0.970414 -1.30204 3.74745 1.62486 
1963 1615 1860 0.0361932 -0.568969 -0.610513 -0.0469757 -0.0922728 0.0832089 0.835321 0.132833 
1964 1599 2189 0.293384 0.515289 -0.508639 0.169532 0.140828 0.240456 0.781224 0.326179 
1965 1599 1682 0.104798 -0.873425 -0.260144 -0.148348 -0.0380958 0.0681442 0.917349 0.167636 
1966 780 730 0.315387 -0.0608551 -0.0757427 0.00855999 -0.0198605 0.0516 0.330014 0.0559488 
1967 780 1237 -0.0284904 0.0151521 -0.0293969 -0.00413945 -0.0208881 -0.00675457 0.0436517 0.0223399 
1968 780 1155 0.142127 -0.425225 -0.472372 0.0934249 -0.00448265 0.0321448 0.651269 0.0989019 
1969 1146 1077 1.64466 0.716578 -0.42673 -0.154555 0.428068 0.123151 1.84405 0.471482 
1970 1146 1169 1.56095 -1.30495 -0.813613 -0.26876 -0.329837 0.0133955 2.19122 0.425681 
1971 1146 709 -0.357912 -1.42028 -0.482362 -0.524565 0.180155 -0.141226 1.54206 0.572336 
1972 762 1080 -1.21392 -1.32021 -2.21135 0.173197 0.344863 -0.300965 2.84721 0.489395 
1973 1296 1002 -2.21835 0.255396 -0.351226 -0.131092 -0.819092 0.232374 2.26046 0.861449 
1974 1296 732 -2.26737 -2.9183 0.359572 -0.442115 0.48579 1.15482 3.71305 1.32856 
1975 1296 877 3.73984 -0.721547 -3.77227 -0.796321 0.167543 -0.821523 5.3607 1.15633 
1976 1296 1629 -0.0918363 -0.0856242 -0.174761 -0.02565 -0.00608914 0.0164624 0.21519 0.0310807 
1977 1002 1508 -0.102414 -0.0271987 -0.0198627 -0.00336426 0.00567105 0.00958092 0.10781 0.0116307 
1978 1002 1518 -0.441988 0.222019 -0.963667 -0.0244704 0.168091 0.0499499 1.08319 0.177055 
1979 1002 1629 3.35419 -3.08987 -3.97209 0.0444956 0.4077 -0.279574 6.04776 0.496348 
1980 1508 1001 -1.6598 -0.567534 -0.0967821 0.143159 -0.379171 -0.23168 1.75681 0.466841 
1981 1508 1731 -0.19126 -0.691298 -1.66751 0.499238 0.0571979 -0.0809742 1.81523 0.508986 
1982 1039 1582 -0.165901 -0.518744 -1.82046 0.149769 -0.567295 0.148003 1.90018 0.605111 
1983 1256 1417 -0.832775 0.243822 -1.10432 0.115134 -0.466632 -0.18985 1.40445 0.516764 
1984 1256 1374 0.376314 -0.261244 -0.442047 -0.000239726 -0.0805121 0.0473776 0.636605 0.0934178 
1985 730 1034 -1.16027 1.78656 -1.98056 0.0992854 0.245523 0.16331 2.90872 0.311142 
1986 730 1171 0.298725 -4.00914 -0.834243 0.0268548 0.0546524 -0.253028 4.1059 0.260252 
1987 1069 805 0.125223 -0.0375481 0.0473497 0.00737451 0.00238509 -0.0176116 0.139042 0.0192416 
1988 1069 1169 -1.34446 1.01272 -1.03029 -0.185704 -0.506716 -0.255741 1.97349 0.597203 
1989 1069 1262 3.30359 -3.55485 -3.47628 -0.889472 1.19819 -2.07056 5.96953 2.55226 
1990 651 822 0.398831 -1.79029 -1.57634 -0.25188 0.680707 -0.836827 2.41848 1.10774 
1991 854 1175 -0.126154 0.234757 -0.538216 0.167841 -0.0462576 -0.0595172 0.600585 0.183991 
1992 892 976 0.239265 -2.46656 -0.5154 0.164624 0.0990243 -0.397478 2.53117 0.44147 
1993 732 867 -0.0416833 -0.629182 0.123893 -0.162094 -0.00460937 -0.0779439 0.642618 0.179919 
1994 1001 923 -1.38152 -0.736323 0.697015 -0.159947 0.508048 0.219676 1.71365 0.576154 
1995 1001 1113 0.278092 -0.444969 -0.162149 -0.00348051 0.0782312 -0.220651 0.549204 0.234135 
1996 1001 1714 -0.276253 -0.107473 -0.375738 0.0356206 -0.230375 0.0397054 0.478586 0.23647 
1997 1571 1537 -0.0524086 -0.040789 -0.0124627 0.00532913 -0.00474627 -0.00687625 0.0675701 0.00991007 
1998 1571 1582 1.11604 0.566539 -0.795068 0.463002 -0.582834 0.234606 1.48278 0.780453 
1999 1571 1860 -0.0387675 0.570824 -0.174411 0.030033 0.0395103 0.122637 0.598132 0.132298 
2000 1571 2193 -1.11389 -0.321067 -3.13247 -0.234354 -0.060201 0.0895053 3.34009 0.257987 
2001 1521 1682 -0.12576 1.16015 -1.24119 -0.0555735 -0.158036 -0.142086 1.70361 0.219664 
2002 1255 1604 -0.48966 0.658842 -1.90403 -0.51919 -0.484636 -0.0341758 2.07345 0.711054 
2003 805 790 0.0881303 -0.185604 -0.101613 -0.00683737 -0.0167151 0.0246012 0.229218 0.0305182 
2004 721 818 -3.79716 0.746087 -0.827077 0.356201 0.598664 -1.0953 3.95716 1.29806 
2005 721 709 1.00327 1.03284 -1.35806 -0.505105 -0.0557293 -0.415531 1.9793 0.656432 
2006 721 678 0.680273 -2.21409 -1.13717 0.707689 0.207732 0.0188914 2.58034 0.73779 
2007 818 1080 0.949792 1.57897 -2.61041 -0.456316 -0.745414 -0.61691 3.19523 1.06979 
2008 818 935 0.816658 -0.895164 -1.13931 0.101666 0.251624 -0.124829 1.66321 0.298719 
2009 818 1018 -4.98006 -1.9052 -3.9864 -0.528059 -0.212258 0.761127 6.65749 0.950375 
2010 1158 1018 1.22217 0.390989 -2.35945 0.317575 0.0549671 0.173609 2.68582 0.366081 
2011 1158 744 0.200633 -0.922002 -0.562394 0.13357 0.0432631 -0.0232756 1.09847 0.142318 
2012 850 976 -3.3523 -0.186848 0.522032 0.11234 0.069131 0.746149 3.39784 0.757718 
2013 850 729 0.282927 -0.241439 0.0897269 0.0576523 0.0572762 -0.0276691 0.382611 0.0858483 
2014 850 1319 3.29843 0.527883 -2.50998 -0.504947 -0.120112 -0.688825 4.17831 0.862484 
2015 850 1055 -0.562831 -1.00863 -0.683279 0.446567 -0.126364 -0.181312 1.34201 0.498261 
2016 976 876 -3.10391 -3.4108 1.3288 -0.140498 0.221344 0.239967 4.79932 0.355411 
2017 976 1063 0.336435 0.625442 -0.770951 0.0582855 0.069973 0.0822016 1.0482 0.122681 
2018 865 1268 3.4395 -0.684822 -4.85101 0.552645 -0.703699 0.491182 5.98594 1.02072 
2019 1381 1947 1.14114 0.94366 -1.79274 -0.384198 -0.373593 -0.441204 2.32521 0.694147 
2020 1381 1136 0.705665 -0.513025 -0.309716 0.240248 0.151387 0.296624 0.925787 0.410638 
2021 1381 1657 -1.92615 -1.48667 -0.846505 -0.335023 0.322703 0.195572 2.5762 0.504604 
2022 1537 1657 0.0676192 -0.2887 -0.0538441 0.0769619 0.00192081 0.0863524 0.301362 0.115687 
2023 1271 1203 -1.02297 -1.55739 -0.448974 0.0137157 -0.109447 0.348398 1.91664 0.365442 
2024 1271 1457 -0.525349 1.68374 -2.74983 0.10964 -0.527471 -0.343921 3.26688 0.639162 
2025 1271 1061 0.52183 0.0933912 -0.453093 -0.18116 0.0610705 -0.196055 0.697367 0.273836 
2026 961 919 0.526289 -2.77825 -0.145139 -0.888924 -0.159417 -0.171778 2.83138 0.919297 
2027 961 1171 -1.11421 3.16135 -1.95823 0.238891 -0.216643 -0.485674 3.88204 0.582994 
2028 961 1220 0.401166 0.0340839 -0.447487 -0.0448098 0.0478596 -0.036526 0.601947 0.0750507 
2029 961 755 -1.96698 -0.504464 -5.58959 -0.989965 0.311592 0.320249 5.94702 1.08613 
2030 790 704 0.653345 -1.57959 0.00138595 0.652595 0.269842 -0.0935432 1.70937 0.712352 
2031 790 952 -1.21507 -1.4435 0.814307 0.280815 -0.110671 0.222833 2.05504 0.375179 
2032 790 1262 -2.68516 1.77725 -1.75977 0.340251 -0.113845 -0.634152 3.66954 0.728615 
2033 687 952 1.58412 -1.72321 0.379401 -0.170024 -0.192024 -0.162252 2.37125 0.303491 
2034 687 822 -0.819028 0.245369 -0.493329 0.18641 0.106677 -0.25642 0.98711 0.334485 
2035 687 1246 -0.315799 -1.87112 -0.844619 0.414629 0.245024 -0.697841 2.07707 0.847901 
2036 910 870 0.932215 -0.759037 -1.56569 0.00640603 0.0100184 -0.00104269 1.97397 0.011937 
2037 729 926 0.220764 -0.516962 -1.87262 0.0361914 -0.428214 0.122481 1.95517 0.446855 
2038 876 663 0.337115 -0.944432 -0.639595 0.265011 0.133284 -0.0571283 1.1894 0.302091 
2039 876 942 -3.58744 -1.61615 -1.60325 0.0897129 0.116967 -0.318649 4.24877 0.351094 
2040 876 1141 0.895461 0.484946 -3.94397 -0.823633 0.250693 -0.156177 4.07332 0.874991 
2041 765 828 -1.42624 -1.31294 0.327765 0.0294007 -0.0421228 -0.0407982 1.96607 0.065599 
2042 765 1113 -0.164842 0.640813 -0.920075 0.254182 -0.292375 -0.249173 1.13329 0.460629 
2043 765 772 1.52177 -0.683607 -1.41316 0.0073401 0.42235 -0.196405 2.18635 0.465842 
2044 1168 1895 2.44681 1.08597 -1.08 -0.180922 0.252334 -0.156162 2.88663 0.347552 
2045 1168 1839 0.304414 -0.526208 -2.3708 -0.419369 -0.209466 -0.00735578 2.4475 0.468829 
2046 1168 1523 0.346276 -0.34007 -0.140929 0.0433484 -0.00487128 0.118266 0.505387 0.126054 
2047 1203 919 -1.69089 -0.450621 0.499705 0.139871 -0.74964 -0.202713 1.81986 0.789061 
2048 1203 1220 -0.128905 0.227096 -0.119998 0.111478 0.0375799 -0.0486325 0.287382 0.127298 
2049 1203 1024 -1.8101 -3.83398 -4.05393 -0.710219 1.84304 -1.42593 5.86602 2.43608 
2050 1203 1588 0.130538 0.09141 -0.203939 -0.0025699 -0.0524854 -0.0251701 0.258819 0.0582654 
2051 919 704 -1.77177 0.490274 -0.412279 0.23629 0.688575 -0.196613 1.88401 0.754073 
2052 919 1089 -2.09865 -0.874398 -5.67079 0.679157 -0.400317 -0.189617 6.10957 0.810841 
2053 704 861 -0.240537 -0.157874 -0.0721485 0.0155605 0.0165789 -0.0881551 0.296627 0.0910402 
2054 952 506 -1.15208 -3.32823 0.800406 0.107847 0.00329047 0.168914 3.61179 0.200434 
2055 941 822 0.363775 1.33287 -0.658687 -0.186738 0.129281 0.158473 1.5306 0.276945 
2056 941 678 -4.22562 2.47977 -1.44125 -0.136353 0.0126764 0.421585 5.10708 0.443268 
2057 941 759 -0.107246 -0.193036 -0.103519 -0.0511194 0.0431298 -0.0274658 0.243887 0.0723031 
2058 941 1163 0.740259 0.61944 -10.1699 1.13687 -0.6476 0.0433068 10.2156 1.30909 
2059 556 697 -2.33349 -1.17922 0.343439 -0.603137 1.06027 -0.457494 2.63699 1.30278 
2060 556 870 -2.4346 1.73558 -3.91923 -0.522234 -1.28593 -0.245051 4.92949 1.4094 
2061 959 564 -2.6106 1.35092 -0.524083 -0.160811 -0.387302 -0.1973 2.98578 0.463454 
2062 959 748 0.875133 -0.206927 -1.34114 0.135642 -0.214598 0.121621 1.61473 0.281501 
2063 564 1055 -1.42716 1.98814 -3.08958 1.08087 0.469273 -0.197308 3.94145 1.19475 
2064 564 670 0.118232 -0.161844 -0.199954 0.0740745 -0.00154105 0.0450473 0.283115 0.0867102 
2065 663 855 -0.225382 0.0278944 -0.217366 0.0196861 -0.0281775 -0.0240281 0.314362 0.0419388 
2066 663 774 0.579662 -0.460277 -0.266928 -0.200112 -0.162192 -0.154888 0.786838 0.300568 
2067 663 884 -0.0929182 -0.268611 -0.130064 0.0667095 -0.0118358 -0.023214 0.312574 0.071618 
2068 663 1205 1.26618 0.517224 -3.08718 0.364062 -0.0243903 0.145231 3.3766 0.392719 
2069 942 768 -4.43114 -4.42831 2.58616 0.937196 -0.427046 0.874559 6.7774 1.35113 
2070 942 1083 -1.1016 2.70416 -4.80138 1.01624 0.719037 0.171805 5.61954 1.25669 
2071 942 855 0.105143 -0.0831676 -0.218036 -0.0528083 0.000333106 -0.0255927 0.255953 0.058684 
2072 962 828 -2.88135 1.50006 1.15599 0.00489837 0.0559514 -0.0603954 3.448 0.0824752 
2073 962 1219 -0.223689 0.306807 -1.36878 -0.166416 -0.120619 0.000159756 1.42046 0.205532 
2074 962 736 0.565706 -1.78615 -1.138 0.18219 -0.329285 0.6074 2.19212 0.714532 
2075 828 1204 -0.388065 -0.343085 -1.42929 0.268226 -0.260406 -0.0103183 1.52025 0.373983 
2076 1192 949 -1.40382 -0.650087 0.236084 -0.114683 0.171779 -0.208923 1.56494 0.293784 
2077 1192 1204 0.649206 0.253578 -0.731002 -0.0185327 -0.029457 -0.0266773 1.01002 0.0438504 
2078 559 1481 0.317614 0.156178 -0.48647 -0.100066 0.00660166 -0.063213 0.601601 0.118544 
2079 559 1393 -1.78594 -3.56913 -5.14693 -0.0388254 -0.483103 0.348479 6.513 0.596937 
2080 676 769 -0.672889 -0.576997 -0.369504 -0.015165 -0.0429871 0.0947426 0.960332 0.105138 
2081 676 1266 0.161973 -0.103117 -0.177587 -0.0431124 -0.0960644 0.0164583 0.261544 0.106574 
2082 506 1312 -2.18014 -5.90712 -5.21122 1.1962 1.27762 -1.94867 8.17337 2.61926 
2083 506 861 0.264596 0.0920829 -0.472715 -0.0922087 -0.053174 -0.0619706 0.5495 0.123168 
2084 544 1246 1.43238 2.17374 -1.06484 0.000978972 -0.393658 -0.802289 2.8126 0.893663 
2085 544 933 0.1612 -0.0931775 -0.527166 0.0533433 -0.00940764 0.0179745 0.559081 0.057071 
2086 544 759 -0.907249 0.278816 -0.499667 0.0343 -0.116164 -0.127099 1.07262 0.17557 
2087 697 1174 -0.700082 0.435013 -1.2631 -0.126409 -0.274761 -0.0245647 1.50823 0.303441 
2088 697 682 1.28352 -0.804934 -0.992088 -0.326863 0.205773 -0.589834 1.81096 0.705043 
2089 435 670 0.9181 1.02661 -1.81001 -0.854521 0.327307 -0.2478 2.27441 0.94802 
2090 435 774 -0.683956 0.161274 -0.973154 0.15425 -0.103839 -0.125619 1.20035 0.224401 
2091 887 768 -2.64378 2.08476 0.959772 0.565914 0.758662 -0.0890574 3.50099 0.950662 
2092 887 904 -0.0758055 -0.0342435 0.020501 0.00231721 0.00611689 0.0187855 0.0856702 0.0198917 
2093 887 884 1.14187 -0.0379179 -1.07113 -0.278964 -0.694234 -0.272813 1.56608 0.796372 
2094 887 1258 1.21544 -3.73791 -1.64185 1.55129 1.05101 -1.24437 4.25969 2.24935 
2095 768 869 1.24616 -0.402101 -6.93516 1.12465 -1.14259 0.268332 7.0577 1.62553 
2096 1129 715 -0.0574447 -0.0637615 0.0193482 0.0125916 -0.0205013 -0.0301771 0.087976 0.0385941 
2097 949 1208 0.0629568 -0.680658 -0.042177 -0.311016 -0.0245473 -0.0680992 0.684863 0.319329 
2098 949 982 -0.0647347 1.63939 -2.34833 -0.0169902 0.514175 0.359417 2.86469 0.627571 
2099 949 1147 0.0681573 -0.381749 -0.775238 0.259949 0.0479549 -0.000760188 0.866817 0.264336 
2100 1047 1897 0.937627 0.00887774 -0.787936 -0.121814 -0.23862 -0.147645 1.22477 0.305904 
2101 1047 1707 0.330981 -0.635983 -0.189695 -0.314836 -0.183396 0.0655361 0.741624 0.370204 
2102 769 1312 -0.654424 -0.00721554 -0.143976 0.0385735 -0.12661 -0.168986 0.670113 0.214649 
2103 769 1322 0.249812 0.0697162 -0.431478 -0.0157569 -0.14309 -0.0322424 0.503428 0.147521 
2104 769 913 -0.208678 -0.455941 -0.391796 -0.0404823 0.111692 -0.108416 0.636343 0.160835 
2105 1312 933 -0.0510049 0.0594253 -0.0800961 -0.0328075 -0.0131561 0.0111309 0.112019 0.0370582 
2106 1312 1031 -2.12433 -4.5168 -4.96624 -0.613697 -1.10645 1.26883 7.04115 1.79187 
2107 1312 1157 1.62959 0.61767 -3.01387 -0.409909 0.176086 -0.185548 3.48145 0.483177 
2108 491 964 -1.42035 0.630107 -2.19021 0.846995 -0.169023 -0.597902 2.68541 1.05046 
2109 491 710 -0.847032 -4.35745 -3.90913 0.529444 1.54907 -1.84144 5.91491 2.46391 
2110 937 682 -1.90429 1.11046 -1.99044 0.549238 -0.78817 -0.96518 2.97007 1.36178 
2111 937 964 0.504118 -0.225804 -1.07188 0.0850106 -0.126022 0.0665292 1.20584 0.165935 
2112 393 940 0.580782 -0.0081406 -0.22217 -6.04566e-07 -0.133862 0.00490328 0.621879 0.133951 
2113 393 718 0.561941 -2.35272 -2.65134 0.244041 0.532684 -0.420964 3.58897 0.72147 
2114 673 1071 1.2852 1.02975 -1.63764 0.425961 -0.155287 0.236645 2.32249 0.511427 
2115 673 875 -0.943179 -0.302429 -1.79645 0.413063 -0.0786115 -0.203634 2.05141 0.467191 
2116 696 778 -0.0704779 -0.212883 0.0205401 0.0417121 -0.0151141 -0.0135229 0.225185 0.0463811 
2117 696 950 0.393417 -0.896246 -0.855933 -0.145889 -0.0886564 0.0257764 1.30025 0.17265 
2118 715 1316 -0.0309952 0.727913 -1.53811 0.0852897 -0.0106769 -0.00677155 1.70194 0.0862217 
2119 715 1209 0.277499 -0.75012 -0.887556 -0.0160628 -0.100658 0.0800491 1.19476 0.129607 
2120 1208 1147 -0.0169405 0.705124 -1.06097 0.384502 -0.234577 -0.16204 1.27403 0.47867 
2121 1208 1177 0.985865 -2.53505 -3.31758 -0.445167 0.877732 -0.802985 4.29007 1.27019 
2122 1623 1183 0.683565 -0.107991 -0.871809 0.113744 -0.103455 0.101999 1.11309 0.184511 
2123 1623 1897 -0.247594 0.0310814 -0.234089 0.0173358 -0.121114 -0.0344169 0.34215 0.127097 
2124 978 1030 -0.100582 -0.484558 -0.275974 -0.0599542 -0.0126193 0.0440082 0.566634 0.0754352 
2125 978 1393 0.0400261 0.121129 -0.198318 -0.0288783 -0.0227652 -0.019733 0.235806 0.0417325 
2126 1252 1030 0.0568258 -0.0537177 -0.00481096 -0.00781297 -0.00541383 -0.0318356 0.0783449 0.0332244 
2127 1252 863 1.24494 0.311541 -2.68589 -0.112539 1.13611 0.0796167 2.97673 1.14444 
2128 898 913 -2.00435 1.12091 -3.14165 -0.596025 -0.445067 0.221463 3.89151 0.776129 
2129 898 920 1.86342 -2.07137 -2.05899 -0.0554888 -0.309477 0.26112 3.46444 0.408704 
2130 1115 1172 -0.138535 -0.747604 -0.685543 0.0103865 -0.064018 0.0677145 1.02375 0.0937626 
2131 827 533 -0.576364 0.388598 0.078083 0.0142898 0.0365214 -0.0762778 0.6995 0.0857689 
2132 827 921 -1.3303 -1.58861 -0.538094 -0.0576716 0.299647 -0.74207 2.14078 0.802361 
2133 827 836 -0.626402 0.787144 -1.27317 -0.159915 -0.0499107 0.0478211 1.62263 0.174215 
2134 533 682 0.0562655 0.156178 -0.0896477 0.0347998 -0.00464699 0.0137457 0.188664 0.0377037 
2135 533 940 -0.552343 0.382575 -0.704338 -0.170702 -0.0402748 0.111989 0.973416 0.208094 
2136 533 836 0.10889 -0.0175141 -0.222851 0.0468994 0.0365356 0.0200447 0.248649 0.062739 
2137 812 817 -2.02817 -0.0159519 -0.533103 0.0212689 0.091604 -0.0836577 2.09712 0.125866 
2138 812 719 0.200211 -0.0199283 -0.293128 -0.0763197 -0.0165698 -0.0510012 0.355535 0.0932758 
2139 812 672 0.0631905 -0.330222 -0.160268 -0.0904546 0.0510124 -0.140772 0.372458 0.174932 
2140 817 472 0.426184 -0.845917 0.624127 -0.366577 -0.0554031 0.175225 1.13435 0.410063 
2141 817 508 -2.38138 -0.242118 1.81898 -0.336488 -0.0122799 -0.442159 3.00637 0.555769 
2142 817 718 1.39746 0.903745 -1.88109 -0.7433 0.339808 -0.388939 2.5116 0.905118 
2143 708 1016 -0.393049 1.45346 -2.58029 -0.169001 -0.464472 -0.235891 2.98747 0.547668 
2144 708 815 2.72491 -1.0625 -1.44806 0.102054 0.651991 -0.286349 3.26358 0.719377 
2145 1469 728 1.9698 -0.104318 -0.681294 0.0432889 0.442122 0.0574629 2.0869 0.447937 
2146 1469 1244 0.12962 0.146527 -0.579349 0.0109788 0.0176419 0.00691825 0.611487 0.0219005 
2147 1469 1707 -5.12848 1.7306 -4.37266 0.796227 0.804621 -0.615405 6.95819 1.28845 
2148 1469 1473 -0.390333 -0.865028 -0.906218 -0.074224 0.285644 -0.24069 1.3122 0.380833 
2149 747 1030 -0.118742 -0.0453781 -0.000821012 -0.00786041 0.0197426 0.0456445 0.12712 0.0503486 
2150 1030 1181 -1.06179 -1.45281 -1.39384 0.51058 0.312408 -0.714574 2.27614 0.932152 
2151 711 340 -0.51962 -2.1496 0.0655825 0.560184 -0.113733 0.710606 2.21248 0.911977 
2152 711 710 -1.16121 5.89657 -6.31524 0.581007 -0.804393 -0.857898 8.71781 1.31172 
2153 921 672 -1.12615 -0.222012 -0.197068 0.0289252 -0.0402307 -0.119971 1.16462 0.1298 
2154 921 1010 -1.06388 -1.05735 -3.42544 -0.421075 -0.273765 0.215283 3.73945 0.546441 
2155 508 585 -0.912764 -0.33262 -0.217234 -0.00726876 -0.123808 0.220111 0.995472 0.252647 
2156 508 662 -0.636631 -0.392802 -2.33261 0.203495 0.264671 -0.100109 2.44962 0.348544 
2157 1005 1081 -0.141368 -0.0967003 0.0470212 -0.019344 0.0341458 0.0120648 0.177614 0.0410571 
2158 1005 1195 -0.358329 0.0703041 -0.21224 0.0466875 0.170507 -0.0223433 0.422361 0.17819 
2159 848 776 -1.16327 -1.41661 0.260191 0.191559 -0.0806041 0.417577 1.8514 0.466436 
2160 848 1258 1.85087 2.25304 -1.74998 -0.349698 -0.838095 -1.44888 3.40064 1.70996 
2161 848 1195 1.03657 -1.25192 -3.87905 0.179498 1.54059 -0.449241 4.2058 1.61476 
2162 1093 1641 1.22772 0.545938 -3.82027 -1.82816 0.585351 -0.503866 4.04967 1.98461 
2163 521 1100 -0.465054 -0.617559 0.0142137 -0.186134 0.138854 -0.0571522 0.773212 0.23915 
2164 521 1075 0.00779458 -0.310291 -0.447629 0.240867 -0.0215633 0.0191417 0.544713 0.242587 
2165 728 1100 0.623301 -1.36127 0.887173 -0.242313 -0.26173 -0.231354 1.7403 0.425139 
2166 728 1177 1.84249 1.37554 -0.776229 0.167091 -0.472633 -0.440932 2.42682 0.667625 
2167 728 1658 0.212125 -0.0392016 -0.678218 -0.0197536 -0.0378117 -0.00399272 0.711698 0.0428471 
2168 901 974 1.9451 -0.7535 0.460426 0.299188 0.59341 -0.292807 2.13616 0.726212 
2169 901 793 -5.80731 -1.9317 -0.110917 0.125252 -0.31337 -1.1003 6.12116 1.15089 
2170 801 843 2.38756 -2.70472 2.23992 -0.995364 -0.0798735 0.964526 4.24655 1.38832 
2171 801 656 3.23243 -2.74261 -3.58562 0.0570173 0.8006 -0.560971 5.55223 0.979234 
2172 801 947 -1.8415 1.76372 -7.02045 -0.222427 1.21053 0.36246 7.46917 1.28305 
2173 1081 879 -0.197449 -0.205743 0.0403056 -0.0154803 0.0282138 0.0681843 0.287995 0.0753973 
2174 776 879 0.290642 -1.15209 -0.187174 -0.221575 -0.0369451 -0.116654 1.20284 0.253117 
2175 776 908 -0.00273811 0.00466906 -0.0141614 0.00292832 0.00984233 0.00267886 0.0151606 0.0106124 
2176 1004 1075 -0.430516 0.124532 -0.500828 -0.0226912 0.11376 0.0477921 0.672072 0.12546 
2177 1004 1239 0.0727613 -1.16778 -1.34961 0.480919 -0.115157 0.12557 1.78618 0.510208 
2178 1100 1003 0.922731 -1.77466 -0.323483 0.74657 0.386442 0.00952377 2.0262 0.840711 
2179 1100 1313 -0.886738 -0.714566 -3.0462 0.38555 0.686903 -0.273363 3.25212 0.833794 
2180 1470 931 0.885808 1.11834 0.979847 -0.20462 -0.137098 0.341458 1.73074 0.421021 
2181 1470 1468 0.0290014 -0.355584 0.124142 0.00989112 -0.00238404 -0.00913936 0.377747 0.0136765 
2182 1470 1538 -0.631864 -0.316118 -1.09226 -0.157718 -0.311835 0.181488 1.30085 0.393769 
2183 974 691 0.598507 1.7085 -1.5748 -0.00216888 -0.291975 -0.317589 2.39941 0.431413 
2184 974 739 -0.233071 -0.33841 -1.54112 0.25481 0.607867 -0.172016 1.59496 0.68119 
2185 793 671 -2.86645 -2.46863 0.852895 -0.0912439 0.434482 0.950914 3.8779 1.04945 
2186 793 1181 -0.000834911 0.156952 -0.260474 0.0789824 -0.0275639 -0.0168622 0.304108 0.0853365 
2187 793 944 -2.702 0.0455038 -1.81941 -0.0264603 -0.189918 0.0345462 3.25778 0.19484 
2188 793 1605 -0.0112774 -0.24051 -0.347195 -0.0546539 0.0492969 -0.0323738 0.422512 0.0804071 
2189 874 799 -0.310386 0.282928 -0.496075 -0.0104992 -0.0640283 -0.0299483 0.649983 0.0714616 
2190 874 944 1.32368 -0.295768 -1.86893 -1.14328 -0.253913 -0.769552 2.30922 1.40135 
2191 307 799 0.019932 0.0137086 -0.0160342 0.0129265 -0.00854451 0.00876367 0.0290225 0.0178019 
2192 307 1241 0.0309751 -0.294544 -0.334908 0.214549 0.101667 -0.0695703 0.447078 0.247401 
2193 340 948 0.19673 -1.18095 -0.863278 0.227367 0.395296 -0.488946 1.47601 0.668598 
2194 340 883 0.266764 0.154763 -0.835629 0.050627 -0.0333846 0.009979 0.890725 0.061459 
2195 340 645 -2.31992 0.598216 -2.40411 -0.356681 -0.462209 0.229178 3.39406 0.627201 
2196 846 843 -0.893061 -0.172349 0.00112135 -0.0325541 0.169957 0.195378 0.909541 0.260993 
2197 846 672 -0.0636862 0.868794 -0.850309 0.128614 -0.011657 -0.0215432 1.21733 0.130926 
2198 846 969 0.314099 -0.0355971 -0.338775 0.0536415 0.11744 0.0373942 0.46335 0.134416 
2199 843 1023 -0.0445702 -0.0657705 -0.0642445 0.0130558 -0.00513553 -0.00380004 0.102174 0.014535 
2200 688 655 -2.39075 4.35846 -3.94301 -0.82389 0.129635 0.642842 6.34501 1.05302 
2201 688 1121 0.284826 -0.456245 -3.6126 -0.355328 -0.151691 -0.00885749 3.65242 0.386454 
2202 688 1023 0.553234 -0.402445 -0.276772 -0.0835598 -0.122547 0.0111649 0.737993 0.148743 
2203 925 531 -3.84228 -1.21223 1.77121 0.0407565 -0.0129897 0.0795225 4.40111 0.0902976 
2204 925 655 3.25147 1.85122 -1.96733 0.253114 -0.570259 -0.118273 4.22723 0.635021 
2205 925 1135 -4.10921 1.95805 -5.74612 0.577442 0.223842 -0.336668 7.33058 0.704904 
2206 531 813 -1.30435 -0.367868 -1.73553 -0.791501 0.348434 0.521001 2.20198 1.00961 
2207 531 899 0.631718 -1.15565 -1.49258 0.0647963 -0.315917 0.272026 1.99057 0.421901 
2208 879 813 3.97927 -1.07017 -3.58535 0.959339 0.396576 0.94637 5.46211 1.40471 
2209 879 767 -0.93824 1.40185 -4.31885 -1.25176 0.312979 0.373526 4.63659 1.34327 
2210 1516 981 -2.89679 2.82704 2.63373 -0.19476 -0.299043 0.106779 4.82908 0.372505 
2211 1516 909 0.669988 -1.83013 1.07165 0.484995 0.00363581 -0.297007 2.22412 0.568724 
2212 1516 767 1.45196 1.22975 -1.09161 -0.374728 -0.0665793 -0.573433 2.19365 0.688243 
2213 1516 1084 -0.648587 -1.80316 -0.724159 0.285938 0.303071 -1.01075 2.04853 1.09326 
2214 1516 1193 1.10489 -1.02057 -3.60246 -0.0823908 -0.190019 0.0285623 3.90386 0.209072 
2215 981 1257 -0.196527 0.461951 -2.04611 0.352911 0.286585 0.0308056 2.1068 0.455661 
2216 1003 951 -0.258662 -1.01975 0.246594 -0.406672 0.116352 0.0545804 1.08056 0.426496 
2217 1468 749 0.966966 -0.211589 0.749306 -0.0667465 -0.0931573 0.0598294 1.24147 0.129278 
2218 1468 788 -0.877047 0.149844 -0.389946 -0.0609577 -0.119243 0.0912819 0.971454 0.162071 
2219 788 1538 1.15956 1.85384 -2.613 -0.586542 -1.0979 -1.03921 3.40721 1.62154 
2220 788 739 -1.68159 1.6585 -1.33988 -0.173998 -0.473288 -0.36746 2.71545 0.623943 
2221 788 2295 0.88358 -0.970363 -0.578142 0.124568 0.0566115 0.0953611 1.43407 0.166781 
2222 788 1029 -2.9896 -2.2665 -1.3956 0.729169 0.169013 -1.83648 4.0028 1.98316 
2223 671 835 -1.32772 -1.57411 0.0791086 -0.155288 0.119116 -0.236089 2.06081 0.306661 
2224 671 1110 0.0791352 -0.237579 -0.213531 -0.0236198 0.0469732 -0.0610168 0.329092 0.0805446 
2225 712 944 1.95571 1.74873 -0.510071 -0.0470512 0.401789 1.19709 2.67265 1.2636 
2226 712 1216 -0.611776 -3.10791 -2.20912 0.665706 0.00941202 -0.197597 3.86181 0.694476 
2227 712 1282 2.14176 -0.591889 -2.67224 -1.54895 -0.0522298 -1.2299 3.4754 1.97854 
2228 948 800 -1.69395 -1.63666 1.72926 -0.313146 0.464043 0.132443 2.92207 0.575272 
2229 948 665 -1.45525 0.000876913 -1.31228 0.454834 -0.141586 -0.504482 1.95955 0.693846 
2230 948 1178 1.19187 1.04488 -5.5478 -0.620059 -0.410429 -0.210512 5.76979 0.772813 
2231 657 955 -0.0641173 -2.33222 0.469571 0.512705 0.171264 0.920624 2.37989 1.06759 
2232 657 665 0.440496 0.0300021 -0.522592 0.0244376 0.109324 0.0268749 0.684134 0.1152 
2233 657 540 -2.88126 -1.83924 -0.691227 0.0775384 0.0869242 -0.554497 3.48744 0.566599 
2234 657 723 -1.37656 0.217371 -2.85525 0.736215 0.0928139 -0.347876 3.1772 0.819539 
2235 841 513 0.138474 0.64526 -1.2606 -0.171905 0.10356 0.0341255 1.4229 0.20357 
2236 660 353 0.235192 -0.0777965 0.0297971 0.0252635 0.0640639 -0.0321446 0.24951 0.075998 
2237 998 1492 -0.148603 -0.0443527 -0.0830042 -0.0017493 0.0430765 -0.0198858 0.175897 0.0474772 
2238 951 1434 0.442477 0.337335 -2.2639 -0.187756 -0.0954133 -0.0509138 2.33127 0.216675 
2239 835 886 -2.84099 0.163723 -1.20938 0.198495 -0.0105386 -0.46772 3.09203 0.508206 
2240 886 1241 -0.286707 1.16442 -0.845407 -0.243362 -0.182801 -0.169246 1.46723 0.348261 
2241 886 1217 -1.32519 -0.372249 -1.56604 -0.542101 0.317798 0.383185 2.08499 0.736002 
2242 1044 800 -2.02615 0.873477 0.388333 -0.180448 -0.127922 -0.653764 2.24033 0.690168 
2243 1044 770 0.235039 -1.17429 -0.0852081 -0.606916 -0.108788 -0.174874 1.20061 0.640908 
2244 1044 885 -0.472444 0.0114989 -0.502044 0.0235288 0.177994 -0.0180648 0.68948 0.180449 
2245 800 955 -3.46616 -1.92594 -1.24834 -0.103791 0.36754 -0.278853 4.15715 0.472882 
2246 800 885 0.285671 -0.486444 -1.17501 -0.665151 -0.0575239 -0.137898 1.30342 0.681726 
2247 955 991 0.5324 0.749597 -3.99485 0.0961119 0.44197 0.0957406 4.09929 0.462322 
2248 955 540 -0.52014 0.294545 -0.257398 -0.0171297 -0.0677347 -0.0428949 0.650812 0.081984 
2249 1164 1023 -0.343084 0.631729 -0.193988 -0.149666 -0.07566 0.0183079 0.744593 0.1687 
2250 1164 816 0.776488 0.293062 -1.56215 -0.485037 -0.220869 -0.282529 1.76894 0.603214 
2251 522 1101 0.500657 -0.740183 -2.96891 -0.79269 0.616657 -0.287413 3.10048 1.04462 
2252 1211 353 -1.9365 0.437328 0.617318 0.115154 0.126311 0.27175 2.07903 0.321034 
2253 1211 1020 0.2094 0.774495 -0.564764 0.220503 -0.067729 -0.0111237 0.981147 0.230939 
2254 1211 1235 -1.84064 -0.47247 -4.12567 0.434941 -0.0962732 -0.183021 4.54228 0.4816 
2255 1211 1314 0.0425863 -0.0578668 -0.0554571 0.0235719 0.0255642 -0.0085738 0.0907615 0.0358144 
2256 353 899 0.12197 0.443023 -0.692942 0.12033 -0.152881 -0.0765621 0.831454 0.209078 
2257 909 1014 1.9633 -6.37979 0.414034 -0.430606 -0.160391 -0.429547 6.68788 0.629014 
2258 909 806 0.527852 -0.320982 -0.906087 0.176745 -0.0953691 0.13675 1.09665 0.24297 
2259 1517 1380 -1.33174 -0.368668 0.870663 0.234002 0.0904497 0.396223 1.63325 0.468968 
2260 1517 1572 0.160121 1.3692 -0.480767 -0.199706 0.0574264 0.0970352 1.45996 0.229338 
2261 1517 2295 -1.15775 0.283222 -0.585986 -0.175592 -0.0223191 0.336133 1.32815 0.37989 
2262 1517 1746 0.3398 0.298602 -1.9078 0.529087 -0.265789 0.0526359 1.96069 0.59443 
2263 1465 1242 -0.616683 0.0543909 0.27006 -0.128531 0.288714 -0.351649 0.675418 0.472792 
2264 1465 993 -0.456287 -0.987628 0.1247 0.298121 -0.134014 0.029448 1.09506 0.328181 
2265 1465 2295 0.344314 0.520427 -0.164684 0.0786797 -0.0476049 0.0140615 0.645381 0.0930293 
2266 1465 2147 0.0273206 -0.00333518 -0.0134113 -0.00927958 0.00111025 -0.0191798 0.030617 0.0213356 
2267 1242 1013 -0.573319 0.279023 -0.328377 -0.146785 0.049074 0.297974 0.717203 0.335771 
2268 733 770 -6.39246 -2.65823 1.26484 0.742895 -2.02875 -0.509113 7.03772 2.21966 
2269 733 1311 5.46474 1.74415 -1.79901 0.160384 -0.941155 -0.425269 6.01181 1.04515 
2270 733 1336 -0.369252 0.325246 -2.20747 0.510603 0.407949 -0.0253038 2.26165 0.654047 
2271 1291 924 -0.0102824 -0.0624074 0.0165233 0.016891 0.00394779 0.0254218 0.0653714 0.0307759 
2272 1291 1101 -0.386406 1.55358 -1.49967 0.567252 -0.0495061 -0.197445 2.19361 0.602669 
2273 1291 1104 2.50921 -0.0162906 -3.27774 -0.641014 -1.28753 -0.484318 4.12795 1.51763 
2274 1014 1134 -0.23689 -1.04685 -2.54063 0.221595 1.60816 -0.683291 2.75805 1.7613 
2275 1585 1327 -0.163885 0.113938 -0.349939 0.0797925 0.0285051 -0.0280878 0.402862 0.0892654 
2276 1585 1099 0.890429 -0.084768 -0.306073 -0.124656 0.167658 -0.409084 0.945373 0.459345 
2277 1349 1434 -0.0161287 0.139258 -0.0549303 0.0717476 -0.0209841 -0.074265 0.150567 0.105372 
2278 1349 1327 1.54993 0.0913843 -1.94366 0.264392 0.320117 0.225884 2.48766 0.472654 
2279 1349 1422 -0.534649 -0.233939 -1.40878 0.713353 0.274905 -0.316376 1.52487 0.827369 
2280 993 1308 -0.177752 -0.549429 0.185106 -0.40238 0.0996776 -0.0905326 0.606409 0.424313 
2281 993 2290 0.381481 -1.12632 -0.902669 -0.33587 -0.159113 0.0565919 1.49296 0.375936 
2282 993 1675 -0.864085 -0.476385 -0.460273 0.0631893 -0.0369529 -0.0803809 1.08878 0.108717 
2283 823 1224 -0.215522 0.0441287 0.0114144 0.000825222 0.0417822 -0.145951 0.22029 0.151816 
2284 823 809 -0.833821 -0.882241 0.557667 0.0374661 0.105295 0.222598 1.33589 0.249079 
2285 823 1403 -0.230848 0.4616 -0.421384 0.141512 0.192399 0.133237 0.66628 0.273487 
2286 823 1675 0.362068 -0.236563 -0.181744 -0.0176074 0.0403595 -0.0876102 0.469134 0.0980533 
2287 1224 809 0.16343 -0.39715 0.168706 -0.0632634 -0.0229863 0.00717311 0.46141 0.0676911 
2288 1224 1392 0.0782131 -0.268212 -0.497649 0.211263 0.301458 -0.12927 0.57071 0.390153 
2289 770 954 -0.0224975 -0.81852 0.123144 0.247708 -0.00213147 0.0310867 0.828037 0.24966 
2290 770 1167 -0.915138 1.35726 -4.1619 0.808321 0.730553 0.0605081 4.47225 1.09122 
2291 770 1145 -6.68145 -5.71982 -5.48402 -0.358121 -0.0864841 0.52652 10.365 0.642614 
2292 912 938 -0.0580904 -6.02151 -2.2661 -0.277286 -0.10578 0.288189 6.43406 0.413679 
2293 912 1036 0.203074 0.195229 -1.38863 0.111783 -0.102665 0.00191346 1.41691 0.151787 
2294 912 1040 -3.01252 -0.854038 -2.60523 -1.2199 0.794351 1.15021 4.07331 1.85529 
2295 381 680 0.134313 -0.417187 -1.23455 -0.311179 -0.342441 0.0818653 1.31004 0.469894 
2296 924 1097 0.41583 -0.797771 -1.47842 0.63038 0.11447 0.115535 1.73063 0.651023 
2297 924 834 -0.673283 -0.211929 -0.592301 -0.0526421 0.069713 0.0348958 0.921436 0.0940681 
2298 746 880 -0.375626 -0.183733 -0.203516 0.0651326 -0.0281539 -0.094797 0.46505 0.118412 
2299 746 973 -0.352251 0.38632 -0.575705 0.00209933 -0.159846 -0.108547 0.777663 0.19323 
2300 746 834 0.14103 -0.0504671 -0.114622 0.0319454 0.0320177 0.0252083 0.188613 0.0517794 
2301 757 1051 -0.102939 0.55069 -0.43776 -0.374084 -0.173886 -0.130778 0.710978 0.432757 
2302 757 1210 -0.548643 -0.543628 -3.13934 0.718258 -0.157763 -0.0982062 3.23295 0.741908 
2303 814 1105 0.42962 -2.67972 1.66233 -0.271814 -0.460713 -0.672434 3.18258 0.859248 
2304 814 1134 1.40767 1.29281 -0.92608 -0.346787 -0.278323 -0.915667 2.1238 1.01792 
2305 814 1099 -0.485411 1.36134 -0.384744 -0.03347 0.0704321 0.291438 1.49563 0.301691 
2306 1969 1898 -0.218396 -0.0257381 -1.27921 0.105412 0.144213 -0.0208982 1.29797 0.179849 
2307 1453 1697 -0.817746 -0.839045 1.39264 0.21708 0.578533 0.476026 1.81993 0.780016 
2308 1453 2147 -0.247836 0.119871 -0.305742 0.0619147 -0.0408083 -0.0661879 0.411424 0.0993961 
2309 1453 2126 0.604747 -0.291209 -1.14767 0.182649 0.605907 -0.0574981 1.32954 0.635445 
2310 1037 985 -0.0704856 0.00684792 -0.0519931 -0.0336856 -0.0301449 0.0416963 0.0878544 0.0614981 
2311 1037 1791 0.578904 -0.678806 -1.04186 0.0826118 0.175007 -0.0681201 1.37164 0.205165 
2312 938 936 0.658086 -0.772151 0.393261 -0.0651882 0.00294431 0.114867 1.08809 0.132109 
2313 938 819 -3.35181 -8.89104 1.19991 -0.989917 0.488502 0.854459 9.57731 1.39595 
2314 938 1145 3.16843 1.52305 -1.32347 -0.0830803 0.941276 0.884319 3.75636 1.29419 
2315 938 1206 -0.543244 -0.196805 -0.326805 -0.010493 -0.046789 0.0456192 0.663813 0.0661848 
2316 938 1190 0.604128 0.0657649 -3.45122 0.297013 0.794005 0.0671215 3.50432 0.850391 
2317 979 1040 1.75383 1.46773 -1.18793 -0.250545 0.41312 0.140528 2.57708 0.503179 
2318 979 680 -1.52738 0.43553 -1.45641 0.233248 0.511791 -0.0915662 2.15492 0.569841 
2319 979 1206 0.378628 -0.289468 -0.425387 0.157812 -0.0177318 0.152531 0.638831 0.220193 
2320 880 685 -0.379207 -0.099401 0.191555 -0.012501 0.0210186 -0.0138404 0.436316 0.0281001 
2321 880 1295 -0.0577794 -0.17736 -0.00755833 -0.0323599 0.00600697 0.106417 0.186687 0.111391 
2322 685 1536 -0.502679 -0.716346 -0.678172 0.0977708 0.0740511 -0.15069 1.10714 0.194294 
2323 1105 1546 -1.33147 -0.0383351 -0.955938 0.616122 -0.399272 -0.842146 1.63954 1.11724 
2324 1105 1215 0.700391 -2.74336 -0.634979 1.03527 0.00504926 1.12011 2.90169 1.52527 
2325 1546 1589 -1.55619 -0.013768 1.1693 0.182486 0.139348 0.244506 1.94658 0.335414 
2326 1546 1442 1.004 -0.0112006 -0.618141 -0.383311 0.369266 -0.629271 1.17908 0.824176 
2327 1546 2091 -0.057458 -0.0687615 -1.02759 0.0959181 -0.714382 0.0424399 1.03149 0.722041 
2328 1589 1613 -0.982588 0.67194 -0.943645 0.154676 -0.231108 -0.325624 1.51903 0.428213 
2329 1613 1677 0.102209 0.794407 -0.625775 -0.0592965 -0.0490068 -0.071898 1.01643 0.105295 
2330 1613 2313 -0.780301 -0.248812 -0.32685 -0.138896 0.106238 0.25072 0.88182 0.305678 
2331 1959 2313 0.766074 -0.159547 -0.746474 0.185483 0.102969 0.168345 1.08146 0.270826 
2332 1959 2327 -1.56906 0.829539 -1.70027 -0.0927436 0.217732 0.191815 2.45785 0.304633 
2333 1959 2023 0.0278046 -0.473246 -0.186798 -0.00651238 0.0857949 -0.218328 0.509537 0.23467 
2334 1308 1675 -1.25737 1.17697 -1.82887 0.179639 0.0184903 -0.111604 2.51217 0.212291 
2335 1288 985 1.19088 2.17379 -0.190353 -0.00908705 0.00599691 0.0116334 2.48592 0.0159334 
2336 1288 1838 0.00336499 -1.03439 -2.76442 -0.263831 -0.182316 0.067898 2.95161 0.327805 
2337 819 1206 -0.523592 0.706187 -0.690322 0.238925 0.257699 0.0824027 1.11776 0.360949 
2338 819 1117 1.32168 0.0583677 -1.45952 -0.0244934 0.119713 -0.0173927 1.96988 0.123425 
2339 1259 1206 0.623606 0.834602 -0.565391 -0.418833 0.02904 -0.41909 1.18537 0.593212 
2340 1259 1012 -0.159271 -0.195805 -0.49248 -0.0402055 0.238848 -0.0819609 0.553393 0.2557 
2341 957 1017 0.0945254 -0.271541 -0.873336 0.334406 0.0267135 0.0278885 0.919449 0.336629 
2342 698 1269 -6.31382 0.243987 -1.44567 -0.279961 1.96439 1.55424 6.48181 2.52048 
2343 698 1097 3.2838 4.83771 -3.63175 -0.999529 0.316028 -0.482799 6.88305 1.15413 
2344 698 1439 -0.410997 0.0334359 -1.33803 0.697477 0.296204 -0.206839 1.40013 0.785489 
2345 698 1297 2.31922 -3.08218 -1.80095 0.774472 0.605281 -0.0385441 4.257 0.983696 
2346 1269 1160 -2.13851 4.27992 -3.70668 1.24685 -0.385735 -1.16474 6.05231 1.7493 
2347 1269 1439 1.03652 -0.0209582 -1.11593 -0.142559 0.32984 -0.13861 1.5232 0.385137 
2348 1295 1817 1.16817 -0.0722995 -1.27361 0.0699866 0.294537 0.0474725 1.72972 0.306438 
2349 1497 1819 1.45511 -0.627243 0.0273845 0.134505 0.293717 -0.419493 1.58478 0.529468 
2350 1286 1904 0.195755 -0.17293 0.0396632 -0.0895072 -0.0675968 0.147037 0.264192 0.184935 
2351 1286 2178 0.14093 0.326472 -0.62874 0.0116575 -0.0543622 -0.0256145 0.722329 0.0612148 
2352 1356 1909 -0.665206 -0.20106 -0.155142 0.136327 -0.477649 0.0344888 0.712034 0.497919 
2353 1201 889 -1.88108 -1.29367 -0.274411 0.26827 -0.236183 -0.725543 2.29942 0.808804 
2354 1201 1407 0.323819 0.484291 -2.83432 -0.831662 -0.911563 -0.250773 2.89357 1.25916 
2355 889 760 -2.29168 1.22045 -0.991494 -0.146538 0.0541351 0.405336 2.77928 0.434397 
2356 889 356 -0.92096 -2.03422 0.275001 0.115584 -0.0614353 -0.0673628 2.24986 0.147213 
2357 889 1909 1.45621 -0.361263 -0.91762 0.0391008 -0.665319 0.323983 1.75871 0.741042 
2358 760 1602 0.216484 3.27897 -1.84665 -0.176951 -0.0243791 -0.0640326 3.76943 0.189753 
2359 760 1117 -1.19469 0.60158 -0.540108 0.169903 -0.212161 -0.612123 1.44253 0.669756 
2360 968 784 0.129144 -0.331505 0.0466048 0.0572991 0.0163168 -0.0427157 0.358811 0.073308 
2361 977 1817 -0.115619 0.591559 -0.843669 -0.184806 -0.0566086 -0.014366 1.03686 0.193815 
2362 977 1831 1.72549 -0.0843457 -1.66142 -0.0200501 0.0759882 -0.0246809 2.39682 0.0823733 
2363 977 1820 0.724306 -2.14858 -0.809554 0.0498848 0.44319 -1.13161 2.40757 1.21632 
2364 977 1199 -3.58506 -1.64182 -1.85916 0.436725 -0.338617 -0.543114 4.35944 0.774831 
2365 1372 1215 -1.80401 1.06741 0.481821 -0.02276 -0.0848063 0.102661 2.1508 0.13509 
2366 1372 1443 -1.11259 -1.34122 0.798474 -0.193316 0.157968 -0.0040215 1.91684 0.249682 
2367 1372 1199 3.36382 -0.311275 -1.52424 -0.0808568 -0.0469928 -0.168845 3.70614 0.193015 
2368 1215 1536 1.33141 0.838611 -0.726584 -0.245572 0.0342343 -0.410481 1.73316 0.479554 
2369 1215 1510 -0.192734 -0.0776116 -0.903244 -0.0213416 0.492663 -0.0377783 0.926833 0.49457 
2370 1819 2216 -0.0651098 0.439278 -0.471465 0.0675994 -0.028686 -0.0360631 0.647676 0.0818114 
2371 1819 1945 0.926674 -0.389322 -0.220045 0.0605244 -0.0889512 0.412266 1.02894 0.426074 
2372 1904 2090 0.351092 1.15475 -0.669016 -0.286944 -0.0720736 -0.274987 1.37996 0.403918 
2373 1362 1987 0.0108909 -0.352895 -0.61376 -0.0756212 0.423736 -0.244978 0.708064 0.495262 
2374 1066 1550 -0.615686 0.8109 -1.20362 -0.0420669 -0.112038 -0.0539632 1.5765 0.131279 
2375 784 953 2.16776 0.901895 -2.4045 -0.0535196 0.227286 0.0370017 3.36069 0.236416 
2376 784 1384 -2.07276 1.50191 -5.30287 0.127774 0.223652 0.0134003 5.88833 0.257927 
2377 1584 1247 0.262881 -1.28879 0.163556 0.144286 0.0108111 -0.146718 1.32546 0.206061 
2378 1617 1831 -0.640859 0.414475 -0.948844 0.215999 -0.231022 -0.246803 1.2177 0.401171 
2379 1617 1304 0.303884 -1.02443 -1.0756 0.166482 0.140363 -0.0866499 1.51615 0.234363 
2380 1170 1321 -0.289962 -0.371783 -0.117918 0.0693007 -0.0337919 -0.0638687 0.486009 0.100118 
2381 1443 1970 -0.0815573 -0.00529841 -0.0561953 -0.0333089 -0.0326615 0.0514214 0.0991846 0.0694292 
2382 1443 1919 0.200844 -0.570468 -2.06531 -0.164009 0.277692 -0.0926518 2.15204 0.335553 
2383 2114 1914 -0.358523 1.08114 -1.65879 -1.34322 0.133125 0.377084 2.01221 1.40149 
2384 2054 1875 -0.115589 0.325478 -0.368675 0.336558 0.00066215 -0.104935 0.505191 0.352539 
2385 1397 2300 0.0531217 -0.448965 -0.0259457 -0.0587297 0.00115347 -0.140204 0.45284 0.152012 
2386 1686 1511 1.33356 -7.21559 4.37872 -0.772556 -0.749048 -0.999053 8.54496 1.46834 
2387 1686 1909 -0.0334698 9.21504 -2.01322 -0.153467 -0.0955022 -0.434587 9.43245 0.470679 
2388 1686 2212 0.0833844 -1.23892 -0.683836 -0.308107 -0.211001 0.344706 1.41757 0.508206 
2389 356 1732 -1.94106 -0.566208 0.0142857 0.110912 -0.394447 -0.563638 2.02201 0.696834 
2390 356 1758 0.131036 0.0936287 -0.314755 0.00201825 0.0311197 0.0100973 0.353564 0.0327791 
2391 356 1650 -0.978974 0.575135 -1.04528 0.261488 0.185682 -0.142735 1.5433 0.351037 
2392 356 1444 0.149781 -0.554091 -0.3532 -0.19994 -0.154877 0.158178 0.673945 0.2983 
2393 1732 1821 0.437346 -0.825559 0.117947 -0.00758437 -0.00695194 -0.0205368 0.941664 0.0229698 
2394 1732 1467 -2.12963 -0.736772 -0.737662 -0.152508 0.158742 0.281741 2.37114 0.357541 
2395 1056 1467 1.80303 -1.72882 -1.46223 -0.136417 0.144923 -0.339557 2.89445 0.393587 
2396 1056 1285 -2.56485 -2.03698 -1.12511 0.120163 0.0818133 -0.422051 3.46318 0.446385 
2397 1247 1476 0.430839 -0.700618 -0.976059 -0.0506728 0.0301866 -0.0440354 1.27639 0.0736076 
2398 1505 1820 -0.0359859 1.03629 -0.814644 0.267249 -0.224066 -0.296834 1.31865 0.457971 
2399 1505 1985 0.14794 -0.155005 -0.389066 -0.0416577 -0.00279601 -0.0147262 0.444168 0.0442723 
2400 1321 1318 0.00666772 -0.179704 0.0212364 -0.116609 0.00154232 0.0496637 0.181077 0.126754 
2401 1970 1945 -0.42317 0.845967 -0.0662725 0.264256 0.0849879 -0.602486 0.948222 0.663358 
2402 1970 1757 0.101106 -0.529286 -0.282586 0.0418303 -0.0111539 0.0358575 0.608458 0.0562134 
2403 1970 2045 -0.769631 0.235631 -0.957103 0.673082 0.305313 -0.466077 1.25056 0.873775 
2404 2300 1747 -0.120876 0.199353 -0.310292 -0.00881007 0.0341441 0.0253685 0.388116 0.0434396 
2405 2300 2049 0.0229417 -0.0429263 -0.0750501 0.0175171 0.0543344 -0.0257228 0.0894511 0.0626158 
2406 1511 1813 0.493905 -6.62661 -2.65714 -0.55471 -0.545772 1.25799 7.15656 1.47922 
2407 1511 2212 -0.375483 -0.114337 -3.84169 -0.554518 0.176326 0.0489503 3.86168 0.583933 
2408 1821 1827 -2.09677 0.640973 -3.44701 -0.286233 -0.202435 0.136469 4.08524 0.376209 
2409 1467 1777 -0.725452 1.21598 -1.57984 0.360012 0.0382573 -0.135869 2.1215 0.386694 
2410 1285 1054 -2.00546 -3.8151 1.83482 -0.174119 0.342959 0.522794 4.68438 0.649039 
2411 1285 1324 0.113327 1.60798 -3.3475 -0.341783 0.0489956 0.0119644 3.7154 0.345485 
2412 1423 1304 -0.284724 2.03072 -1.25802 0.591899 -0.202069 -0.460148 2.40572 0.776474 
2413 1423 2317 0.576549 -2.75498 -0.774524 0.0650986 -0.110835 0.442699 2.91929 0.460982 
2414 1435 1088 2.05625 -3.50066 1.97162 -0.448099 -0.117365 0.258948 4.51332 0.53068 
2415 1435 1376 0.0964262 3.35924 -2.55219 -0.252909 0.111258 0.136885 4.21989 0.308348 
2416 1435 2357 -0.201777 -0.216542 -0.387248 -0.134397 -0.0446228 0.0949803 0.487407 0.170514 
2417 2088 777 0.151058 -0.397502 0.656838 -0.104011 0.21277 0.152683 0.782472 0.281783 
2418 1902 1467 0.26708 2.98217 0.989054 -0.328957 -0.0588271 0.266204 3.15324 0.427245 
2419 1902 1723 0.339157 1.1483 -1.36344 0.0646033 0.522515 0.456139 1.81455 0.696605 
2420 1902 2141 -1.05027 -1.09949 -2.10661 0.0156376 0.357321 -0.19429 2.59802 0.407028 
2421 2317 1153 -1.82362 -2.54494 0.479703 0.119503 -0.129913 -0.234925 3.1674 0.293851 
2422 2446 1985 -0.0150212 0.12019 0.0321136 -0.0628421 0.000819218 -0.0324607 0.12531 0.0707354 
2423 2446 1460 -0.777698 0.260672 0.536696 -0.329721 -0.110391 -0.424165 0.980208 0.548469 
2424 2446 1153 1.19739 -1.93668 1.87843 0.227668 0.35649 0.22242 2.95177 0.4779 
2425 2446 2153 -0.669521 1.02008 -1.37208 0.0195486 0.385523 0.27708 1.83615 0.475167 
2426 2446 2016 0.507612 -0.269977 -0.453297 -0.0895869 0.165662 -0.198987 0.732145 0.273981 
2427 1460 1435 -0.85786 0.772264 0.713052 0.345761 -0.0268982 0.44511 1.35675 0.564266 
2428 1460 2160 -0.331597 -0.266112 -0.848524 -0.21417 -0.331945 0.1878 0.949086 0.437408 
2429 2357 1574 -0.137525 -0.201536 0.0573794 -0.0382548 0.0404946 0.0505433 0.250644 0.0752188 
2430 1421 1276 -0.585631 0.354036 0.226094 0.0475435 0.16159 -0.129884 0.72071 0.212701 
2431 1421 1226 0.718297 -0.343333 0.476919 -0.0546899 -0.0819191 0.0233962 0.928052 0.101238 
2432 1421 2613 -0.0617434 0.126183 -0.271595 -0.165062 0.0080173 0.0412495 0.305774 0.170327 
2433 1276 1755 -0.0832128 1.35236 -1.67315 -0.0450239 -0.342687 -0.274745 2.15296 0.441527 
2434 1276 2007 -0.498763 -0.708223 -1.56218 0.215065 -0.201527 0.0226985 1.78627 0.295603 
2435 1385 1197 0.031874 -0.177633 -0.113888 -0.0246642 0.0101726 -0.0227691 0.213401 0.0350747 
2436 1500 1033 -0.152254 -0.363238 0.0771372 0.0906458 0.00101473 0.183696 0.40134 0.204846 
2437 1500 2016 -1.19326 0.361305 -0.979876 -0.0316282 -0.170572 -0.0243786 1.58574 0.175184 
2438 1153 1693 -0.637031 -1.64468 -2.6611 0.821537 -0.442644 0.0769099 3.19253 0.936361 
2439 1480 2202 0.157639 -0.642629 -0.502112 -0.22454 0.0628288 -0.150907 0.830625 0.277738 
2440 1574 1896 0.453133 -0.264157 -0.444974 -0.0199875 -0.0241778 -0.00600093 0.68783 0.0319387 
2441 1574 2501 -0.390553 -0.130082 -0.394029 -0.116433 0.0577103 0.0963538 0.569834 0.161775 
2442 2369 2384 -0.730155 -1.31698 -0.310891 0.220703 -0.0232351 -0.419915 1.5376 0.474951 
2443 2369 2501 0.429781 0.108068 -0.216878 0.0558023 0.0340431 0.127545 0.493382 0.14332 
2444 1997 2157 -0.671565 -1.51985 -2.08038 0.477581 -0.275307 0.0469623 2.6625 0.553247 
2445 1881 1226 -0.160146 0.0151466 0.144033 -0.0430931 -0.140573 -0.0331314 0.215921 0.150716 
2446 1881 1595 1.20708 -1.43718 0.694416 -0.345127 -0.147087 0.295505 2.00118 0.477567 
2447 1881 2250 -0.509621 2.19334 -0.239977 -0.341827 -0.073981 0.049743 2.26452 0.353261 
2448 1881 2175 0.29727 -0.530155 -0.489474 -0.13289 -0.115318 0.0441946 0.780397 0.181415 
2449 1226 1342 0.882421 -2.35432 -0.611087 0.250553 -0.173461 1.03009 2.58745 1.07422 
2450 1226 1957 -0.878885 -1.48965 -3.64088 -0.440859 -0.0640103 0.13261 4.03082 0.464801 
2451 989 1248 -0.514724 -5.29294 -1.38576 -0.332935 -0.11824 0.575282 5.4955 0.675112 
2452 989 1357 0.337191 -0.275988 -0.691212 0.0914094 -0.0400652 0.0605891 0.817093 0.116756 
2453 1033 1693 -0.245384 0.0942406 -0.110708 -0.0480105 -0.115532 0.00806838 0.285221 0.12537 
2454 1033 1367 0.595917 -0.219441 -1.31206 -0.0999397 0.0771393 -0.0582924 1.45766 0.139055 
2455 1553 1122 0.538904 -0.532449 0.358067 0.266981 0.157898 -0.167021 0.837932 0.352288 
2456 1553 1896 0.873566 0.69831 -0.266677 0.0359425 -0.221069 -0.461145 1.14973 0.512658 
2457 1553 1653 -0.547693 -0.98445 -1.16319 0.429395 -7.42444e-05 -0.202119 1.6193 0.474587 
2458 2356 1886 -0.253015 -0.051994 0.114913 -0.0521526 0.142156 -0.050509 0.282711 0.159623 
2459 1595 2175 -0.309506 0.0540541 -1.35668 -0.257184 0.440175 0.0762107 1.39258 0.515466 
2460 1342 1405 1.08222 -1.39608 -0.809334 -0.0640188 0.0253903 -0.129402 1.943 0.146587 
2461 1342 1855 -0.873847 -0.618909 -0.37471 -0.0283295 0.0257461 0.0235411 1.13449 0.04494 
2462 1389 1377 -0.452241 -0.164678 -0.292592 0.0615015 -0.0432374 -0.0707239 0.56325 0.103217 
2463 1377 1074 -0.284865 -0.219496 0.206589 -0.00866304 0.0412837 0.0319176 0.414735 0.0528973 
2464 1519 1074 0.177985 -1.80464 0.154818 -0.509396 -0.0314924 0.21853 1.81999 0.555186 
2465 1519 1534 -0.11484 0.163248 -0.182266 0.0585519 -0.0832343 -0.111441 0.270294 0.150915 
2466 1519 1974 -1.8253 -1.92535 -4.17037 0.605387 0.786078 -0.62788 4.94274 1.17416 
2467 1248 1006 0.726657 -2.60461 -0.92802 -0.129358 -0.181177 0.407206 2.85889 0.464086 
2468 1248 1357 0.680278 0.840158 -0.797784 -0.23454 -0.0344542 -0.236279 1.34354 0.3347 
2469 1248 1608 -0.576593 -0.192001 -0.254659 0.137889 -0.293559 -0.0908744 0.65892 0.336821 
2470 1614 1287 -0.942372 -1.19055 0.864762 0.269136 0.0425744 0.351904 1.74737 0.445065 
2471 1614 2202 -0.247596 0.222983 -0.248736 0.0489354 0.0414627 -0.0115412 0.415806 0.0651693 
2472 1614 1458 0.857563 -1.5994 -2.5738 0.247378 0.277471 -0.0900017 3.14928 0.382474 
2473 1076 1122 -2.39799 -0.211232 0.632435 0.171419 0.461558 0.804124 2.48896 0.942887 
2474 1076 1590 -0.0654135 -2.018 -1.93779 0.510702 0.353634 -0.385512 2.7985 0.73109 
2475 1122 1452 0.147345 -1.0038 -0.467874 0.120055 0.161029 -0.307674 1.11725 0.367433 
2476 1122 1736 0.410573 0.560491 -1.83199 -0.129027 -1.00511 -0.336426 1.95932 1.06774 
2477 1718 1597 0.538973 -0.443786 -0.0795572 -0.110494 -0.126696 -0.0418206 0.702686 0.173233 
2478 2384 2234 0.126181 -0.604331 0.0785884 -0.194897 -0.060713 -0.153947 0.622346 0.255677 
2479 2384 2351 0.158815 -0.0167906 -0.198225 0.0284876 0.0655156 0.0172743 0.254553 0.0734999 
2480 2384 2268 -0.625409 -0.571423 -0.357055 -0.0499909 -0.187725 0.387994 0.919319 0.433911 
2481 1405 1993 0.78859 -0.617697 0.449042 0.0933844 -0.0152199 -0.184934 1.09775 0.207733 
2482 1405 2015 0.266079 -0.373769 -0.306777 -0.0358241 -0.239641 0.2609 0.551918 0.356062 
2483 1405 2003 -0.105732 -0.0136821 -0.571424 0.0246367 -0.0286629 -0.00387228 0.581284 0.0379938 
2484 1855 1619 -0.922396 -0.445312 0.214467 0.0438212 -0.114246 -0.0487479 1.04648 0.131715 
2485 1619 1734 -0.855254 0.0394671 -1.22032 0.165097 0.301347 -0.105961 1.4907 0.359576 
2486 1619 1459 0.495956 -0.584093 -0.397386 -0.0689552 0.127062 -0.27282 0.863164 0.308756 
2487 1074 1225 -1.56817 -1.0057 -1.96976 0.177058 0.905079 -0.603063 2.71119 1.10191 
2488 1038 1225 0.568242 -0.584593 -0.873598 -0.192711 0.378959 -0.378943 1.19491 0.569513 
2489 1287 1156 1.06925 -0.565009 -0.694179 0.00684886 -0.00839409 0.0173815 1.39442 0.0204813 
2490 1287 1590 -0.278886 0.13817 -0.598599 0.164394 -0.246875 -0.133575 0.674677 0.325293 
2491 1452 1191 0.126433 -0.299094 -0.00916834 -0.038106 -0.0188716 0.0901471 0.324848 0.099673 
2492 1452 1607 0.082428 -0.257782 -0.498204 0.0352398 -0.237023 0.128472 0.566968 0.271895 
2493 1597 1653 -0.0896266 0.39867 -0.551012 0.0555917 -0.37241 -0.27849 0.685992 0.468334 
2494 1597 1378 -0.0511243 -1.38477 -0.49483 0.235178 0.0946185 -0.289085 1.47141 0.384489 
2495 2234 2257 0.738667 -0.0517814 -0.765825 -0.241278 0.0926434 -0.238985 1.06527 0.352011 
2496 2264 2268 0.220017 0.531494 -0.827444 0.426813 0.132684 0.198717 1.00775 0.489145 
2497 2658 1382 -0.262316 0.0747133 0.186849 -0.0274667 -0.0592926 -0.0148516 0.330613 0.067012 
2498 1703 1704 0.569636 -0.697918 -0.249109 0.152353 0.141444 -0.0478936 0.934681 0.213334 
2499 1703 1709 -0.189681 -0.422255 -0.126775 0.0482203 0.0285287 -0.167169 0.479947 0.176308 
2500 1703 1988 -0.0596125 -0.234579 -0.997671 -0.180859 0.504817 -0.107889 1.02661 0.546983 
2501 1993 2015 -0.691063 -0.334991 -2.82228 -0.665157 -0.0116077 0.164248 2.9249 0.685234 
2502 860 1006 -0.209733 0.0329364 -0.0374328 0.0036151 -0.0297117 -0.0463979 0.215579 0.0552143 
2503 860 1834 -0.00451635 0.0183792 -0.0112406 0.0128097 0.00653364 0.00553621 0.0220123 0.0154086 
2504 1006 1562 -0.993948 -0.511022 0.546387 0.11351 -0.353124 -0.123778 1.24403 0.391027 
2505 1006 1669 0.0414733 0.55188 -1.40351 0.618922 -0.252009 -0.0808042 1.50869 0.673129 
2506 1006 1636 -0.0128049 -0.345212 -0.422542 -0.160113 -0.0890329 0.077591 0.545781 0.198956 
2507 1562 1092 1.57142 -2.48154 -1.38182 -0.475313 -0.63739 0.604125 3.24605 0.998577 
2508 1562 1627 -0.359422 0.551126 -3.03228 -0.0645207 -0.327292 -0.0518385 3.10285 0.337594 
2509 1156 1133 0.858111 -1.74891 -0.223746 -0.0983393 -0.0582595 0.0782344 1.9609 0.138511 
2510 1156 1458 0.0900982 1.16368 -1.63754 -0.33613 -0.0439946 -0.0497578 2.01092 0.34263 
2511 1130 1518 0.226252 -0.417781 -0.202679 -0.224775 -0.1806 0.121352 0.516536 0.312836 
2512 1130 1378 1.44331 0.3285 -1.00391 -0.336793 -0.546306 -0.662963 1.78854 0.922714 
2513 1130 1332 -0.646407 0.101543 -1.06056 0.171272 -0.49924 -0.152189 1.24617 0.549306 
2514 1882 1332 0.476851 0.0164047 -0.254281 -0.0036605 -0.214327 -0.0206916 0.540662 0.215355 
2515 1882 2105 -0.0513164 -0.241005 -0.683517 0.153046 0.286253 -0.112422 0.726576 0.343515 
2516 2387 1487 0.408874 -0.928542 -0.313608 -0.250428 0.0483111 -0.469543 1.06194 0.534339 
2517 2189 2561 -1.68325 -0.175042 -0.978336 0.236058 0.00222896 -0.406542 1.95476 0.470111 
2518 1558 1272 -4.83906 -0.761222 0.0237826 -0.194826 1.24423 0.1833 4.89863 1.27266 
2519 1558 1965 2.93621 -3.42844 -1.97024 0.126868 0.291499 -0.318174 4.92518 0.44978 
2520 1558 1704 0.323114 0.167901 -0.578253 0.136106 -0.316833 -0.0159425 0.683352 0.345199 
2521 1272 1417 0.565187 -0.746732 0.00726916 -0.0844453 -0.0655499 -0.167952 0.936535 0.199087 
2522 1272 1034 -4.79889 -1.88626 -3.35399 0.381831 -0.244572 -0.408778 6.15114 0.6105 
2523 1272 1709 0.382706 0.22492 -0.712302 0.140268 -0.275119 -0.01151 0.839302 0.309028 
2524 1398 1034 0.427801 -1.38039 -0.822983 -0.0690089 0.0242818 -0.0765999 1.66306 0.105922 
2525 1398 1646 -0.619333 -0.307953 -1.2408 0.492667 -0.0910063 -0.223323 1.42056 0.548521 
2526 1077 1459 0.610684 0.630916 -0.69403 -0.3304 0.0131583 -0.27876 1.11923 0.432487 
2527 1077 1401 0.874469 -1.64141 -3.45334 -0.202221 0.0312109 -0.0660423 3.92231 0.21501 
2528 1106 1330 -0.0223695 -0.00360746 -0.0353983 0.00333724 0.0287922 -0.00504315 0.0420291 0.0294204 
2529 1087 1330 0.476884 0.368876 -0.604673 -0.11291 0.274552 0.0784403 0.853883 0.307051 
2530 1087 1232 -4.97255 -0.667023 -2.39665 -0.178709 -0.135896 0.408604 5.56014 0.466221 
2531 1087 1533 2.37896 -3.52952 -4.81098 -0.462458 -0.0350385 -0.202973 6.42359 0.506254 
2532 1092 1232 4.45684 -0.559172 -1.81009 0.434915 0.0422854 1.05779 4.84278 1.14449 
2533 1092 1636 0.506979 0.944185 -1.3704 0.781238 -0.162558 0.177018 1.73969 0.81737 
2534 1092 1355 -1.67323 -0.459964 -3.04753 -0.46474 -0.41729 0.318144 3.50695 0.700949 
2535 1096 877 -1.01059 -1.31926 -0.200915 0.0966881 -0.0334065 -0.266979 1.67395 0.285906 
2536 1096 992 -0.0428366 0.234235 -0.590651 0.168493 -0.0548508 -0.0339721 0.636843 0.180424 
2537 1191 992 1.10061 0.0458018 -0.686437 -0.26812 -0.243695 -0.446153 1.29793 0.574741 
2538 1191 1072 -1.24918 -2.13776 -1.43787 0.479467 -0.505239 0.334619 2.86321 0.772738 
2539 1191 1607 -0.220198 0.420892 -0.768079 -0.0772918 0.422772 0.253829 0.903096 0.499139 
2540 1857 1566 -0.0922273 -0.145471 -0.233548 -0.0683907 -0.0178539 0.038128 0.290194 0.0803106 
2541 1965 1724 3.11708 -2.00773 -1.00017 -0.216728 -0.27568 -0.122048 3.84025 0.371304 
2542 1965 1991 -0.0807162 -0.775297 -0.675928 0.27499 -0.0633903 0.0398713 1.03174 0.285004 
2543 1417 1604 -0.0267286 -1.12658 -0.696167 -0.220591 0.122295 -0.189436 1.32459 0.31544 
2544 1034 1646 -2.76342 2.44462 -1.50925 -0.337166 -0.0532631 0.531073 3.98629 0.631313 
2545 1034 1621 -3.58028 -2.40641 -2.71094 0.301435 0.302759 -0.666847 5.09494 0.791966 
2546 1034 986 1.02797 -0.752135 -0.318146 -0.0882272 -0.152059 0.0744136 1.31288 0.190902 
2547 1034 1978 0.266892 -0.329505 -1.47595 0.0590642 -0.476092 0.116968 1.53565 0.493796 
2548 1237 1400 -0.0797186 -0.206925 -0.108109 0.107861 -0.0491905 0.0146171 0.246699 0.119446 
2549 1306 1114 -0.532705 -0.239433 -0.974067 -0.104986 -0.350956 0.143683 1.13574 0.393493 
2550 1175 1063 -0.443562 -0.644149 0.0770111 0.0612619 -0.0306836 0.0962019 0.785879 0.118107 
2551 1175 1133 0.497713 0.800247 -0.327252 -0.0584504 0.0712704 0.0853851 0.997601 0.125645 
2552 1175 1254 -0.0132612 0.00261217 -0.0124347 -0.0035958 -0.012279 0.00125535 0.0183658 0.0128561 
2553 877 1254 2.07282 0.582813 -3.50154 0.597389 -0.423308 0.283181 4.1106 0.785019 
2554 877 1065 -0.918867 -1.99576 -1.22187 0.266519 -0.0648811 -0.0944526 2.51403 0.290109 
2555 1518 1369 -0.37387 0.022769 -0.525547 -0.0601966 -0.215007 0.0335083 0.645366 0.225776 
2556 1582 1947 -0.0258261 -0.378923 -0.106214 0.129806 0.0184662 -0.097441 0.394374 0.163356 
2557 1582 1714 1.64794 -0.953354 -0.947576 -0.17316 0.2335 -0.536069 2.12661 0.609817 
2558 2247 2521 -0.486724 -0.531937 -0.966196 0.0232013 0.0372768 -0.0322104 1.20557 0.0544553 
2559 1374 1457 -0.207712 -0.47602 -0.385569 -0.0622421 0.16181 -0.166239 0.646841 0.240191 
2560 1155 1171 0.398462 -0.24978 0.143912 -0.043757 -0.111536 -0.0724326 0.491805 0.140005 
2561 1155 1262 -0.114999 -0.0946563 0.00694707 -0.000627184 0.00030153 -0.00627373 0.149107 0.00631221 
2562 1169 1400 0.327426 -0.126053 -0.198915 0.107644 0.00905932 0.171446 0.403317 0.20264 
2563 1169 1150 -0.606765 -1.35776 -1.16798 -0.0589903 0.363544 -0.391969 1.89099 0.537851 
2564 709 1019 -0.788158 -0.460315 -1.60628 0.411207 0.211744 -0.262449 1.84749 0.531795 
2565 1080 1019 1.05604 -0.583128 -0.75318 -0.154659 0.494889 -0.600003 1.42216 0.792993 
2566 1080 1300 -0.725488 -1.16315 -0.950584 -0.17328 0.0270846 0.0991063 1.66819 0.201448 
2567 1080 1059 -0.905083 0.728969 -2.99021 0.360333 0.3679 -0.0193777 3.20811 0.51533 
2568 702 1018 0.799118 -0.913592 -0.467098 0.0712318 -0.0654291 0.249837 1.30055 0.267905 
2569 702 1319 -3.13496 -3.72584 -1.69772 1.47221 -0.145763 -2.39865 5.15675 2.81819 
2570 702 1307 -0.987289 0.751742 -1.28697 -0.0477645 -0.64434 -0.339729 1.78778 0.72998 
2571 702 1114 0.897768 0.477609 -1.59973 0.363584 0.313448 0.297625 1.89559 0.564822 
2572 1629 1268 -1.74639 -2.59633 -0.25408 -0.525703 0.300996 0.537606 3.13933 0.809927 
2573 1629 1072 1.13601 1.92254 -2.02803 0.665931 0.282299 0.640639 3.01656 0.966217 
2574 1629 1065 3.9999 -2.79626 -1.98992 0.0964811 0.217612 -0.111856 5.27049 0.263012 
2575 1629 1424 -0.499106 -0.067724 -0.56829 0.147411 -0.0306603 -0.125811 0.759373 0.19621 
2576 1682 1724 -0.460778 0.457349 -0.55021 -0.0337073 0.041595 0.0628033 0.851008 0.0825262 
2577 1682 2414 0.343943 -0.42213 -0.38793 -0.118311 0.0409964 -0.149506 0.668566 0.195014 
2578 1457 1220 -0.393053 -0.257282 0.0908636 0.0400221 -0.0585437 0.00735802 0.478478 0.0712971 
2579 1457 1991 0.099542 2.09186 -1.4289 -0.0375733 0.162622 0.235456 2.53526 0.288612 
2580 1457 1588 0.0734536 -0.544703 -0.100868 0.219668 0.0488385 -0.10377 0.558813 0.247806 
2581 1457 2060 -0.301584 -0.718144 -1.81781 -0.391314 0.127536 0.0145364 1.97765 0.411829 
2582 1604 986 -0.752234 0.995712 -0.349592 -0.178047 -0.112142 0.0637092 1.29596 0.219853 
2583 1604 1835 -0.624793 -1.73149 -1.88948 0.263551 0.0366841 -0.120765 2.63791 0.292214 
2584 1171 755 -0.0723585 -1.48794 -0.720568 0.441285 0.0901486 -0.230466 1.65482 0.505939 
2585 1171 1485 -0.582167 -0.0523732 -1.96615 0.0404666 0.0783611 -0.0140693 2.0512 0.0893082 
2586 1262 1400 -1.39513 2.62688 -1.42864 0.993728 0.470338 -0.105593 3.29968 1.10447 
2587 1262 1509 0.341433 0.378301 -2.33698 -0.194145 -0.508624 -0.110699 2.39189 0.555558 
2588 1262 1007 1.96916 -1.93201 -1.67701 -0.190621 -0.706417 0.590002 3.22841 0.939927 
2589 1262 1592 -2.06244 -1.31598 -1.51689 0.486668 0.190112 -0.826629 2.87861 0.977908 
2590 822 1150 -0.577398 1.75392 -2.2531 0.259149 -1.04656 -0.881108 2.91308 1.39241 
2591 935 678 1.22749 -0.852307 0.759975 0.195815 0.242107 -0.0447545 1.67652 0.314583 
2592 935 1300 -0.524899 0.279807 -0.585954 0.278128 0.0587243 -0.221105 0.834957 0.360126 
2593 935 1329 -0.0334949 -0.39261 -0.642028 -0.227428 0.0281194 -0.00533044 0.753302 0.229222 
2594 1018 1279 -3.86889 -1.70153 -4.52089 -0.754001 0.83999 0.329113 6.18886 1.17576 
2595 1018 1154 0.854075 -2.03481 -0.964825 0.669607 0.259293 0.0458981 2.40848 0.719523 
2596 1319 1279 4.18254 -1.78506 -5.32506 -0.522874 -1.77489 0.18429 7.0026 1.85946 
2597 1319 1283 -2.45202 -0.539977 -1.53657 -0.0779299 0.640826 -0.100838 2.94364 0.653375 
2598 1185 1083 -1.48295 -1.83445 -1.39636 -0.261791 -0.156841 0.48407 2.74119 0.572239 
2599 1185 1065 1.19608 1.53324 -1.90248 -0.0872319 0.0533933 -0.0118118 2.72045 0.102955 
2600 1268 1083 1.0012 -2.80211 -0.319293 1.00734 0.402199 -0.371013 2.99269 1.14636 
2601 1268 1579 -0.257837 -1.31144 -2.88076 -0.0523164 0.0175007 -0.00328458 3.17571 0.0552636 
2602 1113 1731 0.178263 0.402731 -0.304168 0.00713718 0.0611667 0.0851704 0.535246 0.105101 
2603 1113 987 0.392755 -0.541582 -0.643956 -0.21928 0.0569661 -0.181651 0.928573 0.290389 
2604 1947 1714 0.356298 0.217298 -0.0747239 -0.0300933 0.0976905 0.140595 0.42397 0.173827 
2605 1947 1962 -0.275945 -0.468021 -0.118323 -0.0267046 0.0685571 -0.208896 0.556048 0.221474 
2606 1947 1454 0.425803 0.47376 -1.68418 0.39456 -0.179678 0.0492113 1.80062 0.436329 
2607 1895 1061 -0.33293 0.197321 -0.127682 0.0534527 -0.0095364 -0.154115 0.40753 0.1634 
2608 1895 2414 0.125287 0.363059 -0.294046 0.29629 -0.0903912 0.0146369 0.483706 0.310117 
2609 1061 2232 -0.0538867 0.27942 -0.412404 0.102122 0.0558506 0.0244972 0.501055 0.118946 
2610 755 1007 -3.2864 0.615569 -1.16904 -0.0955345 -0.324158 0.0978781 3.54204 0.351831 
2611 755 1501 -0.260256 -1.32874 -4.71245 1.06283 -0.564759 0.100545 4.9031 1.20775 
2612 678 870 -1.303 -0.784981 -0.55506 -0.251725 0.657912 -0.339517 1.61929 0.781975 
2613 744 1174 0.536219 -0.708378 -0.233727 -0.130853 -0.117641 0.0563413 0.918673 0.18476 
2614 926 1068 0.232227 -1.18977 -0.868627 0.0505435 0.28385 -0.375279 1.4913 0.473244 
2615 1055 1141 -0.951596 0.100501 -0.0273545 0.0222151 0.255178 0.164718 0.957279 0.304535 
2616 1055 1283 0.936533 1.73066 -1.52895 -0.70253 -0.259867 -0.724471 2.49199 1.04208 
2617 1055 1383 0.558452 -0.752978 -0.935185 0.00861885 0.417092 -0.330681 1.32417 0.532344 
2618 1055 1205 -0.237106 -0.279553 -0.218703 -0.100667 0.110345 -0.0319079 0.426848 0.152735 
2619 1141 1578 -1.75422 1.09379 -2.90644 0.88524 -0.00290643 -0.535393 3.56666 1.03456 
2620 1083 772 -1.66183 0.0199331 0.897861 0.000326755 0.242538 -0.00477971 1.88898 0.242585 
2621 1083 1578 3.33978 1.41223 -2.39672 -0.474406 -0.653321 -1.04604 4.34658 1.32139 
2622 1083 1598 -1.29329 -1.055 -0.751332 -0.0646214 0.230171 -0.211966 1.83033 0.319506 
2623 1083 1552 0.268041 -0.826675 -2.33423 0.0545216 -0.340962 0.127014 2.49076 0.367914 
2624 772 987 -0.795252 0.560303 -1.63226 0.345658 -0.0977663 -0.201967 1.90017 0.412103 
2625 1136 982 -1.85804 -1.66134 -0.0737048 0.148997 -0.158837 -0.175835 2.49356 0.279906 
2626 1136 1371 1.96456 1.63065 -2.30379 0.0457551 -0.591097 -0.379368 3.43889 0.703854 
2627 1136 1696 0.0363765 -0.741114 -1.48361 -0.111505 0.350986 -0.178064 1.65881 0.409062 
2628 1657 1895 -2.19419 -0.666331 0.131574 0.0668913 -0.218024 0.0113723 2.2969 0.228338 
2629 1657 982 0.801008 -0.673814 -0.037204 -0.082068 -0.12597 0.514551 1.04739 0.536065 
2630 1839 1523 1.09164 -0.891334 1.34274 -0.412021 -0.288834 0.143237 1.94656 0.523167 
2631 1839 1481 -0.170195 -0.140922 0.123685 -0.0848197 0.0178826 -0.0963397 0.253226 0.129597 
2632 1839 1845 1.15731 -0.0429336 -0.16291 -0.0358533 0.0797188 -0.275711 1.16951 0.289235 
2633 1839 1588 -0.542 0.299873 -0.0567822 0.0994389 0.169495 -0.0540477 0.622023 0.203808 
2634 1839 1806 -0.0013432 0.527447 -0.579248 -0.0916747 0.0672922 0.061487 0.783409 0.129279 
2635 1839 1877 -1.32671 -0.50967 -2.16444 0.235113 -0.0422623 -0.134163 2.58934 0.273978 
2636 1246 1228 1.9661 0.085563 -2.52937 -0.436949 0.0669945 -0.337379 3.20478 0.556091 
2637 870 1174 -0.166543 -0.0994782 0.0170983 -0.0107166 0.0175106 -0.00250592 0.194743 0.020682 
2638 870 1154 -2.40875 1.18779 -1.2605 -0.013044 -0.541577 -0.485409 2.96678 0.727391 
2639 870 1663 0.519481 -0.192816 -0.372373 0.0391911 0.0148851 0.0469662 0.667608 0.062955 
2640 870 754 -1.00916 -2.01353 -3.50625 -0.519185 1.20062 -0.54005 4.16732 1.41517 
2641 1174 748 -0.327786 -0.0771522 0.0469988 -0.00949382 0.0302648 -0.0165312 0.340008 0.0357683 
2642 1174 716 -0.439827 -0.84324 -0.609471 0.188001 0.156577 -0.352305 1.12958 0.428928 
2643 855 869 -0.179817 -0.0780393 0.0507965 -0.0031132 -0.00743586 -0.0224444 0.202496 0.0238482 
2644 1219 1204 -1.08773 -0.00771802 0.418005 -0.0576284 -0.105699 -0.151913 1.16531 0.193832 
2645 1219 987 0.403284 1.07913 -0.463409 0.311632 -0.147587 -0.072483 1.24174 0.352349 
2646 1219 1094 0.0783389 -0.720208 -0.405435 -0.0445391 0.094564 -0.176588 0.83019 0.205206 
2647 1204 1659 -0.118738 -0.860127 -1.22614 -0.515573 0.355595 -0.19952 1.50244 0.657322 
2648 982 1962 -0.00906051 0.314389 -0.248329 -0.118919 -0.0908729 -0.110708 0.400737 0.186161 
2649 982 1570 -0.694166 -0.731202 -1.01862 -0.255263 0.0499455 0.138103 1.43322 0.294493 
2650 1024 1089 -6.33793 1.72794 0.246545 -0.383969 -1.37439 -0.238112 6.57388 1.44674 
2651 1024 1393 0.159533 -0.637644 0.380741 0.27146 -0.0296955 -0.163476 0.759608 0.318271 
2652 1024 1474 -1.06933 2.97027 -1.79442 -0.631159 -0.441323 -0.354394 3.63124 0.847775 
2653 1024 1520 5.5214 -3.36836 -2.77416 -0.0997184 -0.704967 0.657496 7.03759 0.969135 
2654 1024 1503 0.184177 0.0868618 -0.86327 -0.126886 -0.225959 -0.0498067 0.886961 0.26389 
2655 1089 1450 -7.95099 0.0442251 -3.60484 0.0383083 0.1984 -0.0820604 8.73012 0.218092 
2656 1089 1334 0.438915 -1.43379 -0.836079 -0.669771 0.257985 -0.794028 1.71681 1.07034 
2657 861 1157 -0.0563051 -0.143255 -0.129208 0.0101897 0.0300801 -0.0377906 0.200965 0.0493637 
2658 933 1157 0.12615 -0.0482369 -0.0205803 -0.00621419 0.000828433 -0.0400324 0.136617 0.0405203 
2659 759 682 -0.681817 -0.351947 0.137931 -0.0664487 0.180954 0.133258 0.779594 0.234345 
2660 759 1663 -0.240151 0.291921 -0.439683 -0.0378493 -0.123664 -0.0614318 0.579837 0.143175 
2661 682 847 -0.642558 -0.494738 -3.86926 -0.408427 0.180773 0.0447122 3.95333 0.448877 
2662 748 1071 -0.106329 -0.238605 -0.138293 0.0925846 -0.0659501 0.0426025 0.295573 0.121393 
2663 748 1068 -0.659306 0.269332 -1.73878 0.237788 0.0776814 -0.0781312 1.87899 0.262073 
2664 670 1383 -0.661362 0.93751 -1.44818 0.902835 0.257723 -0.245469 1.84758 0.970458 
2665 774 1624 -0.178835 -0.574589 -0.988794 0.0140861 0.0243561 -0.0167009 1.15752 0.0327194 
2666 884 787 0.214321 -1.24756 -0.748826 0.59158 0.248882 -0.245327 1.47074 0.687091 
2667 869 1598 -0.393499 0.569011 -0.614082 0.209712 -0.221767 -0.339872 0.925047 0.456807 
2668 869 1043 2.95634 -3.09935 -3.80694 -0.606425 1.10734 -1.37245 5.73051 1.86482 
2669 736 1293 4.88282 -4.62191 -3.63019 -0.192419 1.78445 -2.53076 7.64083 3.10258 
2670 736 1016 -0.87564 -0.416817 -0.318615 0.217588 -0.220788 -0.309153 1.02078 0.437799 
2671 736 1094 -0.0919567 0.046744 -0.267089 -0.010857 -0.00972436 0.00203609 0.286318 0.0147168 
2672 1316 1147 -1.37956 0.0901029 0.13421 -0.0014768 0.157948 -0.12122 1.389 0.199108 
2673 1316 1016 1.01505 -0.27596 -0.116398 -0.01013 0.0889175 -0.299148 1.05832 0.312247 
2674 1316 1659 0.393555 0.606365 -0.708028 0.0549639 0.0532738 0.0761758 1.01186 0.10799 
2675 1147 1183 -0.172617 -0.235127 -0.13081 -0.0188394 0.019697 -0.0105441 0.319676 0.0292245 
2676 1147 1486 0.407328 0.286516 -0.916 -0.334705 0.0918426 -0.12011 1.04262 0.367272 
2677 1147 1570 -0.358693 0.307802 -0.38965 -0.187403 -0.0913295 0.10037 0.61256 0.231377 
2678 1897 1707 -0.215936 -0.584926 0.262125 0.00332352 -0.101531 -0.223827 0.67637 0.245801 
2679 1393 863 -2.46242 -2.17698 -1.83215 -0.327196 0.435814 -0.0780842 3.76291 0.550534 
2680 1393 1078 1.31213 -2.95854 -2.33582 0.102609 0.0739506 -0.0360252 3.99133 0.131511 
2681 1266 1322 -0.228331 -0.0188717 -0.156012 0.0598594 -0.133867 -0.0714139 0.277184 0.163105 
2682 1322 1200 0.0480044 -0.238026 -0.0433166 0.00314713 0.0265633 -0.142478 0.246652 0.144967 
2683 964 1302 1.09477 -0.15358 -2.85023 -1.07459 0.228354 -0.425053 3.05711 1.17795 
2684 940 716 -0.250593 0.151512 -0.208928 0.106392 0.0475259 -0.0931441 0.359728 0.149177 
2685 1071 716 1.83216 0.564058 -0.411552 -0.140647 0.035531 -0.577439 1.9607 0.595382 
2686 1293 815 -1.87487 -2.17615 2.0609 -0.311021 0.356571 0.0935649 3.53526 0.482319 
2687 1293 1043 4.75624 2.76512 -2.19025 0.402742 -1.22735 -0.67491 5.92156 1.45742 
2688 1293 1340 0.575307 -0.409776 -0.262749 -0.0470779 -0.139934 0.115157 0.753612 0.187241 
2689 1293 1593 -0.371578 -0.143541 -0.17161 -0.0119589 0.0214841 0.00792389 0.433733 0.0258335 
2690 1293 1335 0.189874 -1.22495 -4.84273 1.37404 -0.660297 0.220893 4.99886 1.54038 
2691 1016 1094 0.701026 0.746684 -0.810865 0.317654 -0.23286 0.0601958 1.30632 0.398436 
2692 1016 1694 -1.77764 -0.341749 -2.09924 0.06021 0.181583 -0.080547 2.77193 0.20757 
2693 1016 1593 0.41138 -0.33899 -0.358999 0.0690557 0.143061 -0.0559557 0.642672 0.168422 
2694 1183 1177 0.911006 -0.475621 0.545246 0.130035 -0.0680985 -0.276667 1.16337 0.313195 
2695 1183 1244 -0.157082 -0.152196 0.037169 0.00648595 -0.00047957 0.025447 0.221856 0.026265 
2696 1183 2298 -0.430428 0.33879 -0.36412 0.0337534 -0.0722119 -0.107088 0.657747 0.133498 
2697 1183 1937 0.0770039 -0.0666257 -0.23809 0.0414782 0.0534163 -0.00153267 0.258951 0.0676468 
2698 1707 1603 -3.31687 2.74161 -3.79361 -0.881291 -1.08014 -0.0100673 5.73668 1.39409 
2699 1707 2040 -0.280945 -0.664356 -0.733414 -0.0195028 0.0361123 -0.0252411 1.02869 0.0481827 
2700 863 1334 -0.322556 1.03304 -0.566627 -0.250791 -0.345468 -0.487073 1.22159 0.647676 
2701 863 980 0.0923711 -0.238186 -0.118752 -0.0285782 0.0116669 -0.0456303 0.281721 0.0550904 
2702 863 1842 -1.18591 -0.134081 -2.79847 0.0404601 -0.629786 0.0130286 3.04233 0.631219 
2703 913 1031 -3.11305 0.210596 -0.997217 0.214376 0.372364 -0.590589 3.27564 0.730347 
2704 913 1428 0.182501 0.0997773 -0.855813 0.0778544 0.251749 0.0459531 0.880726 0.267489 
2705 913 1431 -0.141323 -0.632183 -0.532086 -0.0781602 0.00418469 0.0157875 0.838298 0.0798484 
2706 1031 710 -4.59998 -2.47048 3.72003 -0.817767 0.406813 -0.741038 6.41107 1.17617 
2707 1031 1253 -1.33465 -2.69708 -1.76142 0.220926 -0.211606 0.156611 3.48685 0.343675 
2708 1031 1412 1.24424 -0.102606 -6.07028 -0.367023 0.00823758 -0.0753692 6.19733 0.374773 
2709 836 719 -0.344776 -0.250312 -0.0128345 0.0149603 -0.0183819 -0.0433808 0.426253 0.0494328 
2710 836 847 -0.407044 1.04124 -0.751021 0.0965306 -0.0411093 -0.109314 1.34681 0.151518 
2711 719 672 -0.158334 -0.334218 0.158617 -0.0615982 0.0147888 -0.0303273 0.402406 0.0702338 
2712 718 1015 -0.996719 -0.247593 -0.260554 -0.0868409 -0.0509677 0.380633 1.05955 0.393726 
2713 718 1298 -0.942444 0.91082 -1.81926 0.0923303 -0.167958 -0.131919 2.24221 0.232674 
2714 718 914 2.85658 -0.600849 -3.50419 0.546798 -0.409577 0.515973 4.56075 0.856136 
2715 950 1275 0.0413394 -1.26958 -0.456072 0.0715522 0.10143 -0.275866 1.34964 0.302506 
2716 1258 787 4.13103 0.035165 -5.6597 0.12781 -1.30287 0.0851939 7.00706 1.3119 
2717 815 908 0.697896 -1.93926 -0.519616 -0.126113 0.00385911 -0.183785 2.12551 0.222927 
2718 1209 1042 0.150243 -0.886568 -0.25393 0.0994277 0.0412337 -0.0851346 0.934374 0.137237 
2719 1177 1971 2.06551 -0.528498 -5.21924 1.54709 -0.79315 0.692576 5.63792 1.87143 
2720 920 1181 2.34521 -1.43493 -0.850675 -0.170383 0.120683 -0.673295 2.87797 0.704926 
2721 920 1200 -0.0127712 0.290457 -0.235844 -0.00241636 -0.0847059 -0.10419 0.374367 0.1343 
2722 920 1140 -0.881444 -0.971874 -1.45002 0.273327 0.12798 -0.25193 1.95551 0.393135 
2723 1172 799 0.283433 -0.113092 0.0597705 -0.0116016 -0.060951 -0.0603106 0.310961 0.0865274 
2724 1172 883 -0.433458 -0.659863 0.0175986 0.0327532 -0.0242205 -0.101431 0.789692 0.109305 
2725 710 1041 -6.43626 1.44696 -9.13743 0.114782 -1.2681 -0.281662 11.2699 1.30407 
2726 983 672 1.19301 -0.372709 0.783452 0.0881509 0.375827 0.0445576 1.47512 0.38859 
2727 983 947 -1.13788 -0.346203 -0.289463 -0.112962 0.379413 -0.00973006 1.2241 0.395992 
2728 662 655 -1.01793 -3.1961 -0.0144759 -0.477235 0.148566 0.757053 3.35432 0.907168 
2729 662 1015 1.64437 0.903936 -1.59513 0.147309 0.196875 0.263424 2.46282 0.360349 
2730 662 875 -0.618244 1.87972 -1.34377 -0.121624 -0.0405831 -0.000812294 2.39192 0.128219 
2731 1275 655 1.44612 -1.56954 0.48608 0.0854626 0.147708 0.222688 2.18884 0.280555 
2732 1275 1581 -1.4751 -0.00465726 -0.908106 0.0353611 0.271132 -0.0588298 1.73222 0.279685 
2733 1195 1340 -0.31507 2.8871 -1.95506 -1.06471 -0.375003 -0.382193 3.50098 1.19177 
2734 1195 1581 2.27842 -0.0737146 -1.60271 0.314116 -1.47736 0.514499 2.78663 1.59561 
2735 1195 1559 -0.109453 -0.0460262 -0.503191 -0.171896 0.0585912 0.032031 0.51701 0.18441 
2736 1195 1026 0.0214232 -0.430814 -0.212215 -0.0513733 -0.0321932 0.0601686 0.480724 0.0854159 
2737 908 767 0.439063 -1.92376 -0.305388 0.114433 0.00586275 0.127592 1.99672 0.17149 
2738 1641 1928 -2.38319 1.11047 -1.68071 1.22336 0.187257 -1.61096 3.1205 2.03147 
2739 1641 1618 0.332783 0.0491546 -0.241306 -0.0903487 0.195539 -0.0847673 0.413992 0.231482 
2740 1641 1067 0.25092 -0.437244 -0.211296 0.0773913 0.0261844 0.0377201 0.546616 0.0899879 
2741 1042 1257 0.634006 -0.627399 0.0854034 -0.101372 -0.100435 0.0147258 0.89604 0.143458 
2742 1042 1075 -0.336793 -0.0693956 0.0912464 0.00438659 -0.0299419 -0.00658073 0.355768 0.0309688 
2743 1473 691 -1.89608 -0.230906 0.47239 0.119587 -0.198453 0.382994 1.96763 0.447626 
2744 1473 2040 -0.4057 0.149204 -0.370456 -0.1101 -0.17394 0.0505192 0.56929 0.211965 
2745 691 1565 -1.43308 0.245994 -0.899732 0.150175 0.471445 -0.1103 1.7099 0.506931 
2746 1565 1112 -0.274162 -0.499111 -0.0691999 -0.179567 0.0955156 0.0225081 0.573642 0.204632 
2747 1565 1078 -0.17011 1.25241 -0.304908 -0.714301 -0.135388 -0.157595 1.30017 0.743904 
2748 1181 1112 1.94511 -1.38773 -0.520787 0.424152 0.513934 0.214717 2.4455 0.700097 
2749 1181 980 1.05397 1.26135 -1.40611 -0.132439 -0.486473 -0.535663 2.1631 0.735616 
2750 1181 1180 -1.28469 -1.50969 -1.90351 -0.310799 -0.704787 0.76873 2.74826 1.08824 
2751 655 947 1.54262 0.582212 -1.2117 -0.526157 0.405289 -0.475115 2.04619 0.8166 
2752 655 1144 -0.883112 -0.247246 -1.55192 0.200497 0.578037 -0.206183 1.80263 0.645629 
2753 1135 1581 -0.389934 1.89069 -0.913918 -1.08391 0.0891153 0.646823 2.13588 1.26538 
2754 1135 1026 -1.8833 0.0304713 -0.579812 -0.0471106 -0.123564 0.146527 1.97077 0.197377 
2755 1135 1108 -1.00381 0.153849 -4.68412 0.879951 0.129963 -0.184306 4.79294 0.90839 
2756 1257 1067 0.989363 0.288902 -0.960594 -0.338923 -0.249795 -0.424201 1.40892 0.597673 
2757 1075 1313 -0.41665 -0.210462 -0.0452592 -0.0381467 0.0444913 0.144283 0.468978 0.155731 
2758 1075 1866 -0.00151932 -0.0548537 -0.373106 -0.0821421 -0.0121723 0.00212405 0.37712 0.0830663 
2759 1313 2158 -1.73814 1.1492 -1.80445 -0.242559 -0.0276167 0.216058 2.75641 0.326004 
2760 1313 1132 1.32608 -1.03402 -0.758042 0.323867 0.197235 0.297515 1.84453 0.481982 
2761 1313 1576 -0.587426 -0.58538 -0.577422 -0.0227794 0.10748 -0.0857868 1.01052 0.139392 
2762 1538 739 -0.349057 0.0242528 0.099476 0.0265984 0.134901 0.0604429 0.363764 0.150196 
2763 1538 1943 0.911074 1.41624 -1.87155 0.409953 0.199972 0.35089 2.51764 0.575477 
2764 1538 2221 0.52261 -0.663728 -0.420691 0.0702633 0.0940926 -0.0611652 0.943736 0.132407 
2765 1538 2008 -1.72848 -1.81028 -0.978646 -0.127934 0.772348 -1.20272 2.68747 1.43507 
2766 739 1112 -2.12147 0.456344 -0.77647 0.0552236 0.447394 0.112059 2.30474 0.464509 
2767 739 1555 0.234987 1.07783 -1.82407 -0.374343 -0.341299 -0.249897 2.1317 0.56486 
2768 1112 1739 -0.0661534 -0.338804 -0.515566 -0.126058 0.00026777 0.0159987 0.620462 0.127069 
2769 944 1140 -1.47127 1.68832 -2.49348 0.86557 -0.22894 -0.665739 3.35149 1.11572 
2770 883 1178 0.0274851 -0.539943 -0.414245 -0.108848 -0.0415031 0.0468748 0.681097 0.125569 
2771 645 969 -1.2145 -0.125464 -0.0872836 0.0199182 -0.156695 -0.0519131 1.22408 0.166268 
2772 645 1189 0.864528 1.56446 -1.78248 -0.488417 -0.0402657 -0.272229 2.52432 0.560607 
2773 645 1025 -0.772498 -0.326957 -1.68076 0.440669 0.362514 -0.273057 1.87846 0.632586 
2774 969 513 -0.691057 -0.402119 -0.0886615 -0.125036 0.17736 0.170165 0.804438 0.275766 
2775 513 656 -0.88508 0.600996 -0.374796 0.0438038 -0.0852817 -0.240194 1.13359 0.258621 
2776 656 990 2.70635 0.521573 -2.00105 -0.0596223 -0.0862382 -0.103115 3.40596 0.147053 
2777 656 743 -0.712261 -0.0866418 -1.07113 0.398287 0.256069 -0.285558 1.28924 0.552944 
2778 656 1665 0.397214 -1.39984 -1.34223 -0.255752 -0.604251 0.5545 1.97963 0.859068 
2779 1121 1020 -1.89297 -1.05603 1.08178 0.048807 -0.25636 -0.164852 2.42255 0.308673 
2780 1121 743 2.06806 1.0749 -2.73609 0.40409 -0.38308 0.154933 3.59423 0.577964 
2781 1121 1085 -0.129419 -0.342551 -0.126898 -0.0821222 0.00294935 0.0757924 0.387548 0.111791 
2782 1121 1418 -0.482777 -0.1301 -1.33878 -0.0014346 0.467523 -0.0449157 1.4291 0.469678 
2783 813 899 1.2304 -0.559266 0.0518588 0.0438857 0.096856 0.00330116 1.35254 0.106386 
2784 813 1437 1.87833 -0.34262 -3.17546 -0.28953 0.109821 -0.183111 3.70527 0.359747 
2785 767 1026 1.2674 0.326606 -0.600858 0.151994 -0.0349991 0.301578 1.44014 0.339524 
2786 767 1067 -2.66772 1.8354 -2.49281 1.38244 -0.219148 -1.64079 4.0865 2.1567 
2787 767 1193 -0.530247 -1.15045 -0.595025 -0.171802 0.199251 -0.232142 1.39956 0.350866 
2788 1239 1352 2.73706 -2.40542 -1.26255 0.22012 1.19659 -1.80256 3.85637 2.17474 
2789 1239 1803 0.530788 0.680319 -2.13496 -0.329201 -0.0215783 -0.0887209 2.30275 0.341629 
2790 1239 1132 -0.713452 -0.142781 -0.416834 -0.223245 0.296486 0.280547 0.838541 0.465241 
2791 1605 1110 -0.0856804 -0.143272 0.0713078 0.0368138 -0.00473938 0.0347115 0.181529 0.0508194 
2792 1241 1196 0.0633358 0.661255 -0.526283 0.0710205 -0.0363778 -0.0371604 0.847493 0.0880236 
2793 1241 1178 -0.355778 -0.0591817 -0.257795 -0.00946571 0.190887 -0.0307582 0.443327 0.193581 
2794 665 991 -0.32784 -0.509663 -0.00806712 -0.0662312 0.0373859 0.329612 0.606054 0.338273 
2795 665 1025 -0.109769 0.181333 -0.078814 0.0172184 0.0138498 0.00788428 0.226147 0.0234617 
2796 665 1662 0.515565 -0.293376 -1.78031 -0.533941 0.545276 -0.244481 1.87653 0.801368 
2797 1020 899 -1.32577 -0.0613592 0.051969 -0.0172796 0.48475 0.131523 1.3282 0.502572 
2798 1020 1085 1.88603 -1.88835 -3.26245 0.322119 -0.128094 0.26036 4.21504 0.433539 
2799 1020 1292 -1.57253 0.545246 -3.44763 -0.625062 -0.350644 0.229648 3.82836 0.75259 
2800 899 1235 0.694848 -1.55105 -0.680624 0.172298 0.3018 -0.511864 1.8308 0.618688 
2801 1352 1084 1.0379 -1.17987 0.403852 -0.222261 0.0403311 0.689041 1.62247 0.725123 
2802 1352 1477 1.92441 1.33327 -3.18236 0.366528 -1.29576 -0.321221 3.95074 1.38438 
2803 1352 1975 -0.192079 -0.00845714 -0.143522 0.000151742 -0.0487755 0.00267105 0.239926 0.0488488 
2804 1434 1132 0.0117238 0.259318 -0.129024 -0.0310554 -0.0881989 -0.180087 0.28988 0.202916 
2805 1434 1698 -0.0182 -0.283441 -1.38256 0.233643 0.561173 -0.118122 1.41144 0.61924 
2806 1572 1576 -0.186643 1.05345 -1.27678 0.121783 -0.262634 -0.234497 1.66577 0.372554 
2807 2295 2147 0.0268583 -0.0685107 -0.0136873 0.03522 0.020399 -0.0329944 0.0748494 0.0523946 
2808 2295 2566 -0.10907 -0.123799 -0.347384 0.0766699 0.0177877 -0.0304115 0.384575 0.0843774 
2809 1029 1013 -1.68405 -0.853039 0.272089 0.192472 -0.148619 0.725328 1.90728 0.765006 
2810 1029 2008 0.661842 0.65094 -1.1662 -0.710311 -0.405161 -0.629264 1.49057 1.03183 
2811 1029 1735 0.369015 -1.54318 -1.34298 -0.809038 0.177841 -0.426655 2.07874 0.931775 
2812 1013 1403 -0.381907 -0.37931 -0.307374 0.117583 -0.0221205 -0.118797 0.619845 0.168605 
2813 1013 1633 -0.196979 0.580882 -1.01498 0.0276506 -0.0322952 -0.0238489 1.18592 0.0487473 
2814 1110 1282 -2.44168 2.99814 -3.8722 1.28578 0.172502 -0.67721 5.47217 1.46342 
2815 1216 1311 1.7628 -2.18899 1.53439 -0.479225 -0.00126463 0.548759 3.20211 0.728557 
2816 1216 1655 -0.813132 1.27093 -1.32665 0.33544 -0.0483609 -0.251928 2.00909 0.422287 
2817 1216 1336 -1.27802 -2.03294 -0.484124 0.343436 -0.115463 -0.421771 2.44961 0.556031 
2818 1216 1963 0.592983 0.0476147 -1.30384 -0.421149 -0.00422881 -0.191691 1.43315 0.462741 
2819 1217 885 -0.755766 -0.224213 0.199366 -0.059652 -0.0388425 -0.269815 0.813143 0.279047 
2820 1217 1167 -0.708166 -2.70597 -0.0789456 0.484326 -0.156184 1.00889 2.79821 1.12996 
2821 1217 1178 -1.2407 2.87155 -1.3922 0.273208 0.290677 0.356074 3.42394 0.534719 
2822 1217 1484 0.1557 -0.0560617 -0.515907 -0.0127812 -0.0684888 0.00358506 0.541799 0.0697634 
2823 885 991 -1.72992 0.1739 -0.699586 0.0990819 -0.404295 -0.345505 1.87411 0.540967 
2824 885 1036 -0.156185 -0.301723 -0.0506298 0.0128458 -0.000690089 -0.0355146 0.343502 0.0377727 
2825 885 1151 0.0985957 -0.0278728 -0.337947 0.00994409 -0.0392984 0.00614238 0.353138 0.0409997 
2826 991 1212 -0.865473 -0.301673 -0.21485 -0.0436316 0.397545 -0.382438 0.941388 0.553357 
2827 991 1644 0.229259 0.0901314 -3.47208 -0.704558 0.299426 -0.0387486 3.48081 0.766524 
2828 540 816 -3.6774 0.0255211 -2.82899 0.406475 -0.356828 -0.531594 4.63973 0.75838 
2829 540 723 0.982007 1.48908 -1.75065 0.255936 -0.188342 -0.0166366 2.49929 0.318203 
2830 540 1212 0.0064724 -0.392479 -0.536807 -0.0919261 0.159512 -0.117734 0.665014 0.218531 
2831 816 1665 -0.387895 1.2173 -0.957947 -0.246206 0.0705306 0.18932 1.59685 0.318487 
2832 816 1090 -2.44236 -0.130321 -1.6232 0.0379869 0.467332 -0.0946775 2.93545 0.478337 
2833 816 1045 -0.116832 -1.87194 -2.14775 0.21193 0.0251199 -0.0334224 2.85143 0.216014 
2834 1101 1314 -0.106189 -0.0719282 0.011402 -0.01234 0.0246153 0.0403584 0.128762 0.0488568 
2835 1101 1085 -1.77716 1.18004 -1.82479 0.197159 0.173143 -0.0800463 2.80725 0.274332 
2836 1101 1090 1.31473 0.467877 -2.63991 0.250423 -0.417872 0.0506557 2.98606 0.48979 
2837 1235 1532 -1.14564 0.676566 -2.07248 -0.644656 -0.620117 0.15392 2.46281 0.907644 
2838 1235 1236 0.763603 -2.18549 -2.94401 0.434623 0.265128 -0.0840876 3.74522 0.516005 
2839 1231 806 -0.180764 -0.0514523 0.07908 0.0264276 -0.00241089 0.0588406 0.203904 0.064548 
2840 1231 1051 -0.0426093 -0.435263 0.312062 -0.00786638 0.0510161 0.0700831 0.537263 0.0870412 
2841 1231 1437 0.186288 0.360444 -0.150269 0.0221711 0.0508057 0.149351 0.432671 0.159307 
2842 806 1051 0.574486 -0.396989 0.137359 -0.0147892 -0.072988 -0.149093 0.71169 0.166658 
2843 1084 1099 -0.347707 -2.09363 0.332706 -0.201589 0.201255 1.05576 2.14822 1.09352 
2844 1084 1182 0.737477 -1.03659 -1.12049 0.0684393 0.474157 -0.393606 1.69525 0.620028 
2845 1327 1907 1.5075 1.11575 -0.998793 0.030539 -0.513324 -0.527341 2.12486 0.736561 
2846 1403 1573 -0.310875 0.259627 -0.141429 -0.0891418 -0.13746 -0.0563979 0.429012 0.173269 
2847 1311 1009 -1.41138 -4.58712 -2.50404 0.222184 -0.068441 0.000143753 5.41331 0.232487 
2848 1311 1573 2.93271 1.37212 -4.47641 -0.370778 0.694641 -0.0299912 5.52465 0.787973 
2849 1167 1151 -0.0209375 0.0322814 -0.0360373 -0.0302818 -0.0136235 0.00538998 0.0527177 0.0336398 
2850 1167 1336 0.946646 0.21734 -0.224468 0.014717 0.0048173 0.0667301 0.996876 0.0685033 
2851 1167 1668 0.302558 -0.186947 -0.751912 -0.214636 -0.0619441 -0.0709652 0.831782 0.234397 
2852 1167 1609 -1.26442 -1.1802 -1.46694 -0.151013 0.404695 -0.195424 2.26794 0.474103 
2853 1036 1145 0.625523 -0.604754 0.249382 0.0993647 0.153394 0.122747 0.905095 0.220159 
2854 1036 1447 -0.509338 0.0603869 -1.41252 -0.072901 0.246168 0.0368111 1.50276 0.259361 
2855 1050 1104 -3.53392 0.80014 -1.33493 -0.362171 -0.967751 0.378707 3.86146 1.10051 
2856 1050 1040 2.94235 -1.58228 0.102431 -0.18943 -0.229442 1.89717 3.34238 1.92035 
2857 1050 680 -0.426985 -0.705294 -0.154551 -0.132658 0.0274981 0.241014 0.838833 0.276482 
2858 1050 1212 1.43437 2.00489 -2.91866 -0.453533 -0.0203824 -0.23689 3.82042 0.512079 
2859 1104 1139 -1.93053 -1.11154 -0.0690395 0.402729 -0.687255 -0.196526 2.22873 0.820447 
2860 1104 1504 -0.994419 -1.38973 -2.82983 0.46394 1.74749 -1.02122 3.30577 2.0765 
2861 1051 1551 0.334407 -0.110732 -0.450524 0.00669398 -0.22903 0.0612606 0.571893 0.237176 
2862 1134 1182 -0.84446 1.43731 -1.37766 0.543717 -0.752461 -1.11832 2.16262 1.45343 
2863 1134 1375 1.78351 0.755733 -1.80888 -0.30922 0.171613 -0.233184 2.6503 0.423607 
2864 1099 1540 0.0247699 -0.140098 -0.159697 -0.0541337 -0.0366301 0.0237383 0.213879 0.0695394 
2865 1009 985 -1.19302 -1.47954 0.965108 0.167425 -0.202675 -0.103745 2.13162 0.282615 
2866 1009 1958 0.715293 0.43247 -1.27175 0.157736 0.104917 0.124396 1.52185 0.226633 
2867 1009 1908 -0.180621 -3.71627 -1.70387 -0.924452 0.0298358 0.0329237 4.09225 0.925519 
2868 1560 985 0.301076 -0.120736 0.239399 -0.131226 0.113795 0.222425 0.403157 0.28221 
2869 1560 1602 -0.316952 -0.494348 0.104206 -0.0093718 0.0459542 0.1895 0.596404 0.195218 
2870 1560 1668 -0.0466208 0.334852 -0.385691 0.0473871 0.15987 0.133069 0.51289 0.213334 
2871 1145 1602 0.741022 -1.73704 -0.772941 -0.92801 -0.256223 -0.313874 2.04055 1.01261 
2872 1145 1190 -3.2773 -1.88842 -3.08895 0.230243 0.0468418 -0.272918 4.88349 0.360125 
2873 680 1097 -2.58981 -1.01168 0.0864029 0.0975511 -0.308741 -0.691038 2.78174 0.763133 
2874 680 1125 0.762617 0.804417 -1.26146 -0.416714 0.195601 -0.127192 1.67927 0.477585 
2875 680 1326 0.108288 -0.123184 -0.12725 0.00392916 -0.0107465 0.0137468 0.207588 0.0178858 
2876 1139 1097 1.11857 -2.99185 0.73239 -0.905035 -0.136161 0.826027 3.27701 1.23286 
2877 1139 1165 -0.501089 1.10257 -1.09552 -0.326562 0.263493 0.414556 1.63307 0.589855 
2878 1139 1642 -0.929494 -0.149702 -0.471429 0.00161943 0.116929 -0.0403235 1.05291 0.123697 
2879 973 1551 -0.22003 0.193681 -0.335329 -0.0205804 0.180507 0.117762 0.445389 0.216504 
2880 1210 1901 0.219091 -0.388905 -0.148943 -0.0112026 0.0488512 -0.144034 0.470566 0.152505 
2881 1210 1449 0.409813 -0.299719 -2.38071 -0.504597 -0.132265 -0.0702092 2.43425 0.526347 
2882 1898 2168 -0.164289 0.282526 -0.516528 -0.0642068 -0.206532 -0.0925455 0.611239 0.23525 
2883 1677 1422 -0.365171 0.433641 -0.144973 0.145242 0.171637 0.147548 0.58516 0.268933 
2884 1677 2339 0.026285 -0.118696 -0.102313 -0.0193989 -0.0627587 0.0678242 0.158895 0.0944197 
2885 2126 1422 0.343462 0.606051 -0.223197 0.3195 -0.284369 -0.280496 0.731492 0.511492 
2886 2126 2187 0.245572 -0.0259348 -0.442888 0.0508268 -0.120184 0.0352201 0.507078 0.13516 
2887 2327 1833 -1.64941 1.0218 -0.882908 0.0160321 -0.0679451 -0.108584 2.1317 0.12909 
2888 2290 2090 -0.0682265 -0.868746 0.423638 -0.0285993 -0.0924559 -0.194204 0.96894 0.216982 
2889 2290 2482 -0.458763 -0.0613411 -0.750764 0.508187 -0.180413 -0.295793 0.881972 0.615058 
2890 1675 1479 -0.946623 -0.442763 -0.456158 0.11926 0.0864821 -0.331433 1.14027 0.362698 
2891 1675 1799 0.301411 0.833056 -1.14858 -0.587905 -0.155931 -0.267374 1.45054 0.664407 
2892 1479 1420 -0.0516973 -0.116715 0.0851864 0.0600327 0.033622 0.082498 0.153465 0.107426 
2893 1479 2038 -0.102992 0.00842188 -0.149574 -0.10457 -0.00408088 0.0717735 0.181798 0.126897 
2894 1206 1294 0.0845624 1.35506 -1.46466 0.389551 0.0963899 0.111668 1.99714 0.416546 
2895 1206 1326 -0.519601 0.0411927 -0.415079 -0.0925615 -0.178798 0.0981256 0.666313 0.223975 
2896 1097 1502 1.97089 0.177107 -3.4973 -0.849667 -0.135421 -0.485683 4.01832 0.988008 
2897 834 1160 -0.46538 -0.105541 -0.28996 0.00432391 -0.0355011 0.00598213 0.558385 0.0362603 
2898 1160 1642 1.11314 1.39807 -0.697097 -0.666412 0.454474 -0.152664 1.91824 0.82095 
2899 1160 1795 -1.43956 1.65763 -4.00805 -0.40658 0.802293 0.477839 4.56997 1.01848 
2900 1160 1610 0.10623 -0.299113 -0.463683 0.0342712 -0.214349 0.146124 0.561921 0.261671 
2901 1116 1442 -0.488605 -0.354706 -0.251154 -0.0838293 0.175672 -0.0850178 0.653934 0.212405 
2902 1116 1536 0.103453 -0.450573 0.0395266 -0.075744 -0.00460102 0.145797 0.463984 0.164363 
2903 1116 1701 0.172903 -0.621307 -0.939508 0.400675 0.223714 -0.0742063 1.13956 0.464861 
2904 1442 1510 -0.00238043 -0.395705 -0.0341862 -0.142628 -0.0159121 0.194114 0.397186 0.241405 
2905 1442 1710 0.155251 0.552168 -1.21232 -0.0217793 -0.0507068 -0.0258842 1.34116 0.060955 
2906 2178 2482 0.244608 0.388898 -0.525244 0.0952233 0.362773 0.312948 0.697823 0.488476 
2907 2178 2475 -1.43344 -0.193513 -1.81615 -0.0339831 -1.6057 0.197912 2.32177 1.61821 
2908 1791 1420 0.0267323 -0.0195975 0.00323311 0.00840188 0.0141806 0.0164862 0.0333037 0.0233126 
2909 1791 1392 0.104691 0.233376 -0.144058 0.103189 -0.124539 -0.126764 0.293559 0.205492 
2910 1791 2106 0.0083372 -0.107031 -0.133602 0.118501 -0.00137335 0.00849503 0.17139 0.118813 
2911 1407 1909 -0.886394 -8.13049 2.94157 -0.115689 -0.633143 -1.78486 8.69157 1.89737 
2912 1407 1908 0.875329 8.09649 -3.95112 -0.584798 -0.18764 -0.514061 9.05156 0.800909 
2913 1407 2326 -0.0109173 0.00968189 -0.112522 -0.0272425 -0.0745114 -0.00376813 0.113464 0.0794248 
2914 1602 1856 0.063642 0.800055 -2.0603 -0.474887 -0.0679554 -0.0410576 2.2111 0.481479 
2915 1117 1190 -0.0938371 0.579311 -0.233133 0.0802341 -0.0162231 -0.0726075 0.631473 0.109419 
2916 1117 1869 0.720115 -0.0957364 -1.45437 -0.437778 0.174667 -0.228259 1.62571 0.523699 
2917 1017 1012 1.16741 -1.00231 -0.30398 -0.11114 -0.0835043 -0.151486 1.5684 0.205605 
2918 1017 1297 -0.886206 -1.04678 0.503824 0.22451 0.0320205 0.461432 1.46115 0.514149 
2919 1017 1326 0.378689 0.233844 -0.19645 0.136953 -0.070331 0.180282 0.486498 0.237074 
2920 1017 1502 -0.349043 1.43295 -1.19666 -0.0525031 0.271448 0.34036 1.89926 0.438503 
2921 1439 1831 -0.234184 -0.341775 0.0642744 0.0697063 -0.0151863 0.173223 0.419265 0.187338 
2922 1439 1651 0.594378 1.69296 -1.38655 -0.160727 -0.244323 -0.367214 2.26758 0.46944 
2923 1439 1802 1.00122 -0.179175 -0.77414 -0.0574848 -0.251446 -0.0161497 1.27822 0.258439 
2924 1817 1901 -0.290906 0.332955 -0.0729655 -0.00370138 -0.0167747 -0.0617892 0.448117 0.0641326 
2925 1817 1610 1.09814 0.801715 -1.48599 0.150727 -0.34574 -0.0751458 2.01415 0.38458 
2926 1536 1331 0.750847 -0.460846 -1.02988 0.0204596 0.151487 -0.0528704 1.35529 0.161748 
2927 2216 2339 -0.117119 0.364684 -0.361429 -0.0228395 0.046842 0.0546649 0.526633 0.0755253 
2928 1550 953 -1.88976 -1.38718 1.72128 -0.118333 0.0795071 -0.0658404 2.90831 0.157032 
2929 1550 1441 1.03156 2.7304 -1.82327 -0.243384 0.249435 0.235836 3.44143 0.420799 
2930 1550 1410 0.832471 -0.695482 -0.236738 -0.264027 -0.206383 -0.322123 1.11029 0.464831 
2931 1012 1640 0.567753 -1.08027 -0.691587 0.29657 0.0137494 0.22199 1.40272 0.370705 
2932 1297 1384 3.21399 -2.58169 -0.481601 -0.679147 -0.871187 0.137801 4.15052 1.11319 
2933 1831 1373 1.89459 -0.406311 -1.03067 -0.0791755 0.0273156 -0.15631 2.19473 0.177335 
2934 1831 1715 -0.51582 -0.237578 -0.267275 -0.113475 0.350436 -0.0925013 0.627654 0.379787 
2935 1831 1840 0.00754027 -0.0660475 -0.642588 -0.127949 0.123444 -0.0141894 0.646017 0.178356 
2936 1510 1945 -0.0742042 -0.0252959 0.0490772 0.0355967 -0.044334 0.0309707 0.0924917 0.0647442 
2937 1510 2407 -0.0714101 0.19453 -0.377175 -0.0662858 -0.226152 -0.104089 0.430351 0.25763 
2938 1987 2612 0.359589 -0.488214 -0.498581 0.138104 -0.326413 0.41923 0.78501 0.548974 
2939 1909 1973 -0.507963 -0.016457 -2.039 0.325958 -1.36229 -0.0702086 2.10139 1.4025 
2940 1650 1667 0.14136 0.218776 -0.35647 -0.156221 -0.0543488 -0.0953052 0.441493 0.190897 
2941 1650 1410 -1.05733 0.137333 -0.944603 0.0491721 0.00132672 -0.0548476 1.42446 0.0736744 
2942 1650 1876 0.0373921 -0.0906294 -0.0674278 0.0606965 -0.0155408 0.0545476 0.118989 0.0830724 
2943 953 1777 0.178901 -0.197527 -0.15941 -0.0832383 -0.166064 0.112356 0.310538 0.217094 
2944 1384 1324 1.70549 -2.20944 -0.891478 -0.290788 -0.143163 -0.201492 2.93003 0.381644 
2945 1384 1854 -0.507941 -0.813685 -0.242799 0.314054 -0.166219 -0.0999651 0.989464 0.369123 
2946 1384 1363 -1.25273 1.52139 -3.42385 0.578963 0.134951 -0.151867 3.95053 0.613574 
2947 1820 1863 1.02074 -0.40054 -2.55112 -0.0932842 -0.486774 0.0391019 2.77679 0.497172 
2948 1199 1376 0.781403 -3.81263 0.171725 -0.16039 -0.00175638 0.690829 3.89567 0.709206 
2949 1199 1331 -0.943404 1.61052 -1.2096 0.353541 -0.18669 -0.524304 2.22417 0.659347 
2950 1199 1715 1.03245 -0.0531846 -0.992519 -0.247163 0.317788 -0.274136 1.43314 0.487062 
2951 1199 2108 -0.719293 -0.386137 -1.2653 0.185794 0.222084 -0.173393 1.50582 0.3375 
2952 1747 2089 -0.0227583 0.0312936 -0.114233 -0.0822294 -0.00750372 0.0143267 0.120609 0.0838048 
2953 1777 1324 -1.18342 -0.156758 0.0286844 0.100439 -0.68815 0.383067 1.1941 0.793964 
2954 1777 1410 1.51897 0.897707 -0.538129 0.205295 -0.325902 0.0358126 1.84465 0.386835 
2955 1777 1640 -1.03397 0.964319 -1.0261 0.110919 0.0752027 -0.0410951 1.74696 0.140169 
2956 1324 1640 0.478037 0.818225 -0.732134 0.0964382 -0.284591 -0.255088 1.19751 0.394161 
2957 1324 2311 0.287863 -0.259525 -0.370297 -0.01711 0.045317 -0.0450618 0.536039 0.0661586 
2958 1324 1733 -1.17153 -1.96179 -1.52351 0.408035 0.137443 -0.490749 2.7463 0.652853 
2959 1854 1476 0.592957 -1.38924 0.50926 -0.359974 -0.0523293 0.276383 1.59403 0.456845 
2960 1854 1992 -0.377735 0.229671 -0.666762 -0.0216542 0.163466 0.0685744 0.800002 0.178584 
2961 1304 1373 0.0719395 0.437856 -0.284233 -0.0719583 -0.156423 -0.25918 0.526955 0.311159 
2962 1304 1992 0.892073 -0.143654 -1.72075 -0.0820314 0.808076 -0.109987 1.94356 0.819642 
2963 1376 2306 0.598331 -0.37491 -0.879447 -0.165579 0.00461358 -0.114618 1.12782 0.201432 
2964 1376 2244 -0.113409 -0.0419664 -0.0862104 0.018275 0.0804779 -0.0632166 0.14851 0.103957 
2965 1919 1757 -0.270921 -0.237946 -0.025783 0.161392 -0.188525 0.0439872 0.361499 0.252039 
2966 1919 1672 -0.0931363 0.771586 -0.839705 0.144285 -0.228713 -0.226163 1.14417 0.35253 
2967 1919 2244 0.342765 -0.156808 -0.166743 -0.0522175 0.144352 -0.243092 0.412165 0.287503 
2968 2485 2612 -0.131223 0.527785 -0.747414 -0.412858 0.368455 0.332669 0.92434 0.645662 
2969 2212 2513 -1.03475 2.06492 -2.25326 -0.807723 -0.121674 0.259422 3.22673 0.857042 
2970 2212 2250 0.9188 -2.91207 -1.21831 -0.203932 -0.0565948 -0.0185215 3.28765 0.212449 
2971 1444 1876 -0.645384 0.515468 -0.856691 0.00451704 -0.00677172 -0.00747741 1.19002 0.0110531 
2972 1827 1723 -2.84831 0.366694 -2.50718 0.299398 0.209249 -0.30953 3.81226 0.478784 
2973 1915 1318 0.528957 -0.268687 0.790386 0.110301 0.303119 0.0292259 0.98828 0.323886 
2974 1915 2497 -0.695614 -0.424496 0.105751 0.0555321 -0.0521137 0.156092 0.821742 0.173679 
2975 1915 2371 -0.11548 0.290279 -0.50754 0.299703 0.154931 0.0204194 0.595982 0.337998 
2976 1757 2497 0.0315941 -0.798122 0.213667 -0.453516 0.00422777 0.082852 0.826832 0.461041 
2977 1757 2371 0.376682 0.0209149 -0.393539 -0.0294251 0.166856 -0.0192971 0.54516 0.170526 
2978 2205 1444 -0.202116 0.717043 0.715928 0.131761 -0.0949712 0.132317 1.03322 0.209496 
2979 2205 2613 -0.278156 -0.53528 -0.584092 0.257412 -0.12404 -0.00891088 0.839678 0.285878 
2980 1755 2324 -0.398375 -0.135885 -0.151188 0.0672898 -0.0376558 -0.143462 0.447241 0.162872 
2981 2324 2141 -0.505378 -0.118144 0.224707 0.0897242 0.0680665 0.237582 0.56556 0.262923 
2982 2324 2544 -0.0120212 -0.105011 -0.0621051 -0.0056897 0.0440696 -0.0734141 0.122592 0.0858146 
2983 2141 1926 -0.960543 0.649323 -0.878103 -0.292994 -0.103806 0.24374 1.45442 0.395007 
2984 2141 1933 -0.537294 -1.06487 -0.714192 0.248233 -0.183558 0.0869379 1.39021 0.320736 
2985 2160 1896 -0.438251 -0.584653 0.154671 -0.105107 -0.0219704 -0.380862 0.746864 0.39571 
2986 2250 2260 -0.259971 -0.593625 -0.70515 0.112092 -0.00136577 -0.0401757 0.957712 0.119082 
2987 2007 2624 0.106563 -0.0446949 -0.422679 0.0166343 -0.0345237 0.00784436 0.43819 0.0391168 
2988 2007 2115 -0.0273725 -0.911934 -0.333395 -0.264313 0.095004 -0.238163 0.971352 0.368251 
2989 1513 1926 0.152502 0.321558 -0.332037 0.0226394 0.0464012 0.0553349 0.486728 0.0756807 
2990 1513 1933 1.06106 -0.996907 -1.0699 -0.0295421 0.0897011 -0.112879 1.80676 0.147176 
2991 2016 2450 -0.0759364 0.771454 -0.60813 -0.022567 0.324074 0.413927 0.985256 0.526183 
2992 2016 2263 -0.179985 -0.458043 -0.777864 0.0465508 -0.384485 0.215632 0.920473 0.443275 
2993 2016 2447 -0.625172 -0.0814139 -0.131542 0.0653282 -0.096624 -0.250679 0.644028 0.276485 
2994 1896 1736 0.046671 -0.480744 -0.138553 0.145057 0.0736375 -0.206642 0.502483 0.262992 
2995 1896 2494 0.507717 -0.129202 -0.727405 0.153211 0.157632 0.07894 0.896431 0.233566 
2996 1957 2483 -1.23296 0.283726 -1.13394 -0.0378958 -0.550353 -0.0964998 1.69898 0.560033 
2997 1957 1954 -0.456601 -1.60912 -1.31387 0.394116 0.178406 -0.355462 2.12697 0.559919 
2998 1534 1197 -0.145425 -0.105364 0.0251299 0.00267143 -0.00333072 0.00149439 0.181333 0.00452365 
2999 1534 2544 0.0839408 0.104561 -0.487874 -0.0332426 -0.0531143 -0.017103 0.505965 0.0649516 
3000 1197 1357 -1.09407 0.0132922 -0.234358 0.0374154 0.328815 -0.156019 1.11896 0.36587 
3001 1197 1834 -0.686602 -1.25129 -0.411892 0.304549 0.0428078 -0.637713 1.48553 0.707997 
3002 1357 1763 -0.363561 0.82484 -0.72699 0.00562454 0.0708996 0.0776296 1.15804 0.105284 
3003 1357 1494 0.329855 -0.147124 -0.811776 -0.11608 0.050568 -0.0563322 0.888498 0.138582 
3004 1693 1899 1.04786 -1.92434 -2.63207 -0.727989 0.0440009 -0.32199 3.42475 0.797234 
3005 2157 2596 0.387645 -1.72607 -1.5084 -0.521905 -0.129191 0.0137086 2.32483 0.537832 
3006 2175 2391 -0.604308 0.0913257 -0.478772 0.159728 -0.181087 -0.236151 0.776371 0.337747 
3007 2175 2575 0.125453 -0.120437 -0.572165 -0.0026635 -0.119747 0.0246221 0.59801 0.122282 
3008 1974 1225 -0.214881 -1.87797 0.390368 -0.0888012 0.107385 0.467721 1.93011 0.488037 
3009 1974 2115 1.59829 0.764395 -0.752345 -0.269755 0.122303 -0.448808 1.9248 0.537731 
3010 1974 2296 -1.60015 1.29766 -2.692 -0.381356 -0.327972 0.0685851 3.38987 0.507644 
3011 1974 1784 0.157114 -1.18454 -1.29692 -0.375868 -0.0785724 0.02623 1.76347 0.384888 
3012 1367 1763 0.144749 0.187377 -0.0525055 -0.0543256 0.0686132 0.0950941 0.242527 0.129236 
3013 1367 2020 0.391019 -0.171607 -0.959392 -0.00248455 -0.252925 0.0442282 1.05013 0.256775 
3014 2202 2494 -0.104102 0.122383 -0.0539554 -0.0120982 0.00513312 0.0349855 0.169488 0.0373724 
3015 2202 2616 -0.327155 -0.178963 -0.317075 0.177066 -0.277825 -0.0258848 0.489484 0.330468 
3016 1736 2616 0.536255 -0.351779 -1.10632 0.128747 0.188402 0.00249924 1.27878 0.228204 
3017 1736 2123 -0.401073 -0.794374 -0.544068 0.221503 0.127175 -0.34897 1.04302 0.432455 
3018 1653 2351 -0.116047 0.0275159 -0.011928 0.0133676 0.0313285 -0.0577835 0.119859 0.0670753 
3019 1653 2123 0.673252 -0.419984 -0.259642 -0.113855 0.123997 -0.495798 0.834906 0.523597 
3020 1653 2562 -0.154578 -0.853197 -0.927457 -0.360656 0.0745389 -0.00846044 1.26965 0.368376 
3021 1734 1980 0.268961 0.327818 -0.333546 0.0617072 -0.104374 -0.0528233 0.539498 0.132258 
3022 1734 1784 -0.737473 0.305976 -0.572009 -0.19093 -0.148055 0.166964 0.982182 0.293686 
3023 1225 1330 0.0729711 -0.781184 -0.419946 -0.252249 -0.136323 0.209757 0.889903 0.355263 
3024 1225 1399 -1.68873 -0.26874 -1.77485 0.600904 -0.878214 -0.438772 2.46458 1.15103 
3025 1834 1669 -0.686932 -0.293598 -0.550554 -0.302434 -0.0525195 0.405357 0.928001 0.508467 
3026 1834 1399 0.577992 -0.720349 -0.605964 0.0600445 -0.158471 0.245658 1.10461 0.29844 
3027 1608 1627 0.313381 -1.24638 -0.695895 -0.20614 0.124299 -0.315456 1.46148 0.396808 
3028 1590 1591 1.19402 -1.42425 -2.28912 -0.85142 -0.356741 -0.222149 2.9486 0.949489 
3029 2257 2562 0.382038 0.0346938 -0.543629 0.279268 -0.0444664 0.193419 0.665348 0.342606 
3030 2257 2132 -0.0466929 -0.0957574 -0.142569 0.00538722 -0.0038816 0.000842728 0.177977 0.00669322 
3031 2268 2629 0.0233198 -0.0625448 -0.0633915 -0.0591748 -0.0164829 -0.00550583 0.0920551 0.0616738 
3032 2015 1709 0.0401272 -0.0334549 0.0147355 0.0190123 0.00887659 -0.0316204 0.0542822 0.0379488 
3033 2015 2333 0.0481605 0.0777568 -0.161604 -0.100946 -0.0578778 -0.0579315 0.185692 0.129984 
3034 2015 2154 -1.47683 -1.07819 -1.46236 0.366913 0.145399 -0.477747 2.34137 0.619684 
3035 1459 1646 2.60032 -0.914407 -0.534401 -0.482447 -1.14828 -0.3827 2.80773 1.30299 
3036 1459 2104 0.557939 0.461448 -0.674878 -0.203368 0.216485 -0.0201078 0.989793 0.297706 
3037 1459 1918 -1.32861 0.521415 -2.60478 -0.388046 -0.373474 0.123168 2.97018 0.552479 
3038 1627 1361 -1.40552 -0.558597 -0.671908 0.121765 -0.221223 -0.070796 1.65499 0.262257 
3039 1627 1346 0.733699 -0.12848 -2.893 0.241861 0.00416791 0.0611538 2.98735 0.249507 
3040 1378 1873 0.567959 -2.28072 -2.90987 0.288328 0.603339 -0.416612 3.74053 0.787855 
3041 1332 2132 0.103523 0.138153 -0.340028 -0.0589609 0.0286726 -0.00630137 0.381343 0.0658651 
3042 1332 1369 0.32338 -0.732605 -0.304749 -0.328027 -0.0206738 -0.298382 0.856829 0.443916 
3043 2561 1704 -1.15205 0.630586 0.0469073 0.0200565 0.0175693 0.256403 1.31418 0.257786 
3044 2561 2598 0.252944 -0.156417 -0.21424 -0.0514531 -0.0551101 -0.0205124 0.366532 0.0781365 
3045 2561 2372 -0.473428 -0.660663 -0.946076 -0.0625911 0.0844195 -0.0276304 1.24726 0.108663 
3046 1709 2109 0.460704 -0.528764 -0.312563 -0.0190819 0.0624967 -0.133852 0.767812 0.148951 
3047 1646 2104 -0.464126 1.01411 -0.629446 -0.342857 -0.452672 -0.476496 1.28064 0.741291 
3048 1646 1466 -0.892502 -0.761188 -1.23706 0.568712 0.16546 -0.512121 1.70478 0.782993 
3049 1330 1364 0.164957 -0.207839 -0.264761 0.00771474 0.0028804 0.00254548 0.374842 0.00861936 
3050 1232 1114 -0.604498 -0.896072 0.141751 -0.0554441 0.0598278 0.141757 1.09016 0.16355 
3051 1232 1912 0.316446 0.586668 -1.03994 0.167569 0.196257 0.161705 1.23523 0.30454 
3052 1232 1059 0.630707 -1.3876 -0.966408 -0.706748 0.139159 -0.661054 1.80477 0.977676 
3053 1133 1307 0.421043 -0.84164 0.0155707 -0.0819424 -0.0494096 -0.454947 0.941211 0.464901 
3054 1133 1355 0.459201 -0.186849 -0.533833 0.0419203 0.0717351 0.0109514 0.72853 0.0838044 
3055 992 1361 1.12944 0.166736 -0.688939 0.0533957 0.224888 0.141963 1.33344 0.271255 
3056 992 1583 -0.495016 -0.309402 -0.493725 0.250679 -0.0883949 -0.195941 0.764548 0.330222 
3057 1487 2305 -0.801818 -0.579154 -0.321718 0.140231 -0.23039 0.0652486 1.04011 0.277491 
3058 1487 2308 0.228128 -1.07687 -1.35198 0.216762 0.0819492 -0.0286979 1.74343 0.233506 
3059 2109 1991 0.622505 -1.20632 0.270982 -0.117447 0.0481197 0.484013 1.38425 0.500378 
3060 2109 2372 0.372903 -0.0776444 -0.161081 0.0593948 0.0339318 0.121143 0.413561 0.139121 
3061 2109 2533 -0.205181 0.513877 -0.862714 -0.268972 0.232398 0.202399 1.02491 0.409048 
3062 1621 1400 -1.92467 -1.04163 0.767129 0.120519 -0.363539 -0.191251 2.31902 0.428092 
3063 1621 1466 -0.663789 0.825178 -0.738836 -0.176204 -0.326722 -0.206598 1.29128 0.424827 
3064 1621 1545 0.357047 -1.22311 -2.35752 -0.990668 -0.00593661 -0.146956 2.67982 1.00153 
3065 1401 1557 -1.3312 -0.535919 -0.332206 -0.0483802 0.229202 -0.175886 1.47297 0.292934 
3066 1401 1400 0.831711 -1.78415 0.502448 0.86561 0.367215 -0.128916 2.03159 0.949077 
3067 1401 1466 0.712461 0.206299 -0.644069 -0.0150636 -0.498601 -0.176368 0.982337 0.529089 
3068 1401 1867 -0.5264 0.464419 -1.98334 0.173311 -0.0656337 -0.0613674 2.10391 0.195219 
3069 1557 1533 -1.162 0.237509 -0.0353137 -0.0427065 -0.200911 0.0539939 1.18655 0.212378 
3070 1557 1150 0.100677 -0.513271 0.194411 -0.0947463 -0.00113777 0.0460611 0.558013 0.105355 
3071 1557 1364 -0.123868 0.221268 -0.245331 -0.0624 -0.0411395 -0.00559835 0.352832 0.0749504 
3072 1533 1019 0.238589 -2.12734 0.402716 -0.539526 0.139968 1.05902 2.17823 1.19675 
3073 1533 1059 -0.691796 -0.256549 -0.164478 -0.0422299 0.0846901 0.0455218 0.755945 0.105014 
3074 1533 1347 1.93343 -3.16565 -3.70063 0.713048 0.910453 -0.406297 5.23967 1.22574 
3075 1533 1823 -0.745379 0.509731 -1.87537 -0.148774 0.394486 0.166354 2.08145 0.45324 
3076 1307 1350 -0.888472 -1.03169 -1.18151 0.182946 0.257375 -0.362309 1.8027 0.480603 
3077 1254 1406 2.73556 0.430622 -1.34789 -0.205556 0.194833 -0.354933 3.07986 0.454082 
3078 1254 1391 0.285132 -0.606318 -0.864651 -0.173995 0.115231 -0.138181 1.09387 0.250293 
3079 1072 1583 0.881076 0.521936 -0.930445 -0.110832 -0.407076 -0.333302 1.38363 0.537666 
3080 1072 1337 0.434643 -0.583791 -0.493993 -0.182132 0.0400926 -0.207631 0.879634 0.279088 
3081 1566 1714 -1.24147 -1.37497 1.03561 -0.35228 0.162347 -0.206759 2.12233 0.439554 
3082 1566 1369 1.61639 0.704824 -0.344269 -0.210583 0.405963 -0.157584 1.79667 0.483719 
3083 2305 2193 -0.475259 -0.889164 0.335239 -0.20747 0.0773717 -0.0889083 1.06248 0.23861 
3084 2521 1724 -4.15324 0.363673 0.543547 -0.128354 -0.312664 -0.771555 4.20442 0.842336 
3085 2521 2598 -0.151517 0.27428 -0.287977 -0.0663157 -0.0582506 -0.0205885 0.425579 0.0906355 
3086 1724 1991 -1.49489 -0.384097 -0.663033 -0.202528 0.0931481 0.402663 1.67983 0.460252 
3087 1724 2232 -0.223643 -1.53792 -0.80999 0.0314251 0.111555 -0.220485 1.75251 0.249089 
3088 1991 2322 -1.00771 0.0222496 -0.709926 0.0768602 -0.0263839 -0.109926 1.23287 0.136702 
3089 1400 1531 -0.0885884 -0.107579 -0.179681 0.0422791 -0.00156088 -0.0199104 0.22739 0.0467588 
3090 1019 1301 0.836475 -2.21748 0.360298 0.398037 0.142475 -0.0472142 2.39723 0.425396 
3091 1019 1348 -0.934123 -0.625726 -1.42981 -0.0800147 0.387339 -0.117235 1.81892 0.412526 
3092 1114 1387 0.091798 -0.651797 -1.29953 -0.132869 0.037942 -0.0284161 1.45672 0.141072 
3093 1065 1111 4.87891 -1.97834 -3.29712 -0.212794 -0.0733971 -0.270841 6.21197 0.352169 
3094 1065 1578 -0.255484 -1.09263 -0.435011 -0.0132715 -0.146527 0.375829 1.20347 0.403601 
3095 1065 1337 0.127919 0.576795 -0.979688 0.0249839 -0.33879 -0.196202 1.14405 0.392298 
3096 1424 1731 -0.816197 -0.0283128 0.258974 0.122979 0.0540828 0.393501 0.856766 0.415803 
3097 1424 1950 0.25527 0.144757 -0.362838 0.118434 -0.0187655 0.075836 0.466657 0.14188 
3098 1424 2284 -0.114292 -0.232863 -0.543993 0.0892562 -0.00395532 -0.0170594 0.602674 0.0909579 
3099 1731 2270 -0.169676 -0.0578358 -0.817851 -0.0299192 -0.0784091 0.0117521 0.837267 0.0847423 
3100 1714 1371 0.00462135 -1.96716 -0.112727 -0.0538011 0.0166776 -0.293239 1.97039 0.2986 
3101 2193 2521 -3.92268 0.308671 -0.684942 -0.0594991 0.472832 0.553836 3.99398 0.730647 
3102 2193 1666 1.1091 -1.98867 -2.50798 0.819333 -0.000574389 0.362789 3.38746 0.89606 
3103 2414 1657 0.697532 -0.461332 0.551635 0.0207249 0.204191 0.144559 1.00184 0.251039 
3104 2414 2592 -0.134861 0.291541 -0.83714 -0.160686 0.0118177 0.0300018 0.896653 0.16389 
3105 2232 1806 0.120617 -0.580165 -0.1194 -0.0293598 -0.0265665 0.0994276 0.60448 0.107022 
3106 2232 2590 -0.146749 -0.26148 -0.930457 -0.114613 -0.208395 0.0766403 0.977577 0.249877 
3107 1485 1007 -1.05683 -1.07545 0.296672 0.100449 0.0377601 0.494707 1.53671 0.506212 
3108 1485 1788 0.650097 1.07635 -1.68754 0.181814 0.219665 0.210148 2.10451 0.35422 
3109 1485 1525 -0.397695 -0.394851 -0.668676 0.0018139 0.170321 -0.101653 0.872466 0.198358 
3110 1509 1545 0.177402 0.281376 -0.29733 0.153837 0.138273 0.22264 0.446149 0.303898 
3111 1509 1531 -0.165349 0.0285329 -0.0426074 0.010752 0.0518829 -0.00698166 0.173118 0.0534433 
3112 1509 1525 0.263801 -0.192195 -0.189392 0.0966122 0.159781 -0.0275765 0.377358 0.188744 
3113 1509 1429 -0.30706 -0.490987 -1.62104 -0.070974 -0.115944 0.0485617 1.72137 0.144356 
3114 1150 1531 0.229104 -0.0208538 -0.205251 -0.0399965 0.0661339 -0.051364 0.308304 0.0927991 
3115 1150 1475 -0.591921 -1.81838 -3.2512 -0.578361 0.979067 -0.442289 3.77189 1.22012 
3116 1300 1387 -0.491016 0.302469 -0.420127 -0.142771 -0.0622976 0.12201 0.713506 0.197866 
3117 1300 1661 -0.705105 -0.940308 -0.76744 0.194425 -0.0846396 -0.0749281 1.40368 0.224898 
3118 1279 1575 -1.04998 1.16358 -2.61356 0.93873 -1.42566 -1.01185 3.04747 1.98433 
3119 1279 1661 2.3274 -0.990164 -1.91844 -0.328137 0.508514 -0.660547 3.17453 0.89587 
3120 1279 999 -4.00599 -2.48226 -1.47231 1.155 -1.18919 -1.13769 4.93734 2.01061 
3121 1283 1111 -3.53376 1.25395 -1.63256 0.152915 -0.641203 -0.823489 4.08963 1.05483 
3122 1283 1350 0.644427 1.22786 -0.853308 0.43992 -0.274815 -0.0632095 1.6282 0.52254 
3123 1111 1391 0.318377 0.645711 -0.577172 -0.124904 -0.00861996 -0.0785423 0.922732 0.147798 
3124 1111 1673 2.56683 -0.823424 -2.21781 -0.551088 -0.0289492 -0.627066 3.49074 0.835313 
3125 1111 1968 -1.16129 -0.95545 -1.51734 0.143677 0.319214 -0.310967 2.13631 0.468232 
3126 1111 1243 0.155001 -0.593919 -0.087722 -0.0682951 -0.00619385 -0.0787392 0.620048 0.104415 
3127 1579 987 -0.640413 -0.158143 0.3024 0.125744 -0.294721 0.112169 0.725661 0.339491 
3128 1579 1862 0.0729742 -0.828688 -2.80693 0.0997178 -0.0197937 0.00843615 2.92761 0.102013 
3129 1371 1846 0.992547 -1.49542 -1.09337 -0.0127278 0.377069 -0.527279 2.10164 0.648356 
3130 1371 1549 0.955615 0.424274 -0.860166 0.023915 -0.219574 -0.0817354 1.35392 0.235511 
3131 1835 1474 0.24834 -1.68373 0.27574 -0.732912 -0.103311 0.0292404 1.72414 0.740734 
3132 1835 2060 0.706562 -0.128634 -0.132548 0.0746408 0.27291 0.13303 0.730305 0.312647 
3133 1835 1939 -0.642296 -0.219205 -1.77361 -0.032948 0.17088 -0.00918766 1.89903 0.17427 
3134 1007 1228 -2.82838 -3.07802 0.164705 0.278599 -0.309069 -0.99167 4.18343 1.07543 
3135 1592 1163 -0.811464 -0.568276 0.179069 -0.0923784 0.247419 0.366566 1.00672 0.451797 
3136 1592 1281 0.0067889 -0.745982 -2.37465 -0.680896 -0.0582111 0.0163401 2.48907 0.683575 
3137 1301 1163 1.68873 -1.45034 0.578009 -0.288669 -0.206447 0.325368 2.29986 0.481471 
3138 1301 1663 -0.0846122 -0.431325 0.0281915 -0.0873408 0.0110762 -0.092675 0.440449 0.127827 
3139 1329 1154 -0.688142 -0.058661 0.440729 0.0524936 0.393662 0.134358 0.819282 0.419258 
3140 1329 754 -0.287112 -1.01491 0.129071 0.420141 -0.153204 -0.270085 1.0626 0.522433 
3141 1329 1348 0.0584573 0.586376 -0.436628 0.179884 -0.110372 -0.124142 0.733415 0.24485 
3142 1154 1143 -0.84813 -1.52925 -1.03705 -0.686022 0.742257 -0.533496 2.03307 1.14289 
3143 1578 1968 1.09109 0.341706 -2.11349 -0.166811 0.377084 -0.0251499 2.40294 0.413099 
3144 1578 1643 -0.919628 1.68461 -1.34447 0.146633 -0.227061 -0.384805 2.34334 0.470248 
3145 1578 1046 0.988816 -2.41988 -1.62696 0.581468 0.862386 -0.929283 3.07905 1.39477 
3146 987 1775 0.0801064 0.507619 -2.25165 -0.176567 -0.048678 -0.0172558 2.30955 0.183966 
3147 1846 1659 -0.21772 -0.646947 0.206549 -0.104948 0.102002 0.208864 0.713166 0.255035 
3148 1846 1772 1.2784 -0.312752 -0.4841 0.131115 -0.0925303 0.406026 1.40231 0.436589 
3149 1846 1688 -0.176477 -0.503775 -0.500581 0.0319875 -0.0579951 0.0470881 0.731789 0.0812645 
3150 1846 2242 0.0811446 0.427994 -0.965023 -0.0413091 -0.02271 -0.0135456 1.05879 0.0490476 
3151 1962 2637 -0.425745 -0.162091 -0.194339 -0.0174508 0.0067846 0.0325712 0.495278 0.0375692 
3152 2637 2414 -0.1623 0.1813 0.139354 -0.0361264 -0.0548154 0.0292399 0.280411 0.0718666 
3153 1845 2637 0.223052 0.285674 -0.144825 0.0247622 -0.0382559 -0.0373242 0.390303 0.0589048 
3154 1845 1570 0.874157 -0.212373 -0.062861 0.0233101 0.0018453 0.317921 0.901778 0.31878 
3155 1474 1501 -2.08409 0.496481 -0.907087 -0.127224 0.168666 0.384623 2.32653 0.438827 
3156 1474 1808 0.0311867 -0.00163276 -0.790293 -0.00664461 0.0745499 -0.000416232 0.79091 0.0748466 
3157 1228 1118 -5.41004 -1.47358 -2.87055 -0.445332 0.85501 0.40039 6.29921 1.04387 
3158 1228 1450 4.55308 -2.48323 -0.850172 -0.0123341 -0.252963 0.672814 5.25545 0.718902 
3159 1228 1370 0.27494 0.0560433 -0.521486 0.0213769 0.0653448 0.0182929 0.592183 0.0711446 
3160 1118 1163 -3.62893 3.31849 3.56278 -0.385065 -1.18074 0.707567 6.07247 1.42936 
3161 1118 1281 0.53916 2.07091 -1.39179 -0.583561 0.181556 0.0440823 2.55273 0.61274 
3162 1118 1119 -2.79976 -2.22945 -4.18869 0.62022 -0.975168 0.104477 5.50947 1.16041 
3163 1118 1611 0.403518 -1.8576 -0.567975 -0.018381 0.0570003 -0.199482 1.98396 0.208279 
3164 1163 1095 -0.797686 -0.269643 -4.02161 -0.844993 0.403746 0.140534 4.10881 0.946982 
3165 1663 1233 0.16713 -0.483096 -0.247697 -0.0569973 0.0399089 -0.116295 0.568039 0.135521 
3166 754 1143 -1.80254 0.239877 -0.170962 0.0268658 -0.430357 -0.887095 1.82645 0.98634 
3167 754 847 0.570703 -1.27216 0.344833 -0.189655 0.0597994 0.534493 1.43632 0.570287 
3168 754 1345 -0.381119 0.883984 -1.73201 -0.522219 -0.656984 -0.2204 1.98155 0.867708 
3169 754 1278 0.931102 -0.876755 -1.48028 -0.0306198 0.0695207 -0.0604365 1.95624 0.0970735 
3170 1143 1068 -0.911039 -0.23483 0.228076 0.0822057 0.0954341 0.426626 0.968068 0.444832 
3171 1143 1564 -1.25907 0.89465 -1.32672 -0.312248 -0.764916 -0.219481 2.03613 0.854849 
3172 1143 1396 -0.810321 -1.1935 -1.03072 -0.0981818 0.233936 -0.193694 1.77297 0.319191 
3173 1068 1103 -1.06375 -0.383912 -1.89787 0.105012 -0.287207 -0.000760862 2.20927 0.305804 
3174 1383 1205 -1.42288 -0.125635 0.28229 0.116683 -0.397822 0.411088 1.45605 0.583842 
3175 1383 1267 0.0950757 -0.515035 -0.050746 -0.0985431 -0.00366922 -0.147386 0.52619 0.177333 
3176 1383 999 2.25072 2.70626 -1.74371 -0.0245539 -0.631522 -1.01182 3.92812 1.19298 
3177 1383 1186 -0.158372 -0.134057 -0.168538 0.0446876 -0.0412881 -0.00915103 0.267316 0.0615258 
3178 1205 1351 -0.670374 -0.758537 -0.578896 0.101707 0.0623604 -0.19949 1.16615 0.232442 
3179 1205 1243 0.370036 0.814372 -0.748676 0.106511 -0.206098 -0.171539 1.16647 0.288525 
3180 1205 1186 0.11783 -0.127153 -0.25245 -0.0472459 0.0147162 -0.0294639 0.30624 0.0575922 
3181 1598 1772 -1.32897 0.219854 -1.29211 -0.321617 -0.172383 0.301461 1.86656 0.47332 
3182 1598 1522 0.0688737 -0.589232 -0.314588 0.0352927 0.0604742 -0.105543 0.671493 0.126657 
3183 1696 1659 0.578463 -0.563477 -0.00496699 0.131314 0.133713 0.12402 0.807558 0.22473 
3184 1696 1486 -0.0972459 -0.338348 -0.0312263 -0.154007 0.0514082 -0.0774133 0.353427 0.179871 
3185 1696 2059 -0.249512 0.64137 -0.66073 -0.0366939 -0.203613 -0.18379 0.954031 0.276737 
3186 1696 1905 -0.279457 -0.111322 -0.290652 0.0204344 0.00707808 -0.0223583 0.418291 0.0311056 
3187 1450 1370 -0.0645772 0.0910953 -0.115468 -0.0615448 -0.0461304 -0.00197354 0.160628 0.0769394 
3188 1450 1464 -2.83745 -2.59522 -3.49592 -0.409579 0.0509701 0.294594 5.1969 0.507088 
3189 1233 1302 0.260544 -0.281435 0.0865819 0.0342554 0.0609652 0.0950854 0.393173 0.118031 
3190 1233 1445 -0.16104 -0.210311 -0.114195 -0.0267114 -0.0318945 0.0964086 0.288453 0.105002 
3191 716 717 1.34259 -0.141297 -1.67579 -0.0519999 0.275183 -0.0648631 2.15193 0.287466 
3192 1267 875 -0.113615 -0.539805 0.169052 0.097889 0.0265747 0.150644 0.576955 0.18161 
3193 1351 1043 -3.6925 -1.41267 1.26977 0.158052 0.277065 0.767863 4.15241 0.83148 
3194 1351 1624 1.4311 -1.06878 0.397453 0.232562 0.384025 0.195296 1.82984 0.489592 
3195 1351 1046 -0.0308731 0.83543 -0.325729 0.290184 -0.0570492 -0.173824 0.897215 0.34304 
3196 1351 1956 0.343544 -0.133755 -2.46618 0.691704 0.480083 0.0703183 2.49358 0.844913 
3197 1043 1333 0.049412 0.42907 -0.780199 0.0703075 -0.168381 -0.0881481 0.89177 0.202646 
3198 1043 1522 -1.70059 0.564595 -0.949023 0.308281 0.505962 -0.251411 2.02766 0.643617 
3199 1043 1433 3.37892 -3.54329 -4.35834 1.84961 0.623723 0.926877 6.55493 2.16083 
3200 1094 1522 1.28532 -0.0316088 -0.528379 -0.0732999 0.269323 -0.194418 1.39004 0.340156 
3201 1094 1491 -0.207594 -0.310737 -0.396488 -0.0561277 -0.00372506 0.0323068 0.544844 0.0648685 
3202 1659 1694 -0.0546613 -0.755848 -0.128804 0.212093 0.00051785 -0.0930457 0.76869 0.231606 
3203 1659 1688 0.0488 0.16645 -0.740939 -0.00228058 -0.214442 -0.0483241 0.760972 0.219832 
3204 1486 1905 -0.12533 0.22046 -0.193446 0.150077 -0.0521797 -0.156698 0.318954 0.223159 
3205 1486 2171 -0.254761 -0.0967116 -0.201747 0.0497687 0.0160529 -0.0705419 0.339055 0.087811 
3206 1570 2298 -0.591423 -0.702278 -0.317353 0.00265116 0.0308592 -0.0732299 0.971436 0.0795106 
3207 1520 1603 2.93463 -3.09656 1.01658 0.535913 0.211039 -0.904227 4.38568 1.07208 
3208 1520 1809 1.52823 -1.20262 -2.0227 0.455946 0.0313335 0.325855 2.80591 0.561293 
3209 1334 1514 -0.196108 0.60953 -0.632599 -0.245702 -0.246296 -0.161146 0.900092 0.383405 
3210 1334 1782 -1.01039 -0.178402 -0.614944 0.294396 -0.075443 -0.461821 1.19619 0.552847 
3211 1334 1448 0.546118 -0.336531 -0.247222 -0.194026 -0.278446 -0.0495723 0.687471 0.342981 
3212 1157 1428 0.0974706 -0.193495 -0.127401 -0.0134003 -0.00968219 0.00445309 0.25134 0.0171214 
3213 1157 1464 0.71807 1.07832 -2.82018 0.487129 -0.253697 0.0270285 3.10351 0.549897 
3214 1302 1041 -0.164833 -0.240433 0.083817 0.0134125 -0.00840076 0.00227868 0.30332 0.0159893 
3215 1302 1365 -0.651671 0.0457872 -2.34952 1.117 0.0303651 -0.309223 2.43865 1.15941 
3216 847 717 -1.31468 0.0777362 -1.0662 0.227639 -0.138063 -0.290756 1.69447 0.394234 
3217 847 1445 0.64597 -0.899145 -1.41923 -0.544102 0.419156 -0.513206 1.79998 0.857391 
3218 1624 875 1.46571 -1.15425 0.548176 -0.0929788 -0.252505 -0.283075 1.94451 0.390558 
3219 1624 1186 0.046211 0.213258 -0.141892 0.0754097 -0.0325747 -0.0243992 0.260284 0.0856916 
3220 1694 1928 0.144234 -0.493535 0.00918756 -0.09395 -0.0269127 0.0292148 0.514261 0.102002 
3221 1694 1491 0.280706 0.0438731 -0.20822 0.00927775 0.0702344 0.0273063 0.352245 0.0759248 
3222 1694 1767 -1.78953 -0.475548 -1.83959 -0.118122 -0.0279102 0.122122 2.6101 0.172179 
3223 2298 1897 -0.793007 -0.379722 0.757364 -0.0197137 -0.0169318 -0.0291306 1.16045 0.0390372 
3224 2298 2171 0.303806 0.07653 -0.186145 -0.0432113 -0.0552058 -0.0932214 0.364424 0.116641 
3225 1603 1078 -2.22807 -0.964478 0.190961 -0.548223 1.14695 -0.603648 2.43536 1.40728 
3226 1603 1809 -0.0982573 0.218998 -0.751969 -0.155936 -0.391005 -0.0934979 0.789349 0.431211 
3227 1603 2309 2.35952 -0.231462 -2.00567 -0.0261832 -0.990024 0.0834501 3.10542 0.99388 
3228 1078 980 -1.97566 -2.05871 -0.974527 0.151409 0.124685 -0.570351 3.01517 0.603135 
3229 1078 1448 -0.559854 0.641541 -0.896636 -0.00449337 -0.0163387 -0.00888464 1.23651 0.0191332 
3230 1078 1927 0.165647 -0.254439 -0.286199 -0.0197099 -0.0142569 0.00126701 0.417239 0.0243587 
3231 1428 1782 0.330188 0.291243 -0.147323 0.0127981 -0.158018 -0.283702 0.464275 0.324992 
3232 1041 1137 -4.77253 -0.169882 -1.88279 -0.139534 0.657777 0.294344 5.1333 0.734015 
3233 1041 1189 0.152322 -1.16344 0.178337 -0.498385 -0.129457 -0.418873 1.18684 0.663778 
3234 1041 1587 -1.00715 -0.425644 -6.94163 -0.214363 1.12766 -0.0380439 7.02721 1.14848 
3235 1137 1445 0.00851629 0.0274415 -0.0177548 0.0184347 0.00356675 0.0143551 0.0337757 0.0236353 
3236 1137 914 -4.87552 1.15773 -0.795023 -0.0830032 -0.480365 -0.190498 5.07376 0.523383 
3237 1137 1554 0.0988951 -0.214472 -0.0580982 -0.0786975 -0.0309791 -0.0195987 0.243216 0.0868166 
3238 1015 1298 0.673002 0.827547 -0.731277 0.0412513 -0.00708563 0.0299456 1.29326 0.0514647 
3239 875 995 -0.825356 -0.530923 -0.563473 0.0409099 0.165705 -0.216056 1.13163 0.27534 
3240 875 1022 0.763399 0.170343 -1.49633 0.0978871 -0.251538 0.0213049 1.68843 0.270753 
3241 995 787 -6.35305 3.6578 4.05773 0.181055 -0.586101 0.811806 8.3789 1.01751 
3242 995 1394 -0.673783 1.91216 -1.93699 1.05518 0.219079 -0.150774 2.80398 1.08818 
3243 995 1265 4.66804 -2.0317 -0.744849 -0.278264 -0.508644 -0.356492 5.14521 0.680614 
3244 995 1616 -0.382234 -2.87874 -1.95371 0.980012 -0.128199 -0.00283744 3.50003 0.988366 
3245 787 1340 -0.655477 -0.0942714 -0.106266 -0.00374482 0.204745 -0.158537 0.670694 0.258976 
3246 787 1433 -0.515007 0.402151 -1.03039 0.0462693 0.314618 0.0996666 1.2201 0.333255 
3247 1340 1433 0.59819 0.506553 -0.739165 0.244979 0.358944 0.444241 1.0774 0.621454 
3248 1340 1335 -2.37958 0.979869 -2.03402 0.0173007 0.233932 0.0924546 3.28021 0.252134 
3249 1593 1618 0.209123 -0.292542 -0.083087 -0.0958344 -0.072074 0.0125583 0.369075 0.120568 
3250 1928 1971 -5.58367 0.969546 0.453879 0.0985038 -0.245674 1.7366 5.68536 1.75665 
3251 1928 1507 4.12695 0.61941 -3.86641 -0.413442 0.13253 -0.420071 5.68898 0.604118 
3252 1928 1388 0.490973 -0.873952 -0.41372 0.19187 0.195798 -0.185911 1.08444 0.33123 
3253 1971 1937 -1.89344 0.545049 -1.02762 -0.205369 -0.828601 -0.0610866 2.22221 0.855855 
3254 1971 1986 0.202441 -0.450346 -0.592396 0.0208462 0.121022 -0.0848784 0.771186 0.149282 
3255 2040 1555 -0.481113 -0.715903 -0.246502 -0.080294 0.0902424 -0.105372 0.897079 0.160293 
3256 2040 1927 -0.248396 0.0355791 -0.167777 0.00310412 -0.0689773 -0.0192231 0.301854 0.071673 
3257 980 1774 -0.382473 -0.0552811 -0.0887792 0.0420202 -0.0486536 -0.150733 0.396514 0.16387 
3258 980 2214 0.0860956 0.114271 -0.305013 -0.00716199 -0.0224751 -0.0104418 0.336902 0.0257964 
3259 980 1711 -0.258788 -1.77482 -2.31251 -0.326763 0.405289 -0.274487 2.92654 0.588538 
3260 1774 1140 -0.378637 -0.212362 0.205596 0.0337768 0.0903135 0.155491 0.480347 0.182961 
3261 1431 1196 -0.262719 -0.629824 0.0538556 0.0218797 -0.0136318 -0.0526857 0.684544 0.0586544 
3262 1253 1456 -0.328796 -2.35434 -0.345226 -0.0253546 0.0687896 -0.444976 2.40213 0.450975 
3263 1253 1189 -0.950001 -0.566702 0.519275 -0.0473632 0.0853903 0.00653928 1.22201 0.0978649 
3264 1253 997 0.382011 -0.327357 -0.607581 -0.175944 0.161496 -0.197635 0.788828 0.309995 
3265 1581 1691 -0.0812057 0.786842 -1.78681 -0.264339 -0.112744 -0.0376347 1.95407 0.289832 
3266 1559 1618 -0.350033 0.125406 0.0536174 -0.0131025 0.0340225 -0.165113 0.375666 0.16909 
3267 1559 1026 0.0598873 -0.188625 0.124282 0.0119306 0.0150076 0.0170284 0.233691 0.0256424 
3268 1658 1866 0.185686 -0.177859 -0.101372 0.0670054 0.0670828 0.00503757 0.276386 0.0949484 
3269 1943 1576 1.27498 -0.693841 0.736611 0.000957963 -0.0893889 -0.0858569 1.62776 0.123946 
3270 1943 2010 -0.342181 1.88705 -0.885195 -0.306292 -0.0895539 -0.0725096 2.11225 0.32725 
3271 1943 2539 -0.440714 -0.430932 -0.237253 0.0796683 0.0170792 -0.179011 0.66047 0.196682 
3272 1943 2587 0.26092 0.0692305 -0.38731 -0.0292579 0.0389009 -0.0127568 0.472103 0.0503194 
3273 1555 1927 -0.134078 0.428486 -0.131479 0.0387207 0.0103774 -0.00566628 0.467829 0.0404857 
3274 1555 1946 -0.977971 -0.431438 -1.494 0.335301 0.132444 -0.257734 1.83701 0.443165 
3275 1140 1600 -0.449618 0.0758884 -4.01615 -1.07587 0.391324 0.127841 4.04195 1.15195 
3276 1196 1456 -0.0855846 -0.00140738 -0.0370507 -0.00836368 -0.0272362 0.0203541 0.0932709 0.035015 
3277 1456 1178 0.161673 -3.60123 1.75011 0.280903 0.102102 0.184148 4.00723 0.351058 
3278 1456 1455 -1.03945 1.5029 -1.80624 0.150251 -0.36612 -0.391101 2.56937 0.556398 
3279 1189 1554 -1.0117 0.101512 -1.17399 0.0314208 -0.380303 -0.059961 1.55309 0.386281 
3280 1010 990 -2.40862 -1.55528 -0.948898 0.139428 -0.336962 0.198377 3.02005 0.415135 
3281 1010 1025 0.68509 -0.839059 -0.119102 0.0621768 0.0246779 0.183797 1.08975 0.195592 
3282 1010 1128 -0.504128 0.642109 -2.08676 0.429412 0.657201 0.0984854 2.24077 0.791206 
3283 1010 1554 0.075951 0.00926883 -0.0702975 0.0423897 0.0315759 0.0499621 0.103905 0.0727333 
3284 990 1634 0.409469 -1.83897 -2.02375 0.000558804 0.34961 -0.317576 2.76497 0.472315 
3285 947 743 0.125815 -0.363133 -0.244465 -0.143286 -0.0990982 0.07346 0.455476 0.18907 
3286 947 1198 1.50328 0.600667 -2.58968 0.260455 0.55444 0.279792 3.05403 0.673442 
3287 947 1265 -4.01187 4.45821 -4.5933 -0.00943174 -1.11501 -1.07398 7.55441 1.54815 
3288 1144 1616 -0.412449 0.793466 -1.02231 -0.273529 -0.453239 -0.241427 1.35824 0.581834 
3289 1026 1563 -0.361122 -0.415474 -0.373897 -0.107614 -0.0281845 0.135255 0.665452 0.175126 
3290 1067 1477 -0.0396741 -0.0684526 -0.0249073 0.0443068 -0.0129055 -0.0351069 0.0829468 0.0579839 
3291 1067 1388 -1.37934 0.626731 -0.955754 -0.0702117 -0.187882 -0.0218734 1.79132 0.201762 
3292 1067 1836 2.34688 -0.0735027 -3.20162 -1.22477 0.932188 -0.919196 3.97034 1.79275 
3293 1803 1866 -0.277697 0.120735 -0.0157253 0.0375427 0.0783279 -0.0615918 0.303216 0.106481 
3294 1803 1388 0.675686 0.594361 -0.439692 0.120576 -0.0830782 0.07299 1.00157 0.16361 
3295 1803 2138 -0.35288 0.0467417 -1.24931 0.0771722 -0.1353 -0.0268602 1.29903 0.15806 
3296 2158 1473 -1.44192 -0.0501672 1.4856 -0.357495 0.223135 -0.339451 2.07091 0.541127 
3297 2158 1943 -0.836892 -0.649826 -0.421078 0.0775102 -0.268381 0.260126 1.14016 0.381709 
3298 2158 1994 -0.14655 1.98352 -1.2925 0.250958 0.191672 0.265692 2.372 0.412686 
3299 2158 1713 0.603022 0.117375 -0.852245 -0.118054 -0.421558 -0.14159 1.05059 0.460104 
3300 1180 1282 -1.03334 -1.69242 0.898268 -0.51946 -0.294501 -1.15244 2.17691 1.29795 
3301 1180 1528 0.135654 -0.124362 -0.346133 -0.155321 -0.110213 -0.0212741 0.392015 0.191636 
3302 1025 723 -0.375038 -0.492635 0.135466 0.0990394 0.00603634 0.296144 0.633793 0.312324 
3303 1025 1413 1.0424 -0.0167902 -1.57964 -0.420916 -0.124806 -0.276435 1.89266 0.518809 
3304 743 1665 0.156768 -0.133205 0.0318078 -0.0288922 -0.0247663 0.0386819 0.208162 0.0542625 
3305 743 1816 2.6354 0.756389 -2.50603 -0.821491 0.561002 -0.694573 3.71452 1.21326 
3306 743 1414 -0.0632309 -0.703163 -0.466448 0.287304 -0.0235701 -0.00341493 0.846174 0.28829 
3307 1437 1292 2.27019 -0.303575 -0.101622 0.0356501 0.133951 0.396255 2.29265 0.4198 
3308 1437 1532 0.116689 -0.328768 -0.116983 0.0710973 0.0305201 -0.0148547 0.367953 0.0787843 
3309 1437 1108 0.196338 0.86897 -0.539994 0.10813 -0.274555 -0.402504 1.04175 0.499081 
3310 1437 1338 -0.795055 -0.805989 -1.74718 -0.200802 0.817837 -0.2859 2.08191 0.889335 
3311 1477 1193 0.704624 -0.417643 0.454418 -0.0665507 0.29645 0.375653 0.936705 0.483143 
3312 1477 1824 2.5473 -0.572473 -2.52939 -0.414552 0.741247 -0.585255 3.63514 1.03142 
3313 1477 1812 -0.654164 -0.212059 -0.560819 0.151428 0.0572278 -0.198271 0.887365 0.255963 
3314 1132 1975 0.72912 -0.468868 -0.41109 -0.036105 -0.0324812 -0.0269903 0.9594 0.0555615 
3315 1576 2288 0.765585 -0.341584 -0.746168 -0.251122 -0.0465995 -0.236324 1.1223 0.347969 
3316 2221 1746 0.408143 -0.307752 0.147765 -0.0874246 -0.0659556 0.10411 0.532096 0.151103 
3317 2221 2176 0.196053 -0.0937153 -0.202235 -0.0572861 -0.0564665 -0.0293685 0.296848 0.085631 
3318 2008 2539 0.294804 0.509435 -0.644548 -0.1696 -0.285548 -0.303262 0.872855 0.449744 
3319 2008 2096 -1.87084 -0.893621 -2.44887 -0.0187078 -0.0159134 0.0200991 3.20867 0.0317363 
3320 1489 1282 -0.293787 0.137669 0.300109 0.137607 -0.0439292 0.15486 0.44196 0.211772 
3321 1489 1633 0.214967 -0.06887 0.135454 0.0392847 0.122757 6.88903e-05 0.263252 0.128889 
3322 1489 1573 -1.33534 -2.8274 2.0318 -0.316911 0.598751 0.624925 3.72901 0.921665 
3323 1489 1528 0.431128 2.13292 -1.70411 0.376073 0.0109784 0.108884 2.76391 0.391672 
3324 1489 1754 0.907581 -0.487175 -0.552299 -0.0450653 0.508982 -0.523021 1.16879 0.731194 
3325 1282 1648 -2.22664 2.60922 -5.53247 0.259769 -0.518901 -0.349272 6.50955 0.677295 
3326 1282 1963 -0.815122 -1.35792 -1.61018 0.542516 -0.0562834 -0.227173 2.25855 0.590846 
3327 1655 1341 -0.10158 1.26652 -1.11454 -0.362208 0.0792151 0.123029 1.69015 0.390648 
3328 1655 1484 -0.0194636 -0.0302207 -0.00873548 -0.000110993 0.00725217 -0.0248418 0.0369923 0.025879 
3329 1178 1328 0.646549 0.174828 -2.88144 -0.368244 0.221501 -0.0691887 2.95826 0.435262 
3330 1178 1662 -1.32167 -0.660344 -1.28729 0.682272 0.0964254 -0.749959 1.95959 1.01845 
3331 723 1416 1.03842 0.384003 -3.88265 -0.685149 0.704271 -0.11359 4.03742 0.989105 
3332 1665 1090 -0.505542 -0.692285 0.0402811 -0.0840097 0.0584172 -0.0503718 0.858168 0.11405 
3333 1665 1681 0.0690256 -0.555242 -0.666606 0.183316 0.361325 -0.28198 0.870299 0.493632 
3334 1085 1165 0.803585 -3.14866 -0.534028 0.0610709 0.0445518 -0.170783 3.29317 0.186765 
3335 1085 1418 -0.0118458 2.42548 -1.8641 -0.0946106 -0.14094 -0.182783 3.05908 0.249449 
3336 1085 1461 -0.469978 -0.652279 -1.41714 0.0997638 0.425284 -0.228835 1.6293 0.493138 
3337 1292 1472 -0.297863 -0.596752 -2.13771 0.381781 0.569349 -0.212133 2.23934 0.717576 
3338 1193 1343 2.02089 -1.79923 -1.60274 0.0718465 0.101284 -0.0231099 3.14484 0.126311 
3339 1193 1563 0.447375 0.265115 -0.345999 0.0130964 0.126458 0.11383 0.624616 0.170647 
3340 1193 1515 -1.06891 -1.07845 -1.47143 -0.493333 0.083397 0.297256 2.1144 0.581974 
3341 1975 1907 0.519439 -0.624888 -0.0105194 0.0129042 0.010853 -0.0075067 0.812658 0.0184569 
3342 2566 2502 -0.0743221 -0.049626 -0.0754864 -0.0297041 -0.0469816 0.0601324 0.116982 0.0818872 
3343 1633 1739 0.0983671 0.517227 -0.394271 0.10144 0.00967907 0.0380059 0.657761 0.108757 
3344 1573 1963 -0.412511 0.289484 -0.357616 0.234807 0.126742 -0.168255 0.617945 0.315448 
3345 1573 2028 0.735431 -0.550394 -0.855482 -0.0785481 0.191399 -0.190666 1.25525 0.281348 
3346 1090 1414 -0.574089 1.48035 -1.80585 -0.831629 -0.342883 -0.0166995 2.4046 0.899697 
3347 1090 1785 -0.128601 -1.43014 -1.90869 0.13189 0.0757552 -0.065648 2.3885 0.165661 
3348 1532 1415 -1.59357 -1.00752 -0.864475 -0.0814479 0.703883 -0.67021 2.0741 0.975329 
3349 1343 1415 2.1196 -1.68859 -1.11973 -0.0998771 -0.0173776 -0.162857 2.9322 0.191833 
3350 1182 1515 -0.0678027 0.143234 -0.120164 -0.0682516 -0.0102769 0.026261 0.198879 0.0738481 
3351 1182 2120 1.0566 -0.381185 -3.15409 -0.455086 0.388746 -0.199432 3.34814 0.630872 
3352 1907 1515 1.53285 0.318066 -0.693688 0.157332 0.333241 0.500454 1.71231 0.621496 
3353 1907 1825 0.455289 -0.835809 -0.350438 -0.116867 0.0824802 -0.348553 1.01423 0.376762 
3354 1698 1422 -0.137305 -0.522482 0.250377 -0.0560299 0.190366 0.366525 0.595424 0.416797 
3355 1698 2288 -0.173497 0.237273 -0.0893565 -0.10066 -0.109377 -0.0949905 0.30722 0.176405 
3356 1698 2565 0.396329 0.793078 -1.14353 0.00965536 -0.153407 -0.103047 1.44697 0.185055 
3357 1698 1841 0.080018 -0.183111 -0.0815755 0.0892089 0.0799874 -0.0920403 0.21584 0.151088 
3358 1746 1422 0.981782 -0.626297 -0.0890646 0.163566 0.352827 -0.678025 1.16794 0.781638 
3359 1746 2176 -0.0299755 0.0738668 -0.269675 0.00191551 -0.0424392 -0.0118374 0.281211 0.0441008 
3360 1735 1787 -1.2396 -0.167339 -0.811578 0.248483 -0.49334 -0.277812 1.49107 0.61831 
3361 1735 1833 0.652462 -0.892197 0.0670498 0.0804878 0.0886552 0.396462 1.10735 0.41415 
3362 1735 2502 0.164466 -0.0704824 -0.590578 -0.0907984 0.22241 -0.0518293 0.617089 0.245758 
3363 1787 1799 0.633518 -1.09018 0.382535 -0.260167 -0.196327 -0.128643 1.31764 0.3504 
3364 1787 1754 -0.495902 0.84525 -0.580952 0.0389561 0.0279793 0.00745519 1.13924 0.0485387 
3365 1787 2028 -1.07864 -0.0415579 -0.190827 -0.0150625 -0.0455433 0.0950586 1.09618 0.106476 
3366 1787 2563 -0.00566008 -0.0802215 -0.105951 0.0742756 0.00498805 -0.00774467 0.133015 0.0748446 
3367 1336 1998 0.931583 0.161671 -2.31456 -0.844551 -1.3482 -0.434093 2.50024 1.64905 
3368 1447 1609 0.277381 -0.113528 0.0508082 -0.0130445 -0.0116281 0.0452325 0.30399 0.0484908 
3369 1447 1294 -0.923174 -1.14609 0.535804 0.356134 -0.174454 0.24045 1.56616 0.463769 
3370 1447 1644 -0.128493 1.934 -0.572824 0.30882 -0.0152787 -0.120858 2.02114 0.331978 
3371 1447 1544 -0.352913 0.0573537 -0.151235 -0.00190243 -0.0288678 -0.00650829 0.388213 0.0296534 
3372 1447 1524 0.0138574 -0.141798 -0.0559344 -0.0343077 0.009479 -0.0325296 0.15306 0.0482187 
3373 1447 2240 -0.108591 -0.119223 -0.834504 -0.0496081 0.0632661 -0.00258329 0.849943 0.0804377 
3374 1212 1626 -0.0956973 2.19819 -3.50107 0.0522683 -0.287945 -0.182219 4.13506 0.344744 
3375 1212 1544 0.0271096 -0.0897952 -0.169854 0.0066563 -0.00667769 0.00459263 0.194032 0.0104876 
3376 1045 1125 0.419281 -0.838445 0.390113 -0.269562 -0.0962805 0.0827875 1.01537 0.297972 
3377 1045 1681 -0.0966457 0.615374 -0.482842 -0.137698 -0.0512999 -0.0378194 0.788138 0.151732 
3378 1045 1493 0.0509701 -1.57895 -1.46921 0.1689 0.128625 -0.132373 2.15737 0.250188 
3379 1165 1804 -0.169184 -1.30881 -1.26479 0.13761 -0.500744 0.499765 1.82793 0.720726 
3380 1236 1551 -0.141397 -0.0132047 0.062505 0.00770406 -0.108202 -0.00543063 0.155159 0.108612 
3381 1236 1642 1.0175 -1.42863 0.778391 -0.594167 -0.409815 0.0245302 1.9189 0.722208 
3382 1236 1461 0.879217 0.963269 -0.804638 -0.138201 -0.202093 -0.392945 1.53243 0.462976 
3383 1236 1601 -0.115121 -0.0507954 -0.0950953 -0.0336509 0.0374153 0.0207519 0.157722 0.0544328 
3384 1236 1858 0.488622 -0.475993 -2.07881 -0.20475 -0.187233 -0.00525502 2.18787 0.2775 
3385 1375 1415 1.05724 1.04614 -1.70905 0.320162 -0.152822 0.104511 2.26562 0.369839 
3386 1422 1841 1.38054 0.0668788 -1.83308 0.00232309 0.331228 0.0138342 2.29576 0.331525 
3387 1833 1799 -0.633126 -0.0902045 -0.211896 -0.145122 0.317344 0.298518 0.67371 0.459218 
3388 1799 1702 -0.894871 -0.041704 -0.10576 0.0791849 -0.282689 -0.558541 0.902063 0.630992 
3389 1702 1392 -0.662491 -0.234552 0.380695 0.0440253 0.156403 0.172976 0.799273 0.23732 
3390 1702 2082 0.188881 -0.267134 -0.239137 -0.186343 0.0536003 -0.207058 0.405245 0.283671 
3391 1958 2028 0.947103 0.389368 -0.202009 -0.0153648 -0.0385026 -0.14625 1.04375 0.152012 
3392 1958 1871 0.03027 0.207985 -0.232573 -0.0351037 -0.0817923 -0.077714 0.313471 0.11816 
3393 1668 1766 -0.0557649 0.265905 -0.467161 0.112753 -0.0866937 -0.0628047 0.54042 0.155478 
3394 1609 1190 -2.23083 -2.90823 1.67598 0.704956 -0.208889 0.575865 4.0303 0.933926 
3395 1609 1490 -0.56442 2.12134 -3.25898 0.808519 0.0620538 -0.0996346 3.92932 0.816995 
3396 1294 1125 -0.218022 0.111687 -0.00680687 0.0278533 0.0500046 -0.0716589 0.245058 0.0917129 
3397 1125 1544 0.333216 0.247705 -0.41146 -0.0332804 -0.00685532 -0.0310788 0.584542 0.0460486 
3398 1504 1502 0.608126 -2.16224 0.406786 -0.294126 0.0332453 0.616418 2.28267 0.683803 
3399 1504 1785 -0.475824 3.39615 -3.52554 -0.347689 -0.88634 -0.806883 4.9183 1.24802 
3400 1795 1601 -1.49469 3.23028 -2.02762 -0.290899 -0.59425 -0.732284 4.09634 0.986912 
3401 1795 2227 -0.0883756 -0.229296 -0.17769 0.053179 0.0963995 -0.150846 0.30325 0.186749 
3402 2168 2339 -0.15015 -0.257754 0.029066 -0.169837 0.0893844 -0.0846998 0.299712 0.209781 
3403 2168 2046 0.00864437 0.171251 -0.469544 -0.157844 0.150591 0.0520175 0.499874 0.224273 
3404 2187 2339 0.378187 -0.297004 0.0840265 0.211166 0.26764 -0.0044062 0.488157 0.340943 
3405 2482 2013 0.359387 0.72458 -0.43064 -0.229498 -0.216793 -0.556293 0.916311 0.639633 
3406 1908 2249 -2.14025 3.12962 -2.44481 1.03156 -0.148232 -1.09281 4.51135 1.51008 
3407 1908 2553 0.813331 0.261523 -1.97452 -0.569871 0.725929 -0.138589 2.15142 0.933238 
3408 1856 2606 0.0129395 -0.000820859 -0.00942331 -0.00528188 0.0061134 -0.00778529 0.0160282 0.0112197 
3409 1856 1568 -0.867716 0.735672 -1.42437 0.376172 0.0339692 -0.211616 1.8229 0.432944 
3410 1190 1441 -2.11232 -3.83377 -2.11121 -1.08756 0.624917 -0.0466641 4.85973 1.25518 
3411 1190 1524 -0.563551 0.353956 -1.99107 -0.0181874 -0.590658 -0.0998544 2.09935 0.599315 
3412 1502 1802 -0.240646 -0.434772 -0.0822843 -0.0713887 0.0401481 -0.00335248 0.503695 0.0819723 
3413 1502 1776 1.36462 -0.169504 -1.67228 0.343687 -0.13487 0.294127 2.16505 0.47204 
3414 1502 1594 -0.662852 0.015346 -1.74221 0.32405 0.326905 -0.120411 1.86411 0.475788 
3415 1651 1804 -0.295776 1.02452 -0.696318 0.43661 0.269746 0.211427 1.27357 0.555061 
3416 1651 1594 0.500049 -0.0119351 -0.594916 -0.201836 0.180118 -0.173264 0.777249 0.321248 
3417 1701 1710 -0.230543 0.122021 -0.136459 0.0131109 0.0766375 0.0463783 0.294381 0.0905326 
3418 1701 1331 0.821463 -1.00627 0.196733 0.0346823 0.0298397 0.007811 1.31381 0.0464142 
3419 1701 2262 0.0540451 0.0177985 -0.142002 -0.071344 -0.0699807 -0.0359245 0.152978 0.106197 
3420 1701 1740 -0.0155521 -0.142332 -0.0935372 -0.117368 0.0205041 -0.0116861 0.171025 0.119718 
3421 1710 1948 0.17714 0.193902 -0.0763202 -0.132654 0.0758584 -0.115163 0.273498 0.191349 
3422 1869 1667 0.0596586 -0.102217 0.0322974 -0.0709645 -0.0293461 0.0382066 0.122681 0.0857724 
3423 1869 1977 0.309752 0.0672938 -0.444388 -0.151398 0.184754 -0.0775513 0.545853 0.251136 
3424 1869 2098 -0.28981 0.180321 -0.48455 0.312836 -0.134347 -0.237104 0.592701 0.41489 
3425 1441 1995 -3.20706 0.971805 -2.12166 0.518057 -0.511695 -1.01746 3.96624 1.25118 
3426 1441 2236 0.222129 -0.557912 -0.322282 0.0921806 -0.205774 0.419756 0.681522 0.476483 
3427 1802 1363 1.11293 -1.83494 0.337946 0.690232 0.447684 0.157699 2.17251 0.837681 
3428 1802 1738 -1.14659 0.00932263 -0.81983 0.0281947 0.615032 -0.0324385 1.40957 0.616532 
3429 1610 1738 1.62554 -0.642802 -0.962377 -0.0320383 0.593887 -0.450791 1.99543 0.746285 
3430 2091 1961 -0.111392 -1.47327 -0.218958 -0.637538 0.168147 -0.807043 1.49361 1.04214 
3431 2091 2184 0.00600887 0.125883 -0.123664 0.0905142 -0.060679 -0.05737 0.176565 0.123151 
3432 1838 1667 -0.0497393 -0.0426897 -0.00492754 -0.00926736 0.0156752 -0.0422557 0.0657319 0.0460123 
3433 1838 1964 -0.330682 -1.12436 -1.98369 0.35163 -0.0897351 -0.00775475 2.30404 0.362983 
3434 1363 1373 -0.956703 -0.0149922 0.129166 -0.0108078 0.53005 -0.0185284 0.9655 0.530484 
3435 1363 1706 0.961684 -2.30009 -0.648715 -0.0951835 0.0891898 -0.457337 2.57606 0.475575 
3436 1363 1942 1.56553 1.83858 -1.17997 -0.409458 0.131031 -0.339085 2.68767 0.547543 
3437 1373 1745 0.488475 -0.113202 -1.17952 0.309227 0.535022 0.0767121 1.28168 0.622699 
3438 1331 1910 1.64672 -0.206462 -1.74447 -0.360197 0.0961774 -0.351394 2.4078 0.512318 
3439 1973 2174 0.0952378 -0.37721 -0.486281 -0.0781632 0.242964 -0.203776 0.622758 0.326597 
3440 1410 2236 -0.132109 0.639904 -0.840364 -0.280303 0.263951 0.245053 1.06449 0.456389 
3441 1410 2133 1.37647 -0.849155 -1.47907 0.410503 -0.1795 0.48508 2.19166 0.66033 
3442 1640 2035 0.933324 0.117571 -1.64012 -0.51159 0.340113 -0.266744 1.89074 0.669741 
3443 1863 1715 -0.65089 0.52634 0.114876 0.0283149 0.0685155 -0.153492 0.844919 0.170458 
3444 1863 1768 1.66236 -2.50033 -0.470289 0.405775 0.362529 -0.493093 3.03912 0.734317 
3445 1863 1840 0.0563465 0.802506 -0.386337 -0.386972 -0.133156 -0.333034 0.892439 0.527626 
3446 1863 2173 -0.199038 0.00319618 -0.17286 0.0523191 -0.0728401 -0.0615891 0.263641 0.108794 
3447 1715 1910 -0.707835 1.03787 -0.884728 0.156187 -0.115901 -0.260922 1.53654 0.325435 
3448 1715 2173 9.7804e-05 -0.00387993 -0.00502839 -0.00200724 0.00304766 -0.00239063 0.00635202 0.00436261 
3449 2108 1672 -0.216808 0.010858 -0.00553616 0.0085147 0.134835 -0.0690032 0.21715 0.151705 
3450 2108 2640 0.242168 0.0545687 -0.587884 -0.221009 -0.0336364 -0.0941631 0.638146 0.242576 
3451 2108 2140 -0.119416 -0.235711 -0.216424 -0.0396486 -0.0495609 0.0758544 0.341555 0.0989049 
3452 1672 1740 0.260475 0.670419 -0.290709 -0.0422756 0.0367454 0.0468615 0.775771 0.0730305 
3453 1672 2395 -0.114276 0.0353214 -0.112979 0.047551 -0.0752327 -0.0716174 0.164532 0.114237 
3454 2513 2266 -2.48819 2.07284 -1.01168 0.465288 0.26743 -0.596419 3.39282 0.802326 
3455 1876 2133 -0.444276 0.487987 -0.799741 -0.0933609 0.0806946 0.101103 1.03687 0.159529 
3456 1706 1733 0.184994 -1.79015 0.483561 0.0922247 0.0517836 0.156422 1.86352 0.188825 
3457 1706 1794 0.786637 -0.308524 -0.780154 0.156616 -0.129067 0.208959 1.15005 0.291292 
3458 1706 2192 -0.273301 0.0600659 -0.650694 -0.17423 -0.112177 0.0628243 0.708311 0.216534 
3459 1992 1745 0.103764 1.44446 -1.01603 0.476554 -0.484557 -0.640213 1.76905 0.933687 
3460 1992 1891 -0.202058 -0.0128925 -0.161901 0.0584173 0.0609249 -0.0777584 0.25924 0.114764 
3461 2306 2153 0.515381 -0.754443 -0.442392 0.125744 -0.137197 0.380462 1.01514 0.423539 
3462 2306 2173 0.00375166 0.52781 -0.595736 -0.274155 0.0989319 0.0859251 0.795927 0.303861 
3463 1723 2311 -1.40815 0.424288 -0.543093 -0.0263468 -0.306666 -0.171268 1.56776 0.352237 
3464 1723 1936 -0.258374 2.58345 -2.10367 -0.632878 -0.133459 -0.0861661 3.34162 0.652511 
3465 1723 2074 0.196606 0.0136472 -0.21497 0.00623689 -0.203922 -0.00724178 0.291637 0.204146 
3466 2311 1733 -0.403076 -0.0962815 0.0569169 -0.0517913 0.21433 -0.0042135 0.418306 0.220539 
3467 2311 1794 -0.228072 0.278225 -0.482659 -0.0846914 0.122165 0.110441 0.601985 0.185186 
3468 2311 1926 -0.26102 -0.650124 -0.23398 -0.160639 0.0745389 -0.0279059 0.738606 0.179276 
3469 1733 1625 -2.25063 -0.47485 0.402024 0.0896296 -0.288089 0.161492 2.33505 0.342211 
3470 1625 2317 -1.23088 -2.21891 2.88573 -0.0611924 0.142033 0.0831115 3.84267 0.175572 
3471 1625 1768 -2.09733 0.972712 -0.708448 0.273699 0.576046 -0.0193521 2.41803 0.638056 
3472 1625 2209 0.171455 0.239627 -0.538008 0.00177584 -0.0220923 -0.0092739 0.613408 0.0240256 
3473 1768 1891 -0.0849777 0.651782 -0.689001 0.209081 -0.166233 -0.18304 0.952242 0.323809 
3474 1768 2450 0.187011 -0.732748 -0.696295 -0.040345 -0.367422 0.375823 1.02797 0.527133 
3475 2153 2167 -0.0371944 0.552642 -0.662714 0.00609324 -0.0112073 -0.00968781 0.863705 0.0160183 
3476 2371 2140 0.697681 0.617662 -0.611806 -0.0551471 -0.0413402 -0.104624 1.11471 0.125285 
3477 1926 1733 -1.69031 1.80065 1.25444 0.0552931 0.149995 -0.140801 2.77004 0.213028 
3478 1926 2489 -0.353885 -1.62251 -1.51729 0.433369 0.0470013 -0.151338 2.24943 0.461433 
3479 2068 1733 0.353383 0.72916 0.314948 0.164748 -0.0293652 -0.116867 0.869336 0.204113 
3480 2068 1625 -0.567002 0.646419 0.543721 -0.0769882 -0.168012 0.119462 1.01734 0.22006 
3481 2068 1763 0.245574 -1.11677 -0.144208 0.0197448 -0.0223756 0.206903 1.15251 0.209044 
3482 2068 2299 -0.246475 -0.150588 -0.321154 0.0252473 0.0762716 -0.0551398 0.431934 0.0974433 
3483 2450 2299 0.0545663 -0.0546765 -0.0249762 0.0134563 0.0226594 -0.0202063 0.0811839 0.0332086 
3484 2260 2391 0.0828289 -0.76141 -0.335897 -0.180668 -0.0523746 0.0741715 0.836321 0.202201 
3485 2613 2483 0.0101086 -0.309537 -0.0529538 -0.19636 0.0104418 -0.0985207 0.314197 0.219938 
3486 2624 2483 0.0571171 -0.0475599 0.0394333 0.0430177 0.0341297 -0.0211456 0.0841385 0.058843 
3487 2263 1899 0.0134987 -0.819354 0.471254 -0.247974 -0.229385 -0.391722 0.945305 0.517257 
3488 2263 2299 0.165101 0.126785 -0.0166673 -0.0273758 0.0258 -0.0749207 0.208831 0.0838342 
3489 2447 2494 -0.492574 -0.24814 -0.0708858 -0.0753502 0.0860143 0.222498 0.556082 0.250163 
3490 2483 2115 -1.43103 -0.408978 0.229969 -0.0866714 0.150189 -0.272233 1.50598 0.322769 
3491 2483 2375 0.157443 -0.352707 -0.724403 -0.112194 0.025909 -0.0369993 0.820944 0.120945 
3492 2115 1980 0.0168932 -0.0256898 -0.0126479 0.0103468 0.0141713 -0.0149643 0.0332463 0.023061 
3493 2115 2002 -0.439873 -0.483525 -1.25922 -0.0962823 0.311115 -0.0858309 1.41877 0.336793 
3494 1933 2296 1.20433 -1.40394 -0.782086 -0.338591 -0.346936 0.101398 2.00827 0.495267 
3495 1933 1494 -0.226678 -0.475545 -0.237124 0.11363 0.124007 -0.357317 0.577714 0.394924 
3496 2391 1954 -0.395547 -0.251608 0.198561 0.0920994 -0.0453845 0.125959 0.509108 0.162505 
3497 2391 2396 -0.320945 -0.637864 -0.398992 0.0788896 0.0927602 -0.211752 0.817968 0.244268 
3498 1954 1980 -0.422819 -0.0535738 -0.123077 0.0227526 -0.117419 -0.0270535 0.443615 0.122625 
3499 1954 2104 0.348696 -1.29308 0.0230483 -0.424785 -0.115019 -0.0263811 1.33947 0.440872 
3500 1954 2396 0.22754 -0.168979 -0.519366 -0.112332 -0.103098 -0.0156702 0.591666 0.153275 
3501 2296 1494 -0.53754 -0.0672311 -0.0113913 -0.0132043 0.143682 -0.22491 0.541848 0.267214 
3502 2296 2150 -0.235584 0.852573 -0.790518 -0.552665 -0.303216 -0.162317 1.1863 0.650942 
3503 2296 1916 -0.252222 -1.57432 -1.2428 0.477024 0.187634 -0.334495 2.02155 0.612082 
3504 1494 2020 -0.280227 -0.017917 -0.126676 0.0142704 -0.0713401 -0.021478 0.30805 0.0758575 
3505 1494 2608 0.234012 0.0576773 -0.884784 -0.392011 -0.348424 -0.126394 0.917023 0.539488 
3506 1899 1458 -0.400085 -2.01711 0.236239 0.243581 0.0250219 0.626167 2.06993 0.672342 
3507 1899 2532 0.378872 -0.767866 -2.50021 0.650826 0.219695 0.0311511 2.64276 0.687613 
3508 1899 2265 -0.85603 -0.478088 -0.568834 0.064908 0.0616705 -0.149512 1.13355 0.17427 
3509 2616 2265 0.45281 -0.0584681 -0.0870133 -0.0583906 -0.227482 -0.151004 0.464786 0.279213 
3510 2616 2056 0.215245 -0.446833 -0.542194 -0.111024 0.0957562 -0.12299 0.734822 0.191369 
3511 2596 2333 -0.758279 -0.719634 -0.604426 0.280054 0.142245 -0.520697 1.20756 0.608103 
3512 2596 1988 0.249345 -1.29195 -0.0876271 0.154432 0.013581 0.239207 1.31871 0.285051 
3513 2333 2575 -0.0584339 0.178114 -0.0327757 0.0113534 0.0260418 0.121279 0.190299 0.124562 
3514 2333 2470 -0.234732 -0.53941 -1.13022 -0.240384 -0.213141 0.151648 1.27415 0.355261 
3515 2003 2104 -0.0563321 -0.0278655 0.00836939 -0.0186752 0.0297251 -0.0267294 0.0634022 0.0441226 
3516 1784 1399 -1.11359 -0.515932 0.273548 -0.074757 -0.011453 -0.325931 1.25742 0.33459 
3517 1784 1916 -0.482346 0.193912 -0.473601 0.027488 -0.302873 -0.152005 0.703248 0.33999 
3518 1784 2630 0.518752 -0.534461 -0.380148 0.0172193 0.0677579 -0.0717652 0.836221 0.100189 
3519 1669 1430 -1.46965 0.432322 -0.380059 -0.164418 -0.352704 0.234583 1.57836 0.454381 
3520 1669 1847 1.02462 -0.340529 -1.16186 0.286994 0.202487 0.193747 1.5861 0.401129 
3521 1430 1458 -1.47792 -0.355205 0.56454 -0.169133 0.402395 -0.189593 1.62146 0.475891 
3522 1458 1361 0.0656299 -1.27475 -0.155737 0.136532 0.0361011 -0.237961 1.2859 0.276712 
3523 1458 1591 -1.36241 -0.75047 -0.583867 -0.121674 0.319504 -0.126754 1.66141 0.364629 
3524 1458 2273 0.358084 -0.597652 -1.43628 -0.0207943 0.0940975 -0.0443393 1.59634 0.106079 
3525 2123 1607 0.194276 -0.376993 0.0683632 0.019929 0.052493 0.232841 0.429582 0.239515 
3526 2123 2319 0.211528 -0.544894 -1.46019 -0.00781218 -0.111854 0.0406085 1.57284 0.119254 
3527 2562 2451 0.11452 -0.82611 -0.786071 0.0938334 0.0221084 -0.00956423 1.14607 0.096876 
3528 2629 2105 -0.0472995 -0.284136 0.0302891 0.0825101 -0.00802525 0.0535645 0.289634 0.0986989 
3529 1988 2533 0.0672818 -0.900104 -0.580867 0.0690496 -0.129229 0.20825 1.07337 0.25463 
3530 2104 2017 -0.426015 -0.310839 -1.29036 -0.192583 0.0944519 0.0408292 1.39396 0.21835 
3531 1918 1867 -0.0795114 -0.593252 -0.20643 -0.0531172 0.0746232 -0.193998 0.633154 0.214535 
3532 1918 2630 -1.86996 0.449796 -1.16553 0.285205 0.203439 -0.37907 2.24889 0.516162 
3533 1399 1912 -1.11292 -2.19217 -0.820423 -0.841709 0.249471 0.475203 2.59178 0.998262 
3534 1399 1847 -0.339219 0.0665023 -0.426966 -0.247329 0.0761208 0.208356 0.549356 0.332232 
3535 1399 2302 1.00883 -0.721156 -1.4872 -0.0812421 -0.0248691 -0.043051 1.93638 0.0952478 
3536 1636 1912 1.19605 -0.247637 -0.578311 -0.0878109 0.598716 -0.437982 1.3514 0.746994 
3537 1361 1406 0.00658753 -0.732957 0.025422 -0.199232 0.00112647 0.0841045 0.733428 0.21626 
3538 1361 1402 0.722005 -0.71863 -1.12059 -0.429239 -0.18333 -0.158994 1.51441 0.493087 
3539 1591 1934 -1.96034 -1.61674 -2.42042 0.832217 -0.608836 -0.267351 3.5093 1.06524 
3540 2154 1853 0.317304 -0.141034 -0.208806 -0.0623395 0.0550022 -0.131882 0.405182 0.155898 
3541 2154 2303 -1.11423 -0.619398 -1.40434 -0.226083 -0.229262 0.280497 1.89667 0.427028 
3542 1466 2303 0.919829 0.440322 -1.55165 -0.316343 0.116672 -0.154422 1.85677 0.370852 
3543 1466 2225 -0.510047 -1.40983 -0.841744 -0.569963 0.489153 -0.473916 1.71939 0.888102 
3544 1867 2195 0.478216 0.149473 -0.778177 -0.29388 -0.225269 -0.223869 0.925522 0.4327 
3545 1867 1837 -0.551949 -0.108007 -0.994093 -0.140263 0.0853444 0.0686056 1.14216 0.177944 
3546 1912 2142 -0.864682 0.121825 -0.828798 0.281091 -0.521708 -0.369947 1.20392 0.698607 
3547 1912 1823 0.394418 -0.4 -0.228634 -0.171761 -0.00384232 -0.289584 0.606497 0.336712 
3548 1355 1406 -2.21966 -0.607636 -0.124234 0.048662 -0.105252 -0.354638 2.30468 0.373114 
3549 1355 1402 -0.554546 0.292413 -0.927569 0.261846 0.150528 -0.109091 1.11956 0.321127 
3550 1355 1358 0.753095 -0.457947 -1.33918 0.0687054 -0.251185 0.124532 1.60321 0.288656 
3551 1583 1830 0.881157 -0.223608 -0.559129 0.01105 0.244407 -0.0803296 1.06727 0.257507 
3552 1583 1750 -0.352011 -0.427111 -0.739019 -0.0220819 0.124025 -0.0611615 0.923301 0.140038 
3553 1873 1950 0.446611 -1.18197 -0.466232 -0.24261 -0.181891 0.228719 1.3468 0.379811 
3554 1873 1832 1.56654 0.832891 -2.13952 0.500918 -0.129533 0.316343 2.77944 0.606441 
3555 1873 2651 -1.07024 -0.16614 -1.17812 -0.356738 -0.816467 0.43921 1.6003 0.993371 
3556 2105 2364 0.341906 -0.122599 -0.304901 -0.0735162 -0.275036 0.0281517 0.474231 0.28608 
3557 2598 2498 -0.0235458 -0.046083 -0.0274105 -0.0178887 0.00581775 0.00558558 0.0585609 0.0196227 
3558 2372 2498 0.255265 -0.261533 -0.112438 0.0252739 0.0610027 -0.084515 0.382364 0.107251 
3559 2372 2442 -0.334155 -0.351638 -0.412867 -0.0243374 -0.0648972 0.0749703 0.636999 0.1021 
3560 1978 1788 0.363321 -1.00145 -0.361777 0.0220263 0.187998 -0.498288 1.12507 0.533029 
3561 1059 1632 -1.45786 0.680389 -4.02902 0.107352 -0.979974 -0.204335 4.33835 1.00679 
3562 1406 1350 0.15045 -0.495635 0.0774034 0.168519 0.0346922 -0.105409 0.523718 0.201775 
3563 1406 1830 -0.56035 0.215036 -0.568477 -0.0190169 0.177026 0.0857081 0.826679 0.1976 
3564 1406 1670 0.713065 -0.618315 -0.909958 -0.293451 -0.134486 -0.138573 1.31103 0.351287 
3565 1950 1643 0.340189 -1.21014 0.274256 0.25708 0.0107007 -0.271668 1.28661 0.374177 
3566 1369 2651 0.551591 0.31161 -1.11085 0.756713 -0.162007 0.3303 1.2788 0.841403 
3567 1369 2364 -0.27517 0.105926 -0.342327 -0.0529126 -0.0428585 0.0292706 0.451803 0.0741172 
3568 2308 1454 -0.0443097 -0.479882 -0.0102931 0.00837164 0.00281675 -0.16736 0.482033 0.167593 
3569 2308 2576 0.62791 -0.184875 -0.586572 -0.191874 -0.316103 -0.105767 0.878929 0.384608 
3570 2498 2592 0.31854 -0.289757 0.191694 -0.0572612 0.00414549 0.101418 0.471353 0.11654 
3571 2322 1788 -1.08636 -0.153422 -0.214724 -0.0299839 0.0563926 0.111405 1.11795 0.128414 
3572 2322 2442 0.221212 0.0337524 -0.195312 -0.0370585 0.0786708 -0.0283775 0.29702 0.0914752 
3573 1788 2139 -0.438576 0.791326 -0.782034 0.12657 -0.357345 -0.432573 1.19588 0.575183 
3574 1788 2334 0.530437 0.0889271 -0.6172 -0.100515 -0.154372 -0.108627 0.818662 0.213854 
3575 1545 2225 -0.0324449 0.00946923 -0.00625596 -0.00565597 -0.0198779 -0.000754575 0.0343726 0.0206807 
3576 1545 1864 -0.812715 -0.34528 -1.90569 0.564571 -0.481258 -0.153575 2.10033 0.757585 
3577 1347 1893 2.23364 -0.157773 -0.537688 -0.195048 -0.902046 -0.545575 2.30286 1.07209 
3578 1347 1801 0.0950893 -1.19101 -0.848061 0.0789743 -0.0421774 0.0680889 1.46518 0.112481 
3579 1347 2238 0.297071 0.199523 -1.72333 0.134209 -0.160596 0.00454179 1.7601 0.209341 
3580 1387 1575 -0.353617 -0.158642 -0.0837434 0.055949 -0.0296079 -0.180163 0.396517 0.19096 
3581 1387 1981 -0.329405 0.0369762 -0.859096 -0.0547243 -0.20071 0.0123443 0.920826 0.208403 
3582 1350 1575 0.885726 -0.569727 -0.734274 -0.074924 0.0872872 -0.158105 1.28384 0.195524 
3583 1350 1670 0.249787 0.462115 -0.819454 -0.370304 -0.257343 -0.258 0.97337 0.519533 
3584 1391 1870 -0.110993 0.207511 -1.07183 0.394146 -0.0796 -0.0562266 1.09736 0.406016 
3585 1337 1729 0.172972 -0.575366 -1.25337 0.226981 0.268341 -0.0918585 1.38993 0.36327 
3586 2284 1775 -0.242939 -0.290177 0.0398717 -0.00262474 0.0240237 0.158846 0.380542 0.160674 
3587 2284 2095 0.237442 -0.0802639 -0.201506 -0.00929096 0.121243 -0.0592415 0.321599 0.135262 
3588 2270 1549 -0.123356 -0.190875 0.0884545 -0.00707533 -0.0339766 -0.0831848 0.243874 0.0901342 
3589 2270 2325 -0.0732634 0.0862867 -0.308762 -0.0144418 0.0312196 0.0121514 0.328857 0.0364813 
3590 1454 2125 0.949466 -0.29147 -1.13357 -0.203971 0.119521 -0.201577 1.50712 0.310681 
3591 1475 1095 -0.00168878 -0.399046 0.036674 0.0812458 0.0235951 0.260478 0.400731 0.273873 
3592 1475 2281 0.567196 0.027869 -0.574715 -0.335956 0.104443 -0.326496 0.807951 0.479974 
3593 1475 1801 -1.58482 0.515472 -2.23208 0.112896 -1.11341 -0.337287 2.78559 1.16884 
3594 1348 1952 0.0113812 0.875583 -0.989719 -0.186097 -0.0125765 -0.0132662 1.32148 0.186993 
3595 1348 1944 -0.687226 -0.348489 -0.637903 0.0824653 -0.266747 0.0568835 1.00032 0.284939 
3596 1575 1981 0.257998 0.212667 -0.348658 -0.08641 0.0204009 -0.0514975 0.483066 0.10264 
3597 1575 1678 1.56602 -1.90675 -2.24188 -0.186156 0.911966 -0.905676 3.33379 1.29869 
3598 1575 1577 -0.645036 -0.660042 -0.716663 -0.509657 0.500312 -0.00206477 1.16848 0.71419 
3599 1673 2149 -0.51755 -0.0615542 -0.686158 0.0595418 0.0351532 -0.0480643 0.861662 0.084209 
3600 1673 1577 1.97606 -0.970286 -2.01314 0.49115 0.140852 0.414216 2.98312 0.657756 
3601 1968 1729 -0.00724397 1.12456 -0.679383 0.424041 -0.0788753 -0.135081 1.31387 0.451972 
3602 1968 2149 0.418782 0.0863922 -0.445415 -0.0828287 -0.127247 -0.102557 0.617444 0.183222 
3603 1968 1765 -0.677742 -0.336943 -2.2225 -0.176611 -0.58564 0.142643 2.34784 0.628103 
3604 1643 2095 -0.313954 -0.00670416 -1.15289 0.155917 0.308185 -0.0442514 1.19489 0.348205 
3605 1775 1549 -0.749909 0.237748 0.437503 -0.0862983 -0.222885 -0.0268006 0.900164 0.240507 
3606 1775 2307 -0.00045057 -0.634571 -0.622404 0.200524 0.0929137 -0.0948751 0.888857 0.240508 
3607 1775 2245 0.0242953 0.699119 -1.27251 0.256813 0.020735 0.016295 1.45212 0.258164 
3608 1666 2059 2.25306 -1.95767 -0.863304 -0.325113 -0.0219945 -0.798609 3.1071 0.86253 
3609 2060 2127 -0.285872 0.350943 -0.643494 0.0825084 0.103287 0.0196754 0.786745 0.133652 
3610 2060 2083 0.185367 -0.498908 -0.876358 0.104427 -0.379534 0.238156 1.02532 0.460076 
3611 1525 1370 -0.10485 -0.209941 0.0279397 -0.0850731 0.0473521 0.0365514 0.236324 0.103998 
3612 1525 1931 0.133897 0.137278 -0.432438 0.0350316 -0.239435 -0.0651617 0.47305 0.250604 
3613 1281 2281 -0.787215 1.85709 -1.72393 0.177011 -0.00114318 -0.0820621 2.65338 0.195112 
3614 1281 1921 -0.676792 -0.463868 -0.901656 0.578832 0.0612547 -0.465991 1.2191 0.745618 
3615 1661 1345 1.33911 -1.49243 -0.76479 -0.566344 -0.395018 -0.220798 2.14603 0.724938 
3616 1661 1564 -0.561125 -0.405985 -0.161801 -0.0489741 0.156201 -0.222091 0.711241 0.275901 
3617 1661 1944 1.00062 0.552747 -1.74728 0.326335 0.0803694 0.212307 2.088 0.397527 
3618 999 1564 2.45449 -1.23445 -1.73356 -0.297084 0.182975 -0.550927 3.24864 0.652119 
3619 999 1606 -2.15124 -1.51561 -2.51847 -0.632447 0.969513 -0.0432246 3.64247 1.15837 
3620 1243 1606 0.483037 -0.254934 -0.51685 0.077836 0.250321 -0.0507259 0.751964 0.267006 
3621 2059 2204 1.2872 -1.26235 -2.37426 0.361515 -0.270403 0.339762 2.9812 0.565022 
3622 1501 1514 0.114739 -0.402691 -0.116606 -0.139734 0.0159727 -0.192658 0.434652 0.238532 
3623 1501 2230 -0.411008 -0.788812 -4.39074 -0.96581 -0.0425852 0.0980581 4.47993 0.971708 
3624 1095 1966 -2.44214 0.0408058 -0.827269 0.290768 -0.0408253 -0.860377 2.57878 0.909099 
3625 1095 1119 0.112745 -0.352072 -0.146389 -0.118341 0.0348535 -0.174968 0.397613 0.214086 
3626 1095 1921 0.537497 -0.0601291 -1.07168 0.0584741 0.137341 0.0216217 1.20042 0.150828 
3627 1966 1345 -2.21218 -0.104458 -0.100657 -0.0188742 0.149217 0.259956 2.21693 0.300332 
3628 1966 1278 -0.029777 -0.0850613 0.00650286 -0.0364819 0.0145059 0.0226926 0.090357 0.0453465 
3629 1966 1354 0.585518 0.26045 -1.0592 -0.443636 -0.236668 -0.303434 1.23797 0.58728 
3630 1345 1446 -2.83473 -1.40278 -1.64935 0.467628 -0.217109 -0.61906 3.56704 0.805635 
3631 1564 1678 0.11998 0.459086 -0.462838 -0.0312246 -0.259417 -0.265408 0.662853 0.372443 
3632 1564 1446 0.94653 -0.792842 -0.905197 -0.38308 -0.366758 -0.0793375 1.53098 0.536242 
3633 1564 1569 -1.15708 -0.510914 -1.51736 0.482543 0.304473 -0.470488 1.97541 0.739534 
3634 1046 1676 1.8543 0.392544 -2.32531 -0.0303466 -1.16824 -0.221414 2.99993 1.18942 
3635 1552 1333 0.264679 -1.33347 -0.505785 -0.270784 0.0437449 -0.257033 1.45052 0.375903 
3636 1552 1761 0.277846 -0.0331383 -0.928531 0.056471 0.166191 0.0109667 0.969776 0.175866 
3637 1772 1805 -0.169853 -0.41871 -0.50304 -0.0574407 0.0781238 -0.0456319 0.676179 0.107168 
3638 1688 2183 0.106316 -0.549108 -0.415029 -0.0697872 0.125844 -0.184376 0.696471 0.233884 
3639 1688 2037 -0.191062 -0.100198 -0.0561928 0.0517548 -0.050521 -0.0858879 0.22294 0.112284 
3640 1905 2367 -0.153978 0.0124513 -0.272738 -0.0221476 0.0212476 0.0134738 0.31345 0.0335189 
3641 1877 1503 -0.177707 -0.0423661 -0.0242853 0.000436044 0.0232748 -0.0437939 0.184294 0.0495965 
3642 1877 2197 -0.621865 -0.359154 -1.84313 -0.282817 -0.158676 0.126341 1.97809 0.348031 
3643 1503 1879 -0.149795 -0.292649 -0.299624 0.0350522 0.147738 -0.161823 0.444811 0.221905 
3644 1514 2070 -0.558351 -0.148215 -0.41831 0.0893257 0.128236 -0.164667 0.713237 0.227021 
3645 1464 1782 0.151113 -0.0853403 0.0147128 0.017482 0.0248888 -0.035189 0.174168 0.0465117 
3646 1464 1611 -0.189108 -0.0384461 0.0179217 0.000777838 -0.00912047 -0.0113578 0.193807 0.0145872 
3647 1464 2070 0.380073 0.0686501 -0.368946 -0.225779 -0.127879 -0.256384 0.534125 0.364777 
3648 1464 1426 -1.67915 0.806428 -1.88117 -0.0762002 -0.491285 -0.142589 2.64739 0.517203 
3649 1464 1539 -0.494853 -2.55896 -1.82734 0.0762217 0.683 -0.977096 3.18313 1.19458 
3650 1119 1921 0.136452 0.694214 -0.435932 -0.0903491 0.0062501 -0.0183273 0.831017 0.0924009 
3651 1119 1529 -1.34823 -0.387563 -0.861023 0.0905106 0.350029 -0.299281 1.64599 0.469342 
3652 1119 1365 -1.54016 -4.4634 -0.0929287 -0.5095 0.156074 0.947936 4.72257 1.08744 
3653 1119 1938 0.903853 -0.276412 -3.12416 0.167085 0.397627 0.0131592 3.264 0.431506 
3654 1278 1445 0.308301 -1.03085 0.229161 0.13391 0.0732636 0.149411 1.1001 0.213596 
3655 1278 1529 0.656487 -0.173066 -0.569161 -0.123242 -0.0525385 -0.126175 0.88593 0.184035 
3656 1278 1419 -0.0853238 0.378033 -0.639707 -0.0673847 -0.0785883 -0.0374538 0.74794 0.110089 
3657 717 1680 0.370898 0.132239 -2.55647 -0.181564 -0.0532029 -0.0290939 2.58661 0.191423 
3658 1396 1103 -1.30178 0.34624 -0.056754 -0.0201147 -0.0620197 0.0830104 1.34823 0.105555 
3659 1396 1298 -0.129022 -1.92879 0.980924 0.112103 0.00529056 0.0251478 2.16774 0.115011 
3660 1396 1446 0.795256 1.035 -1.15128 -0.264917 -0.242478 -0.400981 1.74043 0.538296 
3661 1396 1722 -0.141141 -0.126812 -0.12765 0.0436848 0.0190134 -0.0671903 0.228685 0.0823675 
3662 1103 1606 -0.410364 0.620689 -0.140798 0.000534488 -0.042563 -0.189191 0.757283 0.193921 
3663 1103 1637 -1.64019 -1.37888 -0.743945 -0.225275 0.424055 -0.289304 2.26825 0.560596 
3664 1186 1637 0.0644648 -0.106973 -0.105937 0.011558 0.0105163 -0.00358588 0.163773 0.0160324 
3665 1333 1649 -0.283327 -0.915561 -0.515686 0.350864 -0.163543 0.0975867 1.08833 0.399218 
3666 1333 1671 -0.0069565 -0.0198983 -0.70304 0.0536997 0.0842504 -0.00291591 0.703356 0.0999514 
3667 1522 1894 0.0641723 1.33408 -1.24625 -0.158984 -0.548112 -0.594928 1.82676 0.824404 
3668 2171 1937 0.00723218 -0.0601558 0.00887526 0.0308325 -0.000672312 -0.0296813 0.0612355 0.0428028 
3669 1809 2309 3.15551 -1.25602 1.09481 -0.0496127 -0.442028 -0.36412 3.5684 0.574833 
3670 1809 2610 0.123685 0.175254 -0.255053 0.0568816 0.0540899 0.0647507 0.333263 0.101754 
3671 1809 2077 -1.59602 0.214026 -2.48532 -0.245003 0.304458 0.183554 2.9614 0.431756 
3672 1809 2460 0.212599 -0.399171 -0.300631 0.103454 0.0144455 0.0539794 0.543061 0.11758 
3673 1782 1689 -0.0636196 -0.378578 -0.958606 -0.13796 0.177835 -0.0610755 1.03262 0.233213 
3674 1611 1412 0.297008 -1.66699 -0.00480122 -0.0638012 -0.0121244 0.26283 1.69325 0.270735 
3675 1611 1368 -0.0677046 -0.195354 -0.470847 0.0231859 0.0250495 -0.013727 0.514241 0.0367899 
3676 1445 1587 0.800486 -1.25858 -0.142834 0.403225 0.173032 0.735121 1.4984 0.856115 
3677 1445 1764 0.050804 -0.105939 -0.506473 0.000468129 0.0110532 -0.00226504 0.519922 0.0112926 
3678 1445 1548 -0.865231 -0.866341 -0.60702 -0.0128872 0.382661 -0.527766 1.36662 0.652021 
3679 1298 1462 0.199342 -0.0216781 -0.227937 -0.074664 -0.0112951 -0.0642231 0.303583 0.0991307 
3680 1298 1408 -0.251706 -0.545217 -0.651089 -0.0132752 0.231653 -0.188852 0.885739 0.299173 
3681 1022 1722 0.149799 0.156207 -0.266112 -0.050909 -0.0400837 -0.0521866 0.34301 0.0831978 
3682 1022 1408 0.677697 -0.472691 -0.477292 0.0788375 0.281671 -0.167015 0.954211 0.33682 
3683 1394 1433 -6.3239 0.566379 2.22371 0.745172 0.75294 1.92739 6.72736 2.19932 
3684 1394 1637 2.66815 1.85427 -0.966836 -0.476599 0.398731 -0.550537 3.39 0.830195 
3685 1394 1810 1.7614 -2.00798 -0.667059 0.865445 0.620174 0.418399 2.75308 1.14397 
3686 1394 1535 0.671392 0.645189 -3.94193 0.45028 -0.674548 -0.0337135 4.05041 0.811729 
3687 1335 1649 1.10975 0.696956 -1.48528 -0.143379 -0.431689 -0.309694 1.98075 0.550294 
3688 1335 1818 0.682692 -1.12289 -1.02766 -0.170276 0.153904 -0.281282 1.66825 0.363042 
3689 1335 1741 -1.64026 -0.554359 -3.15106 -0.631272 0.594096 0.224086 3.59541 0.89536 
3690 1491 1507 0.042798 -0.199779 -0.0144616 -0.0337415 -0.00588449 -0.0185644 0.204823 0.0389584 
3691 1767 1937 -2.80831 -1.17023 1.10015 -0.0541418 -0.117243 -0.262918 3.23518 0.292922 
3692 1767 2037 -0.0375249 0.969645 -0.366568 0.207751 -0.179654 -0.496488 1.0373 0.567394 
3693 1767 1684 0.681555 -0.279666 -0.315354 0.00257648 0.262719 -0.227419 0.80136 0.347488 
3694 1767 2605 0.0773003 0.0525991 -0.570633 0.00218254 -0.0303424 -0.00250121 0.578242 0.0305235 
3695 2309 1994 4.9659 -2.50878 -0.0966696 0.619972 1.2396 -0.322503 5.56449 1.42302 
3696 2309 2010 0.0978971 -1.62192 -0.439079 -0.230149 -0.0606086 0.172569 1.68315 0.293976 
3697 1448 2214 0.0138636 -0.225198 -0.131456 0.0857746 -0.0159358 0.0363457 0.261127 0.0945105 
3698 1448 1879 -0.148056 0.345419 -0.576655 -0.144655 -0.097814 -0.0214507 0.688306 0.175934 
3699 1842 2275 -1.37092 -1.01183 -1.04239 0.136952 0.309875 -0.480905 1.99745 0.588259 
3700 1842 2113 0.214972 0.013505 -0.709823 -0.129643 -0.103271 -0.0412278 0.741784 0.170798 
3701 1412 1906 1.16513 -0.969352 -0.669669 -0.0502398 0.476384 -0.77698 1.65699 0.912778 
3702 1412 1539 0.641667 0.377065 -0.660368 0.10392 -0.158882 0.0102566 0.994988 0.190126 
3703 1412 1556 -1.51745 -1.38107 -2.94839 0.753205 -0.125469 -0.328881 3.59207 0.831399 
3704 1587 1455 0.878919 -1.47364 -0.231322 -0.1882 -0.0673483 -0.286033 1.73137 0.348955 
3705 1587 1365 2.01471 4.18778 -1.21025 -0.629917 0.365721 0.216861 4.80222 0.759984 
3706 1587 1743 -2.48219 -2.45441 -2.3429 0.349093 -0.509841 0.164259 4.20411 0.639363 
3707 1587 1979 0.598355 -0.111848 -2.01879 -0.566927 -0.34433 -0.148957 2.10856 0.679822 
3708 914 1506 -1.08579 -1.33656 -1.61399 -0.43651 0.29459 0.0497042 2.36015 0.528956 
3709 914 1462 -0.384365 0.459805 -0.782416 0.056412 0.0193516 -0.0163402 0.985562 0.0618369 
3710 914 1548 0.609404 -0.0521514 -0.85451 -0.304908 0.281686 -0.23464 1.05085 0.476835 
3711 1507 1388 -0.103639 -0.347719 0.11331 -0.0220416 0.0241373 0.0539107 0.380117 0.0630461 
3712 1507 1741 2.95724 1.56709 -2.43954 0.331103 -0.119853 0.324377 4.14154 0.478764 
3713 1507 1684 -0.752386 0.285976 -0.390586 0.152559 0.127864 -0.200256 0.894664 0.282357 
3714 1507 1792 0.897286 -1.33911 -0.97877 0.259812 0.372845 -0.271928 1.88582 0.529585 
3715 1937 1994 -4.58256 -2.43156 0.424615 -0.582452 1.1301 0.185561 5.20506 1.28484 
3716 1937 2034 0.198748 -0.419372 -0.570087 0.13915 0.0600309 0.00435103 0.7351 0.151609 
3717 1994 1713 0.465401 -0.530347 -0.194951 0.0576315 0.0910184 -0.110025 0.732032 0.153985 
3718 2010 2282 -0.556427 -0.379471 -0.238843 0.075124 0.0393354 -0.23751 0.714602 0.252195 
3719 2010 2460 -0.315411 0.332355 -0.343219 0.0143523 0.0869539 0.0710121 0.572489 0.11318 
3720 1927 2214 -0.185703 0.0620574 -0.12648 -0.00402048 0.0894095 0.0497717 0.233097 0.102408 
3721 2275 1906 -0.823947 -0.0253892 0.0535019 0.025605 -0.268385 0.266964 0.826073 0.379415 
3722 2275 1689 -0.0264813 0.247525 -0.130599 -0.0126416 -0.0791435 -0.147438 0.281116 0.167813 
3723 2275 1762 0.140009 -0.286487 -0.075996 -0.0307988 0.0281196 -0.162746 0.3278 0.168004 
3724 2275 2041 -0.29124 -0.350485 -0.864931 -0.236084 0.00978546 0.075529 0.977633 0.248064 
3725 1906 1600 1.57662 -2.42607 0.486819 -0.489199 -0.0165843 1.50168 2.93403 1.57944 
3726 1906 997 -0.369679 -0.270403 0.0498545 0.0420755 -0.0649071 -0.0400496 0.460723 0.0871048 
3727 1906 1539 -0.0727559 1.20395 -0.324166 -0.222774 0.011552 0.0929036 1.24895 0.241646 
3728 1906 1814 -0.480072 0.616498 -2.32179 0.321133 0.145818 -0.0276814 2.44975 0.353773 
3729 1128 1548 0.301675 1.54638 -0.853396 -0.372819 -0.268146 -0.617679 1.79181 0.769691 
3730 1506 1198 -1.80642 -0.812622 0.88909 0.120754 0.00733277 0.252045 2.17117 0.279575 
3731 1506 1720 -0.423937 -0.304874 -0.3912 0.169221 -0.0913211 -0.112213 0.652463 0.222637 
3732 1506 1695 -0.228303 0.440233 -0.847381 0.283064 -0.286245 -0.224974 0.981826 0.461166 
3733 1506 1344 0.446315 -0.124944 -0.518514 -0.0716908 0.151221 -0.0981473 0.69546 0.194011 
3734 1198 1408 -0.0258822 0.576095 -0.336311 0.128044 -0.185645 -0.32786 0.667578 0.397934 
3735 1265 1810 -1.48504 1.01623 -2.30571 0.487429 0.98533 0.120341 2.92478 1.10587 
3736 1265 1580 1.26968 -1.27475 -4.08348 0.0980148 0.109275 -0.00363679 4.46228 0.146837 
3737 1616 1108 -1.19806 -0.941291 0.510853 0.10944 0.0987091 0.438541 1.60697 0.462643 
3738 1616 1483 1.82271 -1.67969 -0.93459 -0.571422 -0.461203 -0.285537 2.64898 0.787885 
3739 1616 1717 -0.339828 0.124602 -2.4366 0.0510679 0.20555 0.00338901 2.46334 0.211826 
3740 1691 1395 -0.587542 0.648834 -1.22818 0.213591 0.0199804 -0.0916235 1.50818 0.233271 
3741 1388 2067 -0.361143 0.170486 -0.824675 0.0692655 0.180903 0.00706549 0.916285 0.193839 
3742 1388 2143 0.153619 -0.414828 -0.40601 0.0753822 0.0394212 -0.0117556 0.600438 0.0858761 
3743 1986 2138 0.0227789 -0.0957298 -0.0217568 -0.0197405 -0.00854957 0.0169502 0.100779 0.0273878 
3744 1986 2067 0.211346 -0.0560565 -0.161108 0.00438359 -0.1151 0.0457989 0.271598 0.123955 
3745 1713 2034 0.197794 0.238566 -0.226913 -0.036721 0.00581478 -0.0258953 0.384091 0.0453079 
3746 1713 2527 0.84757 -1.03209 -0.498097 0.233348 0.14586 0.094836 1.42537 0.291068 
3747 1713 2587 -0.179505 -0.127151 -0.0899535 -0.0279169 0.0558332 -0.0232119 0.237657 0.0665995 
3748 2282 1946 -0.338414 -0.24759 0.0426472 -0.00653677 0.0539386 0.261272 0.421478 0.266862 
3749 2282 2348 -0.101979 -0.158385 -0.236123 -0.0178371 0.0334659 -0.0147444 0.302058 0.0406881 
3750 1711 1528 -1.01873 -1.65126 -0.265091 0.42927 -0.297309 0.202292 1.95825 0.559989 
3751 1711 2255 0.469845 0.680871 -1.81916 -0.475785 -0.11595 -0.166281 1.99842 0.51717 
3752 1600 1648 0.188262 -1.92213 0.628992 0.546164 -0.0739785 -0.389541 2.03117 0.674915 
3753 1600 1828 -1.24624 0.0497625 -1.47429 -0.122155 0.12211 0.107381 1.9311 0.20338 
3754 1600 1543 -0.00396101 -0.204866 -0.182159 0.178724 0.0200733 -0.026462 0.274167 0.181784 
3755 997 1341 0.764237 -1.19937 0.134768 -0.332545 -0.18535 0.236256 1.42853 0.44806 
3756 997 1556 -0.378211 0.9215 -0.614194 -0.185994 -0.0572474 0.0286418 1.17023 0.196702 
3757 1455 2055 -0.71797 -0.709075 -0.941028 -0.164998 -0.156332 0.243685 1.37978 0.333236 
3758 1455 1951 0.552314 -0.040661 -1.5192 0.120051 0.472174 0.0310079 1.61699 0.488182 
3759 1554 1463 -0.563746 -0.77701 -0.743792 -0.28519 0.257687 -0.0530407 1.21441 0.388007 
3760 1108 1496 -1.65539 0.0439486 -1.41457 -0.230283 0.272422 0.277952 2.1779 0.452218 
3761 1108 1760 1.51551 -0.794123 -2.73713 -0.544064 0.487229 -0.4426 3.22789 0.853986 
3762 1836 1792 -1.26579 1.18403 -1.12457 0.721175 0.162948 -0.640174 2.06611 0.977992 
3763 1836 1496 1.58211 -0.284769 -0.568532 0.106984 -0.0178195 0.306641 1.70511 0.325257 
3764 1836 2285 -0.378335 -0.443901 -1.39282 0.318449 0.259713 -0.169273 1.51001 0.444426 
3765 2138 1812 0.225087 -0.385057 0.0557237 0.183291 0.0810796 -0.180106 0.449487 0.269458 
3766 2138 2067 0.110102 0.148264 -0.0752385 -0.00143744 -0.00632733 -0.0145721 0.199413 0.0159514 
3767 2138 2527 -0.854836 -0.11785 -0.0108436 -0.0549318 0.402793 -0.0471639 0.862989 0.409249 
3768 2138 2458 -0.0319029 -0.379946 -0.381884 0.168895 0.126999 -0.140464 0.539641 0.253741 
3769 2539 2241 -0.371892 -0.34343 -0.648204 0.0149566 0.199248 -0.114146 0.822445 0.230115 
3770 1946 1739 -0.210019 -0.214828 0.173966 0.0641379 -0.0390607 0.0291945 0.347165 0.0805713 
3771 1946 2233 -0.852577 -0.308795 -0.873099 -0.138167 -0.00361789 0.136199 1.25879 0.194045 
3772 1946 2348 0.178492 0.0241976 -0.338677 -0.036911 0.0575524 -0.0153411 0.383598 0.0700718 
3773 1528 1739 0.0636875 -0.0194135 0.0417961 0.0225097 0.0485757 -0.011737 0.0786123 0.0548091 
3774 1528 1762 -0.13044 0.308364 -0.115637 0.0349181 -0.0355384 -0.134157 0.354224 0.14311 
3775 1528 2233 0.900426 0.154436 -0.809161 0.190289 0.272475 0.263757 1.22039 0.424288 
3776 1528 2200 0.0292868 -0.116357 -0.100076 -0.0217624 0.0205541 -0.0302666 0.156243 0.0425693 
3777 1528 1647 -0.782388 -0.737652 -0.229626 -0.0290665 0.138212 -0.344955 1.09954 0.372748 
3778 1648 1543 -0.455289 0.845994 -4.13959 0.200741 -0.197112 -0.0623614 4.24961 0.288165 
3779 1648 2213 -0.81708 -0.800802 -0.78628 -0.11979 0.22966 -0.109419 1.38821 0.281187 
3780 1413 1662 0.502943 -2.28035 0.563065 0.0847381 0.19489 0.713594 2.40208 0.744566 
3781 1413 2055 -0.251071 1.1021 -2.86948 0.308798 0.805011 0.282167 3.08408 0.907203 
3782 1463 1416 0.0852487 -2.80888 1.34552 0.278868 0.156492 0.309021 3.11568 0.444692 
3783 1463 1743 0.663662 2.38278 -0.85565 0.641723 -0.119181 0.165845 2.6173 0.673437 
3784 1463 1359 -2.41702 0.123213 -1.37701 -0.0972624 -0.290648 0.144714 2.78448 0.338937 
3785 1634 1416 0.491199 -0.141636 0.0983451 -0.0498378 -0.173991 -0.00165925 0.520585 0.180996 
3786 1634 1359 0.0168472 0.235577 -0.257875 -0.00363306 -0.0747168 -0.0684935 0.349685 0.101426 
3787 1634 1786 0.435653 -0.977629 -1.1211 0.176239 -0.300435 0.330472 1.54998 0.480138 
3788 1634 1815 -0.588777 -0.109149 -0.820038 -0.0338393 0.0273436 0.0206567 1.0154 0.0481608 
3789 1816 1359 2.01584 0.0611923 -1.33305 0.226775 -0.271643 0.330461 2.41751 0.484171 
3790 1816 1720 -0.71438 1.60057 -1.48194 0.310742 -0.0519683 -0.205924 2.29528 0.376385 
3791 1418 1483 -0.870973 2.80278 -2.59192 0.25482 -0.20014 -0.30205 3.91564 0.442971 
3792 1824 2285 0.0870271 0.493818 -0.539794 0.396595 -0.100855 -0.0283251 0.736755 0.410197 
3793 1824 2143 -0.275997 0.240461 -0.0800579 0.0671825 0.0794013 0.00687915 0.374707 0.104237 
3794 1824 1811 1.79075 -0.0790203 -1.00898 -0.0638609 -0.40106 -0.0819314 2.05696 0.414295 
3795 1824 2011 -0.184459 -0.32361 -0.70807 0.335976 0.244913 -0.199458 0.80007 0.461135 
3796 1812 2099 0.107762 -0.325147 -0.474096 -0.193718 -0.135534 0.048921 0.584893 0.241432 
3797 2288 2527 0.108437 0.170691 -0.143612 0.0202505 0.0259535 0.0461377 0.248029 0.0566776 
3798 2288 2439 -0.0933147 -0.250026 -0.605798 0.133308 -0.144983 0.0393036 0.661976 0.200838 
3799 1328 1822 0.330443 0.973014 -1.098 0.290082 -0.0657717 0.0290152 1.50385 0.298857 
3800 1328 1781 -0.391756 0.0199725 -0.372828 0.221404 -0.177615 -0.24216 0.541177 0.373106 
3801 1328 1955 0.229921 -0.447502 -0.468537 -0.345453 0.110877 -0.275421 0.687495 0.455509 
3802 1662 1644 -0.451563 -0.396702 -0.037377 0.0806857 -0.0909909 -0.00905439 0.602228 0.121949 
3803 1662 1432 0.837831 -1.54803 -2.28695 -0.522841 -0.375553 0.062667 2.88592 0.646784 
3804 1416 1644 0.654149 -1.77308 0.16243 -0.555811 -0.131976 0.797763 1.89687 0.981208 
3805 1416 1778 0.892671 -0.420323 -2.65849 0.211803 0.425188 0.00389462 2.83568 0.475037 
3806 1414 1730 -1.13224 0.681998 -1.30447 0.806645 0.856767 -0.25221 1.85707 1.20347 
3807 1414 1527 -0.5288 -0.805325 -0.734818 -0.284572 -0.281041 0.512795 1.21167 0.650326 
3808 1472 1779 0.446373 0.487792 -1.51226 -0.353975 -0.5503 -0.281987 1.65049 0.712492 
3809 1338 1811 -1.0036 0.661498 -1.10102 0.0112251 -0.666089 -0.41042 1.63004 0.782461 
3810 1515 1759 -0.06266 -0.385184 -0.791663 0.0223984 0.126897 -0.0635147 0.882623 0.143662 
3811 2565 2527 -0.174193 0.395922 -0.034533 -0.121783 -0.045611 0.0913716 0.433924 0.158935 
3812 2565 2458 0.59886 0.389729 -0.875344 0.0908244 -0.0423705 0.0432722 1.12993 0.109164 
3813 2096 1754 -1.94331 -0.55399 -0.316443 0.155104 -0.36812 -0.308051 2.04536 0.504445 
3814 2096 2241 0.28321 0.268677 -0.461364 -0.0472633 -0.117931 -0.0976904 0.604361 0.160265 
3815 2096 2383 -0.200983 -0.245548 -0.69012 -0.0448789 0.10582 -0.0245813 0.759575 0.117543 
3816 1754 2200 -0.512083 0.524737 -0.927644 0.173491 -0.206044 -0.212324 1.18241 0.342979 
3817 1754 2117 -0.466395 -0.606701 -0.64647 -0.565958 0.324543 0.10373 1.00177 0.660603 
3818 1963 1871 0.126721 -0.176506 -0.186442 -0.0249996 0.0511411 -0.0654073 0.286309 0.0867093 
3819 1963 1998 -0.82613 -1.17186 -0.313463 0.173752 0.0672214 -0.709225 1.46766 0.733286 
3820 1963 1647 0.893976 0.74275 -1.50532 -0.581286 -0.401851 -0.543494 1.9018 0.891495 
3821 1484 1998 0.066361 -0.0493078 -0.0192602 0.008076 0.0268407 -0.0408886 0.0848881 0.0495734 
3822 1644 1859 -0.933508 -0.450011 -2.57503 0.368629 0.373234 -0.198862 2.77574 0.561014 
3823 1626 1786 0.00370113 1.41552 -3.33359 -0.020099 0.448152 0.190273 3.62167 0.487287 
3824 1681 1815 0.0761851 0.667266 -0.628082 -0.0181184 -0.275933 -0.295345 0.91953 0.404594 
3825 1461 1527 1.05995 0.135322 -1.11412 -0.189976 0.318493 -0.142055 1.54371 0.397125 
3826 1461 1983 -0.513457 0.037297 -1.00533 0.0238701 0.0618788 -0.0098956 1.12948 0.0670573 
3827 1415 1601 2.00046 -1.96392 -0.369565 0.109787 0.132553 -0.110128 2.82761 0.204333 
3828 1415 1851 1.1047 0.712848 -1.34924 -0.311832 -0.0934539 -0.304688 1.88387 0.445878 
3829 1415 2036 -0.933391 0.613416 -1.01585 0.240052 -0.321367 -0.414622 1.50979 0.576899 
3830 1415 1929 -0.205904 -0.41498 -0.383404 -0.152845 0.159456 -0.0905044 0.601335 0.238702 
3831 2185 1841 -0.812387 -0.908794 0.585293 0.0341207 0.211188 0.375274 1.3522 0.431967 
3832 2185 2099 0.61994 0.387973 -0.788347 0.132337 0.237694 0.221045 1.07533 0.350532 
3833 2176 2439 0.105969 0.106217 -0.166946 0.0156708 0.0526746 0.0434603 0.22446 0.0700641 
3834 2028 2117 0.0673104 0.141054 -0.794408 0.295427 -0.184781 -0.00777792 0.809636 0.348542 
3835 1871 2117 0.22803 -0.029647 -0.110397 0.0519419 0.0281031 0.0997415 0.255077 0.115914 
3836 1998 2249 -0.229198 -2.82139 0.523098 0.1428 -0.226518 -1.15919 2.87861 1.18971 
3837 1998 1771 -0.191881 0.659956 -2.71547 -0.293244 0.0978583 0.0445044 2.80109 0.312329 
3838 1490 1432 0.659602 2.89846 -1.11628 -0.81495 0.175099 -0.026898 3.17525 0.833982 
3839 1490 1568 0.0271693 -0.147337 -0.0328582 -0.0377842 0.00763881 -0.065495 0.153382 0.0759973 
3840 1490 1903 0.615378 -0.46348 -1.63824 -0.18919 -0.313647 0.0176689 1.81034 0.366714 
3841 1544 1687 -0.115316 0.108817 -0.188615 0.0531561 0.0126354 -0.0252089 0.246403 0.0601724 
3842 1785 1527 -0.961653 0.850849 -0.864159 0.440339 0.298196 -0.196415 1.54774 0.56692 
3843 1785 1541 0.0219745 -1.24195 -0.929196 -0.366486 0.0853254 -0.122712 1.55123 0.395791 
3844 1785 1542 0.983539 0.357183 -3.47471 -0.919044 0.831768 -0.174639 3.62885 1.25179 
3845 1601 2554 -0.231373 0.294404 -2.93245 0.390402 0.537736 0.0231832 2.95626 0.664915 
3846 2120 2036 0.56018 0.565971 -0.498528 0.23929 -0.435174 -0.225164 0.939497 0.545285 
3847 2120 1759 -0.509338 0.278408 -0.391468 0.131495 0.333036 0.0657639 0.700131 0.364045 
3848 2120 2246 -0.221594 -0.644334 -1.68713 0.393742 -0.0735761 -0.023616 1.81953 0.401253 
3849 1825 2198 0.436037 -0.52012 -0.440875 0.121161 0.0459406 0.0656337 0.809336 0.145253 
3850 1841 2574 -0.131217 0.159162 -0.243263 0.026405 -0.0143894 -0.0236576 0.318948 0.0382617 
3851 1841 2046 0.670648 -0.298675 -0.601906 0.104437 -0.204151 0.217667 0.949351 0.316171 
3852 2249 2606 -0.39658 -0.573153 -0.433091 0.0107729 0.0391108 -0.0616241 0.820578 0.0737783 
3853 2249 1683 -0.854743 0.928594 -3.07743 -0.0692654 -0.451393 -0.116967 3.32618 0.471418 
3854 1493 1776 0.257459 -2.00053 0.421959 -0.39046 0.015284 0.310703 2.06069 0.499228 
3855 1493 1687 0.201661 0.316639 -0.165876 -0.0297233 -0.0366449 -0.106087 0.410417 0.116106 
3856 1493 1967 0.0270849 0.101742 -1.57751 0.136639 0.154053 0.0122818 1.58102 0.206285 
3857 1804 1923 -0.191351 -0.630303 -0.385262 0.297953 0.0976156 -0.307689 0.763101 0.439291 
3858 1449 1948 -0.396272 0.0918404 -0.0937851 0.0641576 -0.013397 -0.284206 0.417447 0.291666 
3859 1449 2262 -0.135573 -0.231718 -0.120793 0.0825904 0.0469983 -0.182853 0.294388 0.206071 
3860 1449 2653 0.272481 -0.232045 -1.46219 -0.00833243 0.056255 -0.0104803 1.50535 0.0578264 
3861 1948 2198 -0.295687 0.0308091 -0.12761 -0.0547597 0.147648 0.162531 0.323518 0.226307 
3862 2038 2553 -0.574913 0.16664 -0.21522 0.0559157 -0.0638379 -0.198795 0.636093 0.216151 
3863 2553 2301 0.195538 1.6625 -1.21022 0.105993 -0.168564 -0.214434 2.06561 0.292627 
3864 2553 2399 -0.469436 -0.429775 -0.867743 -0.0837563 0.0159824 0.0373951 1.07613 0.0931072 
3865 2606 1977 -0.382871 -0.376288 -0.039585 0.0341133 -0.0411084 0.0608218 0.538284 0.08095 
3866 1524 2098 0.229167 -0.519239 -0.243685 -0.0342719 0.154749 -0.361967 0.617664 0.395148 
3867 1524 1878 -0.898353 -0.141113 -1.02235 0.0753959 0.230496 -0.0980664 1.36826 0.261591 
3868 1776 1995 1.18498 -0.670132 0.220323 0.2561 0.205942 -0.751004 1.37905 0.81976 
3869 1776 1942 -0.0247225 -1.75665 0.604905 0.12739 -0.0682528 -0.193 1.85805 0.241113 
3870 1594 1541 0.00900492 1.13079 -0.763166 -0.124234 -0.42869 -0.636659 1.36425 0.777524 
3871 1594 1913 0.0831284 -0.449532 -0.388773 0.0100211 0.27577 -0.316727 0.600111 0.420078 
3872 2227 1910 -0.178569 -0.752002 0.439654 -0.00416401 0.0943087 0.159618 0.889207 0.185444 
3873 2227 2042 0.332953 0.506994 -0.302982 -0.0828928 0.0359325 -0.0309649 0.678011 0.0955049 
3874 2262 2625 0.0989931 -0.266362 -0.127138 -0.145075 -0.110374 0.118281 0.311308 0.217301 
3875 1977 1964 0.424572 -0.634462 0.232549 -0.251278 -0.0222627 0.398027 0.798049 0.471234 
3876 1977 2397 -0.473028 0.405785 -0.785199 0.219455 0.148636 -0.0553921 1.00247 0.270779 
3877 2098 2393 0.00275105 -0.121393 -0.116347 -0.0681358 -0.0644108 0.0655933 0.168167 0.114428 
3878 2098 2165 -0.590025 -0.330195 -0.173998 -0.0347227 -0.10996 0.326414 0.698165 0.346184 
3879 2098 2397 0.876368 0.335554 -1.16912 0.208852 0.000656314 0.156744 1.49915 0.261129 
3880 1995 1942 -1.21972 -0.64229 0.231754 -0.24709 0.447568 -0.0600309 1.39784 0.514756 
3881 1995 1878 0.458731 0.87839 -1.047 -0.285787 -0.120274 -0.226119 1.4416 0.383758 
3882 1995 1783 -0.756287 -0.309129 -1.06634 0.0264119 -0.00696171 -0.0167141 1.34336 0.0320221 
3883 1995 2165 0.516277 -0.61988 -0.64224 0.187775 0.36108 -0.197562 1.03115 0.452403 
3884 1942 1719 -0.135982 -0.206463 -0.317353 -0.159786 0.219547 -0.0743668 0.402282 0.281536 
3885 1738 1923 -0.236955 1.06664 -0.591098 0.432961 -0.270927 -0.662451 1.24228 0.836479 
3886 1738 2048 0.0791933 -0.374338 -0.479762 0.26821 0.152787 -0.0749405 0.613654 0.317642 
3887 1964 2289 -0.122786 -0.0187078 -0.0428431 -0.0261271 0.00365325 0.0732837 0.131385 0.0778875 
3888 1964 2266 -0.13906 -2.42571 0.941392 0.166847 -0.181609 -0.443311 2.60569 0.507292 
3889 1964 2135 0.582024 0.450707 -0.848405 -0.205103 0.0955188 -0.0899613 1.12325 0.243483 
3890 2289 2133 -0.0207996 -0.148247 0.107006 -0.0490294 0.0247702 0.0247867 0.184011 0.0602646 
3891 2289 2393 -0.347205 0.215941 -0.359757 -0.0233788 0.0546477 0.0553648 0.544617 0.0812293 
3892 1745 1719 2.11495 0.680085 -1.09285 -0.41717 0.465809 -0.517457 2.47585 0.811647 
3893 1745 2048 -0.454331 0.267122 -0.567039 0.0131193 0.0738031 0.0242556 0.774148 0.0787867 
3894 1745 2192 0.0863462 -0.101812 -0.0555132 0.00643542 0.0033612 0.00384525 0.144579 0.00821573 
3895 1840 1917 -0.713202 0.112383 -0.777718 0.254341 0.51741 -0.158475 1.06119 0.597927 
3896 1910 1917 0.834201 -0.393269 -0.973464 -0.0845363 0.0600846 -0.0967161 1.34096 0.141812 
3897 1910 2625 -0.619585 0.109162 -0.740065 0.37682 0.358564 -0.262585 0.971339 0.582677 
3898 2035 1936 1.34528 -2.10333 1.46047 -0.39962 -0.294093 -0.0554451 2.89254 0.49926 
3899 2035 2165 0.450606 2.57586 -0.856449 0.147232 -0.272311 -0.741539 2.75165 0.803561 
3900 2035 2166 -1.27778 0.0305076 -1.04513 0.138099 0.3559 -0.158451 1.65105 0.413332 
3901 2173 2640 -0.474878 0.271615 -0.157917 0.181293 0.213204 -0.178466 0.569405 0.331923 
3902 2640 2625 -0.134864 0.444016 -0.129463 -0.210783 -0.0939149 -0.102522 0.481766 0.252508 
3903 2640 2416 0.0667229 0.0944634 -0.238192 -0.102974 0.0203593 -0.0207711 0.264784 0.107003 
3904 2266 2133 -1.40107 -0.0241348 -0.149158 -0.0615457 -0.139271 0.600646 1.4092 0.619645 
3905 2133 2074 -0.245067 -0.690308 -0.0668724 0.398982 -0.136426 -0.0538546 0.735564 0.425087 
3906 2133 2647 -0.295675 -0.152377 -0.458418 -0.00932648 0.170962 -0.0508117 0.566383 0.178597 
3907 1794 2499 0.522662 -0.0566886 -0.381228 -0.012063 0.010575 -0.0181109 0.649403 0.024194 
3908 1891 2581 0.351229 0.167889 -0.503508 -0.219367 0.309956 -0.0496711 0.63645 0.382965 
3909 1891 2252 -0.0919544 0.0379855 -0.0860606 -0.0228065 0.0127499 0.0299959 0.131548 0.0397801 
3910 2492 1755 -0.637246 -0.4881 0.437368 0.024916 0.0132543 0.0510943 0.914119 0.0583704 
3911 2074 1755 0.388492 -0.441682 0.462869 -0.0146589 -0.384612 -0.354704 0.748503 0.523408 
3912 2209 2192 0.0501339 0.21597 -0.1191 0.063119 0.000425878 0.0273415 0.251677 0.0687877 
3913 2489 2150 1.06395 -0.602708 -0.372311 -0.254912 -0.468989 0.0307564 1.27822 0.534674 
3914 2489 2398 -0.629117 -0.660074 -0.679561 -0.118172 0.173369 -0.0589973 1.13723 0.21795 
3915 2150 2078 0.252188 -0.325001 -0.228357 0.0196044 0.0765256 -0.0872621 0.470501 0.117708 
3916 2150 2608 -0.24769 -0.358856 -0.147016 -0.00540964 0.111532 -0.263129 0.460154 0.285841 
3917 2398 2258 -0.827892 -0.265357 -0.155661 0.0818074 -0.230293 -0.0425153 0.883204 0.248062 
3918 2375 2432 -0.0365572 -0.351217 -0.237025 0.107784 -0.0293558 0.0268748 0.425289 0.114897 
3919 2002 2078 -0.517642 0.280104 -0.527517 0.0146385 -0.291047 -0.168906 0.790371 0.336826 
3920 2002 2476 -0.0614759 -0.171466 -0.125748 -0.0163523 7.00109e-05 0.00789885 0.221342 0.0181602 
3921 2020 2411 0.0569853 -0.639748 -0.327987 0.0738325 0.120671 -0.222544 0.72118 0.263702 
3922 2532 2258 0.619375 0.757045 -0.462737 0.296474 -0.402455 -0.261591 1.08207 0.564177 
3923 2532 2583 0.560189 -1.00062 -0.914112 -0.417015 0.0755162 -0.338219 1.46651 0.542214 
3924 2265 2056 -0.581222 -0.411435 -0.46975 0.16473 -0.295378 0.0548888 0.85309 0.342632 
3925 2396 2664 0.370263 -0.527569 -0.2658 -0.150919 -0.115525 0.0190651 0.697189 0.191013 
3926 2396 2432 -0.363205 -0.021317 -0.281279 0.0199921 0.02075 -0.0273876 0.459881 0.0397534 
3927 1916 1847 -0.491242 -0.339627 0.0683961 -0.155048 0.260844 0.181639 0.601118 0.353656 
3928 1916 2476 0.617878 -0.23731 -0.322158 -0.108952 -0.216602 -0.0494087 0.736122 0.247444 
3929 1916 2001 -0.0863605 -1.19354 -1.30545 -0.0228642 0.252069 -0.228948 1.77093 0.34129 
3930 1847 2169 -0.0854345 -0.0951779 -0.370361 0.155252 0.0213034 -0.0412881 0.391823 0.162055 
3931 2411 1346 -0.328508 -0.499001 0.385735 0.177848 -0.0637903 0.0689407 0.711133 0.201126 
3932 2411 2129 0.177612 0.316431 -0.335682 0.119082 -0.236624 -0.160046 0.494325 0.309494 
3933 2056 2319 -0.0791367 -0.0184924 0.0125818 -0.0021785 0.0157064 0.0093825 0.0822368 0.0184246 
3934 2056 1934 -0.106323 -0.771648 0.0985094 -0.329074 0.0507314 0.0422142 0.785143 0.335627 
3935 2056 2622 0.175653 -0.356777 -0.685312 0.00904837 0.0263813 -0.0114151 0.792336 0.0301356 
3936 2319 2667 0.151655 -0.686896 -0.798122 -0.0416262 0.0253615 -0.0297367 1.06387 0.0570983 
3937 2664 2303 -0.210579 -0.60624 0.135422 0.242555 -0.0743536 0.0443116 0.655903 0.257536 
3938 2664 2470 0.145267 -0.0211903 -0.0277707 0.0160445 -0.0222687 0.10092 0.149408 0.104586 
3939 2017 2253 -0.668798 -0.00526929 -0.39701 0.0836232 -0.0514069 -0.140189 0.777776 0.171138 
3940 2017 2195 -0.0531968 -0.142723 -0.0738512 0.00931895 0.0244296 -0.0539247 0.169274 0.0599294 
3941 2630 2302 -0.722772 -0.105366 -0.07035 0.0342478 -0.114632 -0.180171 0.733791 0.216275 
3942 2630 2476 -0.482149 0.611892 -0.677977 -0.150692 -0.016314 0.0924419 1.03273 0.177538 
3943 2630 2253 0.450757 -0.0926218 -0.481213 -0.18798 -0.0376762 -0.168831 0.665827 0.25546 
3944 2302 2382 0.432505 -1.12661 -0.984076 -0.205299 0.190107 -0.307871 1.55715 0.41602 
3945 1346 2273 -0.3843 0.134451 -0.0901579 0.0560519 0.161149 0.00139591 0.417003 0.170625 
3946 1346 2142 1.01971 -0.550163 -0.482045 -0.218893 -0.0206463 -0.43948 1.25494 0.491409 
3947 1346 1737 -0.0404475 -0.381299 -0.852052 0.39993 -0.0270281 -0.00688966 0.934354 0.400901 
3948 2273 2583 0.324741 0.247012 -0.514896 -0.0471374 -0.109493 -0.0822562 0.656955 0.144833 
3949 2273 2280 -0.395557 -0.350854 -0.289118 0.137368 -0.0102589 -0.17549 0.602622 0.223097 
3950 1934 1832 -2.41333 -0.567532 0.46977 0.141393 -0.00962232 0.71475 2.52328 0.728664 
3951 1934 2047 1.00701 -2.85784 -2.47934 -0.304466 0.500609 -0.700694 3.91516 0.91339 
3952 2451 1832 0.209314 -0.110418 0.0843217 -0.00879238 -0.00577685 0.0142608 0.251226 0.0177214 
3953 2451 2649 0.114236 -0.738433 -0.410424 -0.086675 -0.0287989 0.0276899 0.852514 0.0954393 
3954 2533 1853 -0.248038 -0.00124848 -0.0408606 0.0236899 0.0384353 -0.14498 0.251385 0.151848 
3955 2533 2033 -0.169807 -0.212319 -0.385918 0.0340778 -0.0858692 0.0322478 0.472066 0.0978506 
3956 2303 2080 0.383003 -0.0272765 -0.292939 -0.0724259 -0.23704 -0.0726218 0.482958 0.258277 
3957 2303 2195 -1.01806 -0.0692578 -0.311734 0.182845 -0.0523089 -0.585517 1.06697 0.615629 
3958 2303 2572 -0.271422 -0.637517 -0.854621 0.104682 0.0289711 -0.0548577 1.10022 0.121684 
3959 2142 2169 0.0877486 0.175101 -0.201736 0.0637834 -0.0973261 -0.0567326 0.281172 0.129458 
3960 2142 2159 0.180762 -0.028424 -0.0667617 -0.0352065 -0.097807 -0.0536824 0.194782 0.116994 
3961 2142 1874 -0.00379965 -1.10568 -1.03478 -0.0798023 0.18142 -0.193556 1.51437 0.27703 
3962 1402 1737 0.317677 0.199485 -0.405864 -0.148882 0.050788 -0.09157 0.552665 0.182017 
3963 1402 2524 -0.622299 -0.588034 -1.11636 0.443626 -0.110533 -0.189071 1.40687 0.494742 
3964 1830 2280 0.139956 0.583211 -0.456178 0.164644 -0.0785601 -0.0499239 0.753539 0.189134 
3965 1830 1870 -0.00686172 -0.103271 -0.0866368 0.00941596 0.0152194 -0.0188872 0.134974 0.0260195 
3966 2651 2390 0.0800807 -0.981936 -0.609819 -0.180259 0.213871 -0.368049 1.15866 0.462271 
3967 2364 2576 -0.198683 -0.218071 0.00949309 0.126067 -0.11971 -0.111435 0.295161 0.206497 
3968 2139 2080 -0.0320343 0.434335 -0.335121 -0.101047 0.189989 0.255895 0.549526 0.334348 
3969 2139 2314 -0.120659 -0.330628 -0.507498 -0.0668427 0.151692 -0.082933 0.617599 0.185354 
3970 1823 2159 -0.754602 1.05314 -1.12064 0.0973992 -0.539813 -0.572884 1.71299 0.793146 
3971 1632 1358 -1.21906 0.402461 0.173079 0.0696663 0.0624451 0.345482 1.29539 0.357925 
3972 1632 1952 0.461649 -0.256517 -0.109988 0.0333313 0.113458 -0.124709 0.53946 0.171861 
3973 1632 1874 -0.833402 0.798623 -1.30678 -0.160884 -0.320771 -0.0934316 1.74357 0.37082 
3974 1632 2274 0.0343735 -1.84499 -1.83272 0.257864 0.76184 -0.762102 2.60077 1.10801 
3975 1358 1670 -0.345548 -0.17478 0.0339459 -0.0313538 0.0266609 -0.181891 0.388721 0.186489 
3976 1358 1981 0.00664159 -0.0785831 -0.0308685 0.0315759 0.00294181 -0.000695296 0.0846894 0.0317203 
3977 1670 2292 -0.398452 -1.05322 -1.39122 0.313978 0.363576 -0.365169 1.78984 0.603422 
3978 1750 1989 -0.350349 -0.220652 -0.336014 0.00519063 -0.0807461 0.047612 0.533232 0.0938817 
3979 2325 2576 -0.177172 0.0394612 0.132306 0.0423872 0.0935967 0.0288454 0.224615 0.10672 
3980 2325 2390 0.0341974 0.00262383 -0.0027667 0.00100605 0.00997914 0.021899 0.0344093 0.0240865 
3981 2576 2125 -0.1104 -0.612646 -0.066435 0.333051 -0.0499705 -0.0926384 0.626049 0.349288 
3982 2442 2127 -0.178858 -0.323903 0.0222114 -0.00163749 -0.00545075 -0.0926726 0.370671 0.0928472 
3983 2334 2127 0.21365 -0.266705 0.126986 0.154896 0.138698 0.0306965 0.364559 0.210171 
3984 2334 2033 0.045138 0.320326 -0.11432 0.117737 0.00430259 0.058543 0.343097 0.131559 
3985 2334 2453 -0.137087 -0.293395 -0.303147 0.0668054 0.0227625 -0.0522406 0.44359 0.0878076 
3986 2225 1893 -0.622875 -0.144951 -0.0318976 0.0956738 -0.419162 0.0365227 0.640314 0.431491 
3987 2225 1935 -0.476859 0.0376222 -0.875876 -0.0924961 -0.385118 0.033816 0.997982 0.397511 
3988 1893 2281 0.817447 -1.99924 -0.570491 0.353545 0.061286 0.291817 2.23397 0.462501 
3989 1893 1935 0.240425 0.128276 -0.402127 0.106416 0.163635 0.115823 0.485763 0.226971 
3990 1952 1949 -0.0343348 0.710147 -0.71966 0.350738 0.0258513 0.00877598 1.01163 0.351799 
3991 1981 2222 -0.280639 -0.194989 -0.660408 0.0982204 0.206576 -0.102731 0.743585 0.250748 
3992 1729 1870 1.14991 0.69634 -0.543631 -0.243776 0.148531 -0.325391 1.45007 0.432859 
3993 1729 2122 -0.0791131 -0.0682191 -0.779228 -0.0263035 -0.0574641 0.00770134 0.786199 0.0636655 
3994 2590 2083 -0.358981 -0.436926 -0.110032 0.0765849 -0.00733656 -0.220726 0.576089 0.23375 
3995 1931 1939 0.904963 -0.391452 0.630286 -0.0127693 0.211023 0.149394 1.17024 0.258868 
3996 1931 2453 0.157885 0.0232869 -0.10748 -0.0343978 -0.0237787 -0.0556815 0.192411 0.0696352 
3997 1931 1849 -0.75103 -0.170129 -0.619171 -0.0974272 0.245576 0.0506988 0.98811 0.269017 
3998 1429 2281 -0.548418 0.0394437 -0.11923 -0.0180451 0.303468 0.183395 0.562613 0.355038 
3999 1429 1864 0.0497647 0.197806 -0.166362 -0.06562 0.06184 0.053899 0.263211 0.105049 
4000 1429 1708 -0.443829 -1.03037 -0.833785 0.675297 -0.172176 -0.146693 1.3978 0.712172 
4001 2281 2030 0.736729 0.298188 -1.49394 0.137671 -0.00625758 0.0666424 1.6922 0.15308 
4002 2281 1798 -0.616147 0.375089 -0.850364 -0.0159633 -0.276572 -0.110427 1.1151 0.29823 
4003 1801 1712 -1.28018 -0.282098 -1.00776 0.20964 0.185219 -0.318156 1.65349 0.423649 
4004 1801 1354 0.186896 -1.96766 -0.584521 -0.41384 0.232602 -0.915327 2.06114 1.03111 
4005 1944 2274 -0.0606768 0.320901 -0.252746 0.225205 -0.0323587 -0.0951497 0.412964 0.246613 
4006 1944 1712 0.695955 0.0754515 -0.607836 -0.268024 -0.0759463 -0.316308 0.927098 0.421492 
4007 1944 2103 0.0267784 -0.306853 -0.298927 0.0970627 0.0349132 -0.0271439 0.429224 0.106662 
4008 2149 1727 -0.195395 -0.199764 -0.705484 0.0655208 0.131239 -0.0553084 0.75881 0.156766 
4009 2095 1862 -0.410186 -0.649408 0.269238 0.218002 0.0518374 0.457161 0.813924 0.509125 
4010 2095 1989 0.0838608 0.865318 -0.49889 0.125534 -0.00532247 0.0118698 1.00235 0.126206 
4011 2095 2161 -0.125929 -0.0744724 -1.16388 0.198677 0.184719 -0.0333159 1.17304 0.273319 
4012 2125 2130 0.898243 -0.392991 -1.18349 0.062825 -0.412063 0.184513 1.53686 0.455837 
4013 2083 2197 0.195116 -1.30132 -0.109575 -0.185108 0.000900262 -0.340306 1.32042 0.387393 
4014 1939 2438 0.274228 -0.214857 -0.43781 -0.0618944 -0.0199291 -0.0289881 0.559501 0.0711927 
4015 1678 1797 1.42615 -0.0165704 -3.38414 0.0465059 -0.76282 0.0233337 3.67241 0.764593 
4016 1577 1569 0.412568 -1.55029 -0.208673 0.243154 0.0628977 0.0134564 1.61776 0.251517 
4017 1577 2292 -0.0929816 0.801186 -0.388429 0.482447 -0.0693659 -0.258564 0.895222 0.551745 
4018 1577 1861 0.395859 -0.203206 -0.91588 -0.131147 -0.0231179 -0.0515549 1.01825 0.1428 
4019 1676 1606 2.29986 -0.126743 0.738752 0.125324 0.598377 -0.287496 2.41892 0.675585 
4020 1676 2320 0.00343798 0.000761997 -0.00299926 0.00152901 0.00180468 0.00221117 0.00462557 0.0032379 
4021 1676 2207 -1.29251 -0.869553 -1.4026 0.476206 0.224626 -0.578087 2.09619 0.781929 
4022 1676 1790 0.249256 -0.683113 -0.365468 -0.0378558 0.0631121 -0.143784 0.813842 0.161524 
4023 1862 1894 -0.216265 -1.17059 0.240436 -0.0296358 -0.087138 -0.450896 1.21443 0.460194 
4024 1862 2119 -0.0168024 -0.181129 -1.35794 0.208734 0.00665668 -0.00347067 1.37007 0.208869 
4025 2307 2079 0.322654 -0.353812 -0.269526 -0.181751 -0.207051 0.0542217 0.549484 0.280791 
4026 2242 2130 0.0356626 0.365251 -0.476705 0.0015866 0.0559764 0.0430077 0.601605 0.0706084 
4027 2204 2518 1.87149 -0.849119 -0.956895 -0.263505 -0.0953866 -0.430718 2.26697 0.51386 
4028 2204 2578 -0.1037 -0.383788 -0.332321 0.14894 -0.238569 0.22904 0.518155 0.362708 
4029 1808 2438 -0.00882321 0.133974 -0.245249 0.0307116 -0.0695478 -0.0390975 0.279596 0.085491 
4030 2230 2164 0.246382 -0.282105 -1.60597 -0.0123232 0.042491 -0.00935457 1.64906 0.0452201 
4031 2230 1789 -2.14428 -0.490273 -0.732223 0.333287 0.234617 -1.1331 2.31828 1.20418 
4032 2230 2081 0.281772 -0.303486 -0.1197 -0.0823679 -0.0070315 -0.176066 0.431076 0.194507 
4033 1921 1708 0.969575 0.289201 -0.311992 -0.114385 -0.254072 -0.590985 1.0588 0.653376 
4034 1921 2626 -0.106494 0.53872 -1.38214 -0.206828 -0.199006 -0.0616308 1.48724 0.293563 
4035 1446 2186 -1.40938 -0.315201 -2.12991 0.407798 0.101521 -0.284867 2.57337 0.507696 
4036 1446 1744 0.531787 -0.391975 -1.01333 -0.0808797 0.271706 -0.147546 1.20966 0.319587 
4037 1446 1635 -0.385967 -1.76203 -0.63159 -0.338511 0.105885 -0.0885377 1.91119 0.365568 
4038 1569 2186 1.12059 -0.651737 -1.11117 -0.356537 0.0619764 -0.395911 1.70739 0.536382 
4039 1569 1622 -0.576361 -1.10534 -0.414946 -0.201188 0.0108676 0.2505 1.31383 0.321473 
4040 1606 2320 -0.525288 0.549666 -2.41456 0.321029 -0.0527271 -0.0818431 2.53143 0.335467 
4041 1761 1765 0.306181 0.391307 -0.274 0.0135819 -0.0851255 -0.106393 0.567401 0.136931 
4042 1761 1671 -0.0168368 -0.134992 -0.0577518 0.0401693 -0.0198834 0.0347658 0.147789 0.0567238 
4043 1894 1848 -0.212212 -0.724793 -0.307704 0.0475941 0.023793 -0.0888679 0.8155 0.10358 
4044 1894 2079 -0.121604 -0.122748 -1.11263 -0.0973458 0.363099 -0.0294185 1.12597 0.377071 
4045 2197 2610 0.297267 -0.186092 -0.03777 -0.0301452 -0.0343533 -0.0679976 0.352738 0.0819301 
4046 2197 2077 -0.116633 -1.69984 -0.313525 -0.137376 0.0245911 -0.0822212 1.73244 0.161979 
4047 2197 2656 -0.8712 0.454065 -1.04802 -0.0399215 -0.345245 -0.116395 1.43649 0.366519 
4048 2070 1789 -0.125193 0.187794 -0.110939 -0.109238 -0.0733112 -0.000825523 0.251491 0.131561 
4049 2070 2287 0.0527253 -0.0435964 -0.109317 -0.000506065 0.022511 -0.00922161 0.128961 0.0243319 
4050 2070 1843 -0.304877 -0.129182 -0.276362 0.174626 -0.0458787 -0.171198 0.431294 0.248813 
4051 1426 1938 -1.76232 -0.127168 -1.42607 0.0100058 0.443236 -0.0518899 2.2706 0.446375 
4052 1529 2224 0.143704 0.300229 -0.470417 -0.267893 -0.0108995 -0.088793 0.576265 0.282435 
4053 1529 1999 -0.763672 -0.191922 -0.699295 0.153178 -0.361274 -0.0681283 1.05311 0.398276 
4054 1680 1999 0.444172 -0.0226476 -0.41896 -0.0836007 0.0436714 -0.0909923 0.611007 0.131057 
4055 1680 1744 -0.335607 0.55622 -0.856227 0.497849 0.0379205 -0.170503 1.07477 0.527601 
4056 1680 1635 -0.305972 -0.0257877 -0.0928445 0.0109293 -0.142731 0.00362585 0.320786 0.143195 
4057 1680 1692 0.0497344 -0.464642 -0.272921 -0.0978164 0.0904687 -0.171846 0.541158 0.217448 
4058 1956 1790 1.50897 0.554192 -1.20008 -0.468808 -0.213071 -0.687867 2.00607 0.859268 
4059 1848 1741 -0.112732 -0.705357 0.0374166 -0.060817 0.0140467 0.0815656 0.715288 0.102708 
4060 1805 2183 -0.270672 -0.229339 -0.0689541 0.0633563 -0.0867449 0.0398118 0.361406 0.114559 
4061 2183 1684 -0.0945452 -0.726254 0.23346 -0.102191 0.0860325 0.226248 0.768692 0.26274 
4062 2183 2025 -0.0169093 -0.156362 -0.515591 0.0195688 0.0684955 -0.0214143 0.539044 0.0743851 
4063 2037 2578 0.0317457 0.296982 -0.6111 -0.0473364 0.353271 0.169224 0.680183 0.39456 
4064 2058 2298 0.401537 0.0408198 0.796098 0.0402573 -0.0289486 -0.0188207 0.892564 0.0530367 
4065 2058 2610 -0.444174 0.0677694 -0.224594 -0.011651 -0.08438 -0.00241906 0.50232 0.0852149 
4066 2077 2000 -1.53208 0.392073 -1.43613 0.0621453 -0.330658 -0.156569 2.13622 0.371094 
4067 2077 2144 -0.618056 -1.16684 -0.636281 -0.0171784 -0.0296662 0.0710896 1.46573 0.0789235 
4068 1879 2113 -0.0821537 -0.174867 -0.0426357 -0.0391683 0.0451741 -0.109806 0.197852 0.125029 
4069 1879 2081 -0.248895 0.354597 -0.246722 -0.0267864 -0.120939 -0.146795 0.498558 0.192074 
4070 1539 1689 0.308003 -0.0168878 -0.0864267 0.0178394 0.0399586 0.0557671 0.320345 0.0708866 
4071 1539 1843 0.366901 1.44998 -1.73538 -0.283127 -0.372181 -0.370833 2.29098 0.596822 
4072 1539 1814 -0.257274 -1.33075 -1.28571 -0.119466 -0.223075 0.254795 1.86819 0.359104 
4073 1368 1556 -0.017633 -0.151171 0.0140617 -0.0479874 0.00837846 0.0298978 0.152844 0.0571565 
4074 1365 1888 0.190291 0.0161639 -2.23654 -0.394692 0.292251 -0.0314693 2.24468 0.492121 
4075 1462 1635 -0.256378 0.474999 -0.519761 0.0663807 -0.0294894 -0.0596928 0.749336 0.0940173 
4076 1637 1622 0.634793 0.459066 -0.989761 0.0557346 0.0241773 0.0469597 1.26227 0.0767861 
4077 1637 1790 -0.624904 0.864001 -0.826053 0.330756 -0.13003 -0.386219 1.34884 0.524854 
4078 1649 1395 0.977603 -1.01898 -0.572145 -0.0356015 0.013985 -0.0857379 1.5236 0.0938831 
4079 1649 1671 0.0883027 0.286641 -0.185363 0.128674 -0.00947552 0.0466445 0.352591 0.137195 
4080 1649 1990 -0.310355 -0.296581 -0.741898 0.190797 0.23206 -0.172584 0.857142 0.346469 
4081 2113 2052 -0.0582354 -0.28379 -0.361388 0.0262113 0.0459952 -0.0403429 0.463173 0.0665593 
4082 1689 2287 0.0735399 0.15135 -0.162461 -0.0337815 -0.063093 -0.0740694 0.233898 0.102996 
4083 1689 2182 0.0373849 -0.233168 -0.517705 0.0114073 0.119288 -0.0529023 0.56902 0.13099 
4084 1764 1548 -0.0230702 -0.0135792 0.0167294 0.0107619 -0.0145857 0.00300176 0.0315674 0.0183732 
4085 1764 1979 0.0702362 -0.0672085 -0.00766433 -0.0128591 -0.0135682 0.00113822 0.0975133 0.0187283 
4086 1548 1692 -0.890411 1.24319 -2.97305 0.23229 -0.261905 -0.179086 3.34326 0.393224 
4087 1408 1695 0.9428 -0.0595459 -1.13564 -0.022049 -0.124183 -0.0117935 1.47719 0.126676 
4088 1408 1807 -0.42506 0.0867553 -0.370815 0.105568 0.00443387 -0.119974 0.570706 0.159869 
4089 1810 1807 1.90375 0.698172 -1.54142 -0.289527 -0.0650726 -0.38706 2.54709 0.487725 
4090 1395 1865 0.108104 0.400368 -0.279553 0.0175136 -0.0770789 -0.103618 0.500131 0.130325 
4091 1395 1941 0.3459 -0.878664 -0.883812 0.0846717 0.246042 -0.21147 1.29338 0.335299 
4092 1818 1796 0.310348 -0.846869 -0.916783 0.206578 -0.134389 0.194071 1.28608 0.313685 
4093 1741 1990 1.93726 0.473763 -2.18781 -0.502871 -0.237455 -0.496702 2.9604 0.745639 
4094 1741 2261 -0.849451 0.831573 -0.907113 0.502285 -0.0571843 -0.522778 1.4953 0.727225 
4095 1741 2662 -0.324557 -0.158811 -0.171129 0.0870171 -0.0522809 -0.116516 0.399804 0.154535 
4096 1684 2472 -0.156216 -0.146255 -0.14865 0.0155644 -0.058805 0.0415011 0.260558 0.0736384 
4097 1556 2318 -0.38314 0.601032 -2.86132 0.0955877 0.46117 0.0840712 2.94876 0.478417 
4098 1556 1951 -0.770117 -1.6915 -1.04788 -0.339998 -0.166602 0.518803 2.13361 0.64227 
4099 1743 2180 -0.159237 0.428412 -0.834644 -0.167511 -0.0410457 0.0108903 0.95159 0.17281 
4100 1743 1872 -0.596786 -1.2466 -1.36529 0.0887392 0.121852 -0.150048 1.94273 0.21269 
4101 1580 1720 1.39504 -0.304108 -0.505837 -0.300332 -0.0968506 -0.770056 1.51476 0.832206 
4102 1580 1483 -0.439847 -0.556929 0.106826 0.296087 -0.193087 0.212468 0.717668 0.412423 
4103 1580 1892 -0.088589 -0.115146 -2.60235 0.509182 0.152257 -0.0240704 2.60641 0.532004 
4104 1792 2136 1.15436 0.803371 -1.93189 -0.317119 -0.199962 -0.272641 2.38959 0.463554 
4105 1792 2223 -0.233393 -0.19459 -0.337995 -0.0158632 -0.00588381 0.0143413 0.454508 0.0221796 
4106 2067 2662 0.202435 0.252543 -0.147689 0.0260416 -0.075904 -0.0940986 0.355766 0.123669 
4107 2067 2472 -0.34639 0.218043 -0.181385 -0.024201 0.00627336 0.0537578 0.447694 0.0592869 
4108 2067 2223 0.129237 -0.0841283 -0.13574 0.0435657 0.0789989 -0.00748304 0.205438 0.0905251 
4109 2034 2472 0.492219 0.0127041 -0.306576 0.00772309 -0.106486 0.00798707 0.580026 0.107064 
4110 2255 2144 0.403972 1.07241 -0.335176 0.230219 -0.0985884 -0.0379652 1.19398 0.253302 
4111 2255 2052 -0.215836 0.145673 -0.164894 0.0284963 -0.0310648 -0.0647436 0.308214 0.077258 
4112 2255 2441 -0.713045 -0.573614 -0.428154 0.21544 0.0370269 -0.408399 1.01034 0.463223 
4113 1828 1822 -1.0557 -0.685545 0.0817923 0.00721956 0.00165954 0.107093 1.26142 0.107349 
4114 1828 2041 0.517788 0.303493 -0.225679 0.00480118 0.183064 0.2572 0.641205 0.315732 
4115 1828 1925 -0.723239 0.386486 -1.14016 -0.128515 -0.0439957 0.0666079 1.40442 0.151289 
4116 2055 1781 0.111403 -0.211636 0.038461 0.00603922 -0.0108724 -0.0773193 0.242238 0.0783132 
4117 2055 2029 0.04968 1.44625 -1.89503 -0.290576 -0.475075 -0.370186 2.38437 0.668707 
4118 2055 1872 -0.751008 0.118461 -0.377184 0.0535078 0.138211 -0.0631317 0.848713 0.161093 
4119 1359 1872 0.171286 0.0472101 -0.112556 -0.0147205 0.00470754 -0.0204269 0.210324 0.0256147 
4120 1359 1499 -0.637717 0.0591403 -0.691907 0.165928 -0.0310994 -0.155591 0.942823 0.229582 
4121 1359 2075 0.313168 -0.617161 -0.705951 -0.246983 0.291538 -0.364435 0.988599 0.528022 
4122 1720 1499 0.0100022 -0.0130028 -0.0136506 -0.0123489 -0.00829636 -0.0011457 0.0213414 0.014921 
4123 1720 1596 -0.020558 0.759268 -2.95109 0.466959 0.0430089 0.00781257 3.04726 0.469001 
4124 1483 1730 0.510724 -0.893567 -0.471081 0.468236 0.409177 -0.268505 1.13191 0.677322 
4125 1483 1760 -0.685684 -0.140596 -0.126056 -0.0980364 0.185509 0.326364 0.711211 0.387992 
4126 1483 1323 -0.440836 0.0506599 -2.6103 0.728724 0.130335 -0.12054 2.64775 0.750037 
4127 1496 1811 -0.145811 -0.286051 -0.118718 0.0506461 0.0138098 -0.0954795 0.342316 0.108959 
4128 1496 1796 -0.129045 0.42971 -0.483964 0.017917 -0.15972 -0.146592 0.659942 0.217533 
4129 2285 2405 0.797326 0.430996 -1.38731 -0.379832 -0.197831 -0.27976 1.65714 0.511542 
4130 2233 2520 0.265385 0.251672 -0.575567 -0.0797024 0.0201298 -0.0279476 0.681942 0.086826 
4131 2233 2359 0.00255565 -0.109619 -0.131918 -0.0734193 -0.0341573 0.026961 0.171538 0.0853464 
4132 1543 2455 -0.219895 1.00137 -2.29157 0.198672 -0.177093 -0.0964502 2.51046 0.283081 
4133 1543 1753 -0.66856 -0.253365 -0.460346 0.0231943 0.0896059 -0.0830021 0.850344 0.124324 
4134 1543 2021 0.770473 -0.348441 -0.579601 -0.194032 0.131174 -0.336788 1.02517 0.410221 
4135 1822 1951 -0.278066 0.386247 -0.192569 -0.12872 -0.186139 -0.187479 0.51341 0.293879 
4136 1730 1721 1.14263 1.31507 -1.06517 -0.440703 -0.207259 -0.728638 2.04196 0.876407 
4137 1760 2206 -0.215026 -0.202298 -0.113034 0.0484032 0.0177377 -0.123824 0.316129 0.134126 
4138 1760 1726 -1.36358 0.641735 -1.45843 0.541541 0.18418 -0.425276 2.09719 0.712775 
4139 1760 1779 0.633774 -0.933099 -0.740668 0.541045 0.0455709 0.40555 1.34942 0.6777 
4140 1811 2206 0.150529 -0.0108775 -0.0322854 -0.0139602 -0.0261707 -0.056271 0.154336 0.0636099 
4141 1811 2036 -0.0512544 -0.707521 0.0764113 0.05345 -0.0521498 -0.447022 0.713478 0.453216 
4142 1811 2243 0.616552 0.338623 -1.80109 -0.0757425 -0.284253 -0.0793706 1.93358 0.304691 
4143 2241 2348 -0.0167438 0.0957355 -0.0408719 -0.0208128 -0.0308472 -0.0637282 0.105433 0.0737971 
4144 2241 2435 -0.188302 -0.0463228 -0.626609 0.00178694 0.0141873 -0.0015858 0.655929 0.014387 
4145 2200 1647 -0.332238 0.0272925 0.159534 0.0734802 -0.0794407 0.166617 0.369564 0.198674 
4146 2200 2359 0.392206 0.161129 -0.549208 0.0227455 0.0674001 0.0360174 0.693842 0.0797332 
4147 2200 2021 -0.0955501 0.0737184 -0.0613533 0.0671314 0.0521662 -0.041869 0.135383 0.0947678 
4148 2200 2517 -0.241328 -0.189059 -0.475909 -0.225374 0.162452 0.0497493 0.566103 0.282239 
4149 1647 2112 -1.05751 -0.34248 -1.41131 0.370698 0.153356 -0.314982 1.7965 0.510048 
4150 2213 1955 -0.950797 -0.319026 -0.428968 0.0372473 -0.223011 0.083297 1.09078 0.240956 
4151 1781 1778 -0.67431 -0.216858 -0.0562507 -0.110532 0.26105 0.318606 0.710553 0.426467 
4152 1781 1432 0.088962 -0.711532 0.156775 -0.252606 0.0334573 0.295189 0.73401 0.389956 
4153 1781 1699 0.789252 -0.164411 -0.865047 0.100417 0.421171 0.0115705 1.18248 0.433131 
4154 1778 1786 -0.932524 -0.200801 0.0241244 -0.00576908 0.0210813 -0.0475306 0.954203 0.052315 
4155 1778 1932 1.22549 0.31425 -1.86347 0.0457663 -0.107622 0.0119486 2.25235 0.117558 
4156 1786 1687 -0.122534 -0.377648 0.0505115 0.0410749 -0.0277269 -0.107658 0.40023 0.118516 
4157 1786 2075 0.18671 1.51379 -1.62085 -0.200621 -0.30072 -0.303967 2.22566 0.47231 
4158 1786 2256 0.385443 -0.458917 -0.886694 -0.191762 0.243683 -0.209479 1.07023 0.374213 
4159 1786 2012 -0.392887 -0.147886 -0.393699 -0.0229302 -0.052382 0.0425593 0.575525 0.0712809 
4160 1815 2271 -0.57439 -0.0604552 -1.17092 0.0458805 0.397025 -0.0430052 1.30561 0.401974 
4161 2206 1851 0.0332926 -0.200694 0.0577144 0.0146964 0.0238071 0.0743082 0.211465 0.0794007 
4162 2099 1759 0.452129 -0.370696 0.207775 0.0745176 0.141736 0.0907199 0.620489 0.184044 
4163 2099 2512 0.0705368 0.553587 -0.347058 -0.138402 -0.0140553 -0.0505485 0.657179 0.148013 
4164 2099 2577 0.233689 -0.0966444 -0.42022 -0.0614984 0.00449945 -0.0352348 0.490444 0.0710196 
4165 2439 2574 0.123613 -0.138288 0.0121449 -0.0213944 -0.0274698 -0.0950288 0.18588 0.101207 
4166 2383 2537 -0.2326 -0.097877 -0.254326 0.0232038 -0.120746 0.0252472 0.35828 0.125521 
4167 1955 1432 -0.725806 -0.218063 0.159686 0.0217467 -0.0681353 0.00579969 0.774497 0.0717564 
4168 1955 1766 -0.0520129 -0.268813 0.0753969 0.0631892 -0.0211441 -0.0317941 0.283991 0.0738296 
4169 1955 1699 -0.100707 0.14139 -0.190387 0.100572 0.0657796 -0.00434757 0.257643 0.120252 
4170 1955 2146 -0.435667 -0.369893 -0.582353 0.073626 -0.081223 -0.00349027 0.815942 0.109682 
4171 1432 1920 -1.28555 -0.306413 -1.73872 0.543411 0.507825 -0.491273 2.18397 0.891364 
4172 1859 1920 0.335412 0.0613709 -0.254948 -0.113478 -0.163282 -0.188598 0.425754 0.274058 
4173 1859 2256 -0.510282 0.507819 -1.47505 -0.201319 -0.175292 0.00929645 1.64135 0.267101 
4174 1859 1749 -0.148252 -0.338402 -0.241156 0.0550791 0.032774 -0.0798502 0.441192 0.102391 
4175 1527 2231 -0.948766 0.585091 -1.65203 0.477464 -0.0203848 -0.281428 1.99291 0.554607 
4176 1527 1900 -0.0102842 -0.0409106 -0.0131488 0.0110476 0.00628554 -0.0281973 0.0441853 0.0309297 
4177 1983 1858 0.00537414 -0.0453476 0.0239855 0.00110999 -0.00350353 -0.00687257 0.0515809 0.00779352 
4178 1983 2267 -0.442877 0.212917 -0.473372 0.0122853 -0.0347467 -0.0271226 0.682316 0.0457591 
4179 1851 2267 0.466317 0.323612 -1.33706 0.362583 0.14326 0.161129 1.45255 0.421844 
4180 2036 2063 0.627304 -0.393103 -0.854093 -0.245994 0.298508 -0.318065 1.13027 0.500784 
4181 2036 2661 -0.420668 -0.104265 -0.7891 0.141886 -0.0749749 -0.0657329 0.900284 0.173418 
4182 1759 2011 0.0875853 0.246987 -0.140719 -0.0280843 -0.0746043 -0.148424 0.297449 0.168476 
4183 2117 2537 0.150942 0.0842224 -0.246144 -0.0373935 0.124269 0.0195901 0.300772 0.131243 
4184 2117 2321 -0.563704 -0.0611027 -0.388935 0.125718 -0.444276 -0.112412 0.68758 0.475208 
4185 1771 1683 -0.0761789 -0.266123 0.064201 0.169186 -0.0676358 -0.0796098 0.284159 0.198837 
4186 1771 2437 -0.898249 1.21287 -1.94032 0.290056 -0.0877627 -0.189137 2.4582 0.357222 
4187 1858 2042 -0.250756 -0.58149 -0.122987 -0.0396185 0.0310881 -0.0662088 0.645086 0.0831848 
4188 1858 1900 0.290767 0.00285725 -0.214828 -0.0889799 -0.0413298 -0.120983 0.361531 0.155764 
4189 1858 2100 -0.105365 -0.197525 -0.950522 0.480932 0.0979269 -0.073661 0.97653 0.496298 
4190 2046 2479 0.524321 -0.0683101 -0.372431 -0.0905632 0.0556111 -0.137698 0.646749 0.17394 
4191 2301 2321 0.325739 1.11209 -1.00733 -0.0672373 0.165781 0.161279 1.53544 0.240863 
4192 1683 2172 -0.554372 0.543291 -1.03828 0.0946985 0.0546426 -0.0219704 1.29635 0.111518 
4193 1683 2491 0.251021 0.0736555 -0.359061 -0.1463 0.0629573 -0.0893643 0.444254 0.182629 
4194 1683 2589 -0.741684 -0.698205 -0.495828 0.308043 0.0864126 -0.582469 1.13289 0.664551 
4195 2240 1878 -0.0968453 -0.196512 -0.0289017 0.0119438 -0.00872885 0.0193285 0.220978 0.02434 
4196 2240 1749 -0.136283 0.0376506 -0.173868 0.02159 0.0107874 -0.014587 0.2241 0.0282006 
4197 1541 1900 -0.211096 0.103197 -0.0624649 0.018095 -0.0309996 -0.112365 0.243132 0.117959 
4198 1541 2006 -0.387119 -0.75695 -0.393943 0.0562539 0.276876 -0.587289 0.93703 0.651716 
4199 1541 2148 -0.0228728 -0.032982 -0.765444 0.0767355 0.0011024 -0.00234049 0.766496 0.0767791 
4200 2653 2073 -0.120695 0.108577 -0.502905 -0.086825 -0.0652822 0.00674321 0.52846 0.108839 
4201 2653 2254 0.358555 -0.466129 -0.496405 0.0975063 0.0417653 0.031211 0.769581 0.110571 
4202 1568 1903 0.165317 0.715537 -0.701441 -0.33391 0.187271 0.112337 1.01555 0.398981 
4203 1568 2487 -0.501029 -0.0221041 -0.550721 0.113926 -0.24928 -0.0936407 0.744857 0.289634 
4204 1878 2487 0.294037 0.0720557 -0.176281 -0.0851254 0.0750946 -0.111294 0.350321 0.158971 
4205 1878 1705 -1.13456 0.315428 -1.40415 0.167156 0.224078 -0.0847257 1.83259 0.292114 
4206 1878 2251 0.0294943 -0.0563186 -0.0622045 -0.0583176 -0.0169568 -0.012299 0.0889443 0.0619657 
4207 1923 2490 -0.0621541 -0.0611767 -0.0270548 0.0064975 0.0125927 -0.0434016 0.0913109 0.0456563 
4208 1923 2006 0.906586 0.0342912 -0.873589 -0.547688 0.304078 -0.556439 1.25946 0.837884 
4209 2399 2135 -0.199445 -0.291649 0.0416118 -0.0754429 0.0392505 -0.0864985 0.355765 0.121302 
4210 1783 1719 -0.522439 -0.599065 0.137699 -0.173912 0.173568 0.0952782 0.806711 0.263532 
4211 1783 2352 0.00986424 0.0399901 -0.727922 -0.0179 0.0409822 0.00200889 0.729086 0.0447659 
4212 1913 1719 0.32408 -0.520139 0.226534 -0.332076 -0.0870782 0.275131 0.653368 0.439948 
4213 1913 2481 0.324171 0.543012 -0.400091 -0.184297 -0.0605961 -0.231568 0.748345 0.302095 
4214 1913 2466 -0.015962 -0.0353226 -0.037974 -0.0201229 -0.0188719 0.0260127 0.0542632 0.0379176 
4215 2490 1917 -0.34167 -0.932867 0.414562 0.512056 0.0117588 0.448481 1.0765 0.680789 
4216 2490 2254 -0.732063 0.39209 -0.41671 0.223969 0.427206 0.00850321 0.929139 0.482431 
4217 2490 2526 0.228772 -0.0140164 -0.186002 0.0807573 0.103899 0.0914973 0.295177 0.160276 
4218 2393 2165 -0.286601 0.0828105 0.147259 -0.0448744 -0.0698667 -0.0480471 0.33269 0.0959353 
4219 2165 2251 0.311391 1.20535 -1.67626 0.177861 0.44086 0.35005 2.08798 0.590362 
4220 2165 2124 -0.14697 -0.100773 -0.318029 0.0305633 0.0625936 -0.033958 0.364552 0.0774933 
4221 1719 2166 0.229888 -0.162268 -0.0955417 0.129465 0.116361 0.113885 0.297166 0.208017 
4222 1719 2107 0.141331 -0.0634201 -0.762933 0.190715 0.235496 0.0157533 0.778501 0.303445 
4223 2048 2581 0.191621 -0.603887 -0.0693718 -0.101804 -0.0720421 0.345926 0.637346 0.367721 
4224 2048 2526 -0.174604 0.581745 -0.48051 0.302163 0.142204 0.0623657 0.77447 0.339726 
4225 2048 2466 0.317202 0.0364343 -0.368146 -0.0800477 0.0223393 -0.0667599 0.487315 0.1066 
4226 2048 2151 -0.416971 -0.0344341 -0.239467 -0.1057 0.0526541 0.176479 0.482074 0.212344 
4227 1917 2252 0.222601 -0.517432 -0.222054 -0.12264 -0.106981 0.126346 0.605471 0.206031 
4228 1917 2151 0.213603 -0.00164618 -0.420467 0.166686 0.00795682 0.0846477 0.471615 0.187117 
4229 1917 2416 -0.153947 -0.0336707 -0.141002 0.100995 -0.0109035 -0.107663 0.211459 0.148021 
4230 2625 2569 -0.217558 0.864026 -0.717585 -0.320106 -0.0329359 0.0573925 1.14403 0.326873 
4231 2625 2416 0.0733491 -0.0778938 -0.0869896 -0.0684472 -0.0097142 -0.0490158 0.137894 0.0847463 
4232 2166 2124 0.0564793 0.0677506 -0.0581815 -0.00408313 -0.0461137 -0.0576617 0.105665 0.073946 
4233 2166 2107 -0.621199 0.487453 -0.690898 -0.214187 -0.133688 0.0982574 1.04921 0.27093 
4234 2192 2581 -0.286584 0.0330076 -0.148359 0.0366876 0.104647 -0.0475866 0.324392 0.120671 
4235 2252 2167 -0.0341524 -0.574856 0.268244 0.0979495 -0.0263241 -0.0439427 0.635279 0.110535 
4236 2647 2499 -0.527579 -0.0389643 -0.154088 -0.00291771 -0.00282086 0.0107032 0.551 0.0114468 
4237 2078 2548 -0.00184925 -0.328351 -0.338422 -0.224798 0.0913367 -0.0873901 0.471537 0.257902 
4238 2258 2461 0.0504865 -0.24625 -0.3019 0.128981 0.117895 -0.0745935 0.39285 0.189999 
4239 2608 2129 -0.719371 -0.364379 -0.574513 0.324513 -0.169597 -0.29877 0.990117 0.472584 
4240 2129 2461 -0.252007 0.0302802 -0.0952304 -0.061167 -0.0280219 0.152956 0.271097 0.167099 
4241 2129 2560 0.520713 -0.257662 -0.262813 -0.106676 0.00992219 -0.221086 0.637654 0.245677 
4242 2129 2643 -0.145772 -0.26781 -0.356437 -0.0219646 0.073542 -0.0462731 0.469061 0.0896218 
4243 2432 2253 -0.189855 -0.327777 0.0267848 -0.0800898 0.0449011 -0.0182154 0.379737 0.0936071 
4244 2476 2548 -0.206234 0.234159 -0.442113 0.00486757 -0.206437 -0.111607 0.541134 0.234725 
4245 2583 2461 0.0733373 0.173636 -0.131717 0.0749088 -0.10471 -0.0963267 0.22995 0.160793 
4246 2583 2388 0.206707 -0.622931 -0.887948 0.328093 -0.0464204 0.108943 1.10418 0.34881 
4247 2583 2219 -0.335581 -0.207844 -0.209452 0.0934755 -0.00336573 -0.146425 0.44686 0.173751 
4248 2470 2080 -0.43964 -0.737209 -0.188239 0.14597 -0.0381292 -0.191592 0.878746 0.243862 
4249 2253 2092 -0.682768 -0.343019 -0.613739 0.0595144 -0.0259339 -0.0517136 0.980056 0.082999 
4250 2001 2169 -0.402411 -0.0546406 -0.0384665 -0.00290975 -0.0459503 0.0957108 0.407921 0.106209 
4251 2001 2560 -0.129283 0.169209 -0.171097 0.0359532 -0.110088 -0.13604 0.273167 0.178659 
4252 2001 2297 0.440368 -0.823424 -0.761617 -0.0426654 -0.0482308 0.0274756 1.20499 0.0700104 
4253 2169 2449 -0.11567 -0.129309 -0.126102 -0.0776481 0.040508 0.0296864 0.214481 0.0924738 
4254 2280 2219 0.179667 0.221628 -0.347314 -0.138252 -0.0621962 -0.111207 0.449474 0.188013 
4255 2667 2346 0.0631984 -0.657125 -0.310864 0.0340692 -0.0111217 0.0304359 0.729687 0.0470186 
4256 2080 2338 -0.141606 -0.281831 -0.427214 0.029596 -0.149273 0.0886648 0.53103 0.176125 
4257 2195 2504 -0.570419 -0.104098 -1.56265 -0.133816 -0.163527 0.0597408 1.66676 0.219583 
4258 2382 1837 0.723554 -0.283586 0.0386773 -0.0918176 -0.205494 0.210972 0.778105 0.308493 
4259 2382 1949 -0.496376 -0.466793 -0.347251 0.220602 -0.245806 0.0150878 0.764767 0.330626 
4260 2382 2297 -0.213927 0.321795 -0.651812 0.0791958 -0.0514402 -0.051388 0.757744 0.107512 
4261 2159 1887 -0.257885 -0.166263 -1.25476 -0.245275 0.567424 -0.0247767 1.29173 0.618662 
4262 1737 2449 0.614597 -0.010213 -0.76028 -0.0991511 -0.142643 -0.0782359 0.977681 0.190523 
4263 2047 1870 0.15897 -0.29962 0.0907156 -0.0492956 0.0100345 0.119528 0.351102 0.129683 
4264 2047 2474 -0.0175902 0.256451 -0.533265 0.0888646 0.0122218 0.00294629 0.591986 0.0897495 
4265 2047 2346 -0.695787 -0.0474878 -0.4195 0.0267583 -0.0921775 -0.0339471 0.813852 0.101809 
4266 2047 2377 0.823618 -1.85184 -2.26815 0.35472 -0.327221 0.395969 3.04174 0.624253 
4267 2649 1989 0.214696 -0.32388 -0.00340391 0.0362022 0.0248178 -0.0780092 0.388592 0.0895095 
4268 2649 2390 -0.262235 -0.465772 0.183266 0.0740643 -0.0175319 0.061421 0.565064 0.097803 
4269 2572 2338 0.0534493 -0.000536462 -0.0438536 0.00468958 0.0478959 0.00512981 0.0691393 0.0483975 
4270 2572 2361 -0.104975 -0.636589 -0.465476 -0.146737 -0.0128167 0.0506207 0.795571 0.155752 
4271 1837 1935 0.0320543 -0.032718 -0.00982859 0.00688189 0.0151988 -0.0281506 0.046846 0.0327234 
4272 1837 2238 -0.289426 -0.369269 -0.0603596 0.175039 -0.124091 -0.080154 0.473044 0.229046 
4273 1949 2310 0.0650381 0.048383 -0.519197 -0.0332807 -0.0157445 -0.00563617 0.525486 0.0372459 
4274 1874 2620 -0.877303 -0.254878 -0.168156 0.00194154 0.118824 -0.190233 0.928924 0.224302 
4275 1874 2449 -0.0497576 0.166067 -0.137756 -0.0869615 -0.0818164 -0.0672203 0.221429 0.137021 
4276 1874 2086 -0.106164 -0.447291 -1.52796 0.0201679 0.0607758 -0.0191927 1.59562 0.0668491 
4277 2620 2524 -0.854471 0.236109 0.255969 0.14644 0.0555793 0.437578 0.922707 0.464767 
4278 2620 2445 -0.404025 -0.330702 -0.343714 0.213927 -0.0792271 -0.175236 0.625092 0.287662 
4279 2524 1870 -1.09192 -0.885948 0.345416 -0.00869168 0.082303 0.183621 1.44793 0.20141 
4280 2524 2495 0.221789 0.367738 -0.643154 -0.010014 0.0334417 0.0156678 0.773349 0.0382637 
4281 1989 2346 0.258336 0.356192 -0.260219 0.0993114 -0.072911 -0.00120913 0.511199 0.123208 
4282 1989 2353 -0.169533 0.00484386 -0.139872 -0.0373891 -0.00891942 0.045009 0.219838 0.0591888 
4283 2390 2245 -0.526628 -1.11471 0.0242672 0.134319 -0.0592148 0.194861 1.23308 0.243965 
4284 2390 2353 0.103735 0.00542966 -0.409747 0.0508113 -0.038568 0.0123527 0.422709 0.0649759 
4285 2314 1864 -0.472843 -0.0609061 0.233098 0.122705 0.0488619 0.261677 0.530683 0.293119 
4286 2314 2338 -0.0450341 0.276271 -0.205938 0.125134 0.0939707 0.0986999 0.347511 0.185015 
4287 2314 2559 -0.129976 -0.322457 -0.47777 0.218912 -0.149975 0.041667 0.590877 0.268609 
4288 1864 1849 0.125984 -0.511146 -0.279482 0.314572 0.144694 -0.12283 0.596031 0.367395 
4289 1864 2030 -0.77886 -0.540135 -0.494702 -0.301724 0.217415 0.237652 1.06916 0.441345 
4290 1864 2361 -0.0700465 0.0572485 -0.479323 0.105702 0.0652409 -0.00765483 0.487785 0.124451 
4291 1935 2293 -0.172643 -0.196071 -0.62219 -0.0187047 0.0820941 -0.0206802 0.674811 0.0867005 
4292 2238 1798 0.517839 -0.62393 -0.229492 -0.222289 -0.0283636 -0.424473 0.842682 0.479994 
4293 2238 2062 -0.0258771 0.411209 -0.494303 0.0551237 -0.204499 -0.173008 0.643505 0.273478 
4294 2274 2156 0.987739 0.075556 -0.922747 -0.0275064 -0.306322 -0.0545259 1.35381 0.312351 
4295 2274 2022 -0.580803 -0.144857 -1.46409 0.0605061 -0.419722 0.0175246 1.58173 0.424423 
4296 2292 2445 -0.0178305 0.422289 -1.0215 -0.084997 -0.414037 -0.169679 1.10549 0.455458 
4297 2292 2222 0.575944 -0.107784 -0.398828 -0.176241 0.148995 -0.294774 0.708796 0.374369 
4298 1870 2269 0.167792 -0.510727 -0.594178 0.0168356 0.297155 -0.250666 0.801276 0.389125 
4299 2453 2438 0.0927199 -0.175767 0.0658835 -0.0454913 -0.0143612 0.0257079 0.20936 0.0541903 
4300 2453 2379 -0.042812 -0.0553709 -0.0620007 0.0505081 -0.0139109 -0.0224529 0.0935034 0.0569975 
4301 1849 2559 0.106433 0.0987831 -0.180353 -0.00253183 -0.00742809 -0.00556265 0.231545 0.00961924 
4302 1849 2323 -0.443752 -0.395348 -0.335759 -0.0674852 0.00796265 0.0798152 0.682605 0.104824 
4303 2030 2361 0.131833 0.140327 -0.117199 0.0512704 -0.0208393 0.0327205 0.225405 0.0642928 
4304 2030 2462 -0.424062 -0.312232 -0.998052 0.0390243 0.172545 -0.0705604 1.12846 0.190456 
4305 1798 2293 0.0294352 0.0367857 -0.0506023 0.0377098 -0.0303358 -0.000117057 0.0691391 0.0483974 
4306 1798 2131 -0.458698 -0.577871 -1.00564 0.0579132 0.00732993 -0.0306276 1.24726 0.065922 
4307 1712 2156 -0.109994 0.491978 -0.417669 -0.168619 -0.160664 -0.144842 0.654666 0.274271 
4308 1712 2051 -0.638478 -0.176215 -0.920462 0.234424 -0.209344 -0.122531 1.134 0.337333 
4309 1712 1793 0.0435015 -0.0867264 -0.0631669 -0.00695731 0.0452267 -0.0668864 0.115775 0.081041 
4310 2245 2019 -0.133192 -0.453364 -0.495132 0.0322029 0.00883465 -0.0167521 0.684423 0.0373592 
4311 2130 2019 1.01876 -0.58396 -0.67257 -0.0196435 0.223052 -0.22342 1.35323 0.316314 
4312 2438 2656 0.242493 -0.375567 -0.0596738 0.0356601 0.0369725 -0.0877832 0.451015 0.101708 
4313 1708 1789 1.04601 -0.721691 0.0877012 -0.226714 -0.405225 -0.630566 1.27384 0.783084 
4314 1708 2323 0.0565702 0.0432463 -0.83043 0.216479 -0.0694842 0.0111284 0.833477 0.227629 
4315 1354 2224 0.297302 -1.30735 -0.840631 0.400001 0.0962097 -0.00815898 1.58247 0.41149 
4316 1354 1793 -0.815783 0.0582575 -1.45342 0.0351551 -0.556631 -0.0420436 1.66773 0.559323 
4317 2103 1419 0.232653 -0.231737 0.160423 -0.0668921 -0.0597196 0.0107427 0.365466 0.0903127 
4318 2103 1797 -0.0355712 0.026517 -0.014672 -0.0167362 -0.00746001 0.0270931 0.0467304 0.0327076 
4319 1861 2222 0.0621492 0.183075 -0.0188643 0.075403 -0.0324379 -0.0663853 0.194254 0.105569 
4320 1861 1685 -0.079523 -0.401835 -0.260669 0.193784 0.0330658 -0.110091 0.485535 0.225312 
4321 2320 2315 0.324553 1.015 -1.92814 -0.353517 0.579796 0.245707 2.20302 0.722156 
4322 2320 2194 0.0198025 -0.774518 -0.671581 -0.194617 -0.31918 0.362364 1.02532 0.520633 
4323 1765 1727 0.121219 0.00344638 -0.120382 -0.0150846 0.0560215 -0.0135857 0.170873 0.0595863 
4324 1765 2069 -0.879941 -1.01903 -1.40654 0.234622 0.347602 -0.398616 1.94707 0.578592 
4325 2119 2641 -0.194637 0.261327 -0.556475 -0.0774706 -0.0437748 0.00653961 0.644857 0.0892227 
4326 2119 2069 0.541587 -0.188427 -0.213961 -0.106287 -0.195783 -0.0966194 0.612047 0.242824 
4327 2656 2392 -0.671399 -0.408102 -0.643164 0.0362508 0.217847 -0.176071 1.01537 0.28244 
4328 2164 2379 -0.0264807 0.415066 -0.246832 -0.0622507 -0.101486 -0.163978 0.483639 0.202641 
4329 2164 2585 -0.243525 0.0317379 -0.0827743 0.0444879 0.057464 -0.108852 0.259159 0.130882 
4330 2164 2392 0.611576 -0.528079 -0.252547 -0.119415 -0.132192 -0.012763 0.846565 0.178599 
4331 2164 2529 0.0783249 0.0107472 -0.21196 -0.0555569 0.0250728 -0.0192585 0.226224 0.0639227 
4332 1789 1972 -1.44386 -0.575011 -1.11008 0.134442 -0.81484 0.247213 1.90988 0.862063 
4333 1789 2585 0.153861 0.186109 -1.11684 -0.0676838 -0.0598002 -0.0192895 1.14264 0.0923539 
4334 2224 1938 1.23376 -0.539505 0.557094 -0.104764 -0.105584 0.129763 1.45725 0.197387 
4335 2224 2155 -0.122336 -0.546113 -0.283695 -0.311612 0.179381 -0.210933 0.627446 0.41686 
4336 2224 2210 -0.32062 0.162836 -0.99585 0.196278 -0.0791754 -0.0761391 1.05879 0.224924 
4337 2186 2097 0.650897 0.486644 -0.721498 -0.410306 -0.0743326 -0.420293 1.08676 0.592049 
4338 2186 1685 -0.574838 0.261991 -0.549877 0.134849 -0.135397 -0.205481 0.837522 0.280605 
4339 2186 1884 -0.164883 -1.43642 -1.39583 0.126025 0.101035 -0.11886 2.00969 0.200545 
4340 2207 1671 -0.357487 -0.235668 0.105202 0.128081 -0.115843 0.175726 0.440913 0.246382 
4341 2207 2069 -0.181826 0.162733 -0.171899 0.00277996 0.038068 0.0330976 0.298482 0.0505208 
4342 2207 2191 0.436955 0.136522 -0.826641 -0.0217878 0.00317122 -0.0109931 0.944936 0.0246092 
4343 2207 2024 -0.53395 -0.566491 -0.970989 -0.2848 -0.065348 0.194738 1.24452 0.351147 
4344 2079 2220 -0.371549 0.301207 -0.739607 -0.260876 -0.248218 0.0299661 0.880791 0.36134 
4345 2079 2102 0.239862 -0.404209 -0.301292 0.260765 0.0350505 0.160574 0.558297 0.308238 
4346 2518 2428 1.40755 -1.10229 -0.963167 0.247656 0.181998 0.153633 2.03075 0.343598 
4347 2081 2287 -0.117587 -0.103644 -0.0778269 0.0327011 0.0375117 -0.0993627 0.175002 0.111128 
4348 1972 1938 -1.32359 -0.49638 0.57093 -0.00983056 0.378745 0.3065 1.52455 0.487326 
4349 1972 1843 0.421461 -0.574267 0.294056 -0.367946 -0.273792 -0.00732951 0.770637 0.458694 
4350 1972 2617 0.0658601 -0.745754 -1.30431 -0.0852839 0.3171 -0.185611 1.5039 0.377196 
4351 1938 1888 -0.310035 -0.510413 -0.0352388 -0.136329 0.090728 -0.1147 0.598234 0.199933 
4352 1938 2639 -0.0570143 0.627778 -2.19133 -0.382245 -0.533399 -0.142864 2.28019 0.671592 
4353 1999 1679 -0.0468207 0.155475 -0.141028 0.0780415 0.0182002 -0.00584484 0.215066 0.0803486 
4354 1999 1780 -0.0686371 -0.73108 -0.615999 -0.214598 0.0146837 0.00648451 0.958459 0.215198 
4355 1744 1679 1.06821 0.218887 -0.708379 -0.214316 0.0288004 -0.314282 1.3003 0.38149 
4356 1744 2097 -0.25987 0.434515 -0.437538 0.0142959 -0.213246 -0.220263 0.66916 0.30691 
4357 1622 2076 -0.279986 -0.626531 -0.430175 0.188672 0.0301717 -0.166744 0.809928 0.253596 
4358 1790 2194 1.01956 0.555733 -1.90892 -0.0582639 0.44977 0.09982 2.23435 0.464383 
4359 1790 2071 -0.42955 -0.558313 -1.13778 0.426147 0.00935734 -0.165477 1.33819 0.457244 
4360 1671 1865 0.0975296 -0.109393 -0.0656399 -0.0420722 -0.0208317 -0.0277949 0.160585 0.0545581 
4361 2428 2261 0.130721 -1.12294 0.428249 0.368192 -0.0619999 -0.274963 1.20892 0.463696 
4362 2428 2220 0.59903 0.661302 -0.575432 0.60435 -0.37539 0.197726 1.06173 0.738412 
4363 2000 2392 -0.327598 0.482585 -0.345596 -0.162208 -0.0415592 0.0957277 0.677972 0.192879 
4364 2000 2595 -0.949904 -0.61609 -0.605003 -0.0265818 0.254404 -0.217331 1.28371 0.33565 
4365 1843 2215 0.549692 0.0107162 -1.23205 -0.361754 0.165153 -0.159963 1.34916 0.428637 
4366 1843 2239 -0.254459 -0.171081 -0.201416 0.0869299 0.0411533 -0.144778 0.36686 0.173813 
4367 1888 2318 0.258712 -0.34091 -0.136539 -0.175447 -0.0796187 -0.133643 0.449215 0.234481 
4368 1888 2155 -0.91149 0.614873 -1.35069 0.179903 -0.310239 -0.262635 1.74162 0.444512 
4369 1635 2278 -1.27238 -1.2277 -1.00446 0.0640834 -0.168553 0.124839 2.0335 0.219321 
4370 2278 1807 -1.6928 -0.995941 1.30557 -0.0474814 0.210343 0.0988937 2.35839 0.237231 
4371 2278 1769 0.725588 -0.717461 -1.25499 0.17724 0.217523 -0.0218818 1.61748 0.281441 
4372 2278 1885 -0.338572 -0.325351 -0.315882 -0.0233694 0.203769 -0.184829 0.565921 0.276097 
4373 1535 1960 0.243091 -0.5943 -0.207341 -0.0595534 0.088733 -0.324156 0.674741 0.341317 
4374 1535 2071 -0.14678 0.550257 -0.697617 0.201547 -0.0359664 -0.0707751 0.900553 0.216619 
4375 1535 2076 1.45804 -0.0415757 -1.17477 -0.373919 0.0848983 -0.467086 1.87289 0.604312 
4376 1535 2050 -0.216562 -0.244098 -0.421206 0.00904699 0.176263 -0.1068 0.53282 0.206293 
4377 1865 2071 0.179108 0.0831718 -0.102312 -0.00870612 0.127726 0.08859 0.222407 0.155685 
4378 1990 2136 -0.446345 -0.994315 0.000627221 0.30662 -0.137949 -0.48913 1.0899 0.593543 
4379 1990 2102 0.147796 1.53184 -0.805661 0.150695 -0.183151 -0.320589 1.73709 0.398787 
4380 1990 2376 1.2017 0.0701116 -1.43572 -0.0339139 -0.0989571 -0.0332183 1.87358 0.109755 
4381 2261 2448 0.280754 -0.487293 -0.547497 -0.145118 0.114071 -0.175944 0.784876 0.255005 
4382 2144 2374 -0.0716282 -0.289225 -0.330622 0.0675822 0.0559861 -0.0636177 0.445076 0.108393 
4383 2182 2041 -0.0533213 -0.164128 0.0969196 0.0578142 0.049565 0.115742 0.197925 0.138548 
4384 2182 2595 0.177009 0.0735546 -0.0594171 -0.00185838 -0.0368355 -0.0511364 0.200681 0.0630495 
4385 2182 2425 -0.156853 -0.0441373 -0.0842584 0.0390712 -0.0141819 -0.0653048 0.18344 0.0774106 
4386 1814 1925 -0.551903 -1.00498 -0.596615 -0.0638274 0.217574 -0.307452 1.29249 0.38202 
4387 1814 2425 0.583511 0.017352 -1.79058 -0.490973 -0.0403817 -0.160388 1.88334 0.518082 
4388 2318 2239 0.154847 0.169398 -0.0417769 0.00363549 -0.0370158 -0.136618 0.233278 0.14159 
4389 2318 2217 -0.344147 1.18848 -1.12545 -0.0775797 -0.53456 -0.540774 1.67259 0.764336 
4390 2318 2093 -0.0463034 -0.181365 -0.12423 -0.0167745 0.0912053 -0.1269 0.224656 0.157173 
4391 2318 2286 0.199212 -0.0509048 -0.399016 -0.073405 -0.00700986 -0.0357537 0.448876 0.0819497 
4392 1692 1773 -1.319 0.937156 -1.32394 -0.032232 0.0281317 0.0520249 2.09065 0.0673564 
4393 1692 1780 0.856393 0.0893413 -1.25252 -0.103838 -0.237486 -0.0879373 1.51994 0.273706 
4394 1692 1982 -0.19595 -0.327178 -0.292545 0.0900322 0.102135 -0.174531 0.48065 0.221356 
4395 1695 1982 1.14155 -0.458876 -1.45753 -0.151428 0.437835 -0.256444 1.90738 0.529522 
4396 1807 1960 -0.536334 -0.165826 -0.269692 0.0853242 0.106198 -0.234982 0.622805 0.271615 
4397 1960 1717 -0.280451 -0.385406 0.223117 0.15946 0.0436806 0.275889 0.526281 0.321637 
4398 1960 2050 -0.157521 0.0868337 -0.099279 0.0301923 -0.0644105 -0.104241 0.205449 0.1262 
4399 1960 2145 0.0264718 -0.349434 -0.764409 -0.0519388 0.0957758 -0.0455806 0.840908 0.118103 
4400 2052 2343 -0.200452 -0.174496 -0.150181 -0.0468956 0.0396744 0.0164953 0.305261 0.0636031 
4401 1979 2029 -0.320816 -0.821061 -0.759969 0.497206 0.153606 -0.375846 1.16388 0.641925 
4402 1979 1996 -0.119975 0.153955 -0.478816 0.0194926 -0.0499005 -0.0209289 0.51707 0.0575156 
4403 2029 2093 1.18181 0.0975772 -0.675436 -0.128195 -0.0872929 -0.236914 1.3647 0.283165 
4404 2029 2044 -0.221528 -0.500436 -0.24566 0.063418 0.0846958 -0.229723 0.599883 0.252919 
4405 2029 2196 -1.05329 0.630604 -1.42906 0.0990263 0.032965 -0.0584405 1.88396 0.119617 
4406 2180 1344 -0.286285 -0.126421 0.166308 -0.0893407 0.104849 -0.0740908 0.354401 0.156411 
4407 2180 1996 0.0393072 0.0183692 -0.0218057 0.00943852 -0.00208001 0.0152617 0.0485589 0.0180647 
4408 2180 1780 -0.0590925 0.40462 -0.329791 0.061809 -0.0338383 -0.0525912 0.52533 0.0879273 
4409 1892 1721 0.523767 -1.06392 0.25403 -0.206462 -0.219487 -0.493556 1.21276 0.578272 
4410 1892 1885 0.242574 1.78355 -1.32123 -0.122818 -0.408265 -0.573671 2.23283 0.714747 
4411 1717 1941 -0.579598 0.2883 -0.432644 0.114588 0.0673838 -0.108607 0.778609 0.171658 
4412 1717 1930 -0.11547 -0.292157 -0.885075 0.130583 -0.0630057 0.00376139 0.939174 0.145037 
4413 1941 1726 -0.0306892 -0.662183 0.223378 0.224802 0.0927025 0.305692 0.699518 0.390612 
4414 1941 2050 0.132087 0.203003 -0.090939 -0.082965 -0.000813 -0.122319 0.258703 0.147804 
4415 1941 2291 -0.670891 0.0599236 -0.32082 0.0188283 0.100177 -0.0206618 0.746063 0.104005 
4416 1941 1930 0.137049 -0.150259 -0.0852865 -0.0602768 -0.0591292 0.00731431 0.220532 0.0847529 
4417 1941 2633 0.126873 -0.0155308 -1.03533 0.138807 0.177179 0.014352 1.04319 0.225535 
4418 1796 1726 0.622223 -0.490866 -0.128884 -0.154498 -0.0687832 -0.483917 0.802946 0.512618 
4419 1796 2405 -0.106979 -0.110452 -0.147716 0.0266126 -0.0302116 0.00331681 0.213223 0.0403977 
4420 2136 2448 -0.149818 0.226273 -0.186198 0.161257 -0.0266675 -0.162158 0.329112 0.23024 
4421 2136 2291 1.26959 -0.0154607 -1.01364 -0.0888008 -0.351346 -0.105865 1.62467 0.377541 
4422 2136 2582 -0.467335 -0.432742 -0.704265 -0.027661 0.101097 -0.0437646 0.949557 0.113583 
4423 2441 2418 -0.235269 -0.330644 -0.557956 -0.299102 -0.176942 0.230975 0.689922 0.417277 
4424 2455 2343 0.83105 0.600721 -0.396651 -0.192887 0.143841 -0.186285 1.09947 0.304299 
4425 2455 2604 -0.0334788 -0.414545 -0.188979 -0.152828 0.0619497 -0.108819 0.456816 0.197574 
4426 2455 2163 -0.476173 0.562285 -0.903387 -0.0150136 -0.127213 -0.0712663 1.16577 0.146586 
4427 1925 2093 -1.49192 0.218716 -0.943893 0.0734405 -0.497617 -0.231387 1.77893 0.553675 
4428 1925 2137 -0.0325579 -0.252526 -0.109447 0.00816907 0.0649465 -0.152281 0.277143 0.165754 
4429 1951 1984 -0.590903 -1.66808 -1.53318 -0.272878 0.423625 -0.355728 2.34143 0.616817 
4430 1872 2075 -0.420906 -0.717906 -0.151352 0.019049 -0.0802457 0.327655 0.845848 0.337875 
4431 1872 2031 -0.966572 0.136999 -1.02989 0.280104 0.0720999 -0.253292 1.41905 0.384465 
4432 1872 2044 0.250741 -0.171666 -0.355176 -0.209283 -0.0837965 -0.107245 0.467429 0.249645 
4433 1499 2031 0.0731046 0.0233206 -0.047588 0.00837888 0.0392247 0.0320938 0.0902926 0.0513692 
4434 1499 2201 -0.405587 -0.048359 -0.470273 -0.153575 0.00948983 0.131475 0.622894 0.202388 
4435 1323 1779 -0.0503891 -0.139556 0.0399049 0.0206752 -0.00843561 -0.00339389 0.153647 0.0225863 
4436 1323 1742 0.914421 0.278074 -1.98496 -0.594041 0.0713665 -0.263661 2.20308 0.653831 
4437 1726 2072 -0.359093 0.176967 -0.921498 0.116785 -0.10265 -0.0652224 1.0047 0.168611 
4438 1726 2190 0.245314 -0.372463 -0.289756 -0.174735 0.00388153 -0.152924 0.531851 0.232236 
4439 2223 2512 -0.0819948 -0.190652 -0.03725 -0.0044831 -0.00880951 0.0549569 0.210853 0.0558388 
4440 2348 2520 -0.130811 0.0105316 -0.113669 0.0226414 0.0132079 -0.0248322 0.173617 0.0361071 
4441 2520 2374 -0.0654993 0.315838 -0.0982724 0.0537996 -0.0111964 -0.0718421 0.337196 0.0904491 
4442 1753 1699 -0.640399 -0.148209 -0.122479 -0.00144297 -0.0849268 0.110313 0.668639 0.139225 
4443 2075 2027 -0.959933 -0.0534784 -2.00503 0.618333 0.112343 -0.299031 2.22362 0.695971 
4444 1721 2201 0.52834 0.0523726 -1.45744 0.598133 0.0173917 0.217455 1.55114 0.636673 
4445 1721 2259 -0.148654 -0.212769 -0.234201 0.0560365 0.0406148 -0.0724663 0.349598 0.100205 
4446 2243 2405 -0.0931862 0.125312 -0.0233444 0.0287963 0.0373639 0.0856196 0.157898 0.0977548 
4447 2243 2525 0.0149262 -0.190739 -0.10458 -0.0731267 0.0389573 -0.0814899 0.21804 0.116214 
4448 2243 2330 0.643682 -0.0694285 -1.23619 0.0327232 0.124612 0.0100403 1.39546 0.129228 
4449 2512 2458 -0.995594 -0.156534 0.592864 0.165789 0.0430735 0.289781 1.16927 0.336622 
4450 2512 2594 0.273984 0.504814 -0.901786 0.38864 0.0123855 0.125011 1.06917 0.408439 
4451 2435 2359 -0.292102 0.0091238 -0.00353457 -0.00246652 -0.0826649 -0.00954622 0.292266 0.0832509 
4452 2021 2517 0.168576 -0.529877 -0.233722 0.000933926 -0.138187 0.313962 0.60317 0.343028 
4453 2021 2418 0.176245 0.261861 -0.70971 0.221171 0.314587 0.170997 0.776738 0.420859 
4454 2112 2437 -0.370952 -0.113783 -0.166936 -0.104281 -0.00864716 0.23762 0.422397 0.25964 
4455 2112 2604 -0.128502 0.484804 -0.846791 -0.0296067 -0.203316 -0.111909 0.984176 0.233961 
4456 2112 2471 -0.00307048 -0.224329 -0.253014 -0.0686436 -0.018306 0.0170636 0.338156 0.0730632 
4457 1699 2137 0.273512 0.373654 -0.330751 -0.0190658 -0.166506 -0.20387 0.569054 0.263914 
4458 1932 1920 -0.0738469 -1.11507 0.382669 0.502522 0.0646066 0.285235 1.18121 0.58143 
4459 1932 1984 0.789844 1.16176 -0.234403 -0.255902 0.166399 -0.0375715 1.42425 0.307548 
4460 1932 2177 -0.423411 -0.0531355 -0.326229 0.070456 0.0865836 -0.105547 0.537146 0.153626 
4461 1932 2283 0.708928 -0.120418 -1.30492 -0.033791 -0.00908644 -0.0175192 1.48993 0.039132 
4462 2231 1779 -1.39113 1.38186 0.915448 0.0912326 -0.313545 0.611932 2.16399 0.693609 
4463 2231 2259 0.0949819 0.168102 -0.0996367 -0.00699141 -0.0463917 -0.0849346 0.217272 0.0970307 
4464 2231 2434 -0.542344 0.25859 -0.580817 0.388945 -0.124781 -0.418736 0.835676 0.584969 
4465 2231 2272 1.29982 -0.327894 -0.429274 -0.260208 0.0066735 -0.792994 1.4076 0.834621 
4466 2231 2368 -0.345126 -0.403744 -0.294077 0.211565 -0.00730163 -0.238266 0.607126 0.318722 
4467 1779 2190 -0.0389163 0.0175588 -0.0408513 0.0193257 -0.0230666 -0.0283248 0.05909 0.0413261 
4468 2011 2170 0.299757 0.267686 -0.512227 -0.0926373 -0.149092 -0.132126 0.651066 0.219698 
4469 2517 2321 -0.316089 -0.596753 0.307328 0.0243658 -0.0669885 -0.105014 0.741941 0.126922 
4470 2437 2235 -0.960275 0.948314 -1.58204 -0.0560308 0.0340949 0.0544472 2.07949 0.0852433 
4471 2146 1920 -0.421976 0.0133929 0.0526621 0.0226779 -0.0335224 0.190241 0.425461 0.194498 
4472 2146 2172 0.199188 -0.233437 0.0160822 -0.0922376 -0.0703547 0.121202 0.30729 0.167772 
4473 2146 2636 -0.107682 -0.254175 -0.355543 0.0862541 0.149733 -0.133166 0.450123 0.218158 
4474 1920 2118 -0.0674369 -0.871905 -0.336185 -0.218025 -0.0491231 0.171137 0.936903 0.281489 
4475 1920 2179 -0.160501 -0.159139 -1.06264 -0.0560827 0.106702 -0.00750882 1.08641 0.120777 
4476 2256 2177 0.35257 0.642679 -0.596936 -0.0107843 -0.115449 -0.130665 0.945343 0.174695 
4477 2256 2065 -1.08632 -0.441528 -1.0687 0.228062 0.0094555 -0.235728 1.58656 0.328131 
4478 2012 1542 -0.332422 -0.286766 0.158248 -0.0568355 0.0506138 -0.0276722 0.466671 0.0809801 
4479 2267 2190 0.00521501 0.396596 -0.0959398 -0.0713334 -0.0305084 -0.129993 0.408069 0.151385 
4480 2267 2434 0.756742 0.393146 -0.752853 -0.224337 -0.0534833 -0.253425 1.13755 0.342654 
4481 2063 2554 0.814439 -0.768604 0.359773 -0.210528 0.0041112 0.485368 1.17622 0.529076 
4482 2063 2525 -0.137584 0.918383 -1.09464 -0.17786 -0.114714 -0.0738884 1.43547 0.224172 
4483 2063 2413 0.201904 -0.0939965 -0.1848 -0.0892048 -0.0292688 -0.0825737 0.289398 0.12503 
4484 2063 2362 -0.00518828 -0.00570984 -0.00330101 0.00358608 -0.000590624 -0.00461472 0.0083915 0.00587405 
4485 2661 2246 -0.0322378 -0.108075 0.0616921 0.0751715 -0.0394535 -0.0298351 0.128551 0.0899859 
4486 2661 2599 -0.167472 0.0236192 -0.451619 -0.0974876 0.0204193 0.0372189 0.48225 0.10633 
4487 2321 2491 -0.251456 -0.151258 -0.034163 -0.0339231 0.0749483 -0.0821463 0.295426 0.116259 
4488 2321 2471 -0.386853 0.214981 -0.405622 0.0488371 -0.0479594 -0.0719959 0.600334 0.0993407 
4489 2172 1903 -0.757458 -0.195607 0.258901 0.0837316 -0.0469431 0.209504 0.824036 0.230449 
4490 2172 2535 0.362363 0.298613 -1.00875 -0.00165377 0.188588 0.0552324 1.11268 0.196517 
4491 2118 1903 0.645911 -0.0797606 0.490114 -0.22969 0.1567 0.328205 0.814723 0.430153 
4492 2118 2487 -0.0312791 -0.610453 0.4056 -0.253567 -0.165499 -0.268641 0.733582 0.404789 
4493 2118 2005 -0.434223 -0.00594189 -0.477927 -0.137905 -0.225747 0.128101 0.645755 0.293921 
4494 2118 2417 0.0687377 -0.108212 -0.191152 0.0654294 0.136584 -0.0537925 0.23016 0.160717 
4495 1749 1705 -0.132694 -0.26147 -0.0357838 -0.0576388 0.0112014 0.131888 0.295389 0.144368 
4496 1542 1967 0.204617 -0.259444 -0.0407601 0.114106 0.0694222 0.130934 0.332928 0.187038 
4497 1542 2272 -1.39556 1.60556 -2.30431 0.757401 -0.472481 -0.787913 3.13612 1.19067 
4498 2100 2554 -0.97651 0.20866 0.347473 0.208896 0.0261111 0.571384 1.05728 0.608933 
4499 2100 2368 0.0608322 0.463316 -0.385724 0.0294327 -0.242188 -0.286265 0.605925 0.376124 
4500 2100 2349 1.06572 -0.670582 -0.537449 0.00991684 0.160176 -0.180189 1.36904 0.241294 
4501 2554 2413 0.00373453 0.233621 -0.67136 0.040876 0.0661808 0.0232571 0.710857 0.0811889 
4502 2246 2479 -0.232001 -0.0242395 -0.00249078 -0.0135095 0.138127 -0.0858854 0.233277 0.163211 
4503 2246 2480 0.454186 -0.812915 -0.0801754 0.102473 0.0797022 -0.227614 0.934636 0.262033 
4504 2246 2362 0.358653 -0.0392718 -0.412157 -0.0632425 -0.127177 -0.0429148 0.547766 0.148375 
4505 2246 2404 -0.180223 0.066519 -0.293668 -0.119372 -0.120635 0.0459329 0.350921 0.175819 
4506 2479 2404 0.122268 0.0746036 -0.210027 0.104024 -0.0132661 0.0558457 0.254217 0.118809 
4507 1903 2642 0.120723 -0.164933 -0.295052 -0.131266 0.0772351 -0.0968825 0.358932 0.180505 
4508 1967 1890 0.588435 -0.0294823 -0.861606 -0.13688 0.0680407 -0.0958106 1.04379 0.180403 
4509 2073 2480 -0.225041 -0.0358827 0.111085 -0.067435 0.0330981 -0.125921 0.253517 0.146626 
4510 2073 2362 -0.215368 0.196691 -0.0684486 -0.0778923 -0.0544732 0.0885501 0.299593 0.129906 
4511 2073 2571 0.388052 -0.0509721 -0.16152 0.0150816 -0.090575 0.0648168 0.423405 0.112394 
4512 2480 2569 0.487863 -0.645728 0.0314437 -0.13002 -0.0951901 0.0624925 0.809916 0.172834 
4513 2459 2589 -0.324829 0.0498063 0.205224 0.132213 -0.0696834 0.226178 0.387442 0.271095 
4514 2589 2473 0.0564515 -0.328738 -0.107733 0.0487215 0.0737236 -0.199431 0.350516 0.218133 
4515 2589 2397 -0.762524 -0.662336 -0.0219507 -0.0269373 0.00993738 0.6359 1.01025 0.636548 
4516 2589 2642 -0.100884 0.0959751 -0.246977 0.12075 0.052598 -0.0288838 0.283525 0.134839 
4517 2487 2251 -0.55871 -0.923103 -0.215863 -0.089531 -0.030554 0.362388 1.1004 0.374533 
4518 2487 2601 0.129368 -0.153155 -0.272316 0.0693939 0.200309 -0.0796907 0.338155 0.226472 
4519 1705 2481 -0.824572 -0.197078 -0.0101444 0.0189282 -0.0667791 -0.241213 0.847857 0.251001 
4520 1705 1890 -0.088019 0.61132 -0.597469 -0.269191 -0.0816839 -0.0439204 0.859319 0.284719 
4521 2481 2006 -0.75682 0.0344388 0.156785 -0.0158434 0.0719067 -0.0922729 0.773656 0.11805 
4522 2481 2328 0.218021 0.0204713 -0.40061 -0.0563456 0.0694277 -0.0271168 0.456553 0.0934363 
4523 2006 2526 -0.534428 -0.636296 -0.198925 0.122843 -0.191528 0.282609 0.854434 0.362825 
4524 2006 2349 -0.908778 0.821482 -0.938684 0.449717 0.10811 -0.340778 1.54332 0.574511 
4525 2006 2600 0.21365 -0.250488 -0.606481 -0.083165 0.115477 -0.0769913 0.690079 0.161799 
4526 2254 2571 0.112725 0.350419 -0.349065 -0.203482 -0.0142761 -0.0800426 0.507294 0.219124 
4527 2473 2397 -0.338174 0.104225 0.105469 0.0434093 -0.0967576 0.234804 0.369254 0.257641 
4528 2397 2601 -0.259462 0.177161 -0.585959 0.0514571 0.045224 -0.00911199 0.664872 0.0691091 
4529 2251 2602 -0.0926505 0.724177 -0.541576 0.00433831 -0.133282 -0.178962 0.909022 0.223182 
4530 2352 2124 0.0428232 -0.0464865 0.0196558 -0.00945237 -0.00425896 0.0105209 0.0661905 0.0147708 
4531 2352 2328 -0.0255743 0.0798133 -0.0611991 0.021357 -0.0197172 -0.0346392 0.103776 0.045219 
4532 2107 2466 -0.246278 0.0574308 -0.0168618 0.00225475 -0.0208928 -0.104092 0.253447 0.106192 
4533 2107 2516 -0.238555 0.468384 -0.68269 -0.00759054 0.00825794 0.00831805 0.861602 0.0139642 
4534 2548 2560 -0.379173 -0.0637655 -0.0421002 0.0253622 -0.0377553 -0.171238 0.386795 0.177176 
4535 2548 2614 -0.0582559 -0.118961 -0.121815 -0.0095971 0.0558086 -0.0499116 0.179956 0.0754842 
4536 2560 2614 0.132769 -0.100339 -0.114872 -0.0407041 0.0221875 -0.066426 0.202216 0.0810032 
4537 2560 2591 -0.11268 -0.247978 -0.156877 -0.000977429 0.0624426 -0.0980024 0.314325 0.116209 
4538 2643 2388 -0.192365 -0.163165 0.0454325 0.0288778 -0.0080058 0.0935191 0.256303 0.0982031 
4539 2388 2449 0.570127 -0.381833 0.0791462 -0.0131951 -0.0657454 -0.222132 0.690728 0.232033 
4540 2388 2495 -0.23263 -0.368741 0.000632831 0.0415269 -0.0261744 0.0139541 0.43599 0.0510323 
4541 2219 2622 -0.146913 0.0124236 0.0179258 0.0101721 0.0641262 0.038924 0.148523 0.0757015 
4542 2219 2488 -0.10497 -0.164973 -0.327752 0.029257 0.0468935 -0.0329738 0.381649 0.0643603 
4543 2622 2474 -0.0303842 -0.194378 -0.127437 0.0540973 -0.0169609 0.0129721 0.234406 0.058159 
4544 2504 2568 -0.749784 -0.465133 -0.900627 0.00249505 0.220677 -0.116047 1.26081 0.249342 
4545 2092 2297 -0.461571 0.0222195 -0.113782 -0.0198867 0.0852745 0.0973257 0.475907 0.130918 
4546 2092 2062 -0.198746 -0.428836 -0.109103 0.0408418 -0.00858535 -0.0406535 0.485081 0.0582621 
4547 2297 1887 -0.49577 -0.1844 -0.0312052 0.0422049 -0.106559 -0.0408397 0.529873 0.121672 
4548 2297 2614 -0.0407286 0.180345 -0.125744 0.00625025 -0.0827919 -0.120767 0.223595 0.146555 
4549 2297 2419 0.366274 -0.231193 -0.568839 -0.0964158 -0.0528853 -0.0405877 0.714972 0.117219 
4550 1887 2449 -0.954776 0.294247 0.00868773 0.0112758 0.0400822 -0.118354 0.999127 0.125464 
4551 1887 2591 -0.0339931 0.112006 -0.0564677 -0.0277575 -0.0455645 -0.0736695 0.12996 0.0909604 
4552 1887 2347 -0.105532 -0.16761 -0.592481 0.153713 -0.0963051 -0.000134827 0.624711 0.18139 
4553 2449 2591 0.170553 0.139422 -0.108912 0.0098475 -0.0543218 -0.0541183 0.245741 0.0773086 
4554 2449 2366 -0.490775 -0.364071 -0.61479 0.0996967 0.0225485 -0.0929388 0.866819 0.13815 
4555 2495 2488 -0.0448639 0.0338317 -0.0346414 0.0224871 0.0219705 -0.00766597 0.0660105 0.0323596 
4556 2495 2366 0.0592272 -0.00949134 -0.0445341 -0.00709701 -0.0450687 0.000166764 0.0747076 0.0456244 
4557 2474 2488 0.122436 0.0454672 -0.0632411 -0.034416 0.0208163 -0.0516644 0.145112 0.0654751 
4558 2346 2603 -0.157111 -0.607032 -0.308406 -0.0368631 0.0998381 -0.177731 0.698774 0.207159 
4559 2062 2152 -0.0190309 -0.269879 -0.120714 -0.0980384 0.0803095 -0.164091 0.296258 0.207333 
4560 2086 2022 0.0178629 -0.0917493 0.00719792 0.00811949 -0.00352051 -0.0650247 0.0937488 0.0656241 
4561 2086 2347 0.180034 0.133915 -0.178069 -0.0442954 -0.0387227 -0.0739051 0.286451 0.0944642 
4562 2086 2162 -0.253268 -0.233449 -0.116984 0.106998 -0.0864349 -0.059163 0.36377 0.149733 
4563 2086 2558 -0.111495 -0.0134053 -0.5352 -0.0185072 -0.0377626 0.00480133 0.546854 0.0423271 
4564 2377 2269 0.765542 -1.72498 0.513395 -0.179436 -0.214165 -0.452022 1.95581 0.531402 
4565 2377 2508 0.872207 0.132912 -0.931278 -0.101168 -0.291217 -0.136314 1.28284 0.337081 
4566 2377 2433 -0.204465 -0.122172 -0.301943 0.0206489 0.0505734 -0.0344458 0.38458 0.0645799 
4567 2361 2584 -0.0739996 -0.362342 -0.498537 0.0344818 -0.04077 0.0245139 0.620731 0.0587547 
4568 2293 2500 -0.117378 -0.105785 -0.211376 -0.0183225 -0.02276 0.021565 0.263909 0.036315 
4569 2152 2156 -0.674895 -0.0526005 0.235398 0.0698815 -0.0034315 0.199586 0.716702 0.211494 
4570 2152 2500 0.343398 -0.165457 -0.308876 0.137111 0.048829 0.126279 0.490614 0.192691 
4571 2156 2531 -0.17745 -0.112119 -0.456282 0.238085 0.152045 -0.129953 0.502247 0.31095 
4572 2022 2531 0.278666 -0.0284276 -0.249048 -0.115713 -0.0526282 -0.123467 0.374817 0.17721 
4573 2022 2101 -0.529892 -0.774313 -0.425961 -0.147841 0.202633 -0.184434 1.03043 0.31134 
4574 2445 2508 -0.0952276 0.0926188 -0.11801 -0.00619829 0.0397974 0.0362362 0.177688 0.0541786 
4575 2445 2555 -0.201439 -0.68836 -0.978737 -0.00687705 0.175417 -0.121958 1.2134 0.213757 
4576 2269 2315 0.770613 -1.7706 -0.6388 0.0386727 -0.271813 0.800054 2.03395 0.845852 
4577 2269 2454 -0.140205 -0.155086 -0.371378 0.0877908 0.0366317 -0.0484406 0.426181 0.10675 
4578 2122 2623 -0.118417 -0.209187 -0.227452 0.0158785 0.0370234 -0.0423172 0.330932 0.0584261 
4579 2603 2161 -0.28692 -0.459311 0.277422 0.0713328 0.124406 0.279747 0.608484 0.314362 
4580 2603 2433 0.176611 0.000126002 -0.123794 -0.0299658 0.0779595 -0.0426714 0.215677 0.0937895 
4581 2603 2519 -0.1675 -0.280956 -0.328659 0.0736313 0.0338279 -0.0664438 0.463691 0.104789 
4582 2559 2379 0.240916 -0.263627 0.0667948 -0.0605896 -0.0940316 -0.152591 0.36332 0.189201 
4583 2131 2626 0.419387 -0.420088 0.39054 0.0439539 -0.0791324 -0.13232 0.710549 0.16032 
4584 2131 2064 -0.972627 -0.101037 -0.56759 0.112535 0.0176002 -0.195973 1.13065 0.22667 
4585 2051 1797 -1.20473 -0.0998155 0.620953 -0.0383011 -0.0794449 -0.0870799 1.35902 0.123941 
4586 2051 2064 1.07572 -0.0530994 -0.727523 -0.239106 -0.144624 -0.342987 1.29972 0.442411 
4587 2222 2162 -0.000707223 0.425235 -0.931148 0.340176 -0.200667 -0.0918984 1.02365 0.405503 
4588 2623 2161 -0.0402589 0.0198219 0.029115 0.00351291 0.0328958 -0.0175385 0.0534918 0.0374442 
4589 2623 2069 -0.100992 -0.2935 0.192242 0.0459574 0.00586696 0.0331005 0.365101 0.0569398 
4590 2161 2641 -0.18641 -0.121005 -0.139304 0.0260574 -0.0396498 -0.000427463 0.262291 0.0474476 
4591 2641 2019 -0.513146 -0.117806 0.456274 -0.144171 0.329824 -0.0769838 0.696694 0.368098 
4592 2641 2354 0.281545 -0.152612 -0.23825 -0.0323482 0.190907 -0.160514 0.399151 0.251509 
4593 2641 2373 -0.0850201 -0.147566 -0.166213 0.0517058 -0.0251753 -0.00409726 0.237972 0.0576548 
4594 2379 2529 0.0594587 -0.120214 -0.0632555 0.00806848 0.0112474 -0.0137909 0.148284 0.0195395 
4595 2323 2421 -0.208244 -0.405746 -0.567322 -0.0339102 0.0154236 0.00141636 0.727908 0.03728 
4596 2626 2444 -0.0937419 -0.129908 -0.633342 0.234423 -0.0477567 -0.0249017 0.653289 0.240531 
4597 1793 1679 -0.607042 -0.991356 -0.192252 -0.230767 0.191749 -0.260108 1.17824 0.397086 
4598 1793 2064 -0.0754879 0.375556 -0.560998 0.169869 -0.112604 -0.0982397 0.679308 0.226244 
4599 1797 2097 0.134594 -1.18323 -0.622191 0.178842 0.445604 -0.808722 1.3436 0.940521 
4600 1797 2101 -0.27705 0.0685172 -0.790779 0.14117 -0.256018 -0.0716418 0.840704 0.30101 
4601 2315 2084 0.661104 -0.16495 -0.653293 0.0172571 0.189928 -0.0304917 0.943959 0.193133 
4602 2315 2053 -0.144008 -0.37574 -0.331406 0.23579 -0.0969442 0.00745373 0.521295 0.255051 
4603 1727 2191 -0.00348819 -0.0366988 -0.0123112 -0.0237984 -0.000648853 0.00867705 0.0388656 0.0253392 
4604 1727 2454 0.0806952 0.14959 -0.278768 -0.092364 -0.131127 -0.0971009 0.326497 0.187494 
4605 2069 2546 0.310925 -0.282596 -0.964826 -0.127927 0.198186 -0.0992743 1.05234 0.255927 
4606 2069 2408 -0.787622 -0.649384 -0.669207 0.150731 -0.414627 0.224942 1.22061 0.495211 
4607 2019 2220 0.264953 -0.645426 -0.332967 -0.0413295 0.0763565 -0.180898 0.773073 0.200655 
4608 2585 2645 -0.0913154 0.344455 -0.446919 -0.0382074 -0.0693862 -0.0456716 0.571599 0.0914338 
4609 2585 2360 0.0327706 -0.152339 -0.256375 -0.0258203 0.0997087 -0.0625478 0.300015 0.120502 
4610 1679 2032 0.00403191 0.201913 -0.351402 0.0122183 -0.0813767 -0.0466183 0.4053 0.0945765 
4611 1679 2279 0.182268 -0.47254 -0.407256 -0.00238732 0.109142 -0.127706 0.649902 0.168007 
4612 1679 1889 -0.205054 -0.0940429 -0.112372 0.0596394 -0.0457201 -0.0705658 0.252029 0.103086 
4613 2097 2181 -0.39019 -0.249764 -0.437258 0.152702 0.234233 -0.270059 0.637044 0.388735 
4614 2097 1889 0.0217753 -0.0469396 -0.0185079 0.00113464 0.0145498 -0.0355661 0.0549548 0.0384439 
4615 2097 2057 0.49395 0.695472 -1.66587 0.0299185 -0.742571 -0.301139 1.87158 0.801867 
4616 1685 2194 -0.584022 -0.156939 0.196389 -0.0389019 0.185514 0.032561 0.63583 0.192325 
4617 1685 2181 0.566814 -0.216598 -0.58446 -0.280887 -0.0516711 -0.253257 0.842488 0.381715 
4618 2194 2053 -0.162288 0.542251 -0.937047 -0.17389 0.028187 0.0464274 1.09473 0.182175 
4619 2194 2039 0.512209 -0.620727 -0.486056 -0.0213953 -0.0110534 -0.00843055 0.940165 0.0255149 
4620 2191 2053 0.401349 0.0914049 -0.321412 -0.0110803 0.0123098 -0.0103353 0.522247 0.0195223 
4621 2220 2373 0.0130468 0.137042 -0.329389 0.0341332 -0.00737521 -0.00171647 0.356998 0.034963 
4622 2220 2408 0.670372 -0.172851 -0.185717 -0.0490203 0.0567581 -0.229772 0.716775 0.241701 
4623 2220 2615 0.0590533 -0.306478 -0.240653 0.0265957 0.095359 -0.114916 0.394119 0.151678 
4624 2392 2529 -0.0718889 0.128283 -0.122041 0.0195072 -0.0570765 -0.0714866 0.191098 0.0935339 
4625 2392 2496 -0.651244 -0.476715 -0.522718 0.0717022 0.021437 -0.108883 0.961567 0.132122 
4626 2639 2444 -0.176525 0.471109 -0.294533 0.194132 0.188964 0.185899 0.58297 0.328562 
4627 2639 2421 0.266379 0.180128 -0.295653 -0.0959909 0.0910125 -0.0310365 0.436823 0.135871 
4628 2639 2665 -0.875958 -0.844079 -1.17557 0.25616 0.0020951 -0.192378 1.69167 0.320361 
4629 1884 1773 1.45258 -0.714898 0.59231 0.0027659 -0.0747852 -0.0970462 1.72392 0.12255 
4630 1884 2039 -0.847291 0.104393 -0.147386 -0.0310861 -0.23333 0.0134398 0.866327 0.235775 
4631 1884 2556 -0.601342 -0.376446 -1.38623 -0.0166862 -0.0305295 0.0155291 1.55723 0.0381003 
4632 2071 2277 0.434209 0.367581 -1.49224 -0.215613 -0.185153 -0.108347 1.59701 0.304154 
4633 2024 2102 -0.848203 -0.332542 0.20075 0.0747946 -0.231638 -0.0676871 0.932916 0.252649 
4634 2024 2515 -0.169109 -0.118864 -0.318626 0.117894 0.06955 -0.0885172 0.379801 0.163007 
4635 2102 2408 0.0432636 0.425863 -0.288689 0.2133 0.0620907 0.123559 0.516307 0.254203 
4636 2102 2632 -0.142142 -0.267654 -0.3091 -0.0809741 0.200159 -0.136083 0.432881 0.255223 
4637 2215 2360 0.00793395 0.12081 -0.125287 -0.013293 -0.0729544 -0.0711892 0.174227 0.102796 
4638 2215 2617 -0.566815 0.150252 -0.20895 0.132106 0.0530088 -0.320243 0.622507 0.350454 
4639 2215 2496 0.597405 -0.0264858 -0.251053 0.0437457 -0.0459623 0.108946 0.648554 0.126077 
4640 2217 2155 -0.173756 0.0780556 0.0391445 0.0328032 0.0489444 0.0480111 0.194464 0.0760044 
4641 2217 2665 -0.228523 0.39247 -0.359061 -0.0158067 0.265179 0.299913 0.578948 0.400647 
4642 2217 2564 -0.291268 -0.300907 -1.04535 0.253822 0.16172 -0.117275 1.12611 0.323005 
4643 2155 1996 0.00714037 -0.0995968 0.0141661 0.0368472 -0.00458799 -0.0508292 0.100852 0.0629474 
4644 2155 2279 -1.42018 0.322883 -1.34319 0.0712501 -0.167874 -0.115688 1.98125 0.215968 
4645 1773 1889 0.0777705 0.239676 -0.215364 0.0355671 -0.0630524 -0.0573266 0.331473 0.0923415 
4646 2076 1885 0.58333 -0.77261 -0.372092 -0.0558729 -0.0720693 0.0620521 1.03714 0.110301 
4647 2076 2039 0.419531 0.704233 -0.736848 0.264266 -0.0104168 0.140506 1.10222 0.299478 
4648 2076 2316 -0.207004 -0.323322 -0.860845 -0.0190998 -0.0814257 0.0351753 0.942572 0.0907317 
4649 2376 2350 1.09255 -0.123809 -1.00702 0.0932387 0.110294 0.0875974 1.491 0.168913 
4650 2595 2496 -0.209061 0.346005 -0.289381 -0.253177 -0.0129329 0.167442 0.497159 0.303813 
4651 2595 2545 -0.358477 -0.505952 -0.429424 0.0315935 -0.143984 0.143269 0.754253 0.205561 
4652 2425 2668 -0.0700654 0.647547 -0.588689 -0.0764246 -0.162882 -0.170071 0.877942 0.247579 
4653 2425 2286 -0.124424 0.00404433 -0.050733 0.0348631 0.0260706 -0.083424 0.13443 0.0940993 
4654 2425 2422 -0.0632955 -0.0898999 -0.39445 0.0456803 0.000339821 -0.00740755 0.409487 0.0462783 
4655 2425 2163 -0.0473547 -0.519049 -0.156583 0.284085 0.010378 -0.120316 0.544218 0.308688 
4656 1780 2276 0.714739 -0.294255 -1.08479 0.0131902 0.374507 -0.0928961 1.33199 0.386082 
4657 1780 1922 -0.429609 -0.510513 -0.566966 0.180528 -0.079029 -0.0656324 0.875579 0.207711 
4658 1769 1596 -0.31686 -1.28022 0.772694 0.409945 -0.145127 -0.0723431 1.52854 0.440852 
4659 1769 2669 0.675327 1.21415 -1.2701 0.158157 -0.302789 -0.205356 1.88239 0.39858 
4660 1885 2026 0.0843489 -0.245275 -0.163126 0.115617 0.107039 -0.10116 0.306406 0.187238 
4661 1885 2128 0.118187 0.169747 -1.97035 -0.0323282 0.387896 0.0314783 1.98118 0.390511 
4662 2050 2350 -0.217642 0.0917445 -0.478903 -0.0683037 0.0691732 0.0442929 0.533978 0.106828 
4663 2448 2632 0.212523 0.166981 -0.209514 -0.156909 0.114768 -0.0676929 0.341972 0.205851 
4664 2448 2538 0.0348606 -0.207838 -0.409373 -0.00843432 -0.194992 0.0982787 0.460433 0.218522 
4665 2093 2110 -0.425118 0.26094 -0.575601 0.116558 -0.0463352 -0.107091 0.761664 0.164928 
4666 2093 2061 0.481945 -0.243221 -0.572914 -0.241113 -0.239121 -0.101314 0.787184 0.354371 
4667 2093 2228 -0.221215 -0.347483 -0.297649 -0.13125 0.229699 -0.17061 0.508208 0.314795 
4668 1982 1922 0.867264 0.282357 -1.55768 0.0962049 -0.47458 -0.0324621 1.80506 0.48532 
4669 1982 2635 -0.0503009 -0.0693505 -0.0884074 -0.0139033 4.84467e-05 0.00787254 0.123108 0.0159775 
4670 1596 2635 0.990466 -0.221731 -1.25426 0.11669 -0.189061 0.12557 1.61349 0.255203 
4671 1596 2026 -0.469129 -0.0783964 -0.681883 -0.0864274 -0.121853 0.0734708 0.83138 0.166481 
4672 2145 1742 0.299481 -0.5025 0.0484166 -0.170941 -0.0710177 0.320287 0.586975 0.36993 
4673 2145 2316 0.0655713 0.365324 -0.127209 -0.211535 -0.00209919 -0.115067 0.392356 0.240815 
4674 2145 2440 0.0319259 -0.228704 -0.295901 -0.0703827 0.17 -0.138988 0.375343 0.23059 
4675 2291 2072 0.225583 -0.38543 -0.0760323 0.118209 0.103298 -0.172931 0.453017 0.233557 
4676 2291 2655 0.0911458 0.0473629 -0.728027 0.100293 0.0379476 0.015025 0.735238 0.10828 
4677 2582 2594 -0.533861 -0.620689 -0.179035 0.113267 -0.133545 0.125235 0.838043 0.215284 
4678 2582 2538 0.0499147 0.306557 -0.316008 -0.0982434 0.132244 0.11277 0.443091 0.199643 
4679 2343 2545 0.129796 0.581027 -0.37457 0.222328 0.0483334 0.152015 0.703379 0.273632 
4680 2031 2635 -0.58969 0.406536 -0.508755 -0.185786 -0.146869 0.0979821 0.878543 0.256296 
4681 2031 2116 0.211179 -0.00122394 -0.35792 -0.0378359 -0.0195445 -0.0222569 0.415578 0.0480512 
4682 2201 2271 0.229506 -0.71848 0.461441 0.184959 0.231907 0.269094 0.884203 0.400503 
4683 2201 2648 0.590494 0.210825 -1.71553 -0.413888 0.349071 -0.0995638 1.82652 0.550515 
4684 1742 2026 0.224548 0.183843 -0.120901 0.0486153 0.0330053 0.140481 0.314384 0.152275 
4685 1742 2543 0.414523 -0.522507 -0.66646 -0.12173 0.0718383 -0.132035 0.942874 0.193422 
4686 1742 2440 -0.244182 0.141725 -0.500154 0.122499 -0.138818 -0.0991417 0.574339 0.210013 
4687 1930 2190 -0.017612 -0.0833303 0.0139165 0.0243795 -0.0101062 -0.0296611 0.0863005 0.0397024 
4688 1930 2627 0.176395 -0.422394 -0.407447 -0.116545 -0.0206956 -0.0290008 0.612817 0.121869 
4689 2072 2330 0.0203351 -0.142471 -0.0543139 -0.0890414 -0.0290562 0.0428805 0.153823 0.103012 
4690 2072 2503 0.0729036 -0.106324 -0.695642 0.0812507 0.053369 0.000358037 0.707487 0.0972114 
4691 2405 2170 -0.0321768 -0.0804551 -0.00887882 -0.00821013 0.00986166 -0.0596076 0.0871046 0.0609732 
4692 2405 2609 -0.11397 0.318843 -1.10947 0.406395 0.0477825 -0.0280148 1.15999 0.410153 
4693 2594 2469 0.347587 -0.127527 -0.238822 -0.100132 -0.0448147 -0.121804 0.440586 0.163924 
4694 2418 2370 -0.205397 0.140529 -0.185983 0.0614336 -0.0700163 -0.120751 0.310687 0.152503 
4695 2137 2211 0.205397 -0.0559198 -0.249466 0.0677358 0.0696398 0.0401596 0.327946 0.105122 
4696 1984 2228 -0.258078 0.355964 -1.57289 -0.0653216 -0.279377 -0.0525084 1.63319 0.291677 
4697 2044 2177 -0.189689 -0.44885 -0.0743274 0.0874234 -0.0539222 0.102515 0.492923 0.14512 
4698 2044 2312 -0.0372998 -0.17131 -0.439597 0.023399 -0.0382888 0.0129357 0.47327 0.0466998 
4699 2027 2304 0.536624 0.133351 -1.12441 -0.321788 0.00631751 -0.152824 1.25301 0.35629 
4700 2027 2111 -0.410404 -0.144657 -0.6124 -0.156157 0.0301992 0.0975165 0.75126 0.186565 
4701 2190 2434 0.0401141 -0.0385047 -0.0262349 -0.0205233 0.00174029 -0.0339351 0.0614819 0.0396967 
4702 2190 2330 -0.107419 -0.00778552 -0.113524 0.0776535 -0.0293486 -0.0714649 0.156483 0.109538 
4703 2170 2579 0.124353 -0.0543276 -0.227808 0.0273214 0.107318 -0.0106792 0.265164 0.111255 
4704 2604 2211 -0.143091 0.142772 -0.222378 -0.0124776 -0.0716762 -0.0379891 0.300518 0.0820752 
4705 2604 2381 -0.178861 -0.354009 -0.328387 -0.0555203 0.160382 -0.142655 0.514929 0.22171 
4706 2235 2363 -0.296419 0.782348 -0.697147 0.099389 -0.0342416 -0.0806855 1.08901 0.132517 
4707 2235 2283 -0.838333 0.161982 -0.132407 0.011913 0.110346 0.0595657 0.864044 0.125961 
4708 2235 2536 -0.0335723 -0.127541 -0.0892809 0.0720383 0.0352468 -0.0774399 0.159264 0.111484 
4709 2177 2312 0.0703064 0.126045 -0.17876 -0.0310383 -0.0164653 -0.0238172 0.22975 0.0424469 
4710 2177 2509 -0.230476 -0.174907 -0.298841 0.0920416 0.0723196 -0.113313 0.415953 0.162916 
4711 2271 2272 -0.0720868 -0.111842 -0.0131821 -0.0159135 0.00732292 0.0248931 0.133712 0.030439 
4712 2434 2627 -0.0963972 0.541984 -0.23984 0.064774 0.026008 0.0327379 0.600468 0.0770964 
4713 2434 2248 0.444112 -0.226137 -0.153578 0.0157221 0.150144 -0.175615 0.521498 0.231584 
4714 2434 2335 -0.200235 -0.161542 -0.138953 0.0775928 -0.0631361 -0.0384138 0.2924 0.107156 
4715 2434 2505 0.198455 0.0725593 -0.847622 -0.0970379 0.121402 -0.0123272 0.873563 0.155906 
4716 2525 2330 0.0749747 0.157474 -0.0775341 -0.0363351 -0.00849189 -0.052383 0.190869 0.0643143 
4717 2525 2579 -0.533053 0.514761 -0.59999 0.110647 0.0159754 -0.0845967 0.953474 0.140195 
4718 2471 2535 -0.408015 -0.162704 -0.158417 -0.0225653 0.0724814 -0.016324 0.466952 0.077648 
4719 2179 2005 -0.212042 -0.281934 -0.042935 0.0823875 -0.0595171 -0.016064 0.355376 0.102898 
4720 2179 2344 -0.0658499 0.253559 -0.376781 0.0195368 -0.0430681 -0.0323976 0.458904 0.057325 
4721 2065 1890 0.0857041 -0.771875 0.166176 -0.0821972 0.0442481 0.247921 0.794198 0.264913 
4722 2065 2509 0.282655 0.301779 -0.37962 -0.138756 -0.0577989 -0.149261 0.561317 0.211832 
4723 2065 2043 -0.927735 -0.0114366 -0.311663 -0.0223165 0.180372 0.0598112 0.978753 0.191336 
4724 2065 2510 -0.0905423 -0.181541 -0.377632 0.0333895 0.0608084 -0.0372383 0.428673 0.0787351 
4725 2272 2541 -0.191714 -0.29278 -0.107831 0.065471 0.0311994 -0.201114 0.366199 0.213791 
4726 2272 2337 0.288022 1.05542 -1.42432 -0.317819 -0.0492423 -0.100757 1.79598 0.337025 
4727 2272 2043 0.85924 -0.543908 -1.12154 0.0105236 0.381313 -0.176861 1.51393 0.420464 
4728 2272 2248 -0.530452 0.0800327 -0.503775 0.151811 0.0538091 -0.151301 0.735917 0.220984 
4729 2368 2409 0.0505597 -0.00762791 -0.506208 -0.0171829 0.0360277 -0.00225911 0.508784 0.0399794 
4730 2368 2652 0.00283052 -0.21866 -0.100273 -0.0761751 0.0290719 -0.065546 0.240572 0.104614 
4731 2577 2599 0.102818 -0.0354397 -0.0800523 0.0431931 -0.0353876 0.0711428 0.13504 0.090439 
4732 2535 2381 0.185448 0.374122 -0.188064 -0.103931 -0.0639618 -0.229726 0.457959 0.260128 
4733 2535 2536 -0.13952 0.0830663 -0.13141 0.0344344 -0.00434427 -0.0393056 0.208889 0.052436 
4734 2636 2642 0.0462334 -0.135384 0.0507569 0.0259879 0.0399788 0.0829634 0.151798 0.0956902 
4735 2636 2536 0.11342 0.0979962 -0.144269 -0.0620437 -0.080653 -0.103561 0.208041 0.145187 
4736 2636 2417 -0.132564 -0.20282 -0.0694916 -0.0318882 0.0139385 0.0201499 0.252068 0.0402139 
4737 2005 1890 -0.540415 -0.0842287 0.194281 -0.0650187 0.116588 -0.130311 0.580421 0.186551 
4738 2005 2602 0.0118373 -0.508695 0.294609 -0.0167638 -0.100048 -0.172078 0.587967 0.199753 
4739 2005 2631 -0.0542144 -0.0351342 -0.0468386 -0.0150647 0.0499258 -0.0200131 0.0797964 0.0558575 
4740 2541 2349 -0.135855 -0.415071 0.168025 -0.0471536 0.12434 0.269031 0.467946 0.300102 
4741 2541 2619 0.0850188 -0.0264426 -0.189251 -0.0361406 0.0994546 -0.0301317 0.209149 0.110024 
4742 2413 2335 0.107233 0.279547 -0.299031 0.028451 -0.0739789 -0.0589561 0.423161 0.0987834 
4743 1890 2328 -0.0578095 -0.132387 -0.0285909 -0.0761696 0.0389698 -0.0264337 0.147261 0.0895499 
4744 1890 2631 0.0907805 -0.10648 -0.332479 -0.00509907 0.0407669 -0.0144482 0.360724 0.043551 
4745 1890 2087 -0.458906 -0.0160581 -0.258137 -0.0292183 0.0127406 0.0511506 0.526771 0.0602695 
4746 2148 2349 -0.480635 -0.114955 -0.0148355 -0.000635705 -0.0211116 0.184182 0.494413 0.185389 
4747 2148 2087 0.364897 0.0639353 -0.490188 0.115638 0.0616413 0.0941211 0.614429 0.16134 
4748 2349 2208 0.289599 -0.0626293 -0.414396 -0.127548 0.163767 -0.113887 0.509425 0.236766 
4749 2349 2652 -0.238486 0.123682 -0.236538 -0.0110621 -0.173262 -0.0794423 0.357943 0.190927 
4750 2571 2652 0.268797 0.174744 -0.200266 0.0615672 0.0518478 0.127876 0.378013 0.151099 
4751 2601 2417 -0.0232106 0.458217 -0.325073 -0.0151129 -0.053771 -0.0747155 0.562294 0.0932852 
4752 2600 2516 0.244938 -0.285346 -0.082706 -0.0243679 -0.0431083 0.0765621 0.385042 0.0911804 
4753 2600 2208 -0.0741277 0.173507 -0.121948 0.0139605 -0.0395685 -0.0647837 0.224658 0.0771847 
4754 2419 2568 0.153748 -0.129187 0.0167729 0.0140901 0.0176754 0.00698113 0.201517 0.0236577 
4755 2419 2310 -0.027335 -0.0224257 0.00773507 0.00957206 -0.0171617 -0.0159289 0.0361931 0.0252959 
4756 2419 2650 0.00548087 -0.136923 -0.0968377 0.105166 0.0119458 -0.0109385 0.167796 0.106406 
4757 2347 2528 0.197446 -0.243431 -0.162667 -0.0299961 0.0853384 -0.164118 0.353135 0.187396 
4758 2366 2507 -0.256896 -0.355339 -0.309313 -0.0757649 -0.01399 0.0789971 0.536597 0.110348 
4759 2568 2650 -0.599718 -0.14366 -0.542281 0.00772357 -0.198583 0.0440666 0.8212 0.20356 
4760 2508 2507 0.568186 -0.0331854 -0.339946 0.0668582 0.15745 0.0963766 0.662948 0.196339 
4761 2508 2340 0.00409742 -0.190994 -0.331287 0.0273606 0.0637837 -0.0364343 0.382422 0.0783863 
4762 2531 2580 0.417602 0.0427725 -0.174483 -0.0591968 0.143362 -0.106536 0.454604 0.188167 
4763 2531 2431 -0.084392 0.0046771 -0.0320003 0.014461 -0.0282298 -0.0422629 0.0903765 0.0528413 
4764 2531 2644 0.0351736 -0.154438 -0.123678 -0.110324 -0.0602947 0.0439148 0.200959 0.133174 
4765 2162 2507 -0.105094 0.122295 -0.130339 -0.0415797 0.0387245 0.0698608 0.207338 0.0900499 
4766 2162 2431 0.483029 -0.250385 -0.430115 -0.162818 0.00845842 -0.187772 0.693548 0.248676 
4767 2519 2354 -0.0296603 -0.254594 0.0094168 -0.0358042 0.00695737 0.0753275 0.256489 0.0836934 
4768 2584 2462 -0.168024 -0.0630025 0.0875946 0.0106862 -0.0353136 -0.00490106 0.199685 0.0372191 
4769 2584 2645 0.170101 -0.253586 0.0403228 -0.0338236 -0.0334411 -0.0676238 0.308003 0.082676 
4770 2462 2500 -0.274766 0.247301 -0.229933 -0.051716 0.0180439 0.0812065 0.435343 0.0979521 
4771 2462 2444 -0.194337 -0.297632 -0.0807162 0.026721 -0.0715852 0.199628 0.364509 0.213751 
4772 2462 2463 -0.0869334 -0.102275 -0.429399 0.0397528 -0.0191445 -0.00348823 0.44989 0.0442602 
4773 2101 2084 -0.557483 -0.178354 -0.0698788 -0.0539634 0.164842 0.00978072 0.589474 0.173726 
4774 2101 2467 -0.294475 -0.641462 -0.932227 0.0755355 -0.0913892 0.0390242 1.16929 0.124822 
4775 2555 2340 -0.0594797 0.0975487 -0.119858 0.0288662 -0.0293374 -0.0382019 0.165588 0.0561545 
4776 2555 2549 0.105526 -0.113057 -0.180503 -0.101121 0.0290142 -0.0772904 0.237695 0.130542 
4777 2555 2542 -0.250225 -0.373714 -0.240146 0.069648 -0.0919983 0.0705958 0.509848 0.135271 
4778 2454 2638 -0.126696 -0.178052 -0.1506 0.0457669 0.0665617 -0.117197 0.265395 0.142338 
4779 2444 2463 0.0529266 0.0917412 -0.114134 -0.0557181 0.0193591 -0.0102768 0.155706 0.059874 
4780 2064 2032 -0.0582644 -0.132462 -0.0302085 0.0288225 0.003825 -0.0723634 0.147829 0.077986 
4781 2064 2580 0.0794749 0.490401 -0.334791 -0.0868701 -0.0154523 -0.0432563 0.599078 0.0982665 
4782 2064 2514 0.544236 -0.353772 -0.687244 -0.189814 0.0244971 -0.162926 0.945331 0.251346 
4783 2064 2644 -0.402693 -0.0290047 -0.521051 0.158609 -0.00793009 -0.122139 0.659164 0.200344 
4784 2084 2549 0.00515988 0.104065 -0.19717 0.0483544 -0.0726714 -0.0370902 0.223008 0.0948417 
4785 2354 2546 0.234715 -0.181083 0.0584426 -0.0574852 -0.0333709 0.12747 0.302155 0.14376 
4786 2421 2617 0.116107 -0.30448 0.140562 0.0285585 0.0949692 0.182129 0.354889 0.207378 
4787 2421 2493 -0.193909 -0.03021 -0.701289 -0.0268605 0.120681 0.00222837 0.728231 0.123654 
4788 2210 2552 0.0926254 -0.0549516 -0.490686 -0.204508 0.142795 -0.054596 0.502366 0.255333 
4789 2181 2467 -0.0375352 0.437881 -0.319823 -0.0671783 -0.100138 -0.129218 0.54354 0.176742 
4790 2181 2329 -0.128182 0.00208484 -0.0339962 0.0176737 -0.058126 -0.0702028 0.13263 0.0928408 
4791 2181 2570 0.23252 -0.416827 -0.578299 0.0176666 -0.138401 0.106861 0.749827 0.175745 
4792 2053 2542 0.0365047 0.42423 -0.366253 0.13408 0.0206276 0.0372567 0.561645 0.140681 
4793 2053 2329 0.0966342 -0.061234 -0.0503705 -0.0386636 0.00345767 -0.0783784 0.125 0.0874643 
4794 2053 2573 -0.22835 -0.195359 -0.525017 0.129127 0.0142634 -0.0614698 0.60494 0.143721 
4795 2546 2638 0.152215 0.143521 -0.116518 -0.0678396 -0.0335826 -0.129989 0.239466 0.150423 
4796 2546 2597 0.147476 -0.371073 -0.256688 0.109442 -0.0504415 0.135798 0.474692 0.181557 
4797 2408 2515 0.330362 -0.679024 -0.430155 -0.11015 -0.00241494 -0.0807836 0.869049 0.136619 
4798 2617 2668 0.212709 -0.414278 -0.148145 -0.0396195 0.02767 -0.134264 0.488691 0.142696 
4799 2617 2484 -0.449787 -0.0755029 -0.88491 -0.0233016 0.0267605 0.00956061 0.995528 0.036749 
4800 2665 2552 -0.186659 0.282148 -0.284534 0.100969 -0.0542338 -0.120016 0.442051 0.165951 
4801 2665 2203 -0.663042 -0.329896 -0.658718 -0.105246 -0.0945857 0.153307 0.991144 0.208629 
4802 2279 2203 0.234372 -0.0940251 -0.346497 -0.139566 0.162257 -0.138433 0.428755 0.254891 
4803 2279 2426 -1.13172 -0.28946 -1.12651 -0.119591 0.0125809 0.116911 1.62284 0.167715 
4804 2039 2329 0.0227637 0.189348 -0.211039 0.0357703 -0.0645568 -0.0540634 0.284444 0.0914874 
4805 2039 2556 0.316535 -0.193729 -0.385092 -0.0893497 0.000344269 -0.0736161 0.534809 0.115771 
4806 2277 2573 -0.0056611 0.169495 -0.221172 0.1802 -0.0396462 -0.0349954 0.278707 0.187799 
4807 2277 2597 -0.458956 0.0557691 -0.245457 0.0240794 0.236139 0.00862847 0.52345 0.237521 
4808 2277 2085 0.531747 -0.394773 -0.42828 -0.0462863 0.145995 -0.192041 0.788685 0.245635 
4809 2515 2597 0.227467 0.0686899 -0.108179 -0.0277378 0.0583271 -0.0212884 0.261079 0.0680047 
4810 2515 2540 -0.0832765 -0.766184 -0.435481 0.0158546 -0.084098 0.14493 0.885221 0.168311 
4811 2615 2632 0.103583 -0.251601 0.0545573 -0.0398772 0.0243881 0.188181 0.277505 0.1939 
4812 2496 2550 -0.357275 -0.085587 -0.423301 -0.034885 -0.085722 0.0467758 0.560494 0.103698 
4813 2668 2550 0.317618 0.172761 -0.210713 0.0653934 -0.0313542 0.0728636 0.418482 0.102803 
4814 2668 2486 -0.377554 -0.117195 -0.287502 0.0402024 0.0722522 -0.0822469 0.488814 0.116624 
4815 2669 2570 -0.15542 0.472366 -0.453904 -0.103006 0.0773325 0.115748 0.673286 0.173171 
4816 2669 2426 1.14025 0.346992 -0.564833 -0.0318358 -0.00266629 -0.0659062 1.31895 0.0732411 
4817 2286 2422 0.0382721 -0.0123915 -0.0290833 -0.0110943 0.00342328 -0.016058 0.0496401 0.0198157 
4818 2276 2110 0.22723 -0.265893 0.00543713 -0.0116628 -0.00953889 0.0209346 0.349803 0.0257929 
4819 2276 2203 0.0981115 0.516492 -0.430362 0.257844 -0.149433 -0.120558 0.679412 0.321478 
4820 2276 2564 0.173991 0.0271101 -0.0507449 -0.0156916 -0.0525512 -0.0818774 0.183256 0.0985483 
4821 1922 2196 1.07919 -0.636049 0.454072 -0.0293905 0.035256 0.119238 1.33244 0.127767 
4822 1922 2188 -0.809982 0.0099487 -0.803273 0.0821967 -0.114198 -0.0842976 1.1408 0.164023 
4823 1922 2355 0.673777 -0.458315 -1.03237 -0.280456 0.376256 -0.350075 1.31523 0.585471 
4824 2316 2378 -0.392949 -0.308174 -0.306004 0.00431044 0.254848 -0.262191 0.585678 0.365663 
4825 2350 2618 0.585521 0.380336 -0.620757 -0.128789 -0.0836193 -0.172711 0.934253 0.231101 
4826 2350 2378 0.283252 -0.244158 -0.15157 0.153365 0.106919 0.114376 0.403507 0.219168 
4827 2422 2163 0.00757686 -0.082343 0.0757653 -0.00595869 -0.000244327 0.000330356 0.112152 0.00597284 
4828 2110 2196 -0.295659 -0.0270703 0.167834 0.0535497 -0.0436944 0.0872866 0.34105 0.111336 
4829 2110 2564 0.0467456 0.141564 -0.0455924 -0.039171 -0.0192587 -0.0999601 0.155898 0.109075 
4830 2110 2534 0.170052 -0.128103 -0.222321 -0.0491915 0.00485335 -0.0404227 0.307823 0.0638542 
4831 2196 2116 -0.0896042 -0.122105 -0.0824531 -0.058582 0.0851111 -0.0623789 0.172445 0.120693 
4832 2635 2365 0.460946 -0.313672 -1.01605 -0.170508 0.065861 -0.0976862 1.15897 0.207252 
4833 2026 2511 -0.0899426 -0.127513 -0.349518 0.0123297 -0.00561709 -0.0011236 0.382769 0.0135954 
4834 2633 2378 0.367714 0.197115 -0.339842 -0.142877 -0.0318781 -0.173084 0.538108 0.226689 
4835 2655 2609 -0.530517 -0.596211 0.206791 0.310416 -0.243272 0.0949717 0.824426 0.405659 
4836 2655 2540 -0.0357327 0.800615 -0.345968 0.153809 0.0700009 0.146105 0.8729 0.223392 
4837 2655 2646 0.285481 0.110176 -0.273374 -0.0177855 -0.0695265 -0.0465939 0.410331 0.0855643 
4838 2370 2163 -0.18492 0.0981293 0.0886579 0.0599353 -0.0191228 0.146177 0.227343 0.15914 
4839 2163 2061 -0.318376 -0.00691711 -0.174964 0.061424 0.0690358 -0.1145 0.363351 0.147137 
4840 2163 2211 -0.0236771 -0.153627 -0.0636115 -0.0725413 0.0282183 -0.0411484 0.167953 0.0880437 
4841 2061 2363 -0.113699 -0.403238 -0.0391215 0.214413 -0.0462147 -0.1468 0.420783 0.26393 
4842 2061 2534 -0.174533 0.0664894 -0.211874 0.0769211 -0.0331442 -0.0737654 0.282442 0.11161 
4843 2228 2363 0.333357 -0.250255 -0.10082 -0.11994 -0.118994 -0.10121 0.428858 0.196948 
4844 2228 2380 -1.01505 0.53295 -1.13689 0.144198 -0.227759 -0.235514 1.61458 0.357958 
4845 2116 2304 -0.0243195 -0.0637496 -0.028982 0.0374926 -0.0195788 0.011605 0.0741311 0.04386 
4846 2609 2530 0.121588 -0.371862 -0.379855 -0.0606808 -0.106945 0.0852711 0.545303 0.149635 
4847 2363 2394 0.143378 -0.210751 -0.113435 0.0248149 0.0817402 -0.1205 0.279 0.147707 
4848 2363 2423 -0.0349717 0.10207 -0.356369 -0.00497447 -0.0559143 -0.0155266 0.372344 0.0582429 
4849 2312 2344 0.0226349 -0.173967 -0.0158178 0.00846615 0.00855462 -0.0819702 0.176145 0.0828491 
4850 2543 2337 0.461836 -0.648795 0.294161 -0.0224648 0.0360192 0.114713 0.848975 0.122316 
4851 2543 2511 0.00898774 0.182726 -0.133985 0.08203 -0.0187929 -0.0201266 0.226763 0.0865285 
4852 2543 2464 -0.296542 -0.0628759 -0.505636 0.0307693 0.0355109 -0.0224612 0.589541 0.0520795 
4853 2627 2440 0.102455 0.149664 -0.108697 -0.0793117 0.0198347 -0.0474471 0.21145 0.094525 
4854 2330 2503 -0.00520531 0.138542 -0.112516 0.0827731 -0.0269562 -0.0370206 0.178552 0.0945968 
4855 2330 2551 0.614229 -0.24313 -0.774888 -0.0890734 0.122584 -0.109068 1.01825 0.1867 
4856 2469 2579 0.254544 -0.186416 0.0412028 0.0244254 0.0610845 0.125472 0.318184 0.141673 
4857 2283 2588 -0.125431 0.167491 -0.914094 -0.00487347 -0.030394 -0.00490041 0.937739 0.0311699 
4858 2337 2111 0.463553 0.138915 -0.337746 0.0791527 0.108457 0.153245 0.590128 0.203745 
4859 2337 2427 -0.216797 -0.0791287 -0.307408 0.0617579 0.208456 -0.0972119 0.384398 0.238155 
4860 2579 2530 0.0127287 0.364996 -0.350073 -0.0350153 0.105809 0.109046 0.505901 0.155925 
4861 2381 2394 -0.227752 0.1265 -0.258678 0.0946506 -0.0147141 -0.0905303 0.367134 0.131799 
4862 2509 2567 -0.0167178 0.0709276 -0.42795 0.0409516 0.0211278 0.00190191 0.43411 0.0461198 
4863 2043 2619 -0.228351 -0.189024 -0.152946 0.0424644 -0.0261946 -0.0310265 0.333566 0.0587539 
4864 2043 2663 -0.0576944 0.282402 -0.819554 0.168628 -0.0650169 -0.0342745 0.868763 0.18395 
4865 2248 2409 -0.0199966 -0.0165463 -0.014581 -0.0147075 0.0141887 0.00406898 0.0297699 0.0208371 
4866 2248 2427 0.146441 0.126064 -0.419318 -0.00414638 -0.0811764 -0.0258531 0.461697 0.0852947 
4867 2619 2208 -0.0315001 -0.216852 0.110565 -0.15551 0.0494825 0.0527453 0.245442 0.171505 
4868 2087 2510 0.0611703 0.0641441 -0.0664993 -0.0641865 0.0226488 -0.0371962 0.110808 0.0775656 
4869 2650 2580 -0.267511 -0.569017 0.0097979 -0.223066 0.103278 -0.0924312 0.628839 0.262618 
4870 2528 2580 0.170025 -0.188841 0.0283272 -0.0218697 0.0067567 0.176309 0.255679 0.177789 
4871 2558 2507 -0.145063 -0.00397771 0.00413275 -0.00172683 0.0617023 -0.00122578 0.145177 0.0617386 
4872 2558 2431 0.0168595 -0.0808039 0.00305072 -0.0249265 -0.00563122 -0.0113994 0.0826003 0.027982 
4873 2431 2443 0.0734861 -0.319157 -0.257741 0.152469 -0.0290632 0.0794601 0.416763 0.174372 
4874 2549 2467 0.036276 -0.0385432 0.0111104 0.0248513 0.0264501 0.0106176 0.054083 0.0378143 
4875 2463 2452 -0.0204814 -0.0225782 -0.0404428 -0.0307019 0.0164929 0.00634079 0.0506447 0.0354236 
4876 2514 2552 0.0164546 -0.174218 -0.00423684 0.0559404 0.00263306 0.108985 0.175045 0.122531 
4877 2514 2452 0.27727 -0.07614 -0.30042 0.00532755 0.0233862 -0.00101011 0.415846 0.0240066 
4878 2514 2607 -0.0534374 -0.0802808 -0.122201 0.0680403 -0.022869 -0.0147295 0.155672 0.0732764 
4879 2644 2057 -0.0924589 -0.0622512 0.0567904 0.0454844 -0.0338614 0.0369345 0.125096 0.0676726 
4880 2644 2443 -0.242307 0.0141511 -0.0927853 -0.0579101 -0.0421151 0.144808 0.25985 0.161545 
4881 2644 2358 -0.0460432 -0.218628 -0.25305 0.0730896 0.101811 -0.101261 0.337569 0.161125 
4882 2057 2389 0.29416 -0.807739 -0.516094 0.108839 0.321206 -0.440684 1.00266 0.556077 
4883 2057 2443 -0.0975801 0.27858 -0.40925 0.175736 0.0792529 0.0120462 0.504593 0.193156 
4884 2467 2659 0.134917 -0.110413 -0.179577 -0.0837616 0.0488779 -0.0929834 0.250283 0.134354 
4885 2467 2331 -0.279904 -0.497509 -0.367044 -0.049955 0.154218 -0.170939 0.678662 0.235581 
4886 2552 2607 -0.163497 0.179313 -0.284461 0.0281399 -0.0236567 -0.031086 0.373902 0.0481439 
4887 2552 2410 0.0139382 -0.0150112 -0.00949182 0.0097469 0.0117076 -0.00420264 0.0225767 0.0158029 
4888 2389 2426 0.0684288 -0.276581 0.056071 -0.0643972 0.0228687 0.191394 0.290385 0.203228 
4889 2389 2358 0.0543936 0.115276 -0.121135 0.00832562 -0.0908004 -0.0826707 0.175843 0.123079 
4890 2389 2659 -0.122486 0.0711306 -0.102829 0.0688499 -0.0238417 -0.0985034 0.175032 0.122522 
4891 2389 2403 0.454129 -0.219163 -0.215565 -0.0651404 -0.0650566 -0.0710881 0.548392 0.116315 
4892 2573 2341 0.205997 -0.0270616 -0.216664 -0.152741 -0.0244306 -0.14217 0.300183 0.210093 
4893 2484 2410 -0.454561 -0.0023335 -0.331628 0.00169255 -0.0410323 -0.00203125 0.56268 0.0411174 
4894 2570 2478 -0.0542811 -0.0893226 -0.277408 0.0449641 0.0727475 -0.0322223 0.296446 0.0913906 
4895 2203 2410 0.368747 0.130675 -0.170485 0.0306259 -0.0972748 -0.00831848 0.42675 0.102321 
4896 2203 2403 -0.423184 0.385652 -0.306691 -0.0373036 -0.172901 -0.165944 0.649517 0.242536 
4897 2203 2628 -0.32332 -0.272849 -0.206027 0.0811715 0.035978 -0.17503 0.470563 0.196262 
4898 2426 2336 -0.429372 -0.290076 -0.484823 0.247703 0.127902 -0.295898 0.709618 0.406536 
4899 2426 2628 0.0594215 -0.0662359 -0.0588796 -0.00419412 0.0474073 -0.0575629 0.1067 0.0746895 
4900 2556 2085 -0.725141 0.0645537 -0.177013 0.0619241 0.0720565 -0.227397 0.74922 0.246447 
4901 2556 2412 0.317224 -0.589134 -0.514698 -0.0518368 0.022782 -0.0580254 0.844171 0.0810742 
4902 2556 2128 -0.129511 -0.345941 0.013038 0.0855931 -0.0228849 0.243018 0.369619 0.258665 
4903 2556 2429 -0.159984 0.0687687 -0.559388 0.195785 0.130556 -0.0399443 0.585866 0.238688 
4904 2085 2618 -0.249723 -0.0565755 -0.0256693 0.0251518 -0.031352 -0.175588 0.257335 0.18013 
4905 2085 2429 0.177179 0.00796107 -0.183237 -0.123636 -0.0404116 -0.121304 0.255013 0.177858 
4906 2618 2386 0.224451 0.222035 -0.446297 -0.00244189 -0.0266622 -0.0144927 0.546679 0.0304446 
4907 2486 2564 -0.320638 0.0290782 0.0552299 0.0106952 -0.0853381 0.107021 0.326656 0.137297 
4908 2564 2593 -0.0681056 -0.17294 -0.743929 -0.104759 0.0576382 -0.00380852 0.766797 0.119629 
4909 2188 2412 -0.175212 0.0908259 -0.0622941 -0.0365857 0.00902949 0.116068 0.206952 0.122032 
4910 2188 2336 0.00340842 0.0779987 -0.0695914 -0.0652601 -0.0204397 -0.0261053 0.104587 0.0731993 
4911 2188 2634 -0.410027 -0.370412 -0.210712 -0.0428613 0.112385 -0.114158 0.591377 0.16583 
4912 2412 2128 -0.473802 -0.155324 0.420828 0.0278949 -0.0431069 0.0154959 0.652465 0.0536326 
4913 2412 2336 0.239073 0.0834528 -0.0990825 -0.0242934 -0.0678024 -0.115724 0.271915 0.136306 
4914 2412 2401 0.165833 -0.189419 -0.340859 0.125211 -0.093328 0.112781 0.423751 0.192633 
4915 2128 2477 -0.581499 0.0765661 -0.505053 0.1974 -0.125699 -0.246335 0.774004 0.339776 
4916 2477 2378 -0.480713 -0.195013 0.359919 -0.0416448 0.209505 0.057894 0.631393 0.221311 
4917 2477 2523 0.190841 -0.11672 -0.0888531 -0.046253 0.0432395 -0.156144 0.240705 0.168494 
4918 2477 2522 -0.0105948 -0.10962 -0.0341509 0.00373701 0.00921971 -0.0307534 0.115304 0.0323224 
4919 2477 2402 0.1048 0.102656 -0.300744 -0.0684209 -0.0295073 -0.0339145 0.334616 0.0818676 
4920 2378 2646 -0.263489 0.0184162 -0.137755 0.0125785 -0.0493082 -0.0306514 0.297896 0.0594056 
4921 2355 2380 0.0598143 -0.067716 0.00903503 0.0239249 0.0247543 0.02714 0.0908011 0.0438378 
4922 2355 2628 -0.0107619 0.345827 -0.175908 0.0993887 -0.112173 -0.226608 0.388144 0.271684 
4923 2355 2660 0.26328 -0.140556 -0.377656 0.151799 -0.185568 0.17489 0.481349 0.296758 
4924 2355 2457 -0.126352 -0.130161 -0.213199 -0.0556796 0.17321 -0.0727493 0.279929 0.195945 
4925 2534 2423 0.022845 -0.0827688 -0.0269945 -0.023646 0.00464418 -0.034251 0.090007 0.0418788 
4926 2380 2660 -0.0712665 0.289301 -0.563658 -0.290362 0.187106 0.132745 0.637561 0.370054 
4927 2380 2586 -0.379901 -0.324991 -0.33059 -0.041065 0.0943154 -0.0455276 0.599361 0.112492 
4928 2365 2457 0.253236 0.0811442 -0.373579 0.0886019 -0.112808 0.0355573 0.458557 0.147785 
4929 2365 2424 -0.0741029 -0.292747 -0.179103 0.045288 0.0443462 -0.0912226 0.351098 0.111082 
4930 2648 2634 -0.0538521 0.880731 -0.692126 0.273926 -0.224828 -0.307407 1.12144 0.469129 
4931 2648 2385 -0.125756 -0.171821 -0.16657 0.0801255 0.0720036 -0.134766 0.270338 0.17253 
4932 2440 2415 -0.247187 -0.0352233 -0.153965 0.0645414 0.0142176 -0.106872 0.293338 0.125656 
4933 2440 2522 0.0360574 0.166596 -0.413613 -0.020809 -0.0295811 -0.0137288 0.447359 0.0386851 
4934 2415 2503 -0.289409 -0.0469765 0.173574 0.0763995 -0.00265163 0.126667 0.340723 0.147948 
4935 2304 2586 0.260911 0.185584 -0.321607 0.0802809 -0.0374528 0.0435175 0.453813 0.0986991 
4936 2304 2424 -0.236109 0.0785763 -0.253521 0.137933 -0.0795383 -0.153112 0.355238 0.220896 
4937 2304 2567 0.00833922 -0.106759 -0.0884706 -0.022257 0.00353138 -0.00635932 0.138903 0.0234155 
4938 2588 2621 -0.155506 0.159253 -0.394218 0.00613009 -0.0100932 -0.00649547 0.452715 0.0134774 
4939 2111 2424 0.0640095 0.10744 -0.164383 -0.107843 0.0134159 -0.0332247 0.206548 0.11364 
4940 2427 2505 -0.228052 0.059009 0.0562864 -0.00706893 -0.0127964 -0.0152254 0.242194 0.0211075 
4941 2427 2663 0.0886571 -0.0407637 -0.00895617 -0.00201907 0.0034435 -0.0356597 0.0979897 0.0358825 
4942 2427 2385 0.154024 0.212577 -0.109809 -0.0378802 -0.0598597 -0.169013 0.284553 0.183258 
4943 2505 2551 -0.233627 0.0617976 -0.021704 0.0389066 0.10116 -0.130766 0.242634 0.169844 
4944 2505 2464 0.0528074 0.0713642 -0.0733324 -0.0288782 -0.0133825 -0.0338189 0.115148 0.0464409 
4945 2551 2468 0.283731 0.072783 -0.485604 0.00524732 -0.0188453 0.000241365 0.567109 0.0195637 
4946 2663 2465 0.237858 0.193062 -0.322584 -0.0742861 -0.00980697 -0.0606445 0.44487 0.0963969 
4947 2452 2493 0.199738 -0.163149 0.111547 0.0374124 0.0938151 0.0702232 0.28099 0.123013 
4948 2358 2607 0.101192 -0.0204787 0.00290408 -0.00719352 -0.0435223 -0.0562514 0.103284 0.0714853 
4949 2331 2341 -0.268659 0.00565077 -0.0888008 0.031184 -0.127111 -0.102433 0.283011 0.166199 
4950 2331 2429 -0.0580014 -0.227885 -0.014136 -0.0447086 0.00153373 0.158719 0.235575 0.164902 
4951 2341 2386 -0.14073 -0.212346 0.0143343 -0.0516388 0.0299246 -0.0636756 0.255149 0.0872733 
4952 2403 2430 -0.116813 -0.137741 -0.163127 0.0419997 0.0754349 -0.0937711 0.243369 0.127465 
4953 2336 2430 0.160711 0.088607 -0.128392 -0.0825257 -0.0290709 -0.123361 0.223972 0.15124 
4954 2336 2478 -0.0543524 0.044068 -0.0402355 0.00252912 -0.0363257 -0.0432022 0.0807159 0.0565012 
4955 2336 2506 0.117096 -0.138767 -0.112216 0.0038901 0.07502 -0.0887108 0.213448 0.116244 
4956 2336 2401 -0.082744 -0.127864 -0.0746236 -0.0822549 0.0340812 0.0328092 0.169601 0.0948886 
4957 2429 2478 0.0795659 0.00350137 -0.0482011 -0.0335191 0.0126055 -0.0544146 0.0930932 0.0651412 
4958 2429 2402 -0.0919056 -0.115479 -0.100073 0.0345292 0.0266979 -0.062519 0.178316 0.0762474 
4959 2593 2436 -0.201607 -0.00509567 -0.144272 0.0497741 -0.117368 -0.0654096 0.247963 0.143286 
4960 2628 2436 0.109378 -0.0516105 -0.140396 -0.0827327 0.0537464 -0.0842116 0.185306 0.129711 
4961 2628 2506 -0.114328 -0.0816625 -0.12248 0.00845343 0.0533169 -0.0434394 0.18639 0.0692902 
4962 2660 2436 0.00255933 0.1487 -0.0700821 0.0872222 -0.0100883 -0.0182202 0.164408 0.0896742 
4963 2457 2586 0.100944 -0.174435 0.0656083 0.11853 0.0607652 -0.02081 0.211947 0.134814 
4964 2457 2506 -0.0308436 0.149199 -0.0566843 -0.0122773 -0.0423736 -0.104851 0.162557 0.113754 
4965 2634 2523 -0.208178 0.109613 -0.0798467 0.0484794 -0.0237455 -0.158994 0.248453 0.167909 
4966 2634 2401 0.0922346 0.23953 -0.290233 -0.229833 0.135502 0.0387909 0.38745 0.269609 
4967 2634 2666 0.132433 -0.139898 -0.240862 -0.0734533 0.0724315 -0.0824567 0.308422 0.132064 
4968 2621 2586 -0.205903 0.0885839 0.0805099 0.0499262 0.09218 0.0262614 0.23817 0.108071 
4969 2424 2465 -0.0558318 -0.239459 -0.0629575 -0.0689833 0.041446 -0.0964645 0.253814 0.125626 
4970 2424 2666 -0.048774 0.135236 -0.107652 -0.00472206 -0.0773059 -0.0949747 0.179601 0.122551 
4971 2464 2468 -0.250878 -0.0644714 -0.0841216 -0.0115245 0.0495739 -0.00362416 0.272347 0.0510247 
