# LAMMPS data file written by OVITO Pro 3.15.4

2669 atoms
498 bonds
1 atom types
10 bond types

20.0 0.0 0.0 avec
0.0 20.0 0.0 bvec
0.0 0.0 60.0 cvec
0.0 0.0 0.0 abc origin

Atoms  # sphere

79 1 1.0 0.0 3.22207 0.104462 0.499992 0 0 0
112 1 1.0 0.0 4.88443 0.451472 0.499914 0 0 0
12 1 1.0 0.0 6.81355 0.143821 0.499985 0 0 0
22 1 1.0 0.0 10.5578 0.277301 0.499889 0 0 0
436 1 1.0 0.0 12.0323 0.0119424 0.499995 0 1 0
129 1 1.0 0.0 13.2109 0.367461 0.499946 0 0 0
37 1 1.0 0.0 14.4576 0.672393 0.499928 0 0 0
530 1 1.0 0.0 15.5478 0.552657 0.499925 0 0 0
570 1 1.0 0.0 16.9923 0.495164 0.499986 0 0 0
52 1 1.0 0.0 17.9919 0.465882 0.499962 0 0 0
1260 1 1.0 0.0 18.9821 0.387229 0.615681 0 0 0
388 1 1.0 0.0 0.797407 1.28351 0.499957 0 0 0
141 1 1.0 0.0 3.42528 1.17457 0.499943 0 0 0
147 1 1.0 0.0 5.74986 0.964683 0.499995 0 0 0
71 1 1.0 0.0 6.76228 1.14249 0.499947 0 0 0
164 1 1.0 0.0 8.34595 0.726345 0.499969 0 0 0
117 1 1.0 0.0 9.35386 0.734544 0.499973 0 0 0
529 1 1.0 0.0 10.2275 1.22112 0.49997 0 0 0
260 1 1.0 0.0 11.3027 0.944505 0.499949 0 0 0
244 1 1.0 0.0 12.394 0.944245 0.499983 0 0 0
198 1 1.0 0.0 13.3635 1.35598 0.499966 0 0 0
29 1 1.0 0.0 17.48 1.38897 0.499987 0 0 0
414 1 1.0 0.0 18.5519 1.29441 0.499989 0 0 0
230 1 1.0 0.0 2.36762 1.60278 0.499995 0 0 0
56 1 1.0 0.0 3.85857 2.08889 0.499954 0 0 0
523 1 1.0 0.0 4.72192 1.43818 0.499992 0 0 0
236 1 1.0 0.0 5.8234 1.96362 0.499954 0 0 0
24 1 1.0 0.0 7.72718 1.51355 0.49989 0 0 0
82 1 1.0 0.0 9.30612 1.73337 0.499971 0 0 0
185 1 1.0 0.0 10.9723 1.88833 0.499935 0 0 0
246 1 1.0 0.0 12.1335 1.90972 0.499995 0 0 0
77 1 1.0 0.0 14.3307 1.66421 0.499911 0 0 0
312 1 1.0 0.0 15.3529 1.53346 0.499941 0 0 0
630 1 1.0 0.0 19.1778 2.07427 0.499918 0 0 0
868 1 1.0 0.0 0.958033 2.61169 0.499992 0 0 0
83 1 1.0 0.0 3.03606 2.6911 0.499995 0 0 0
189 1 1.0 0.0 4.93203 2.4168 0.49991 0 0 0
611 1 1.0 0.0 7.32731 2.43012 0.499984 0 0 0
325 1 1.0 0.0 8.51625 2.36316 0.499995 0 0 0
297 1 1.0 0.0 9.46286 2.72099 0.499998 0 0 0
51 1 1.0 0.0 10.4625 2.74853 0.499955 0 0 0
32 1 1.0 0.0 11.5379 2.71299 0.49999 0 0 0
25 1 1.0 0.0 13.056 2.31698 0.499995 0 0 0
47 1 1.0 0.0 14.9329 2.46255 0.499964 0 0 0
31 1 1.0 0.0 16.6195 2.54745 0.499911 0 0 0
290 1 1.0 0.0 17.6084 2.3991 0.499987 0 0 0
504 1 1.0 0.0 19.8043 2.85529 0.499977 0 0 0
144 1 1.0 0.0 0.548014 3.52376 0.499973 0 0 0
148 1 1.0 0.0 1.91867 2.89558 0.499961 0 0 0
462 1 1.0 0.0 4.22128 3.12023 0.499981 0 0 0
160 1 1.0 0.0 5.88598 2.96426 0.499944 0 0 0
285 1 1.0 0.0 6.86869 3.38189 0.499995 0 0 0
21 1 1.0 0.0 7.92473 3.23204 0.499986 0 0 0
48 1 1.0 0.0 12.4575 3.11822 0.499913 0 0 0
243 1 1.0 0.0 13.7715 3.01756 0.499973 0 0 0
352 1 1.0 0.0 14.807 3.45459 0.499985 0 0 0
109 1 1.0 0.0 17.2776 3.36639 0.499965 0 0 0
287 1 1.0 0.0 18.8381 3.11311 0.499954 0 0 0
278 1 1.0 0.0 1.50688 3.80751 0.499929 0 0 0
591 1 1.0 0.0 3.20795 3.95676 0.49997 0 0 0
618 1 1.0 0.0 4.19417 4.12213 0.499927 0 0 0
81 1 1.0 0.0 5.10485 3.58862 0.499983 0 0 0
8 1 1.0 0.0 8.96274 3.58692 0.499907 0 0 0
350 1 1.0 0.0 10.1387 3.69466 0.499984 0 0 0
427 1 1.0 0.0 13.2553 3.87453 0.499971 0 0 0
532 1 1.0 0.0 16.3026 3.58862 0.499984 0 0 0
193 1 1.0 0.0 19.6421 3.9472 0.499986 0 0 0
96 1 1.0 0.0 0.461817 4.52001 0.499961 0 0 0
453 1 1.0 0.0 1.41092 4.83488 0.499986 0 0 0
180 1 1.0 0.0 2.31193 4.40078 0.499992 0 0 0
123 1 1.0 0.0 3.2663 4.95583 0.499957 0 0 0
116 1 1.0 0.0 5.43066 4.61302 0.499926 0 0 0
186 1 1.0 0.0 6.74102 4.38207 0.499963 0 0 0
115 1 1.0 0.0 8.25312 4.58664 0.499925 0 0 0
73 1 1.0 0.0 9.55022 4.50317 0.499969 0 0 0
158 1 1.0 0.0 11.2908 4.44112 0.499973 0 0 0
106 1 1.0 0.0 12.3459 4.29059 0.499928 0 0 0
87 1 1.0 0.0 14.3762 4.38107 0.499995 0 0 0
229 1 1.0 0.0 15.3849 4.75202 0.499934 0 0 0
122 1 1.0 0.0 16.3733 4.90602 0.499869 0 0 0
63 1 1.0 0.0 17.8911 4.4345 0.499947 0 0 0
640 1 1.0 0.0 0.644587 5.50466 0.499975 0 0 0
33 1 1.0 0.0 2.23727 5.39798 0.499929 0 0 0
111 1 1.0 0.0 4.40889 5.69769 0.499976 0 0 0
3 1 1.0 0.0 5.41291 5.69737 0.499995 0 0 0
248 1 1.0 0.0 6.4111 5.32702 0.499871 0 0 0
192 1 1.0 0.0 7.41041 5.125 0.499967 0 0 0
277 1 1.0 0.0 9.88415 5.44607 0.499867 0 0 0
401 1 1.0 0.0 11.0101 5.40091 0.499941 0 0 0
197 1 1.0 0.0 12.0035 5.28546 0.499995 0 0 0
162 1 1.0 0.0 13.1998 5.30332 0.499956 0 0 0
1 1 1.0 0.0 14.4537 5.55799 0.499971 0 0 0
204 1 1.0 0.0 17.8221 5.58783 0.499977 0 0 0
124 1 1.0 0.0 18.6998 5.02577 0.499936 0 0 0
255 1 1.0 0.0 19.6737 5.25457 0.499983 0 0 0
60 1 1.0 0.0 1.48141 6.05277 0.499995 0 0 0
235 1 1.0 0.0 2.96736 6.08133 0.499983 0 0 0
478 1 1.0 0.0 7.0063 6.17975 0.499962 0 0 0
2 1 1.0 0.0 8.73913 6.18287 0.499947 0 0 0
305 1 1.0 0.0 11.6026 6.20758 0.49999 0 0 0
72 1 1.0 0.0 12.6026 6.19804 0.499995 0 0 0
199 1 1.0 0.0 13.6626 6.39316 0.499938 0 0 0
196 1 1.0 0.0 16.8908 6.11078 0.499974 0 0 0
252 1 1.0 0.0 18.3853 6.41408 0.499978 0 0 0
206 1 1.0 0.0 0.740506 6.7674 0.499948 0 0 0
153 1 1.0 0.0 2.21451 6.73953 0.499988 0 0 0
91 1 1.0 0.0 3.85967 6.53332 0.499954 0 0 0
113 1 1.0 0.0 5.2478 6.68365 0.499915 0 0 0
238 1 1.0 0.0 6.2664 6.92046 0.499949 0 0 0
222 1 1.0 0.0 7.93643 6.79398 0.499934 0 0 0
75 1 1.0 0.0 9.83385 6.94084 0.499973 0 0 0
211 1 1.0 0.0 11.0594 7.04715 0.49994 0 0 0
254 1 1.0 0.0 14.4871 6.95896 0.499914 0 0 0
88 1 1.0 0.0 15.9057 6.43395 0.499922 0 0 0
634 1 1.0 0.0 16.7828 7.10536 0.499995 0 0 0
258 1 1.0 0.0 19.1503 7.05816 0.499827 0 0 0
298 1 1.0 0.0 0.0512317 7.49189 0.49997 0 0 0
263 1 1.0 0.0 1.60476 7.53243 0.499906 0 0 0
476 1 1.0 0.0 3.10664 7.19129 0.499986 0 0 0
154 1 1.0 0.0 3.93479 7.75399 0.49999 0 0 0
108 1 1.0 0.0 5.28929 7.78111 0.499995 0 0 0
130 1 1.0 0.0 7.0902 7.58479 0.499849 0 0 0
125 1 1.0 0.0 12.5496 7.20074 0.49996 0 0 0
619 1 1.0 0.0 13.5233 7.42834 0.499904 0 0 0
266 1 1.0 0.0 15.8877 7.55129 0.499976 0 0 0
14 1 1.0 0.0 17.7892 7.21694 0.499962 0 0 0
203 1 1.0 0.0 0.811573 8.14138 0.500006 0 0 0
174 1 1.0 0.0 2.93226 8.17595 0.49994 0 0 0
507 1 1.0 0.0 6.11381 8.34757 0.499967 0 0 0
539 1 1.0 0.0 7.99982 8.52281 0.499935 0 0 0
208 1 1.0 0.0 8.93565 7.91914 0.499992 0 0 0
225 1 1.0 0.0 11.0358 8.04685 0.499951 0 0 0
239 1 1.0 0.0 12.9457 8.39805 0.499958 0 0 0
161 1 1.0 0.0 14.3694 7.96123 0.499983 0 0 0
588 1 1.0 0.0 15.2856 8.36201 0.499948 0 0 0
170 1 1.0 0.0 16.5233 8.32332 0.499923 0 0 0
13 1 1.0 0.0 17.6759 8.37128 0.499995 0 0 0
16 1 1.0 0.0 18.5596 7.90305 0.499995 0 0 0
89 1 1.0 0.0 19.4739 8.30836 0.499961 0 0 0
100 1 1.0 0.0 0.3163 9.0101 0.499939 1 0 0
295 1 1.0 0.0 1.31475 9.06503 0.499926 0 0 0
46 1 1.0 0.0 2.309 8.95797 0.499995 0 0 0
35 1 1.0 0.0 3.4201 9.04917 0.499995 0 0 0
15 1 1.0 0.0 4.34439 8.66625 0.499949 0 0 0
291 1 1.0 0.0 5.30802 8.93979 0.499875 0 0 0
104 1 1.0 0.0 6.73592 9.23472 0.499907 0 0 0
176 1 1.0 0.0 8.99622 8.91731 0.499994 0 0 0
282 1 1.0 0.0 10.1381 8.67791 0.499919 0 0 0
205 1 1.0 0.0 11.7567 8.73994 0.499955 0 0 0
40 1 1.0 0.0 13.8841 8.83129 0.586311 0 0 0
140 1 1.0 0.0 14.8033 9.26047 0.499928 0 0 0
447 1 1.0 0.0 15.8027 9.21844 0.499866 0 0 0
272 1 1.0 0.0 18.371 9.21714 0.499964 0 0 0
587 1 1.0 0.0 2.0417 9.94509 0.499971 0 0 0
30 1 1.0 0.0 3.04206 9.97497 0.499921 0 0 0
480 1 1.0 0.0 5.00815 9.89066 0.640063 0 0 0
102 1 1.0 0.0 5.99805 9.90959 0.499964 0 0 0
28 1 1.0 0.0 7.62508 9.69754 0.499939 0 0 0
440 1 1.0 0.0 8.62742 9.84681 0.499969 0 0 0
300 1 1.0 0.0 9.67931 9.64763 0.499972 0 0 0
94 1 1.0 0.0 10.9249 9.29623 0.499995 0 0 0
27 1 1.0 0.0 12.0373 9.7314 0.499936 0 0 0
249 1 1.0 0.0 13.1745 9.5305 0.499905 0 0 0
228 1 1.0 0.0 17.3744 9.32473 0.499995 0 0 0
394 1 1.0 0.0 19.3657 9.32018 0.499829 0 0 0
227 1 1.0 0.0 0.157695 10.6163 0.499995 0 0 0
195 1 1.0 0.0 1.09944 10.2799 0.499968 0 0 0
92 1 1.0 0.0 4.0368 10.0823 0.499917 0 0 0
279 1 1.0 0.0 7.72828 10.6922 0.499946 0 0 0
283 1 1.0 0.0 9.86451 10.6646 0.499995 0 0 0
172 1 1.0 0.0 10.7939 10.2944 0.499995 0 0 0
281 1 1.0 0.0 11.7175 10.6789 0.499958 0 0 0
302 1 1.0 0.0 14.9062 10.2639 0.49993 0 0 0
267 1 1.0 0.0 16.3471 10.0573 0.499987 0 0 0
86 1 1.0 0.0 17.3104 10.3253 0.499991 0 0 0
107 1 1.0 0.0 18.245 10.6811 0.499994 0 0 0
134 1 1.0 0.0 19.1915 10.3584 0.499995 0 0 0
17 1 1.0 0.0 1.4981 11.4123 0.499909 0 0 0
434 1 1.0 0.0 2.49597 11.3472 0.499985 0 0 0
41 1 1.0 0.0 5.0314 10.9274 0.499971 0 0 0
7 1 1.0 0.0 8.8859 10.8909 0.499936 0 0 0
200 1 1.0 0.0 10.6232 11.3822 0.49999 0 0 0
212 1 1.0 0.0 12.7988 10.855 0.499948 0 0 0
151 1 1.0 0.0 14.0319 10.7985 0.499989 0 0 0
168 1 1.0 0.0 14.9715 11.3226 0.499954 0 0 0
245 1 1.0 0.0 16.3047 11.3287 0.499946 0 0 0
569 1 1.0 0.0 17.3235 11.347 0.499922 0 0 0
23 1 1.0 0.0 0.62183 12.051 0.499995 0 0 0
99 1 1.0 0.0 3.2555 12.0638 0.499987 0 0 0
175 1 1.0 0.0 4.13956 11.4856 0.499889 0 0 0
253 1 1.0 0.0 4.95983 12.1091 0.499941 0 0 0
4 1 1.0 0.0 5.8065 11.5595 0.499969 0 0 0
9 1 1.0 0.0 6.79153 12.0801 0.499873 0 0 0
173 1 1.0 0.0 8.092 11.7068 0.499983 0 0 0
201 1 1.0 0.0 9.65876 11.6477 0.499989 0 0 0
183 1 1.0 0.0 14.025 11.7984 0.499933 0 0 0
275 1 1.0 0.0 18.6902 11.6045 0.499995 0 0 0
607 1 1.0 0.0 19.711 11.6382 0.49987 0 0 0
93 1 1.0 0.0 1.36523 12.7199 0.499962 0 0 0
256 1 1.0 0.0 2.30699 12.3836 0.49999 0 0 0
359 1 1.0 0.0 4.09381 12.6091 0.499983 0 0 0
351 1 1.0 0.0 5.86514 12.5578 0.499983 0 0 0
274 1 1.0 0.0 7.58334 12.691 0.499864 0 0 0
601 1 1.0 0.0 8.89996 12.2991 0.499989 0 0 0
43 1 1.0 0.0 10.3709 12.3498 0.499932 0 0 0
26 1 1.0 0.0 11.3644 12.54 0.499909 0 0 0
218 1 1.0 0.0 12.3389 12.1636 0.499896 0 0 0
432 1 1.0 0.0 13.3258 12.5886 0.49999 0 0 0
98 1 1.0 0.0 15.2219 12.4216 0.499902 0 0 0
407 1 1.0 0.0 16.8095 12.2047 0.49985 0 0 0
620 1 1.0 0.0 17.8782 12.1882 0.499995 0 0 0
163 1 1.0 0.0 19.2727 12.5827 0.499995 0 0 0
131 1 1.0 0.0 0.0883928 13.2179 0.499968 0 0 0
485 1 1.0 0.0 2.72006 13.331 0.499995 0 0 0
95 1 1.0 0.0 4.87112 13.2382 0.499951 0 0 0
241 1 1.0 0.0 9.35083 13.1917 0.499934 0 0 0
39 1 1.0 0.0 10.3206 13.4358 0.499991 0 0 0
55 1 1.0 0.0 12.5836 13.5168 0.499836 0 0 0
135 1 1.0 0.0 14.3895 12.9837 0.499995 0 0 0
84 1 1.0 0.0 17.3372 13.0796 0.499953 0 0 0
53 1 1.0 0.0 18.3636 13.1205 0.499946 0 0 0
166 1 1.0 0.0 1.06424 13.676 0.499905 0 0 0
165 1 1.0 0.0 2.00097 14.026 0.499955 0 0 0
482 1 1.0 0.0 3.71632 13.6087 0.499985 0 0 0
224 1 1.0 0.0 6.28938 13.8866 0.499898 0 0 0
191 1 1.0 0.0 7.47428 13.685 0.499976 0 0 0
304 1 1.0 0.0 8.51605 13.7434 0.499994 0 0 0
54 1 1.0 0.0 11.8947 14.2262 0.648549 0 0 0
65 1 1.0 0.0 13.5826 13.6023 0.499979 0 0 0
327 1 1.0 0.0 14.541 13.9724 0.499968 0 0 0
561 1 1.0 0.0 15.5196 14.1782 0.499995 0 0 0
136 1 1.0 0.0 16.5087 13.6395 0.499892 0 0 0
398 1 1.0 0.0 17.8161 13.9574 0.499978 0 0 0
78 1 1.0 0.0 19.2761 13.801 0.499993 0 0 0
276 1 1.0 0.0 0.56585 14.543 0.49999 0 0 0
916 1 1.0 0.0 1.49735 14.9086 0.499958 0 0 0
110 1 1.0 0.0 2.95061 14.3391 0.499852 0 0 0
121 1 1.0 0.0 4.35328 14.5496 0.499914 0 0 0
190 1 1.0 0.0 5.32727 14.2972 0.499882 0 0 0
625 1 1.0 0.0 7.19772 14.6352 0.643953 0 0 0
321 1 1.0 0.0 8.18572 14.691 0.49997 0 0 0
142 1 1.0 0.0 9.75708 14.3442 0.499932 0 0 0
288 1 1.0 0.0 12.8242 14.5636 0.499923 0 0 0
207 1 1.0 0.0 13.8191 14.6643 0.499951 0 0 0
341 1 1.0 0.0 14.7752 14.974 0.499973 0 0 0
535 1 1.0 0.0 17.0414 14.5896 0.499964 0 0 0
423 1 1.0 0.0 18.6246 14.5597 0.499968 0 0 0
76 1 1.0 0.0 19.5973 14.7918 0.499984 -1 0 0
247 1 1.0 0.0 3.55075 15.1472 0.499995 0 0 0
481 1 1.0 0.0 4.43562 15.6227 0.499995 0 0 0
45 1 1.0 0.0 6.30484 15.0618 0.499887 0 0 0
58 1 1.0 0.0 7.16637 15.6527 0.499995 0 0 0
177 1 1.0 0.0 9.09936 15.0974 0.500035 0 0 0
181 1 1.0 0.0 10.3649 15.2435 0.499934 0 0 0
69 1 1.0 0.0 11.3458 15.0488 0.499995 0 0 0
358 1 1.0 0.0 13.0104 15.5992 0.499923 0 0 0
280 1 1.0 0.0 14.0094 15.6465 0.499995 0 0 0
597 1 1.0 0.0 15.9891 15.0937 0.499975 0 0 0
269 1 1.0 0.0 18.0013 15.3501 0.49999 0 0 0
132 1 1.0 0.0 18.9723 15.5922 0.499914 0 0 0
386 1 1.0 0.0 0.814576 16.2478 0.499955 0 0 0
270 1 1.0 0.0 1.74618 15.8843 0.499975 0 0 0
6 1 1.0 0.0 2.73772 15.7547 0.499973 0 0 0
286 1 1.0 0.0 3.55167 16.3355 0.499966 0 0 0
85 1 1.0 0.0 5.44106 15.7204 0.499953 0 0 0
179 1 1.0 0.0 8.38478 16.0282 0.499972 0 0 0
10 1 1.0 0.0 9.49272 16.0168 0.499967 0 0 0
265 1 1.0 0.0 11.0486 16.0423 0.499995 0 0 0
80 1 1.0 0.0 12.0164 15.7906 0.499942 0 0 0
251 1 1.0 0.0 15.2828 16.0819 0.499905 0 0 0
194 1 1.0 0.0 16.3321 16.1353 0.499957 0 0 0
441 1 1.0 0.0 17.3312 16.0924 0.499995 0 0 0
524 1 1.0 0.0 19.9638 15.7222 0.499987 -1 0 0
403 1 1.0 0.0 2.07321 16.8719 0.499964 0 0 0
622 1 1.0 0.0 4.33048 16.956 0.59237 0 0 0
346 1 1.0 0.0 5.29534 16.71 0.499993 0 0 0
262 1 1.0 0.0 6.29313 16.6436 0.49995 0 0 0
171 1 1.0 0.0 7.29267 16.6734 0.499983 0 0 0
261 1 1.0 0.0 8.23199 17.0164 0.499968 0 0 0
210 1 1.0 0.0 10.1225 16.7935 0.499909 0 0 0
475 1 1.0 0.0 11.0913 17.0414 0.499995 0 0 0
167 1 1.0 0.0 13.3517 16.7358 0.499946 0 0 0
97 1 1.0 0.0 14.5114 16.7187 0.4999 0 0 0
74 1 1.0 0.0 15.4486 17.0681 0.499995 0 0 0
537 1 1.0 0.0 18.043 16.8597 0.499955 0 0 0
188 1 1.0 0.0 19.0102 16.6054 0.499985 0 0 0
756 1 1.0 0.0 0.232691 17.1709 0.499992 0 0 0
763 1 1.0 0.0 3.07637 17.2154 0.499969 0 0 0
347 1 1.0 0.0 3.87178 17.8397 0.49998 0 0 0
223 1 1.0 0.0 6.75261 17.5318 0.499994 0 0 0
649 1 1.0 0.0 9.13466 17.5757 0.499995 0 0 0
20 1 1.0 0.0 10.13 17.7934 0.499919 0 0 0
149 1 1.0 0.0 12.2183 17.4647 0.499984 0 0 0
152 1 1.0 0.0 13.5414 17.7185 0.49999 0 0 0
36 1 1.0 0.0 16.8592 17.273 0.499965 0 0 0
853 1 1.0 0.0 19.4687 17.8161 0.499957 0 0 0
550 1 1.0 0.0 0.922274 18.026 0.499953 0 0 0
5 1 1.0 0.0 1.94897 17.9742 0.499995 0 0 0
215 1 1.0 0.0 2.94144 18.2064 0.499975 0 0 0
143 1 1.0 0.0 5.73071 17.8664 0.499912 0 0 0
430 1 1.0 0.0 6.50404 18.5004 0.500026 0 0 0
296 1 1.0 0.0 8.12195 18.0103 0.499957 0 0 0
617 1 1.0 0.0 11.3428 18.0092 0.499936 0 0 0
271 1 1.0 0.0 15.0534 17.9894 0.499995 0 0 0
468 1 1.0 0.0 16.1877 18.0204 0.499995 0 0 0
362 1 1.0 0.0 17.3187 18.1611 0.499957 0 0 0
322 1 1.0 0.0 18.6822 18.4346 0.5 0 0 0
497 1 1.0 0.0 0.0713406 18.7277 0.500054 1 0 0
626 1 1.0 0.0 1.25587 19.0656 0.500383 0 0 0
157 1 1.0 0.0 3.42967 19.0791 0.499976 0 0 0
182 1 1.0 0.0 4.40099 18.7703 0.499988 0 0 0
257 1 1.0 0.0 7.38069 18.9814 0.499933 0 0 0
294 1 1.0 0.0 8.44171 18.9578 0.500027 0 0 0
133 1 1.0 0.0 9.5102 18.5786 0.49996 0 0 0
259 1 1.0 0.0 10.5983 18.6769 0.499965 0 0 0
273 1 1.0 0.0 11.9241 18.8247 0.499968 0 0 0
602 1 1.0 0.0 13.5513 18.7185 0.499952 0 0 0
221 1 1.0 0.0 14.5423 18.8517 0.499947 0 0 0
202 1 1.0 0.0 15.6038 19.06 0.499936 0 0 0
638 1 1.0 0.0 16.6887 18.9377 0.499991 0 0 0
1263 1 1.0 0.0 0.425145 19.6644 0.499994 0 0 0
11 1 1.0 0.0 1.66293 19.9827 0.499974 0 -1 0
390 1 1.0 0.0 2.48951 19.4199 0.499975 0 0 0
70 1 1.0 0.0 4.16118 19.7609 0.499887 0 0 0
463 1 1.0 0.0 5.12069 19.4794 0.499958 0 0 0
138 1 1.0 0.0 6.11982 19.4236 0.499962 0 0 0
139 1 1.0 0.0 7.93002 19.817 0.499926 0 0 0
159 1 1.0 0.0 8.94418 19.8224 0.499944 0 0 0
66 1 1.0 0.0 9.97901 19.4619 0.499873 0 0 0
487 1 1.0 0.0 11.1785 19.4914 0.499944 0 0 0
232 1 1.0 0.0 12.8384 19.4201 0.499995 0 0 0
575 1 1.0 0.0 13.9144 19.6515 0.499995 0 0 0
226 1 1.0 0.0 14.9111 19.7812 0.499996 0 0 0
237 1 1.0 0.0 16.2407 19.8317 0.499961 0 0 0
127 1 1.0 0.0 17.8037 19.4837 0.499958 0 0 0
693 1 1.0 0.0 19.438 19.5048 0.499978 0 0 0
1123 1 1.0 0.0 2.58028 0.595329 1.08913 0 0 0
34 1 1.0 0.0 3.96495 0.557106 1.07216 0 0 0
1148 1 1.0 0.0 5.6577 0.124717 1.04323 0 0 0
1230 1 1.0 0.0 6.44665 0.66711 1.33182 0 0 0
431 1 1.0 0.0 7.87537 0.379583 1.32476 0 0 0
156 1 1.0 0.0 8.83004 0.673138 1.37334 0 0 0
583 1 1.0 0.0 9.61734 0.0740531 1.20302 0 0 0
250 1 1.0 0.0 12.6058 0.287005 1.29195 0 0 0
824 1 1.0 0.0 14.4712 0.140525 1.34659 0 0 0
777 1 1.0 0.0 15.7238 0.0863164 1.36681 0 1 0
1438 1 1.0 0.0 17.5705 0.0375173 1.29926 0 0 0
1166 1 1.0 0.0 1.68524 0.93594 0.801388 0 0 0
833 1 1.0 0.0 4.8472 0.916182 1.38456 0 0 0
397 1 1.0 0.0 7.29615 1.19449 1.34386 0 0 0
758 1 1.0 0.0 9.74068 1.08609 1.36294 0 0 0
609 1 1.0 0.0 10.7469 0.815477 1.32115 0 0 0
894 1 1.0 0.0 11.8103 0.889177 1.35971 0 0 0
668 1 1.0 0.0 12.8322 1.25974 1.34167 0 0 0
438 1 1.0 0.0 13.8566 0.927817 1.25725 0 0 0
658 1 1.0 0.0 15.1201 0.901229 1.33389 0 0 0
798 1 1.0 0.0 16.2839 0.869946 1.09812 0 0 0
1086 1 1.0 0.0 18.096 0.998999 1.33955 0 0 0
2226 1 1.0 0.0 19.468 1.20994 0.910641 0 0 0
1310 1 1.0 0.0 0.123551 1.95736 0.802911 0 0 0
606 1 1.0 0.0 1.52354 1.91319 0.938486 0 0 0
1048 1 1.0 0.0 3.07565 1.83097 1.16835 0 0 0
707 1 1.0 0.0 4.0229 1.52658 1.31036 0 0 0
457 1 1.0 0.0 5.20309 1.8468 1.27556 0 0 0
580 1 1.0 0.0 6.38935 1.6634 1.26776 0 0 0
514 1 1.0 0.0 7.92444 2.1101 1.27778 0 0 0
220 1 1.0 0.0 10.1531 1.99606 1.12755 0 0 0
489 1 1.0 0.0 11.4746 2.14216 1.32649 0 0 0
542 1 1.0 0.0 13.7173 1.91801 1.2476 0 0 0
331 1 1.0 0.0 14.9031 1.87733 1.32419 0 0 0
764 1 1.0 0.0 16.7571 1.75085 1.08854 0 0 0
648 1 1.0 0.0 18.3623 2.08783 1.07854 0 0 0
1194 1 1.0 0.0 2.29208 2.43677 1.30618 0 0 0
794 1 1.0 0.0 4.12503 2.52011 1.36192 0 0 0
187 1 1.0 0.0 9.00874 2.17028 1.34887 0 0 0
344 1 1.0 0.0 12.4132 2.48247 1.27052 0 0 0
644 1 1.0 0.0 13.3421 2.83475 1.38439 0 0 0
612 1 1.0 0.0 14.6964 2.85353 1.38944 0 0 0
413 1 1.0 0.0 15.8052 2.26654 1.00779 0 0 0
1612 1 1.0 0.0 19.4764 2.47478 1.36614 0 0 0
1652 1 1.0 0.0 0.179804 3.18557 1.36602 0 0 0
664 1 1.0 0.0 1.27307 3.19184 1.25244 0 0 0
375 1 1.0 0.0 2.448 3.56124 1.02598 0 0 0
582 1 1.0 0.0 3.49609 3.2738 1.17116 0 0 0
469 1 1.0 0.0 5.10182 2.98959 1.3017 0 0 0
317 1 1.0 0.0 8.56323 3.06009 1.25014 0 0 0
578 1 1.0 0.0 9.89703 2.92937 1.37907 0 0 0
345 1 1.0 0.0 10.8834 3.08908 1.34061 0 0 0
374 1 1.0 0.0 12.6241 3.53052 1.39552 0 0 0
610 1 1.0 0.0 16.6394 3.09158 1.33862 0 0 0
338 1 1.0 0.0 18.069 3.30855 1.10837 0 0 0
722 1 1.0 0.0 0.742117 4.04241 1.33262 0 0 0
439 1 1.0 0.0 4.82747 4.15923 1.27292 0 0 0
424 1 1.0 0.0 5.97637 3.87648 0.899552 0 0 0
330 1 1.0 0.0 7.49179 3.97064 1.01673 0 0 0
242 1 1.0 0.0 8.39935 4.15911 1.39195 0 0 0
466 1 1.0 0.0 11.6889 3.61632 0.901456 0 0 0
479 1 1.0 0.0 14.0998 3.68497 1.16843 0 0 0
538 1 1.0 0.0 15.5363 3.72779 1.12721 0 0 0
392 1 1.0 0.0 16.8843 4.04674 1.17237 0 0 0
686 1 1.0 0.0 18.7329 4.06966 0.897762 0 0 0
1032 1 1.0 0.0 1.69703 4.34335 1.32248 0 0 0
310 1 1.0 0.0 2.64458 4.92755 1.2827 0 0 0
455 1 1.0 0.0 3.83845 4.65936 1.2646 0 0 0
389 1 1.0 0.0 5.8202 4.85559 1.38834 0 0 0
59 1 1.0 0.0 6.81496 4.9381 1.3278 0 0 0
126 1 1.0 0.0 10.4757 4.43688 1.07922 0 0 0
614 1 1.0 0.0 11.2792 4.96401 1.3582 0 0 0
810 1 1.0 0.0 14.9221 4.48611 1.34552 0 0 0
1079 1 1.0 0.0 15.9151 4.63404 1.34601 0 0 0
335 1 1.0 0.0 17.2264 4.97347 1.01726 0 0 0
1284 1 1.0 0.0 19.2625 4.81741 1.29985 0 0 0
1082 1 1.0 0.0 0.231803 5.06319 1.3074 0 0 0
915 1 1.0 0.0 1.03215 5.65393 1.40965 0 0 0
399 1 1.0 0.0 3.39805 5.59326 1.25912 0 0 0
547 1 1.0 0.0 4.88664 5.15402 1.18996 0 0 0
367 1 1.0 0.0 8.05314 5.6811 1.02684 0 0 0
495 1 1.0 0.0 8.94685 5.2475 0.786168 0 0 0
155 1 1.0 0.0 10.3187 5.37181 1.39735 0 0 0
635 1 1.0 0.0 12.6476 5.16588 1.32229 0 0 0
571 1 1.0 0.0 13.9137 5.00258 1.13231 0 0 0
512 1 1.0 0.0 15.3718 5.67769 0.877946 0 0 0
526 1 1.0 0.0 16.4619 5.58137 1.23192 0 0 0
922 1 1.0 0.0 18.4992 5.61606 1.28177 0 0 0
1234 1 1.0 0.0 0.227745 6.17135 1.11782 0 0 0
477 1 1.0 0.0 2.18132 6.06791 1.24017 0 0 0
420 1 1.0 0.0 4.19293 6.18838 1.37739 0 0 0
905 1 1.0 0.0 5.19236 6.22041 1.38439 0 0 0
316 1 1.0 0.0 6.13212 6.10492 1.06276 0 0 0
67 1 1.0 0.0 9.54881 6.18296 1.08677 0 0 0
178 1 1.0 0.0 10.5112 6.23902 0.720469 0 0 0
565 1 1.0 0.0 11.8588 5.77888 1.36634 0 0 0
831 1 1.0 0.0 13.4082 5.85799 1.30546 0 0 0
527 1 1.0 0.0 14.3596 6.26113 1.20473 0 0 0
373 1 1.0 0.0 17.622 6.34134 1.14195 0 0 0
268 1 1.0 0.0 19.267 6.09819 0.850486 0 0 0
525 1 1.0 0.0 1.4782 6.79099 1.17466 0 0 0
486 1 1.0 0.0 3.10414 6.62519 1.32793 0 0 0
509 1 1.0 0.0 7.21432 6.87242 1.19054 0 0 0
289 1 1.0 0.0 8.95719 7.03743 0.971282 0 0 0
214 1 1.0 0.0 10.596 6.99074 1.3843 0 0 0
19 1 1.0 0.0 11.8224 6.94988 1.13885 0 0 0
311 1 1.0 0.0 13.2079 6.85895 1.25904 0 0 0
775 1 1.0 0.0 16.128 6.89131 1.36092 0 0 0
62 1 1.0 0.0 0.694137 7.41344 1.26181 0 0 0
599 1 1.0 0.0 2.36872 7.64727 1.13473 0 0 0
391 1 1.0 0.0 4.65111 7.16706 1.14033 0 0 0
490 1 1.0 0.0 6.43303 7.55691 1.25303 0 0 0
44 1 1.0 0.0 7.95211 7.65898 1.00144 0 0 0
119 1 1.0 0.0 10.175 7.77627 0.930827 0 0 0
323 1 1.0 0.0 14.16 7.3679 1.35177 0 0 0
761 1 1.0 0.0 15.1683 7.30014 1.14758 0 0 0
306 1 1.0 0.0 17.2713 7.7472 1.17122 0 0 0
803 1 1.0 0.0 18.4853 7.20346 1.23226 0 0 0
318 1 1.0 0.0 19.4131 7.65596 1.25711 0 0 0
50 1 1.0 0.0 1.64208 8.33327 1.0976 0 0 0
426 1 1.0 0.0 5.7059 8.22635 1.4049 0 0 0
231 1 1.0 0.0 6.95583 8.41888 1.03462 0 0 0
240 1 1.0 0.0 8.59785 8.42344 1.2952 0 0 0
560 1 1.0 0.0 10.7322 8.56908 1.29685 0 0 0
233 1 1.0 0.0 12.1835 7.98601 0.999308 0 0 0
209 1 1.0 0.0 13.3846 8.00255 1.30672 0 0 0
494 1 1.0 0.0 14.8036 8.21638 1.36393 0 0 0
928 1 1.0 0.0 16.2991 7.87652 1.36602 0 0 0
677 1 1.0 0.0 18.1656 8.13815 1.38889 0 0 0
38 1 1.0 0.0 19.8803 8.53062 1.38618 0 0 0
750 1 1.0 0.0 0.825553 8.85425 1.34624 0 0 0
473 1 1.0 0.0 2.952 8.64558 1.38251 0 0 0
613 1 1.0 0.0 4.83991 8.72479 1.36652 0 0 0
348 1 1.0 0.0 6.00817 9.1536 1.18092 0 0 0
551 1 1.0 0.0 7.85991 9.12532 1.28562 0 0 0
593 1 1.0 0.0 9.648 9.03793 1.2937 0 0 0
378 1 1.0 0.0 11.559 9.12142 1.40291 0 0 0
18 1 1.0 0.0 12.5079 9.07589 1.09055 0 0 0
361 1 1.0 0.0 15.7145 8.68745 1.34255 0 0 0
586 1 1.0 0.0 16.5886 9.11354 1.10914 0 0 0
517 1 1.0 0.0 18.9248 8.76148 1.20225 0 0 0
483 1 1.0 0.0 0.0422517 9.78242 1.07301 1 0 0
577 1 1.0 0.0 1.35605 9.69884 1.27229 0 0 0
505 1 1.0 0.0 2.54282 9.55106 1.27043 0 0 0
450 1 1.0 0.0 4.0846 9.35399 1.18334 0 0 0
428 1 1.0 0.0 10.3752 9.73211 1.21314 0 0 0
137 1 1.0 0.0 14.0631 9.84347 0.835104 0 0 0
629 1 1.0 0.0 15.3737 9.75874 1.22532 0 0 0
643 1 1.0 0.0 17.2499 9.81994 1.36092 0 0 0
128 1 1.0 0.0 18.9522 9.78072 1.28516 0 0 0
234 1 1.0 0.0 2.52454 10.5423 1.14037 0 0 0
492 1 1.0 0.0 3.50198 10.1485 1.3707 0 0 0
314 1 1.0 0.0 6.89766 10.1339 1.02946 0 0 0
646 1 1.0 0.0 8.16266 10.0838 1.35306 0 0 0
57 1 1.0 0.0 9.24804 10.2472 1.17412 0 0 0
213 1 1.0 0.0 11.6406 10.1157 1.33354 0 0 0
451 1 1.0 0.0 12.7063 10.1132 1.16413 0 0 0
631 1 1.0 0.0 15.7002 10.6722 0.950991 0 0 0
642 1 1.0 0.0 0.704568 11.2439 1.08451 0 0 0
372 1 1.0 0.0 1.55271 10.7445 1.26071 0 0 0
461 1 1.0 0.0 3.36131 10.8998 0.725719 0 0 0
546 1 1.0 0.0 4.26347 10.7712 1.18849 0 0 0
219 1 1.0 0.0 6.11775 10.7595 1.01294 0 0 0
299 1 1.0 0.0 7.00601 11.2149 0.952799 0 0 0
49 1 1.0 0.0 8.25854 11.0745 1.25664 0 0 0
118 1 1.0 0.0 11.0309 10.9064 1.27936 0 0 0
567 1 1.0 0.0 12.2166 11.022 1.29568 0 0 0
410 1 1.0 0.0 13.4145 10.8086 1.28657 0 0 0
456 1 1.0 0.0 14.7856 10.8027 1.33366 0 0 0
105 1 1.0 0.0 16.8309 10.8424 1.20894 0 0 0
385 1 1.0 0.0 17.7659 11.248 1.39121 0 0 0
932 1 1.0 0.0 18.7511 11.0823 1.3508 0 0 0
402 1 1.0 0.0 19.7494 11.049 1.30682 0 0 0
857 1 1.0 0.0 1.67087 12.0904 1.21429 0 0 0
366 1 1.0 0.0 2.65671 12.0601 1.37923 0 0 0
324 1 1.0 0.0 4.61235 11.7005 1.35435 0 0 0
357 1 1.0 0.0 5.53052 12.0951 1.32092 0 0 0
64 1 1.0 0.0 7.50818 12.0287 1.24531 0 0 0
545 1 1.0 0.0 10.6226 11.899 1.35628 0 0 0
292 1 1.0 0.0 11.5668 11.6144 0.819418 0 0 0
103 1 1.0 0.0 13.1219 11.7037 0.918694 0 0 0
594 1 1.0 0.0 14.9517 11.9277 1.32633 0 0 0
68 1 1.0 0.0 15.986 12.0959 1.05656 0 0 0
425 1 1.0 0.0 19.2279 11.9836 1.30436 0 0 0
548 1 1.0 0.0 0.0435518 12.5598 1.25154 0 0 0
917 1 1.0 0.0 4.72917 12.6933 1.32628 0 0 0
319 1 1.0 0.0 14.0601 12.4361 1.26934 0 0 0
120 1 1.0 0.0 1.91315 13.261 1.13789 0 0 0
488 1 1.0 0.0 3.36329 12.8869 1.12378 0 0 0
605 1 1.0 0.0 4.17522 13.5289 1.38486 0 0 0
409 1 1.0 0.0 5.5813 13.5601 1.12602 0 0 0
301 1 1.0 0.0 6.69272 13.0257 0.80992 0 0 0
146 1 1.0 0.0 8.3701 12.933 1.06746 0 0 0
515 1 1.0 0.0 10.2908 12.8756 1.34671 0 0 0
61 1 1.0 0.0 11.2612 13.4758 0.836949 0 0 0
470 1 1.0 0.0 12.0679 12.9114 1.10586 0 0 0
639 1 1.0 0.0 13.2645 13.0762 1.37089 0 0 0
965 1 1.0 0.0 14.1524 13.5529 1.32028 0 0 0
832 1 1.0 0.0 15.6569 13.2508 0.850869 0 0 0
807 1 1.0 0.0 16.6711 12.8852 1.22003 0 0 0
553 1 1.0 0.0 17.8461 13.1595 1.35703 0 0 0
652 1 1.0 0.0 18.8089 12.8895 1.36493 0 0 0
464 1 1.0 0.0 0.475639 13.6617 1.30807 0 0 0
690 1 1.0 0.0 2.65862 13.894 1.34641 0 0 0
101 1 1.0 0.0 6.88223 13.8736 1.305 0 0 0
493 1 1.0 0.0 7.97404 14.0861 1.26765 0 0 0
555 1 1.0 0.0 9.73598 13.7038 1.26762 0 0 0
557 1 1.0 0.0 13.1868 14.0699 1.29033 0 0 0
667 1 1.0 0.0 17.146 13.8657 1.23651 0 0 0
595 1 1.0 0.0 18.5575 13.8431 1.19416 0 0 0
444 1 1.0 0.0 1.1642 14.3881 1.28611 0 0 0
632 1 1.0 0.0 2.36132 14.9742 0.999196 0 0 0
930 1 1.0 0.0 3.6631 14.3693 1.20066 0 0 0
519 1 1.0 0.0 4.8088 14.302 1.35496 0 0 0
216 1 1.0 0.0 5.57012 14.9939 1.17484 0 0 0
498 1 1.0 0.0 8.9791 14.3466 1.14942 0 0 0
471 1 1.0 0.0 9.97917 14.8535 1.33599 0 0 0
90 1 1.0 0.0 10.721 14.3142 0.764444 0 0 0
412 1 1.0 0.0 15.4001 14.852 1.27107 0 0 0
452 1 1.0 0.0 16.2957 14.3833 1.13346 0 0 0
785 1 1.0 0.0 18.0478 14.7458 1.29533 0 0 0
600 1 1.0 0.0 19.8377 14.4264 1.39921 -1 0 0
264 1 1.0 0.0 0.773598 15.3832 1.00083 0 0 0
963 1 1.0 0.0 8.43963 15.3366 1.22022 0 0 0
303 1 1.0 0.0 10.8816 15.2849 1.35509 0 0 0
384 1 1.0 0.0 11.8781 15.3602 1.39186 0 0 0
804 1 1.0 0.0 12.8467 15.0941 1.34729 0 0 0
349 1 1.0 0.0 14.2185 15.0616 1.32608 0 0 0
421 1 1.0 0.0 16.7867 15.4083 1.01451 0 0 0
871 1 1.0 0.0 19.2144 15.2083 1.39091 0 0 0
975 1 1.0 0.0 3.19687 15.7331 1.38805 0 0 0
766 1 1.0 0.0 4.06066 16.2439 1.35579 0 0 0
354 1 1.0 0.0 4.93162 15.7467 1.36002 0 0 0
581 1 1.0 0.0 5.78629 16.2581 1.271 0 0 0
284 1 1.0 0.0 6.80311 16.3155 1.29509 0 0 0
293 1 1.0 0.0 10.2761 16.0556 1.15693 0 0 0
528 1 1.0 0.0 12.8172 16.2767 1.20957 0 0 0
408 1 1.0 0.0 14.6487 15.9622 1.26379 0 0 0
510 1 1.0 0.0 15.8203 15.8539 1.31166 0 0 0
984 1 1.0 0.0 18.366 16.122 1.09283 0 0 0
700 1 1.0 0.0 19.4853 16.162 1.25997 0 0 0
956 1 1.0 0.0 1.16827 17.1157 0.848676 0 0 0
627 1 1.0 0.0 2.72776 16.5969 1.20416 0 0 0
443 1 1.0 0.0 7.86303 16.5681 1.31457 0 0 0
552 1 1.0 0.0 9.03284 16.7318 1.02681 0 0 0
418 1 1.0 0.0 10.4903 17.1284 1.36737 0 0 0
496 1 1.0 0.0 11.9149 16.6521 0.997457 0 0 0
616 1 1.0 0.0 13.9306 16.6564 1.31145 0 0 0
501 1 1.0 0.0 16.2183 16.9094 1.17602 0 0 0
725 1 1.0 0.0 17.3824 16.8695 1.25056 0 0 0
738 1 1.0 0.0 2.552 17.7098 1.27566 0 0 0
699 1 1.0 0.0 3.52723 17.4598 1.35842 0 0 0
534 1 1.0 0.0 5.54197 17.4881 1.40606 0 0 0
150 1 1.0 0.0 7.11679 17.2601 1.39084 0 0 0
474 1 1.0 0.0 8.08995 17.5396 1.38168 0 0 0
465 1 1.0 0.0 9.70283 17.745 1.40273 0 0 0
309 1 1.0 0.0 12.9307 17.3267 1.18809 0 0 0
449 1 1.0 0.0 14.3538 17.5362 1.0538 0 0 0
825 1 1.0 0.0 18.1052 17.7466 0.957794 0 0 0
1162 1 1.0 0.0 19.0013 17.4961 1.32405 0 0 0
1360 1 1.0 0.0 0.188797 17.9675 1.17711 0 0 0
1102 1 1.0 0.0 3.54985 18.4559 1.27271 0 0 0
415 1 1.0 0.0 4.80042 17.9124 0.863757 0 0 0
543 1 1.0 0.0 6.40253 17.995 1.35696 0 0 0
169 1 1.0 0.0 7.35198 18.1911 1.11183 0 0 0
383 1 1.0 0.0 8.83041 18.2615 1.16118 0 0 0
1277 1 1.0 0.0 10.7234 18.0989 1.3063 0 0 0
596 1 1.0 0.0 11.8745 18.0906 1.3429 0 0 0
500 1 1.0 0.0 12.7057 18.282 0.807426 0 0 0
554 1 1.0 0.0 14.7038 18.4128 1.3838 0 0 0
558 1 1.0 0.0 15.8525 18.5259 1.30783 0 0 0
960 1 1.0 0.0 0.674691 18.8336 1.29393 0 0 0
1628 1 1.0 0.0 2.38896 18.6916 1.17776 0 0 0
568 1 1.0 0.0 5.43491 18.6764 1.00624 0 0 0
970 1 1.0 0.0 6.30607 18.9918 1.38246 0 0 0
184 1 1.0 0.0 9.11212 19.2141 1.27568 0 0 0
387 1 1.0 0.0 10.0768 18.9529 1.35498 0 0 0
458 1 1.0 0.0 11.3027 18.914 1.30681 0 0 0
365 1 1.0 0.0 17.428 18.8713 1.19543 0 0 0
1770 1 1.0 0.0 19.3751 18.5884 1.20701 0 0 0
592 1 1.0 0.0 1.2625 19.6407 1.35004 0 0 0
1315 1 1.0 0.0 3.72946 19.4909 1.36051 0 0 0
1064 1 1.0 0.0 4.69591 19.9248 1.32877 0 0 0
603 1 1.0 0.0 7.11291 19.5703 1.26249 0 0 0
1187 1 1.0 0.0 8.13387 19.3923 1.38201 0 0 0
1273 1 1.0 0.0 10.6893 19.7432 1.33497 0 0 0
1070 1 1.0 0.0 12.1882 19.3784 1.28969 0 0 0
895 1 1.0 0.0 16.4073 19.356 1.36359 0 0 0
1586 1 1.0 0.0 18.6198 19.5738 1.07083 0 0 0
1756 1 1.0 0.0 1.71584 0.467038 1.6841 0 0 0
1482 1 1.0 0.0 4.13869 0.663231 2.0512 0 0 0
1054 1 1.0 0.0 10.1221 0.124642 2.06477 0 0 0
1656 1 1.0 0.0 11.5599 0.00410475 1.75204 0 1 0
1088 1 1.0 0.0 13.3256 0.4604 1.96402 0 0 0
1547 1 1.0 0.0 16.7 0.229445 1.75255 0 1 0
1940 1 1.0 0.0 18.2252 0.27515 2.0173 0 0 0
2134 1 1.0 0.0 0.121777 1.41068 1.64023 0 0 0
1700 1 1.0 0.0 1.08717 1.23103 1.82927 0 0 0
1390 1 1.0 0.0 3.26478 1.00023 1.69532 0 0 0
1638 1 1.0 0.0 5.70469 1.05197 1.88079 0 0 0
1173 1 1.0 0.0 14.4483 1.1424 2.03429 0 0 0
1826 1 1.0 0.0 17.2666 1.29107 1.81583 0 0 0
1451 1 1.0 0.0 1.60165 2.0861 1.93889 0 0 0
1852 1 1.0 0.0 2.21348 1.43702 1.48685 0 0 0
1305 1 1.0 0.0 5.84475 2.03212 2.02102 0 0 0
584 1 1.0 0.0 8.46883 1.48323 1.83514 0 0 0
1264 1 1.0 0.0 9.4463 1.68629 2.10669 0 0 0
574 1 1.0 0.0 10.4199 1.50988 1.96209 0 0 0
332 1 1.0 0.0 12.1194 1.65869 1.91855 0 0 0
896 1 1.0 0.0 13.0652 1.97201 2.00375 0 0 0
541 1 1.0 0.0 14.2683 2.12581 2.05575 0 0 0
934 1 1.0 0.0 15.8141 1.53014 1.6842 0 0 0
1844 1 1.0 0.0 18.1872 1.7435 2.0009 0 0 0
2547 1 1.0 0.0 19.1513 1.61581 1.76794 0 0 0
1883 1 1.0 0.0 0.767137 2.35399 1.45745 0 0 0
1953 1 1.0 0.0 3.1416 2.59315 1.81228 0 0 0
536 1 1.0 0.0 6.07713 2.83562 1.47299 0 0 0
633 1 1.0 0.0 6.99489 2.43965 1.44306 0 0 0
636 1 1.0 0.0 8.08494 2.68028 2.0834 0 0 0
628 1 1.0 0.0 17.4368 2.50479 1.47945 0 0 0
1728 1 1.0 0.0 18.6085 2.77626 1.76081 0 0 0
1223 1 1.0 0.0 2.35512 3.19361 1.95668 0 0 0
789 1 1.0 0.0 4.31232 3.43213 1.72679 0 0 0
1238 1 1.0 0.0 7.07531 3.39665 1.72176 0 0 0
703 1 1.0 0.0 9.15031 2.87685 2.04219 0 0 0
791 1 1.0 0.0 11.7942 3.10222 1.7531 0 0 0
888 1 1.0 0.0 14.0132 3.09421 2.07885 0 0 0
837 1 1.0 0.0 15.7296 2.95382 1.73018 0 0 0
1008 1 1.0 0.0 17.4061 3.50316 1.83126 0 0 0
840 1 1.0 0.0 19.2514 3.51118 1.5452 0 0 0
1386 1 1.0 0.0 1.50864 3.71263 2.07527 0 0 0
339 1 1.0 0.0 3.08711 4.08487 1.58931 0 0 0
902 1 1.0 0.0 5.50412 3.71501 1.8601 0 0 0
653 1 1.0 0.0 6.40535 4.13776 1.76551 0 0 0
518 1 1.0 0.0 9.30276 3.732 1.42897 0 0 0
724 1 1.0 0.0 10.2344 3.77628 1.7901 0 0 0
328 1 1.0 0.0 11.2238 3.92713 1.76692 0 0 0
773 1 1.0 0.0 13.3164 4.25147 1.42416 0 0 0
856 1 1.0 0.0 14.8079 3.68397 1.93522 0 0 0
782 1 1.0 0.0 16.201 3.82492 1.86801 0 0 0
1631 1 1.0 0.0 18.3533 3.80942 1.92584 0 0 0
1530 1 1.0 0.0 0.941082 4.79563 1.95957 0 0 0
511 1 1.0 0.0 4.99265 4.71971 2.08444 0 0 0
830 1 1.0 0.0 7.62861 4.79275 1.89056 0 0 0
851 1 1.0 0.0 9.59514 4.68679 1.48191 0 0 0
445 1 1.0 0.0 10.6112 4.66733 2.04397 0 0 0
396 1 1.0 0.0 12.0704 4.36081 1.45858 0 0 0
946 1 1.0 0.0 14.131 4.48053 1.95707 0 0 0
783 1 1.0 0.0 17.2964 4.56119 1.92558 0 0 0
1124 1 1.0 0.0 18.1556 4.68875 1.43017 0 0 0
1184 1 1.0 0.0 1.83759 5.20962 1.80182 0 0 0
315 1 1.0 0.0 3.27389 5.00235 2.05624 0 0 0
675 1 1.0 0.0 4.20755 5.33658 1.90103 0 0 0
1027 1 1.0 0.0 5.8474 5.6959 1.92971 0 0 0
918 1 1.0 0.0 8.56093 5.09779 1.69644 0 0 0
726 1 1.0 0.0 11.0313 5.65171 2.04048 0 0 0
360 1 1.0 0.0 14.6782 5.41354 1.62902 0 0 0
796 1 1.0 0.0 15.6569 5.49349 1.81854 0 0 0
994 1 1.0 0.0 17.3043 5.62866 1.76867 0 0 0
1188 1 1.0 0.0 19.6137 5.4462 1.99379 0 0 0
1409 1 1.0 0.0 0.362578 6.11314 2.10695 1 0 0
1620 1 1.0 0.0 1.33285 6.35082 2.06073 0 0 0
821 1 1.0 0.0 3.50295 6.12658 2.09855 0 0 0
701 1 1.0 0.0 7.06854 5.9197 1.46354 0 0 0
878 1 1.0 0.0 7.89549 5.78322 2.009 0 0 0
406 1 1.0 0.0 8.88509 6.03564 1.82005 0 0 0
741 1 1.0 0.0 9.9928 6.04786 2.05821 0 0 0
872 1 1.0 0.0 15.2822 6.39865 1.56509 0 0 0
1161 1 1.0 0.0 16.4548 6.20006 2.01743 0 0 0
786 1 1.0 0.0 2.26068 6.89949 1.78979 0 0 0
484 1 1.0 0.0 4.37043 6.8962 2.06108 0 0 0
661 1 1.0 0.0 6.43302 6.71608 1.79474 0 0 0
562 1 1.0 0.0 8.13536 6.58977 1.45838 0 0 0
419 1 1.0 0.0 9.65182 6.95671 1.7118 0 0 0
308 1 1.0 0.0 11.3507 6.59453 1.9457 0 0 0
943 1 1.0 0.0 12.4376 6.48872 1.77823 0 0 0
826 1 1.0 0.0 13.8621 6.64262 1.98378 0 0 0
454 1 1.0 0.0 17.0612 6.93642 1.71751 0 0 0
694 1 1.0 0.0 18.5681 6.42925 1.85963 0 0 0
1645 1 1.0 0.0 19.8309 6.8701 1.71302 -1 0 0
1149 1 1.0 0.0 0.00255967 7.79532 2.05279 1 0 0
405 1 1.0 0.0 1.53002 7.5822 1.784 0 0 0
811 1 1.0 0.0 2.92217 7.64633 1.96751 0 0 0
549 1 1.0 0.0 3.71992 7.40845 1.41346 0 0 0
971 1 1.0 0.0 4.65528 7.84603 1.87446 0 0 0
460 1 1.0 0.0 5.56729 7.14726 1.54058 0 0 0
499 1 1.0 0.0 7.6528 7.29106 1.98581 0 0 0
355 1 1.0 0.0 8.59495 7.53706 1.75814 0 0 0
369 1 1.0 0.0 10.4241 7.83149 1.89771 0 0 0
429 1 1.0 0.0 11.3048 7.75838 1.41887 0 0 0
573 1 1.0 0.0 12.634 7.51064 1.75499 0 0 0
897 1 1.0 0.0 15.5153 7.74498 1.97317 0 0 0
844 1 1.0 0.0 17.8935 7.40537 2.01255 0 0 0
1249 1 1.0 0.0 18.8225 7.77302 2.05554 0 0 0
502 1 1.0 0.0 2.18543 8.32177 1.93695 0 0 0
566 1 1.0 0.0 3.90764 8.45303 1.60517 0 0 0
864 1 1.0 0.0 6.55066 8.27627 1.93764 0 0 0
516 1 1.0 0.0 7.64676 8.26031 1.73979 0 0 0
217 1 1.0 0.0 9.4949 8.09513 1.59095 0 0 0
1274 1 1.0 0.0 13.9647 8.54472 1.91462 0 0 0
967 1 1.0 0.0 1.5088 9.07024 2.04362 0 0 0
377 1 1.0 0.0 6.91554 9.24935 1.59007 0 0 0
459 1 1.0 0.0 10.2337 8.84946 2.1171 0 0 0
842 1 1.0 0.0 12.853 8.60475 1.90225 0 0 0
336 1 1.0 0.0 13.4865 9.26498 1.41209 0 0 0
114 1 1.0 0.0 14.5917 9.1874 1.47448 0 0 0
416 1 1.0 0.0 16.2178 9.20689 2.03308 0 0 0
839 1 1.0 0.0 17.3327 8.65259 1.59264 0 0 0
433 1 1.0 0.0 18.106 9.27307 1.46254 0 0 0
1471 1 1.0 0.0 0.559666 9.50505 2.05739 0 0 0
705 1 1.0 0.0 3.43409 9.33082 1.94236 0 0 0
604 1 1.0 0.0 5.22128 9.6242 1.58004 0 0 0
329 1 1.0 0.0 8.76511 9.34315 1.65045 0 0 0
333 1 1.0 0.0 9.72191 9.77152 1.96925 0 0 0
852 1 1.0 0.0 11.0043 9.71078 1.99014 0 0 0
621 1 1.0 0.0 19.5861 9.3284 1.91248 0 0 0
695 1 1.0 0.0 0.678739 10.3709 1.57154 0 0 0
882 1 1.0 0.0 1.96437 10.1331 1.93663 0 0 0
637 1 1.0 0.0 4.36228 10.0461 1.87002 0 0 0
781 1 1.0 0.0 5.22085 10.613 1.43015 0 0 0
370 1 1.0 0.0 6.13785 10.0121 1.67698 0 0 0
590 1 1.0 0.0 7.42736 10.6762 1.68226 0 0 0
972 1 1.0 0.0 10.098 10.6414 1.52351 0 0 0
669 1 1.0 0.0 12.3183 10.0984 2.08562 0 0 0
417 1 1.0 0.0 14.2404 10.0734 1.79201 0 0 0
503 1 1.0 0.0 15.5798 10.6066 1.94153 0 0 0
42 1 1.0 0.0 16.2881 10.055 1.5009 0 0 0
684 1 1.0 0.0 17.3577 10.5911 2.02503 0 0 0
326 1 1.0 0.0 18.1175 10.3126 1.42721 0 0 0
343 1 1.0 0.0 19.4804 10.3224 1.93898 0 0 0
1028 1 1.0 0.0 1.08393 11.1602 2.04006 0 0 0
572 1 1.0 0.0 2.03814 11.3907 1.84952 0 0 0
862 1 1.0 0.0 3.09972 11.1769 1.65651 0 0 0
681 1 1.0 0.0 4.01581 11.2869 2.04203 0 0 0
467 1 1.0 0.0 6.04888 11.3819 1.79258 0 0 0
679 1 1.0 0.0 9.00062 10.9023 1.90438 0 0 0
342 1 1.0 0.0 16.1813 11.3895 1.73685 0 0 0
1091 1 1.0 0.0 0.78583 12.0438 1.67902 0 0 0
903 1 1.0 0.0 3.65245 11.9745 1.41347 0 0 0
771 1 1.0 0.0 7.94561 11.5796 2.06087 0 0 0
437 1 1.0 0.0 8.74067 11.9357 1.41788 0 0 0
313 1 1.0 0.0 9.65484 11.5375 1.49388 0 0 0
520 1 1.0 0.0 11.482 11.6714 1.81409 0 0 0
890 1 1.0 0.0 12.3559 12.0349 1.49141 0 0 0
563 1 1.0 0.0 13.1614 11.6198 1.91436 0 0 0
395 1 1.0 0.0 14.0937 11.4813 1.58017 0 0 0
368 1 1.0 0.0 17.0948 11.9881 1.43338 0 0 0
931 1 1.0 0.0 19.8924 11.7429 2.01247 0 0 0
145 1 1.0 0.0 6.51332 12.2281 1.44888 0 0 0
380 1 1.0 0.0 8.17267 12.5492 1.96942 0 0 0
647 1 1.0 0.0 9.29706 12.7858 1.41223 0 0 0
400 1 1.0 0.0 15.8499 12.7729 1.7796 0 0 0
666 1 1.0 0.0 17.4684 12.6217 2.11077 0 0 0
906 1 1.0 0.0 18.1141 12.1806 1.48589 0 0 0
1290 1 1.0 0.0 19.4179 12.6177 2.11 0 0 0
734 1 1.0 0.0 1.11597 12.9876 1.67607 0 0 0
753 1 1.0 0.0 2.62441 12.9956 1.78878 0 0 0
382 1 1.0 0.0 5.57886 12.9156 1.89045 0 0 0
1320 1 1.0 0.0 6.55618 13.127 1.88485 0 0 0
742 1 1.0 0.0 7.45604 13.051 1.45541 0 0 0
751 1 1.0 0.0 8.76152 13.566 1.73538 0 0 0
608 1 1.0 0.0 11.2388 12.8902 1.66439 0 0 0
641 1 1.0 0.0 12.4942 12.9745 2.00804 0 0 0
364 1 1.0 0.0 14.9182 12.9209 1.43853 0 0 0
749 1 1.0 0.0 19.5485 13.5008 1.64641 -1 0 0
891 1 1.0 0.0 1.64142 13.7975 1.93683 0 0 0
1011 1 1.0 0.0 3.37968 13.6219 1.98358 0 0 0
939 1 1.0 0.0 5.93773 14.2595 1.7454 0 0 0
674 1 1.0 0.0 9.70586 14.2635 2.0957 0 0 0
579 1 1.0 0.0 10.6785 13.7626 1.59749 0 0 0
337 1 1.0 0.0 12.2408 13.8171 1.49291 0 0 0
945 1 1.0 0.0 15.1667 13.8942 1.43895 0 0 0
745 1 1.0 0.0 16.4358 14.155 2.09691 0 0 0
1202 1 1.0 0.0 17.8308 14.0201 1.94861 0 0 0
1380 1 1.0 0.0 0.557784 14.2917 2.08023 0 0 0
1159 1 1.0 0.0 3.08374 14.6116 1.97884 0 0 0
1131 1 1.0 0.0 4.12532 14.3272 2.08626 0 0 0
379 1 1.0 0.0 7.29442 14.6947 1.69946 0 0 0
683 1 1.0 0.0 8.97274 14.9304 1.9623 0 0 0
371 1 1.0 0.0 11.4036 14.4431 1.49205 0 0 0
829 1 1.0 0.0 12.2549 14.72 2.06128 0 0 0
624 1 1.0 0.0 13.4012 14.6683 2.0623 0 0 0
893 1 1.0 0.0 14.4013 14.2954 1.94212 0 0 0
598 1 1.0 0.0 17.1324 14.7528 1.69782 0 0 0
1213 1 1.0 0.0 19.0417 14.4377 2.00435 0 0 0
1697 1 1.0 0.0 0.102199 15.5205 1.72904 1 0 0
576 1 1.0 0.0 1.05042 15.1494 1.93283 0 0 0
731 1 1.0 0.0 2.46177 15.3946 1.98327 0 0 0
966 1 1.0 0.0 4.06932 15.2484 1.44996 0 0 0
838 1 1.0 0.0 4.842 15.0243 2.04568 0 0 0
654 1 1.0 0.0 5.69231 15.5655 1.98616 0 0 0
795 1 1.0 0.0 6.54155 15.3591 1.42476 0 0 0
873 1 1.0 0.0 7.52069 15.6415 1.47043 0 0 0
320 1 1.0 0.0 9.3984 15.6621 1.43016 0 0 0
689 1 1.0 0.0 15.1691 15.5098 1.98795 0 0 0
650 1 1.0 0.0 16.2012 15.0908 1.83379 0 0 0
706 1 1.0 0.0 17.6049 15.6491 1.53664 0 0 0
363 1 1.0 0.0 1.92481 16.0623 1.46765 0 0 0
866 1 1.0 0.0 8.66367 16.2264 1.80673 0 0 0
334 1 1.0 0.0 11.1375 16.3673 1.55816 0 0 0
422 1 1.0 0.0 12.0938 16.1969 1.89533 0 0 0
752 1 1.0 0.0 13.578 15.7721 1.61756 0 0 0
1289 1 1.0 0.0 16.7498 16.1949 1.63088 0 0 0
988 1 1.0 0.0 18.769 15.8853 1.97685 0 0 0
404 1 1.0 0.0 0.193937 16.8431 1.44396 0 0 0
735 1 1.0 0.0 1.06343 16.4712 1.76896 0 0 0
1138 1 1.0 0.0 1.85393 17.0591 1.57434 0 0 0
727 1 1.0 0.0 3.11877 16.8945 2.07507 0 0 0
1495 1 1.0 0.0 4.1129 17.0561 2.06126 0 0 0
1240 1 1.0 0.0 4.9125 16.7264 1.55936 0 0 0
446 1 1.0 0.0 6.27444 16.9649 1.84166 0 0 0
737 1 1.0 0.0 9.71368 16.6296 1.75201 0 0 0
615 1 1.0 0.0 13.2068 16.76 1.99348 0 0 0
929 1 1.0 0.0 15.2979 16.6861 1.49691 0 0 0
1880 1 1.0 0.0 16.8357 17.0956 2.05675 0 0 0
1567 1 1.0 0.0 18.2769 16.9153 1.69523 0 0 0
1478 1 1.0 0.0 19.2716 16.8056 1.9949 0 0 0
2018 1 1.0 0.0 0.800954 17.3921 2.05699 0 0 0
859 1 1.0 0.0 8.90526 17.7313 2.00572 0 0 0
779 1 1.0 0.0 11.2771 17.4863 1.87013 0 0 0
448 1 1.0 0.0 12.2312 17.1873 1.88896 0 0 0
1152 1 1.0 0.0 13.6775 17.6177 1.78606 0 0 0
1218 1 1.0 0.0 14.5508 17.1626 1.96024 0 0 0
623 1 1.0 0.0 15.3685 17.6826 1.54144 0 0 0
808 1 1.0 0.0 17.1741 17.8305 1.43255 0 0 0
1850 1 1.0 0.0 19.8304 17.6331 2.04874 0 0 0
1309 1 1.0 0.0 1.28181 18.008 1.43288 0 0 0
1176 1 1.0 0.0 2.56317 18.2904 2.08972 0 0 0
1120 1 1.0 0.0 4.42972 17.9692 1.79075 0 0 0
1058 1 1.0 0.0 5.40175 18.3919 1.96434 0 0 0
442 1 1.0 0.0 7.15743 18.0053 2.07491 0 0 0
1060 1 1.0 0.0 8.05871 18.4703 1.76187 0 0 0
1057 1 1.0 0.0 12.6726 18.1035 1.94521 0 0 0
958 1 1.0 0.0 13.4416 18.5391 1.47757 0 0 0
1526 1 1.0 0.0 16.3422 17.9612 1.97205 0 0 0
1366 1 1.0 0.0 18.0312 17.8903 1.94463 0 0 0
1748 1 1.0 0.0 18.9991 18.1889 2.04544 0 0 0
1664 1 1.0 0.0 1.30394 18.9431 2.06531 0 0 0
1214 1 1.0 0.0 3.25077 19.0164 2.09926 0 0 0
1868 1 1.0 0.0 4.58488 18.9248 1.47071 0 0 0
1049 1 1.0 0.0 11.9496 18.7851 2.05844 0 0 0
1142 1 1.0 0.0 14.16 19.2241 1.5982 0 0 0
845 1 1.0 0.0 15.214 19.2515 1.57444 0 0 0
1221 1 1.0 0.0 16.8908 18.7949 2.03539 0 0 0
1222 1 1.0 0.0 18.3803 18.6694 1.42401 0 0 0
2332 1 1.0 0.0 19.866 18.743 2.09638 -1 0 0
1800 1 1.0 0.0 2.30108 19.6927 1.44338 0 0 0
1498 1 1.0 0.0 3.10447 19.9953 1.95629 0 0 0
1674 1 1.0 0.0 6.01487 19.7872 1.91408 0 -1 0
1251 1 1.0 0.0 8.83394 19.8737 1.97399 0 -1 0
1109 1 1.0 0.0 13.2101 19.512 1.47653 0 0 0
1427 1 1.0 0.0 17.8526 19.3479 1.96621 0 0 0
1752 1 1.0 0.0 3.18495 0.711568 2.6494 0 0 0
1325 1 1.0 0.0 6.15449 0.510092 2.59073 0 0 0
1411 1 1.0 0.0 9.32551 0.7028 2.24144 0 0 0
1751 1 1.0 0.0 12.404 0.164332 2.26367 0 1 0
1318 1 1.0 0.0 14.6831 0.169707 2.32341 0 0 0
1813 1 1.0 0.0 5.00648 0.776994 2.62215 0 0 0
1379 1 1.0 0.0 6.66495 1.2351 2.12833 0 0 0
1303 1 1.0 0.0 7.51923 0.71959 2.1951 0 0 0
1250 1 1.0 0.0 8.18121 1.2175 2.75528 0 0 0
714 1 1.0 0.0 10.2483 0.791182 2.79939 0 0 0
1404 1 1.0 0.0 11.2197 0.955138 2.19109 0 0 0
1829 1 1.0 0.0 12.9084 1.15178 2.55384 0 0 0
1261 1 1.0 0.0 15.4528 0.806127 2.27212 0 0 0
2009 1 1.0 0.0 16.428 1.02634 2.2919 0 0 0
2014 1 1.0 0.0 18.8968 0.901873 2.42027 0 0 0
2218 1 1.0 0.0 1.16156 1.52562 2.78199 0 0 0
1660 1 1.0 0.0 3.73496 1.98714 2.342 0 0 0
1229 1 1.0 0.0 4.60483 1.54499 2.12337 0 0 0
1107 1 1.0 0.0 7.54383 1.75701 2.13259 0 0 0
820 1 1.0 0.0 8.67714 2.0743 2.61441 0 0 0
881 1 1.0 0.0 11.2442 1.9748 2.28506 0 0 0
802 1 1.0 0.0 12.4424 2.04458 2.78268 0 0 0
792 1 1.0 0.0 13.7101 1.70813 2.77263 0 0 0
1440 1 1.0 0.0 15.2746 1.76532 2.4926 0 0 0
1630 1 1.0 0.0 16.2768 2.00472 2.43298 0 0 0
2229 1 1.0 0.0 17.2786 1.82812 2.65928 0 0 0
1911 1 1.0 0.0 1.65017 2.85304 2.57879 0 0 0
2066 1 1.0 0.0 2.45694 2.22121 2.43908 0 0 0
1062 1 1.0 0.0 4.76991 2.53123 2.12612 0 0 0
849 1 1.0 0.0 7.02837 2.55864 2.43538 0 0 0
1126 1 1.0 0.0 9.60716 2.39715 2.79137 0 0 0
1317 1 1.0 0.0 10.3729 2.49234 2.14228 0 0 0
740 1 1.0 0.0 11.7371 2.74693 2.6861 0 0 0
1127 1 1.0 0.0 14.9998 2.72805 2.37534 0 0 0
1425 1 1.0 0.0 16.8245 2.82827 2.28541 0 0 0
1976 1 1.0 0.0 17.857 2.60043 2.39672 0 0 0
2121 1 1.0 0.0 18.995 2.25457 2.52132 0 0 0
2094 1 1.0 0.0 19.8027 2.78308 2.2597 0 0 0
1924 1 1.0 0.0 0.760508 3.05585 2.16973 0 0 0
1716 1 1.0 0.0 3.72992 3.07875 2.45882 0 0 0
1052 1 1.0 0.0 4.85731 3.42495 2.56606 0 0 0
1021 1 1.0 0.0 6.26315 3.20044 2.38526 0 0 0
659 1 1.0 0.0 9.83071 3.35312 2.60126 0 0 0
1299 1 1.0 0.0 10.9155 3.27146 2.45611 0 0 0
1000 1 1.0 0.0 12.7128 2.89436 2.16194 0 0 0
1353 1 1.0 0.0 15.8176 3.33454 2.65065 0 0 0
2237 1 1.0 0.0 19.0363 3.37377 2.51212 0 0 0
1639 1 1.0 0.0 0.717863 3.95342 2.63798 0 0 0
1053 1 1.0 0.0 2.97855 3.73572 2.52003 0 0 0
720 1 1.0 0.0 3.90006 4.23039 2.16576 0 0 0
1339 1 1.0 0.0 5.71394 3.91595 2.81695 0 0 0
1073 1 1.0 0.0 7.11728 4.09076 2.46609 0 0 0
713 1 1.0 0.0 7.96838 3.6711 2.15087 0 0 0
911 1 1.0 0.0 8.96917 3.80448 2.36884 0 0 0
900 1 1.0 0.0 11.8151 3.73457 2.55 0 0 0
907 1 1.0 0.0 12.6788 4.10716 2.21062 0 0 0
1179 1 1.0 0.0 13.5929 3.87416 2.54246 0 0 0
1245 1 1.0 0.0 14.5474 4.12527 2.79394 0 0 0
1512 1 1.0 0.0 16.8802 3.86142 2.60261 0 0 0
1725 1 1.0 0.0 0.0550118 4.68148 2.46328 1 0 0
1227 1 1.0 0.0 1.59431 4.76335 2.71682 0 0 0
1270 1 1.0 0.0 2.2866 4.34324 2.13012 0 0 0
996 1 1.0 0.0 5.94692 4.78352 2.37762 0 0 0
692 1 1.0 0.0 8.29564 4.51251 2.58081 0 0 0
376 1 1.0 0.0 9.23973 4.79467 2.41035 0 0 0
858 1 1.0 0.0 10.0351 4.31588 2.78196 0 0 0
1035 1 1.0 0.0 11.2133 4.99638 2.77351 0 0 0
927 1 1.0 0.0 12.0869 4.90877 2.29488 0 0 0
589 1 1.0 0.0 13.2033 4.95438 2.12635 0 0 0
797 1 1.0 0.0 15.4401 4.41283 2.19774 0 0 0
1280 1 1.0 0.0 16.3915 4.69053 2.33106 0 0 0
1436 1 1.0 0.0 17.9099 4.3051 2.67258 0 0 0
1615 1 1.0 0.0 19.1557 4.35039 2.1776 0 0 0
1599 1 1.0 0.0 0.923764 5.50352 2.66678 0 0 0
780 1 1.0 0.0 5.08346 5.59116 2.56643 0 0 0
411 1 1.0 0.0 6.74813 5.3635 2.23033 0 0 0
1146 1 1.0 0.0 7.58346 5.17475 2.81359 0 0 0
762 1 1.0 0.0 8.55837 5.47122 2.68957 0 0 0
1296 1 1.0 0.0 14.0668 5.36517 2.41884 0 0 0
1002 1 1.0 0.0 15.0481 5.25219 2.57421 0 0 0
1508 1 1.0 0.0 15.9981 5.50447 2.75845 0 0 0
1039 1 1.0 0.0 18.2076 5.3308 2.19504 0 0 0
1256 1 1.0 0.0 2.55013 5.82567 2.13754 0 0 0
730 1 1.0 0.0 4.12778 5.77556 2.79594 0 0 0
1069 1 1.0 0.0 6.18986 6.28343 2.66284 0 0 0
651 1 1.0 0.0 7.15867 6.35011 2.37734 0 0 0
854 1 1.0 0.0 11.9328 5.8911 2.40109 0 0 0
892 1 1.0 0.0 13.1228 5.94209 2.26014 0 0 0
732 1 1.0 0.0 14.6774 6.1511 2.322 0 0 0
1001 1 1.0 0.0 16.9428 5.82752 2.81354 0 0 0
923 1 1.0 0.0 17.749 6.25719 2.4068 0 0 0
1571 1 1.0 0.0 19.0476 5.98587 2.61687 0 0 0
1521 1 1.0 0.0 0.735707 7.13661 2.22181 0 0 0
1255 1 1.0 0.0 2.9271 6.82031 2.53112 0 0 0
805 1 1.0 0.0 5.28925 6.55348 2.32229 0 0 0
721 1 1.0 0.0 8.32242 6.61757 2.44028 0 0 0
818 1 1.0 0.0 9.28195 6.42904 2.64927 0 0 0
1158 1 1.0 0.0 10.485 6.86077 2.36956 0 0 0
850 1 1.0 0.0 12.0417 6.86155 2.61738 0 0 0
976 1 1.0 0.0 13.0282 6.91654 2.46375 0 0 0
867 1 1.0 0.0 14.7423 7.13019 2.12921 0 0 0
865 1 1.0 0.0 15.6244 6.47568 2.50154 0 0 0
1098 1 1.0 0.0 17.2388 7.07405 2.69193 0 0 0
1381 1 1.0 0.0 18.8512 6.97044 2.6514 0 0 0
1537 1 1.0 0.0 19.8232 6.58952 2.80131 0 0 0
1271 1 1.0 0.0 2.11932 7.48733 2.58629 0 0 0
961 1 1.0 0.0 3.76803 7.56628 2.4947 0 0 0
790 1 1.0 0.0 4.90477 7.3632 2.7656 0 0 0
687 1 1.0 0.0 6.16405 7.33892 2.52935 0 0 0
910 1 1.0 0.0 9.3357 7.57586 2.43059 0 0 0
729 1 1.0 0.0 11.3022 7.49258 2.38287 0 0 0
876 1 1.0 0.0 13.6749 7.62719 2.18689 0 0 0
765 1 1.0 0.0 16.291 7.20316 2.29693 0 0 0
1168 1 1.0 0.0 1.40171 8.21379 2.54857 0 0 0
1203 1 1.0 0.0 2.65304 8.29987 2.82054 0 0 0
919 1 1.0 0.0 3.58215 8.54748 2.54596 0 0 0
704 1 1.0 0.0 4.52256 8.28726 2.76478 0 0 0
952 1 1.0 0.0 5.49602 8.06561 2.36935 0 0 0
941 1 1.0 0.0 7.23143 7.96115 2.59878 0 0 0
556 1 1.0 0.0 8.36959 8.31244 2.42873 0 0 0
959 1 1.0 0.0 11.2247 8.56996 2.16716 0 0 0
564 1 1.0 0.0 12.099 8.11752 2.34268 0 0 0
663 1 1.0 0.0 13.3915 8.42122 2.72463 0 0 0
942 1 1.0 0.0 14.5192 8.00755 2.56422 0 0 0
962 1 1.0 0.0 16.1808 8.30598 2.46548 0 0 0
828 1 1.0 0.0 17.0164 7.87094 2.13022 0 0 0
1192 1 1.0 0.0 17.9145 8.34768 2.34663 0 0 0
559 1 1.0 0.0 2.47738 9.24489 2.22015 0 0 0
676 1 1.0 0.0 4.40444 9.09814 2.18567 0 0 0
506 1 1.0 0.0 5.81498 8.98706 2.14775 0 0 0
544 1 1.0 0.0 6.82535 9.01258 2.5574 0 0 0
697 1 1.0 0.0 9.25448 8.75962 2.29849 0 0 0
435 1 1.0 0.0 12.085 9.14054 2.25315 0 0 0
887 1 1.0 0.0 14.4179 9.25636 2.45679 0 0 0
768 1 1.0 0.0 15.173 8.6609 2.18266 0 0 0
1129 1 1.0 0.0 17.0685 8.97127 2.50294 0 0 0
949 1 1.0 0.0 18.8115 8.76308 2.19577 0 0 0
1561 1 1.0 0.0 19.7856 8.6145 2.58371 0 0 0
1047 1 1.0 0.0 1.37611 9.75838 2.75693 0 0 0
769 1 1.0 0.0 5.10512 9.69897 2.57044 0 0 0
1312 1 1.0 0.0 6.0817 9.70973 2.78529 0 0 0
491 1 1.0 0.0 6.95764 9.99985 2.24948 0 0 0
937 1 1.0 0.0 7.9046 9.57796 2.17616 0 0 0
393 1 1.0 0.0 10.3453 9.62579 2.73745 0 0 0
673 1 1.0 0.0 11.5958 9.94874 2.7605 0 0 0
696 1 1.0 0.0 13.0944 9.48781 2.3046 0 0 0
904 1 1.0 0.0 15.3027 9.65607 2.21749 0 0 0
715 1 1.0 0.0 17.7214 9.69603 2.28302 0 0 0
1208 1 1.0 0.0 18.7196 9.75693 2.25736 0 0 0
1623 1 1.0 0.0 19.8869 9.84197 2.71609 0 0 0
978 1 1.0 0.0 2.92131 10.3065 2.16933 0 0 0
1252 1 1.0 0.0 3.82415 10.476 2.59497 0 0 0
898 1 1.0 0.0 4.91801 10.7035 2.37885 0 0 0
1115 1 1.0 0.0 6.21881 10.6448 2.44715 0 0 0
827 1 1.0 0.0 8.02001 10.5874 2.48276 0 0 0
533 1 1.0 0.0 8.84397 10.0319 2.37114 0 0 0
812 1 1.0 0.0 9.77802 10.6335 2.47303 0 0 0
817 1 1.0 0.0 10.7451 10.6411 2.72723 0 0 0
778 1 1.0 0.0 13.4074 10.4332 2.21339 0 0 0
708 1 1.0 0.0 16.649 10.0156 2.43304 0 0 0
1469 1 1.0 0.0 0.192835 10.8646 2.38434 0 0 0
747 1 1.0 0.0 2.16473 10.8047 2.64991 0 0 0
1030 1 1.0 0.0 3.09882 11.1617 2.65637 0 0 0
711 1 1.0 0.0 6.96765 11.4128 2.186 0 0 0
921 1 1.0 0.0 8.64141 11.3295 2.73411 0 0 0
472 1 1.0 0.0 10.3694 11.3868 2.17703 0 0 0
508 1 1.0 0.0 11.5372 10.7217 2.1222 0 0 0
585 1 1.0 0.0 12.4541 11.0558 2.34042 0 0 0
1005 1 1.0 0.0 13.582 11.2604 2.7474 0 0 0
848 1 1.0 0.0 14.6768 10.7963 2.32763 0 0 0
1093 1 1.0 0.0 16.6808 11.1027 2.55425 0 0 0
521 1 1.0 0.0 18.2894 10.8981 2.2194 0 0 0
728 1 1.0 0.0 19.249 10.9146 2.71079 0 0 0
901 1 1.0 0.0 2.61388 12.0005 2.39409 0 0 0
801 1 1.0 0.0 11.1001 11.7864 2.73104 0 0 0
1081 1 1.0 0.0 14.3779 11.8049 2.48266 0 0 0
776 1 1.0 0.0 15.3051 11.5615 2.1871 0 0 0
1004 1 1.0 0.0 17.6345 11.653 2.29597 0 0 0
1100 1 1.0 0.0 18.8908 11.6968 2.20102 0 0 0
1470 1 1.0 0.0 0.404182 12.3891 2.57861 1 0 0
974 1 1.0 0.0 1.70334 12.3532 2.17855 0 0 0
793 1 1.0 0.0 3.56255 12.3161 2.41221 0 0 0
874 1 1.0 0.0 4.96513 12.174 2.16136 0 0 0
307 1 1.0 0.0 6.12943 12.2111 2.37209 0 0 0
340 1 1.0 0.0 7.2025 12.3844 2.15635 0 0 0
846 1 1.0 0.0 9.55605 12.2338 2.20482 0 0 0
843 1 1.0 0.0 10.5379 12.4233 2.20359 0 0 0
688 1 1.0 0.0 11.7238 12.5217 2.45733 0 0 0
925 1 1.0 0.0 12.8697 12.2727 2.61335 0 0 0
531 1 1.0 0.0 13.7427 12.5481 2.21092 0 0 0
879 1 1.0 0.0 15.0635 12.5193 2.34271 0 0 0
1516 1 1.0 0.0 15.9277 12.7775 2.77652 0 0 0
981 1 1.0 0.0 16.5276 12.1921 2.23116 0 0 0
1003 1 1.0 0.0 18.4354 12.5726 2.36067 0 0 0
1468 1 1.0 0.0 0.327407 13.3304 2.24997 1 0 0
788 1 1.0 0.0 1.23022 13.1761 2.65137 0 0 0
1207 1 1.0 0.0 2.73766 13.1342 2.77262 0 0 0
671 1 1.0 0.0 4.3017 12.9526 2.19228 0 0 0
712 1 1.0 0.0 5.12366 12.9564 2.77983 0 0 0
948 1 1.0 0.0 7.06922 13.1845 2.74122 0 0 0
657 1 1.0 0.0 8.45572 13.2279 2.64702 0 0 0
841 1 1.0 0.0 9.83453 13.264 2.16025 0 0 0
660 1 1.0 0.0 14.5146 13.3497 2.24675 0 0 0
998 1 1.0 0.0 16.6493 13.1854 2.21653 0 0 0
1492 1 1.0 0.0 17.4941 13.4376 2.68842 0 0 0
951 1 1.0 0.0 18.6748 13.5164 2.13246 0 0 0
835 1 1.0 0.0 4.94596 13.7164 2.15389 0 0 0
886 1 1.0 0.0 5.86474 13.6635 2.54501 0 0 0
1044 1 1.0 0.0 6.74453 14.1344 2.32278 0 0 0
800 1 1.0 0.0 7.64891 13.7446 2.14944 0 0 0
955 1 1.0 0.0 8.48266 14.2078 2.44972 0 0 0
1164 1 1.0 0.0 10.5134 13.9154 2.57184 0 0 0
522 1 1.0 0.0 11.5082 13.7121 2.16628 0 0 0
1211 1 1.0 0.0 12.6406 13.8719 2.42425 0 0 0
353 1 1.0 0.0 13.572 13.6615 2.12733 0 0 0
909 1 1.0 0.0 15.6265 13.6004 2.2947 0 0 0
1517 1 1.0 0.0 19.7424 14.066 2.61331 0 0 0
1465 1 1.0 0.0 1.14759 14.6592 2.79934 0 0 0
1242 1 1.0 0.0 2.06063 14.5786 2.3995 0 0 0
733 1 1.0 0.0 5.64052 14.7348 2.57346 0 0 0
1291 1 1.0 0.0 11.1706 14.659 2.44018 0 0 0
1014 1 1.0 0.0 15.3329 14.5542 2.2328 0 0 0
1585 1 1.0 0.0 17.3481 14.5426 2.65139 0 0 0
1349 1 1.0 0.0 18.3779 14.2966 2.73872 0 0 0
993 1 1.0 0.0 1.56427 15.561 2.68546 0 0 0
823 1 1.0 0.0 3.12966 15.4943 2.7208 0 0 0
1224 1 1.0 0.0 4.10802 15.294 2.66899 0 0 0
770 1 1.0 0.0 6.54877 15.1125 2.39375 0 0 0
912 1 1.0 0.0 8.02775 15.1339 2.21829 0 0 0
381 1 1.0 0.0 10.2591 15.3925 2.13037 0 0 0
924 1 1.0 0.0 11.3278 15.6137 2.18742 0 0 0
746 1 1.0 0.0 12.8062 15.5761 2.22251 0 0 0
757 1 1.0 0.0 14.1932 15.2254 2.31221 0 0 0
814 1 1.0 0.0 16.0816 15.5425 2.7179 0 0 0
1969 1 1.0 0.0 17.001 15.5204 2.32513 0 0 0
1654 1 1.0 0.0 18.143 15.1408 2.20904 0 0 0
1453 1 1.0 0.0 19.6529 15.0594 2.49425 0 0 0
809 1 1.0 0.0 3.75383 16.1547 2.30336 0 0 0
1037 1 1.0 0.0 4.74965 16.0641 2.29067 0 0 0
954 1 1.0 0.0 6.57594 16.101 2.24503 0 0 0
938 1 1.0 0.0 8.03677 16.0697 2.57047 0 0 0
979 1 1.0 0.0 9.44782 15.9131 2.3969 0 0 0
880 1 1.0 0.0 13.614 15.9712 2.66013 0 0 0
685 1 1.0 0.0 14.4831 16.199 2.2211 0 0 0
1105 1 1.0 0.0 15.9466 16.3845 2.1956 0 0 0
1546 1 1.0 0.0 16.7587 16.4079 2.77864 0 0 0
1589 1 1.0 0.0 17.5582 16.4149 2.17796 0 0 0
1613 1 1.0 0.0 18.205 15.9726 2.79917 0 0 0
1959 1 1.0 0.0 19.7982 16.1072 2.47957 0 0 0
1308 1 1.0 0.0 1.85739 16.4671 2.38022 0 0 0
1288 1 1.0 0.0 6.03099 16.8605 2.80591 0 0 0
936 1 1.0 0.0 7.43197 16.7794 2.20905 0 0 0
819 1 1.0 0.0 8.38671 16.998 2.44519 0 0 0
1259 1 1.0 0.0 9.38121 17.0703 2.58581 0 0 0
957 1 1.0 0.0 10.5161 16.4897 2.33208 0 0 0
698 1 1.0 0.0 11.5646 16.7774 2.51407 0 0 0
1269 1 1.0 0.0 12.5386 16.7398 2.7371 0 0 0
1295 1 1.0 0.0 13.9235 16.9212 2.70061 0 0 0
1497 1 1.0 0.0 18.5343 16.913 2.66178 0 0 0
1286 1 1.0 0.0 2.37454 17.3943 2.51819 0 0 0
1356 1 1.0 0.0 4.30086 17.7475 2.75881 0 0 0
1201 1 1.0 0.0 5.24502 17.2619 2.33561 0 0 0
889 1 1.0 0.0 6.06307 17.8245 2.45495 0 0 0
760 1 1.0 0.0 6.88761 17.3854 2.81168 0 0 0
968 1 1.0 0.0 10.2535 17.4546 2.28251 0 0 0
977 1 1.0 0.0 13.1366 17.5335 2.62325 0 0 0
1372 1 1.0 0.0 14.8665 17.8262 2.63844 0 0 0
1215 1 1.0 0.0 15.7053 17.3299 2.41442 0 0 0
1819 1 1.0 0.0 17.6161 17.3087 2.6445 0 0 0
1904 1 1.0 0.0 1.63358 18.0488 2.36806 0 0 0
1362 1 1.0 0.0 3.51613 18.0065 2.19567 0 0 0
1066 1 1.0 0.0 8.20822 18.1475 2.69644 0 0 0
784 1 1.0 0.0 9.89353 18.3785 2.15262 0 0 0
1584 1 1.0 0.0 10.9228 18.2961 2.33775 0 0 0
1617 1 1.0 0.0 11.8904 17.9091 2.53721 0 0 0
1170 1 1.0 0.0 14.1233 18.4123 2.19807 0 0 0
1443 1 1.0 0.0 15.447 18.5258 2.22189 0 0 0
2114 1 1.0 0.0 17.5355 18.3713 2.67174 0 0 0
2054 1 1.0 0.0 2.24158 19.2097 2.31692 0 0 0
1397 1 1.0 0.0 4.17614 18.747 2.36588 0 0 0
1686 1 1.0 0.0 5.23154 19.0068 2.76328 0 0 0
356 1 1.0 0.0 6.4724 18.7286 2.33272 0 0 0
1732 1 1.0 0.0 7.43235 19.0086 2.32566 0 0 0
1056 1 1.0 0.0 8.95338 18.7221 2.13158 0 0 0
1247 1 1.0 0.0 10.7244 19.2684 2.21436 0 0 0
1505 1 1.0 0.0 12.8085 19.2118 2.34171 0 0 0
1321 1 1.0 0.0 14.7199 19.1773 2.44069 0 0 0
1970 1 1.0 0.0 16.2692 18.5793 2.78846 0 0 0
2300 1 1.0 0.0 4.05884 19.7384 2.42318 0 0 0
1511 1 1.0 0.0 5.07549 19.8511 2.25089 0 0 0
1821 1 1.0 0.0 6.96791 19.8853 2.2004 0 0 0
1467 1 1.0 0.0 8.33048 19.3194 2.63675 0 0 0
1285 1 1.0 0.0 9.69396 19.3103 2.45644 0 0 0
1423 1 1.0 0.0 11.5717 19.4289 2.72371 0 0 0
1435 1 1.0 0.0 13.7812 19.6848 2.40084 0 -1 0
2088 1 1.0 0.0 15.9169 19.5783 2.20624 0 -1 0
2049 1 1.0 0.0 3.80237 0.218327 3.26218 0 0 0
1902 1 1.0 0.0 8.41517 0.265078 2.9504 0 0 0
2317 1 1.0 0.0 11.3742 0.372569 2.98901 0 1 0
2446 1 1.0 0.0 12.3555 0.519935 3.47392 0 0 0
1460 1 1.0 0.0 13.1489 0.254002 2.9264 0 1 0
2357 1 1.0 0.0 14.1952 0.129078 3.19534 0 0 0
2497 1 1.0 0.0 16.0649 0.414413 2.99447 0 0 0
1690 1 1.0 0.0 4.05045 1.2087 2.88467 0 0 0
1421 1 1.0 0.0 6.18388 1.2949 3.35709 0 0 0
1276 1 1.0 0.0 6.99645 0.803672 3.04338 0 0 0
1385 1 1.0 0.0 9.14113 1.29128 3.02864 0 0 0
1500 1 1.0 0.0 10.9097 1.11652 3.47513 0 0 0
1153 1 1.0 0.0 11.9499 1.17602 2.83757 0 0 0
1480 1 1.0 0.0 13.0943 1.40973 3.50194 0 0 0
1574 1 1.0 0.0 14.7439 0.93315 2.96642 0 0 0
2369 1 1.0 0.0 16.3003 1.38046 3.21832 0 0 0
2657 1 1.0 0.0 2.07321 1.65821 3.17104 0 0 0
1997 1 1.0 0.0 3.05703 1.64251 2.99133 0 0 0
1881 1 1.0 0.0 4.66822 1.735 3.51026 0 0 0
1226 1 1.0 0.0 5.40991 1.66485 2.8432 0 0 0
989 1 1.0 0.0 10.3822 1.77402 2.92583 0 0 0
1033 1 1.0 0.0 11.2891 2.02158 3.28294 0 0 0
1553 1 1.0 0.0 14.8449 1.92456 3.38139 0 0 0
2294 1 1.0 0.0 0.441578 2.62053 3.01161 0 0 0
2356 1 1.0 0.0 2.07248 2.63919 3.45965 0 0 0
1886 1 1.0 0.0 2.96744 2.8231 3.05318 0 0 0
1595 1 1.0 0.0 4.06505 2.45315 3.16327 0 0 0
1342 1 1.0 0.0 5.06888 2.57472 3.07936 0 0 0
1389 1 1.0 0.0 6.17737 2.31651 2.92017 0 0 0
1377 1 1.0 0.0 6.98028 2.60888 3.43964 0 0 0
1519 1 1.0 0.0 7.76493 2.14658 3.02658 0 0 0
1248 1 1.0 0.0 10.4758 2.73711 3.17798 0 0 0
1614 1 1.0 0.0 12.309 2.71966 3.50823 0 0 0
1076 1 1.0 0.0 13.2383 2.47512 3.20816 0 0 0
1122 1 1.0 0.0 14.2018 2.55998 2.95407 0 0 0
1718 1 1.0 0.0 15.8195 2.4821 3.18327 0 0 0
2384 1 1.0 0.0 16.7752 2.23697 3.42051 0 0 0
1405 1 1.0 0.0 4.5119 3.29323 3.4959 0 0 0
1855 1 1.0 0.0 5.83912 3.12026 3.40965 0 0 0
1619 1 1.0 0.0 6.72054 3.54579 3.20471 0 0 0
1074 1 1.0 0.0 7.66713 3.13812 2.94152 0 0 0
1038 1 1.0 0.0 8.72107 3.01983 2.93694 0 0 0
1287 1 1.0 0.0 12.8483 3.40099 3.01335 0 0 0
1452 1 1.0 0.0 14.0699 3.45843 3.37284 0 0 0
1597 1 1.0 0.0 15.0525 3.11365 3.29648 0 0 0
2234 1 1.0 0.0 16.5724 3.20801 3.29423 0 0 0
2264 1 1.0 0.0 17.6738 3.38593 2.98783 0 0 0
2658 1 1.0 0.0 1.26445 3.98603 3.47474 0 0 0
1382 1 1.0 0.0 2.05788 3.76004 2.90958 0 0 0
1703 1 1.0 0.0 2.89537 3.70696 3.51613 0 0 0
1993 1 1.0 0.0 3.79355 3.85591 3.08684 0 0 0
860 1 1.0 0.0 9.24878 3.80092 3.32894 0 0 0
1006 1 1.0 0.0 10.2217 3.64814 3.50257 0 0 0
1562 1 1.0 0.0 11.0206 4.05892 3.06337 0 0 0
1156 1 1.0 0.0 12.0816 3.80618 3.51117 0 0 0
1130 1 1.0 0.0 15.8942 4.23842 3.07148 0 0 0
1882 1 1.0 0.0 17.2948 4.18727 3.45222 0 0 0
2387 1 1.0 0.0 18.5479 3.81394 3.26558 0 0 0
2189 1 1.0 0.0 0.548223 4.84393 3.31786 0 0 0
1558 1 1.0 0.0 2.75876 4.69935 2.93645 0 0 0
1272 1 1.0 0.0 3.74655 4.85474 2.93159 0 0 0
1398 1 1.0 0.0 4.7839 4.33136 2.98197 0 0 0
1077 1 1.0 0.0 6.69159 4.78617 3.045 0 0 0
1106 1 1.0 0.0 7.63129 4.30105 3.29769 0 0 0
1087 1 1.0 0.0 8.72201 4.81887 3.43179 0 0 0
1092 1 1.0 0.0 10.5365 4.82337 3.48905 0 0 0
1096 1 1.0 0.0 12.7654 4.71166 3.00247 0 0 0
1191 1 1.0 0.0 13.6807 4.37915 3.40107 0 0 0
1857 1 1.0 0.0 16.6173 4.90294 3.28179 0 0 0
1965 1 1.0 0.0 2.16263 5.39542 3.33646 0 0 0
1417 1 1.0 0.0 3.14307 5.65206 2.92383 0 0 0
1034 1 1.0 0.0 4.52667 5.16137 3.47682 0 0 0
1237 1 1.0 0.0 5.73614 5.24405 3.23987 0 0 0
1306 1 1.0 0.0 9.70175 5.54997 2.87514 0 0 0
1175 1 1.0 0.0 12.1429 5.50022 3.29723 0 0 0
877 1 1.0 0.0 13.3692 5.49976 3.12249 0 0 0
1518 1 1.0 0.0 15.4561 5.04722 3.46386 0 0 0
1582 1 1.0 0.0 18.2949 5.60379 3.15307 0 0 0
1860 1 1.0 0.0 19.1124 5.03153 2.90846 0 0 0
2247 1 1.0 0.0 19.9595 5.56348 2.92473 -1 0 0
1374 1 1.0 0.0 1.959 6.23604 2.83192 0 0 0
1155 1 1.0 0.0 4.86523 6.24407 3.29173 0 0 0
1169 1 1.0 0.0 6.87111 5.77028 3.18489 0 0 0
709 1 1.0 0.0 7.81555 6.09576 3.12639 0 0 0
1080 1 1.0 0.0 8.98471 5.93489 3.46622 0 0 0
702 1 1.0 0.0 10.6444 6.01274 2.88887 0 0 0
1063 1 1.0 0.0 12.7073 6.31987 3.19924 0 0 0
1629 1 1.0 0.0 14.4935 5.76307 3.23096 0 0 0
1682 1 1.0 0.0 0.809526 6.45563 2.95036 0 0 0
1457 1 1.0 0.0 2.28012 6.97195 3.42799 0 0 0
1604 1 1.0 0.0 3.16325 6.50256 3.44939 0 0 0
1171 1 1.0 0.0 4.05503 6.75196 2.99911 0 0 0
1262 1 1.0 0.0 5.63648 6.87889 3.24514 0 0 0
822 1 1.0 0.0 6.99377 7.09034 3.02912 0 0 0
935 1 1.0 0.0 8.79095 6.96725 3.33427 0 0 0
1018 1 1.0 0.0 10.0299 6.7152 3.24802 0 0 0
1319 1 1.0 0.0 11.2523 6.73522 3.21808 0 0 0
1185 1 1.0 0.0 14.1743 6.85718 2.9092 0 0 0
1268 1 1.0 0.0 15.0498 6.59008 3.31189 0 0 0
1113 1 1.0 0.0 16.4365 6.63772 3.10878 0 0 0
1947 1 1.0 0.0 18.3604 6.56461 3.42239 0 0 0
1895 1 1.0 0.0 0.554093 7.83759 2.9227 0 0 0
1061 1 1.0 0.0 1.37104 7.35341 3.23601 0 0 0
1220 1 1.0 0.0 3.10158 7.50965 3.23809 0 0 0
755 1 1.0 0.0 4.09876 7.6511 3.43454 0 0 0
678 1 1.0 0.0 8.05879 7.47562 2.88097 0 0 0
744 1 1.0 0.0 10.3023 7.70011 2.88153 0 0 0
926 1 1.0 0.0 11.1893 7.75698 3.34063 0 0 0
1055 1 1.0 0.0 12.4611 7.61312 3.12652 0 0 0
1141 1 1.0 0.0 13.4551 7.50814 3.1551 0 0 0
1083 1 1.0 0.0 14.7153 7.52637 3.41858 0 0 0
772 1 1.0 0.0 15.595 7.51582 2.94327 0 0 0
1136 1 1.0 0.0 18.089 7.52458 2.98595 0 0 0
1657 1 1.0 0.0 19.5988 7.5475 2.97998 0 0 0
1839 1 1.0 0.0 1.27733 8.42878 3.51721 0 0 0
1246 1 1.0 0.0 6.31609 8.23974 2.93598 0 0 0
870 1 1.0 0.0 8.86345 7.96038 3.22375 0 0 0
1174 1 1.0 0.0 9.71864 8.47119 3.13595 0 0 0
855 1 1.0 0.0 14.1085 8.33248 3.41608 0 0 0
1219 1 1.0 0.0 16.3383 8.08999 3.42908 0 0 0
1204 1 1.0 0.0 17.2717 8.09662 3.07038 0 0 0
982 1 1.0 0.0 18.8341 8.19082 3.0155 0 0 0
1523 1 1.0 0.0 0.716538 8.88668 2.82743 0 0 0
1481 1 1.0 0.0 1.94944 8.98529 3.02877 0 0 0
1024 1 1.0 0.0 2.96159 8.95343 3.51159 0 0 0
1089 1 1.0 0.0 3.92564 8.69059 3.47408 0 0 0
861 1 1.0 0.0 5.33346 8.81949 3.00801 0 0 0
933 1 1.0 0.0 6.53702 9.17924 3.50031 0 0 0
759 1 1.0 0.0 7.67117 8.75264 3.02323 0 0 0
682 1 1.0 0.0 8.54574 9.20409 2.84631 0 0 0
748 1 1.0 0.0 10.6827 8.69811 2.99772 0 0 0
670 1 1.0 0.0 11.6814 8.68918 3.04895 0 0 0
774 1 1.0 0.0 12.6548 9.00618 3.06387 0 0 0
884 1 1.0 0.0 13.6888 9.28057 3.14074 0 0 0
869 1 1.0 0.0 14.9965 8.71787 3.16523 0 0 0
736 1 1.0 0.0 15.9227 9.12077 2.9846 0 0 0
1316 1 1.0 0.0 17.7397 9.26834 3.18674 0 0 0
1147 1 1.0 0.0 18.7329 9.20348 3.09012 0 0 0
1897 1 1.0 0.0 0.610571 9.75113 3.40026 0 0 0
1393 1 1.0 0.0 2.75157 9.79286 3.01036 0 0 0
1266 1 1.0 0.0 3.78515 9.4924 2.86467 0 0 0
1322 1 1.0 0.0 4.6089 9.56048 3.42751 0 0 0
964 1 1.0 0.0 7.48654 9.76521 3.06506 0 0 0
940 1 1.0 0.0 9.41139 9.63888 3.0947 0 0 0
1071 1 1.0 0.0 11.0424 9.50537 3.4656 0 0 0
1293 1 1.0 0.0 15.2838 9.72562 3.45967 0 0 0
1016 1 1.0 0.0 16.7805 9.5291 3.29672 0 0 0
1183 1 1.0 0.0 19.2728 9.93899 3.49931 0 0 0
1707 1 1.0 0.0 0.929826 10.6159 3.01271 0 0 0
863 1 1.0 0.0 3.40594 10.3714 3.49723 0 0 0
913 1 1.0 0.0 5.43305 10.4155 3.18613 0 0 0
1031 1 1.0 0.0 6.38338 10.3512 3.49055 0 0 0
836 1 1.0 0.0 8.40605 10.1023 3.26738 0 0 0
719 1 1.0 0.0 9.2149 10.6896 3.29749 0 0 0
718 1 1.0 0.0 10.1887 10.2813 3.47617 0 0 0
950 1 1.0 0.0 12.7918 10.1771 2.96288 0 0 0
1258 1 1.0 0.0 14.1326 10.1338 2.84222 0 0 0
815 1 1.0 0.0 15.8141 10.3412 2.87673 0 0 0
1209 1 1.0 0.0 17.4892 10.3239 3.02588 0 0 0
1177 1 1.0 0.0 18.4898 10.3478 3.03064 0 0 0
1244 1 1.0 0.0 19.9809 10.625 3.33178 0 0 0
920 1 1.0 0.0 4.38016 11.3014 2.97315 0 0 0
1172 1 1.0 0.0 6.35412 11.375 3.11678 0 0 0
710 1 1.0 0.0 7.10084 10.7365 2.91034 0 0 0
983 1 1.0 0.0 10.4171 11.2675 3.43442 0 0 0
662 1 1.0 0.0 11.7971 10.882 3.07441 0 0 0
1275 1 1.0 0.0 12.7612 11.1178 3.30079 0 0 0
1195 1 1.0 0.0 14.4304 11.094 3.2499 0 0 0
908 1 1.0 0.0 15.4857 11.2535 3.12119 0 0 0
1641 1 1.0 0.0 16.3777 10.9679 3.49757 0 0 0
1042 1 1.0 0.0 17.3284 11.2727 3.29764 0 0 0
1473 1 1.0 0.0 0.490296 11.5238 3.07494 0 0 0
691 1 1.0 0.0 1.45391 11.6412 2.83486 0 0 0
1565 1 1.0 0.0 2.29201 11.4973 3.36105 0 0 0
1181 1 1.0 0.0 3.5653 11.7999 3.26873 0 0 0
799 1 1.0 0.0 5.44265 11.7387 2.92456 0 0 0
672 1 1.0 0.0 9.60836 11.5201 2.90332 0 0 0
655 1 1.0 0.0 12.1005 11.8348 3.07873 0 0 0
1135 1 1.0 0.0 13.4302 12.0056 3.39715 0 0 0
1257 1 1.0 0.0 16.6208 11.9729 3.20233 0 0 0
1075 1 1.0 0.0 18.2751 11.4678 3.04117 0 0 0
1313 1 1.0 0.0 19.1635 11.9165 3.13767 0 0 0
1538 1 1.0 0.0 0.889905 12.6321 3.41825 0 0 0
739 1 1.0 0.0 1.84947 12.5654 3.14478 0 0 0
1112 1 1.0 0.0 2.76993 12.3674 3.48168 0 0 0
944 1 1.0 0.0 4.39192 12.3021 2.97067 0 0 0
883 1 1.0 0.0 6.90301 12.2106 3.09449 0 0 0
645 1 1.0 0.0 7.886 12.2081 2.86466 0 0 0
969 1 1.0 0.0 8.87817 12.3106 2.93596 0 0 0
513 1 1.0 0.0 9.73721 12.8105 3.04618 0 0 0
656 1 1.0 0.0 10.518 12.2803 3.3768 0 0 0
1121 1 1.0 0.0 11.6458 12.6466 3.44639 0 0 0
813 1 1.0 0.0 14.335 12.7152 2.99908 0 0 0
767 1 1.0 0.0 15.2658 12.2169 3.27413 0 0 0
1239 1 1.0 0.0 17.5937 12.3068 3.05154 0 0 0
1605 1 1.0 0.0 3.58924 12.8853 3.23394 0 0 0
1241 1 1.0 0.0 6.06015 12.8699 3.12119 0 0 0
665 1 1.0 0.0 7.81185 13.184 3.41089 0 0 0
1023 1 1.0 0.0 10.9741 13.067 2.83236 0 0 0
1020 1 1.0 0.0 12.4272 13.0825 2.99986 0 0 0
899 1 1.0 0.0 13.4253 13.1287 2.96073 0 0 0
1352 1 1.0 0.0 16.884 12.9305 3.37892 0 0 0
1434 1 1.0 0.0 18.485 13.3717 3.10354 0 0 0
1572 1 1.0 0.0 19.6327 13.1282 2.94261 0 0 0
2295 1 1.0 0.0 0.614093 13.8528 3.05451 0 0 0
1029 1 1.0 0.0 1.97707 13.7423 3.00001 0 0 0
1013 1 1.0 0.0 2.86 14.1896 2.85735 0 0 0
1110 1 1.0 0.0 4.06124 13.6745 2.84113 0 0 0
1216 1 1.0 0.0 5.28207 13.7611 3.35185 0 0 0
1217 1 1.0 0.0 6.50031 13.842 3.2961 0 0 0
885 1 1.0 0.0 7.42974 14.1178 3.05092 0 0 0
991 1 1.0 0.0 8.35279 14.025 3.4242 0 0 0
540 1 1.0 0.0 9.28187 13.7552 2.84522 0 0 0
816 1 1.0 0.0 10.0744 13.7497 3.45492 0 0 0
1101 1 1.0 0.0 11.3467 13.9508 3.12382 0 0 0
1235 1 1.0 0.0 13.0458 13.9759 3.33249 0 0 0
1231 1 1.0 0.0 14.2586 13.6407 3.50875 0 0 0
806 1 1.0 0.0 15.1452 13.8931 3.12092 0 0 0
1084 1 1.0 0.0 16.2443 13.6577 3.13002 0 0 0
1327 1 1.0 0.0 17.7549 14.2598 3.52002 0 0 0
2147 1 1.0 0.0 0.255262 14.7681 3.23737 0 0 0
1403 1 1.0 0.0 3.47613 14.8015 3.35324 0 0 0
1311 1 1.0 0.0 4.73157 14.4447 2.87268 0 0 0
1167 1 1.0 0.0 6.75338 14.809 3.32431 0 0 0
1036 1 1.0 0.0 7.88443 14.9961 3.19831 0 0 0
1050 1 1.0 0.0 9.64758 14.8702 2.88849 0 0 0
1104 1 1.0 0.0 10.5627 14.663 3.23419 0 0 0
1314 1 1.0 0.0 12.1714 14.5094 3.03527 0 0 0
1051 1 1.0 0.0 14.338 14.4509 2.92792 0 0 0
1134 1 1.0 0.0 15.4188 14.9338 3.15394 0 0 0
1099 1 1.0 0.0 16.4062 14.6323 2.97514 0 0 0
1009 1 1.0 0.0 4.99228 15.292 3.33523 0 0 0
1560 1 1.0 0.0 6.29874 15.6866 3.47629 0 0 0
1145 1 1.0 0.0 7.19332 15.6643 2.92278 0 0 0
1040 1 1.0 0.0 8.76729 15.3436 2.85785 0 0 0
680 1 1.0 0.0 10.1566 15.711 3.07274 0 0 0
1139 1 1.0 0.0 11.4289 15.1617 3.26516 0 0 0
973 1 1.0 0.0 13.2592 15.0793 2.9628 0 0 0
1210 1 1.0 0.0 14.3629 15.3936 3.28322 0 0 0
1898 1 1.0 0.0 17.1693 15.5402 3.31066 0 0 0
1677 1 1.0 0.0 18.1044 15.191 3.41482 0 0 0
2126 1 1.0 0.0 19.198 15.2785 3.35745 0 0 0
2327 1 1.0 0.0 0.436609 15.7697 3.17133 0 0 0
2290 1 1.0 0.0 1.30875 16.3155 3.29007 0 0 0
1675 1 1.0 0.0 2.35789 15.9986 3.1082 0 0 0
1479 1 1.0 0.0 3.18805 16.3869 3.50824 0 0 0
985 1 1.0 0.0 5.55195 15.9861 2.88248 0 0 0
1206 1 1.0 0.0 8.85514 16.3662 3.06278 0 0 0
1097 1 1.0 0.0 11.0876 16.0747 3.04168 0 0 0
834 1 1.0 0.0 12.0585 15.8437 2.83022 0 0 0
1160 1 1.0 0.0 12.892 16.0327 3.3495 0 0 0
1116 1 1.0 0.0 15.1601 15.8749 2.91883 0 0 0
1442 1 1.0 0.0 15.9072 16.4174 3.30289 0 0 0
2313 1 1.0 0.0 19.0899 16.2547 3.16982 0 0 0
2178 1 1.0 0.0 2.17943 16.9423 3.38861 0 0 0
1791 1 1.0 0.0 4.3276 16.5589 3.05024 0 0 0
1407 1 1.0 0.0 5.13311 17.0945 3.31511 0 0 0
1602 1 1.0 0.0 6.83018 16.5155 3.30157 0 0 0
1117 1 1.0 0.0 7.71578 16.9683 3.1861 0 0 0
1017 1 1.0 0.0 10.4133 16.785 3.28192 0 0 0
1439 1 1.0 0.0 11.8582 16.7536 3.46971 0 0 0
1817 1 1.0 0.0 13.2481 16.963 3.43691 0 0 0
1536 1 1.0 0.0 14.9371 16.846 2.83364 0 0 0
2216 1 1.0 0.0 17.7166 16.6305 3.37243 0 0 0
2023 1 1.0 0.0 19.7437 17.036 2.84618 0 0 0
2090 1 1.0 0.0 1.37916 17.212 2.85286 0 0 0
1420 1 1.0 0.0 3.52492 17.1474 2.95316 0 0 0
1550 1 1.0 0.0 8.59876 17.6332 3.45991 0 0 0
1012 1 1.0 0.0 9.66902 17.4241 3.47574 0 0 0
1297 1 1.0 0.0 11.0198 17.5014 2.93711 0 0 0
1831 1 1.0 0.0 12.4167 17.5687 3.31641 0 0 0
1510 1 1.0 0.0 15.9132 17.4136 3.38896 0 0 0
1945 1 1.0 0.0 16.7155 17.6871 2.85835 0 0 0
1914 1 1.0 0.0 17.7137 17.834 3.49609 0 0 0
2345 1 1.0 0.0 18.9831 17.306 3.47191 0 0 0
1875 1 1.0 0.0 2.47039 18.5654 3.04669 0 0 0
1987 1 1.0 0.0 3.50075 18.5049 3.06247 0 0 0
1909 1 1.0 0.0 5.23509 18.0299 2.9767 0 0 0
1758 1 1.0 0.0 6.10179 18.4638 3.22295 0 0 0
1650 1 1.0 0.0 7.10673 18.356 3.01001 0 0 0
953 1 1.0 0.0 9.24852 18.1101 2.86808 0 0 0
1384 1 1.0 0.0 10.2455 18.1234 3.05314 0 0 0
1820 1 1.0 0.0 12.8358 18.426 2.95949 0 0 0
1199 1 1.0 0.0 13.9589 17.9101 3.0497 0 0 0
2557 1 1.0 0.0 18.4698 17.9011 2.84351 0 0 0
1747 1 1.0 0.0 4.37028 19.2248 3.22266 0 0 0
1777 1 1.0 0.0 8.67242 18.7462 3.38141 0 0 0
1324 1 1.0 0.0 9.66346 18.8775 3.35739 0 0 0
1854 1 1.0 0.0 10.7589 18.9458 3.29852 0 0 0
1304 1 1.0 0.0 11.69 18.5848 3.24662 0 0 0
1376 1 1.0 0.0 13.7584 18.8888 3.00562 0 0 0
1919 1 1.0 0.0 15.3536 18.7909 3.18157 0 0 0
2485 1 1.0 0.0 2.90072 19.6978 2.88901 0 0 0
2212 1 1.0 0.0 5.17272 19.8807 3.24567 0 -1 0
1444 1 1.0 0.0 6.25016 19.5508 2.85679 0 0 0
1827 1 1.0 0.0 7.48115 19.7284 3.04414 0 0 0
1476 1 1.0 0.0 10.3869 19.8173 2.97905 0 0 0
1985 1 1.0 0.0 12.4754 19.5608 3.21765 0 0 0
1915 1 1.0 0.0 15.2183 19.8978 3.12316 0 0 0
1757 1 1.0 0.0 16.1031 19.4491 3.25289 0 0 0
2205 1 1.0 0.0 6.05454 0.244758 3.54969 0 0 0
1755 1 1.0 0.0 7.0351 0.175546 3.8205 0 0 0
2324 1 1.0 0.0 7.92583 0.479373 4.15855 0 0 0
2141 1 1.0 0.0 8.81942 0.688269 3.76123 0 0 0
2160 1 1.0 0.0 13.4983 0.534387 3.82043 0 0 0
2199 1 1.0 0.0 15.8521 0.30874 3.96586 0 1 0
2250 1 1.0 0.0 4.89326 0.76645 3.61623 0 0 0
2007 1 1.0 0.0 7.27567 1.20015 3.91791 0 0 0
1513 1 1.0 0.0 9.79316 0.902474 3.68279 0 0 0
2016 1 1.0 0.0 11.6622 0.888681 4.09305 0 0 0
1896 1 1.0 0.0 14.0851 1.31719 3.61334 0 0 0
2501 1 1.0 0.0 15.4293 1.16143 3.65789 0 0 0
1957 1 1.0 0.0 5.62794 2.0344 3.74642 0 0 0
1534 1 1.0 0.0 8.18979 1.54262 3.7009 0 0 0
1197 1 1.0 0.0 8.99177 2.12367 3.56232 0 0 0
1357 1 1.0 0.0 9.96951 2.11179 3.77176 0 0 0
1693 1 1.0 0.0 12.1494 1.69117 3.67108 0 0 0
2157 1 1.0 0.0 3.30925 2.21333 3.77267 0 0 0
2175 1 1.0 0.0 4.2873 2.41433 4.13747 0 0 0
1974 1 1.0 0.0 8.1342 2.53609 3.87028 0 0 0
1367 1 1.0 0.0 10.8803 2.17213 4.18304 0 0 0
2202 1 1.0 0.0 12.9045 2.18339 4.10643 0 0 0
1736 1 1.0 0.0 13.9922 2.27392 3.88907 0 0 0
1653 1 1.0 0.0 15.1831 2.53249 4.09971 0 0 0
2351 1 1.0 0.0 16.1513 2.30293 4.19923 0 0 0
1734 1 1.0 0.0 7.29426 3.51931 4.02332 0 0 0
1225 1 1.0 0.0 8.24553 3.50906 3.66803 0 0 0
1834 1 1.0 0.0 9.45396 2.96597 3.83958 0 0 0
1608 1 1.0 0.0 11.3509 3.0285 3.56445 0 0 0
1590 1 1.0 0.0 13.2617 3.1962 3.90058 0 0 0
2257 1 1.0 0.0 15.879 3.25662 4.01313 0 0 0
2268 1 1.0 0.0 17.4555 2.85853 3.8089 0 0 0
2015 1 1.0 0.0 4.02981 3.97044 4.05173 0 0 0
1459 1 1.0 0.0 6.14597 4.22247 3.66509 0 0 0
1627 1 1.0 0.0 11.1365 3.8813 4.0406 0 0 0
1378 1 1.0 0.0 15.0872 4.05475 3.63277 0 0 0
1332 1 1.0 0.0 16.4129 4.15693 3.92253 0 0 0
2561 1 1.0 0.0 1.40931 4.93348 3.81833 0 0 0
1704 1 1.0 0.0 2.28593 4.45365 3.78264 0 0 0
1709 1 1.0 0.0 3.29058 4.58675 3.78027 0 0 0
1646 1 1.0 0.0 5.21987 4.54814 3.85542 0 0 0
1330 1 1.0 0.0 8.16353 4.38688 4.13992 0 0 0
1232 1 1.0 0.0 9.61628 4.93883 3.8628 0 0 0
1133 1 1.0 0.0 11.644 4.69805 3.62527 0 0 0
992 1 1.0 0.0 12.8327 4.34386 3.92993 0 0 0
1487 1 1.0 0.0 18.1629 4.68831 3.5609 0 0 0
2109 1 1.0 0.0 2.69056 5.27541 4.18735 0 0 0
1621 1 1.0 0.0 5.22934 5.63366 4.00888 0 0 0
1401 1 1.0 0.0 6.46866 5.20464 3.9254 0 0 0
1557 1 1.0 0.0 7.37239 5.56847 4.15093 0 0 0
1533 1 1.0 0.0 8.35169 5.3683 4.18069 0 0 0
1307 1 1.0 0.0 11.1966 5.59226 3.60873 0 0 0
1254 1 1.0 0.0 12.8649 5.35799 3.97429 0 0 0
1072 1 1.0 0.0 14.1169 5.12576 3.90324 0 0 0
1566 1 1.0 0.0 16.9351 5.40423 4.08658 0 0 0
2305 1 1.0 0.0 18.9338 5.24512 3.8702 0 0 0
2521 1 1.0 0.0 0.363184 6.00471 3.72617 0 0 0
1724 1 1.0 0.0 1.35097 5.91821 3.59689 0 0 0
1991 1 1.0 0.0 2.24086 6.14686 3.99159 0 0 0
986 1 1.0 0.0 3.74369 5.73425 3.71915 0 0 0
1400 1 1.0 0.0 6.05928 6.08282 3.67809 0 0 0
1019 1 1.0 0.0 8.24216 6.34492 3.99581 0 0 0
1114 1 1.0 0.0 10.1708 5.76078 3.73278 0 0 0
1065 1 1.0 0.0 13.7346 6.29359 3.6085 0 0 0
1424 1 1.0 0.0 15.1508 5.85225 3.97932 0 0 0
1731 1 1.0 0.0 16.1034 5.8853 3.67706 0 0 0
1714 1 1.0 0.0 17.52 6.05208 3.59864 0 0 0
2193 1 1.0 0.0 19.3811 6.08199 3.55468 0 0 0
2414 1 1.0 0.0 0.29508 7.08702 3.5306 0 0 0
2232 1 1.0 0.0 1.47858 6.79575 4.05908 0 0 0
1485 1 1.0 0.0 4.33885 6.77749 3.95763 0 0 0
1509 1 1.0 0.0 5.49374 6.72074 4.22216 0 0 0
1150 1 1.0 0.0 7.19197 6.48828 3.80253 0 0 0
1300 1 1.0 0.0 9.4196 6.63213 4.03604 0 0 0
1279 1 1.0 0.0 10.655 6.99011 3.97846 0 0 0
1283 1 1.0 0.0 12.0852 6.91865 3.74006 0 0 0
1111 1 1.0 0.0 12.9493 6.61205 4.13924 0 0 0
1579 1 1.0 0.0 15.131 7.00303 4.21899 0 0 0
1371 1 1.0 0.0 17.5177 7.05042 3.65585 0 0 0
1835 1 1.0 0.0 3.4001 7.15893 4.16566 0 0 0
1007 1 1.0 0.0 5.02655 7.47731 3.76458 0 0 0
1592 1 1.0 0.0 6.35293 7.33604 3.77208 0 0 0
1301 1 1.0 0.0 7.89323 7.26991 3.84552 0 0 0
1329 1 1.0 0.0 8.83541 7.48843 4.18655 0 0 0
1154 1 1.0 0.0 9.67534 7.56003 3.64861 0 0 0
1578 1 1.0 0.0 13.9469 7.20148 3.96996 0 0 0
987 1 1.0 0.0 16.0135 7.22096 3.80227 0 0 0
1846 1 1.0 0.0 17.0454 7.76195 4.17608 0 0 0
1962 1 1.0 0.0 18.8567 7.4063 3.63518 0 0 0
2637 1 1.0 0.0 19.7163 7.73357 4.02756 0 0 0
1845 1 1.0 0.0 0.287772 8.46549 3.65651 0 0 0
1588 1 1.0 0.0 2.14868 7.94669 3.6085 0 0 0
1474 1 1.0 0.0 3.25606 8.13548 4.00573 0 0 0
1228 1 1.0 0.0 5.70262 8.21305 3.72521 0 0 0
1118 1 1.0 0.0 6.56141 8.44696 4.18088 0 0 0
1163 1 1.0 0.0 7.15898 7.90051 3.5942 0 0 0
1663 1 1.0 0.0 8.08533 8.24919 3.78151 0 0 0
754 1 1.0 0.0 9.1056 8.44353 4.06508 0 0 0
1143 1 1.0 0.0 10.0925 8.3122 4.15868 0 0 0
1068 1 1.0 0.0 11.0336 8.55477 3.92309 0 0 0
1383 1 1.0 0.0 12.0393 8.18176 3.83276 0 0 0
1205 1 1.0 0.0 13.0165 8.26804 3.63889 0 0 0
1598 1 1.0 0.0 15.4218 8.10276 3.82906 0 0 0
1696 1 1.0 0.0 18.067 7.97135 3.88031 0 0 0
1450 1 1.0 0.0 4.83631 8.68553 3.88697 0 0 0
1233 1 1.0 0.0 7.79111 9.09965 4.21757 0 0 0
716 1 1.0 0.0 10.108 9.21769 3.6755 0 0 0
1267 1 1.0 0.0 11.8586 9.16056 3.9292 0 0 0
1351 1 1.0 0.0 13.5914 8.9185 4.1353 0 0 0
1043 1 1.0 0.0 14.4806 9.25869 3.82952 0 0 0
1094 1 1.0 0.0 16.2439 8.95751 3.91744 0 0 0
1659 1 1.0 0.0 17.3507 8.6691 3.88646 0 0 0
1486 1 1.0 0.0 18.3422 8.92868 3.96866 0 0 0
1570 1 1.0 0.0 19.3184 8.701 3.72621 0 0 0
1520 1 1.0 0.0 2.17709 9.43202 3.90575 0 0 0
1334 1 1.0 0.0 3.66998 9.52573 3.96107 0 0 0
1157 1 1.0 0.0 5.61364 9.53232 3.65095 0 0 0
1302 1 1.0 0.0 7.12845 9.81545 3.99736 0 0 0
847 1 1.0 0.0 8.70827 9.32923 3.825 0 0 0
1624 1 1.0 0.0 12.8093 9.50258 3.9181 0 0 0
1694 1 1.0 0.0 17.4218 9.65238 4.05402 0 0 0
2298 1 1.0 0.0 19.9272 9.42392 4.0529 0 0 0
1603 1 1.0 0.0 1.50798 10.138 3.67397 0 0 0
1078 1 1.0 0.0 2.42284 10.5341 3.59556 0 0 0
1200 1 1.0 0.0 4.41427 10.5255 3.60313 0 0 0
1428 1 1.0 0.0 5.22583 10.3022 4.15783 0 0 0
1041 1 1.0 0.0 7.67187 10.6081 3.72103 0 0 0
1137 1 1.0 0.0 8.60154 10.6412 4.08779 0 0 0
1015 1 1.0 0.0 11.1294 10.515 3.72208 0 0 0
875 1 1.0 0.0 12.0556 10.0962 3.63619 0 0 0
995 1 1.0 0.0 12.7849 10.5653 4.13412 0 0 0
787 1 1.0 0.0 13.5431 10.1288 3.64988 0 0 0
1340 1 1.0 0.0 14.5204 10.2694 3.80832 0 0 0
1593 1 1.0 0.0 16.1404 10.0566 3.85532 0 0 0
1928 1 1.0 0.0 17.1414 10.6121 4.03616 0 0 0
1971 1 1.0 0.0 18.1234 10.4415 3.95633 0 0 0
2040 1 1.0 0.0 1.20293 11.2618 3.72567 0 0 0
980 1 1.0 0.0 3.07806 11.2168 3.91875 0 0 0
1774 1 1.0 0.0 4.04265 11.3563 4.14265 0 0 0
1431 1 1.0 0.0 5.60163 11.1696 3.82085 0 0 0
1253 1 1.0 0.0 6.76613 11.1246 3.9957 0 0 0
1581 1 1.0 0.0 13.6128 11.1204 3.82503 0 0 0
1559 1 1.0 0.0 14.6421 11.183 4.22317 0 0 0
1618 1 1.0 0.0 15.5738 10.8492 4.08044 0 0 0
1658 1 1.0 0.0 18.9509 10.9697 3.66375 0 0 0
1943 1 1.0 0.0 0.528037 12.0695 4.1616 0 0 0
1555 1 1.0 0.0 1.73924 12.0598 4.00045 0 0 0
1140 1 1.0 0.0 4.8309 11.7983 3.71464 0 0 0
1196 1 1.0 0.0 5.98541 12.0896 3.74217 0 0 0
1456 1 1.0 0.0 6.903 12.1047 4.13941 0 0 0
1189 1 1.0 0.0 7.54353 11.5884 3.57077 0 0 0
1010 1 1.0 0.0 8.9259 11.6122 3.65011 0 0 0
990 1 1.0 0.0 9.72341 12.1272 3.96429 0 0 0
947 1 1.0 0.0 11.3467 11.5503 3.67089 0 0 0
1144 1 1.0 0.0 12.5904 11.972 3.93963 0 0 0
1026 1 1.0 0.0 14.3858 11.9902 3.69135 0 0 0
1067 1 1.0 0.0 15.9186 11.7678 3.88412 0 0 0
1803 1 1.0 0.0 17.3632 12.0114 3.97866 0 0 0
1866 1 1.0 0.0 18.2791 11.6132 4.03052 0 0 0
2158 1 1.0 0.0 19.794 11.4996 3.79229 0 0 0
1180 1 1.0 0.0 4.03274 12.3493 3.96133 0 0 0
1025 1 1.0 0.0 8.29724 12.3822 3.7594 0 0 0
743 1 1.0 0.0 11.0704 12.3475 4.20761 0 0 0
1437 1 1.0 0.0 13.8281 12.8077 3.85605 0 0 0
1477 1 1.0 0.0 16.3969 12.5931 4.1844 0 0 0
1132 1 1.0 0.0 18.4446 12.4771 3.54863 0 0 0
1576 1 1.0 0.0 19.7448 12.4958 3.70908 0 0 0
2221 1 1.0 0.0 0.336143 13.3354 3.86401 0 0 0
2008 1 1.0 0.0 1.53305 13.3056 3.78239 0 0 0
1489 1 1.0 0.0 3.84268 13.4382 4.22774 0 0 0
1282 1 1.0 0.0 4.50741 13.1267 3.54871 0 0 0
1655 1 1.0 0.0 5.68679 13.1285 4.01216 0 0 0
1178 1 1.0 0.0 6.86266 13.0034 3.70269 0 0 0
723 1 1.0 0.0 8.88897 13.1595 3.54566 0 0 0
1665 1 1.0 0.0 10.3173 12.9874 4.05481 0 0 0
1085 1 1.0 0.0 11.9797 13.5305 3.77383 0 0 0
1292 1 1.0 0.0 12.8379 12.9401 3.90038 0 0 0
1193 1 1.0 0.0 15.6447 13.0389 3.69928 0 0 0
1975 1 1.0 0.0 17.6846 12.9658 3.97712 0 0 0
2566 1 1.0 0.0 0.897702 14.1747 3.9578 0 0 0
1633 1 1.0 0.0 3.0261 13.6998 3.7132 0 0 0
1573 1 1.0 0.0 4.20076 14.1964 3.6829 0 0 0
1151 1 1.0 0.0 7.15055 14.1967 4.0079 0 0 0
1090 1 1.0 0.0 10.9064 13.7941 4.00787 0 0 0
1532 1 1.0 0.0 13.511 13.7012 4.17398 0 0 0
1343 1 1.0 0.0 15.0021 13.6111 4.20891 0 0 0
1182 1 1.0 0.0 15.8093 14.2692 3.79096 0 0 0
1907 1 1.0 0.0 17.0454 13.7347 3.99006 0 0 0
1698 1 1.0 0.0 18.4979 13.5725 4.08307 0 0 0
1746 1 1.0 0.0 19.5691 13.9137 3.58631 0 0 0
1735 1 1.0 0.0 1.79955 14.4847 3.64605 0 0 0
1787 1 1.0 0.0 2.63089 14.5969 4.19034 0 0 0
1336 1 1.0 0.0 5.80378 14.591 3.54948 0 0 0
1447 1 1.0 0.0 8.22336 14.9559 4.13825 0 0 0
1212 1 1.0 0.0 9.27214 14.3454 3.65243 0 0 0
1045 1 1.0 0.0 10.1154 14.4062 4.20812 0 0 0
1165 1 1.0 0.0 11.7357 14.4866 3.93599 0 0 0
1236 1 1.0 0.0 12.8419 14.5594 4.11853 0 0 0
1551 1 1.0 0.0 13.7532 14.6445 3.71569 0 0 0
1375 1 1.0 0.0 14.7459 14.6486 3.83644 0 0 0
1422 1 1.0 0.0 18.7285 14.45 3.66257 0 0 0
1833 1 1.0 0.0 1.21034 15.2904 3.5855 0 0 0
1799 1 1.0 0.0 2.1501 15.4243 3.90002 0 0 0
1702 1 1.0 0.0 3.14212 15.4705 4.01726 0 0 0
1958 1 1.0 0.0 4.52227 15.0079 4.17088 0 0 0
1668 1 1.0 0.0 6.38964 15.0338 4.22828 0 0 0
1609 1 1.0 0.0 7.31089 15.3294 3.97111 0 0 0
1294 1 1.0 0.0 8.8128 15.6877 3.79614 0 0 0
1125 1 1.0 0.0 9.70247 15.232 3.82392 0 0 0
1504 1 1.0 0.0 10.8635 15.0834 4.09018 0 0 0
1642 1 1.0 0.0 12.3117 15.3039 3.7129 0 0 0
1795 1 1.0 0.0 13.207 15.67 4.2265 0 0 0
1540 1 1.0 0.0 16.2904 15.2873 3.72181 0 0 0
2168 1 1.0 0.0 17.438 15.078 4.1557 0 0 0
2187 1 1.0 0.0 18.7137 15.3296 4.23085 0 0 0
2482 1 1.0 0.0 1.8289 16.385 4.1413 0 0 0
1392 1 1.0 0.0 3.97098 15.764 3.54096 0 0 0
1908 1 1.0 0.0 5.03642 16.2001 3.75158 0 0 0
1856 1 1.0 0.0 6.8014 16.1537 4.23334 0 0 0
1190 1 1.0 0.0 7.86438 16.051 3.55528 0 0 0
1326 1 1.0 0.0 9.63495 16.3044 3.68572 0 0 0
1502 1 1.0 0.0 10.5971 16.0306 3.91198 0 0 0
1651 1 1.0 0.0 11.596 16.007 4.08116 0 0 0
1901 1 1.0 0.0 13.8973 16.22 3.59974 0 0 0
1701 1 1.0 0.0 15.0083 16.4201 3.74327 0 0 0
1710 1 1.0 0.0 15.7915 16.0057 4.20681 0 0 0
2339 1 1.0 0.0 17.939 15.938 4.05872 0 0 0
2475 1 1.0 0.0 2.79681 17.0256 4.17082 0 0 0
1869 1 1.0 0.0 7.27284 17.0272 4.08069 0 0 0
1441 1 1.0 0.0 8.29902 16.8398 3.98969 0 0 0
1802 1 1.0 0.0 11.0749 16.8937 4.07534 0 0 0
1610 1 1.0 0.0 12.7029 16.565 4.17467 0 0 0
2091 1 1.0 0.0 16.8144 16.4745 3.77485 0 0 0
2004 1 1.0 0.0 3.01878 17.774 3.54574 0 0 0
2106 1 1.0 0.0 4.27896 17.1834 3.82976 0 0 0
1838 1 1.0 0.0 6.02985 17.211 3.74246 0 0 0
1363 1 1.0 0.0 10.5626 17.7383 3.91979 0 0 0
1373 1 1.0 0.0 11.5535 17.7539 3.78601 0 0 0
1331 1 1.0 0.0 14.3831 17.1861 3.59353 0 0 0
1961 1 1.0 0.0 16.889 17.4609 3.92144 0 0 0
2420 1 1.0 0.0 17.9089 17.1708 4.219 0 0 0
1488 1 1.0 0.0 4.2228 18.1687 3.66735 0 0 0
1973 1 1.0 0.0 5.47681 18.0377 3.94699 0 0 0
1667 1 1.0 0.0 6.78655 17.8604 3.81743 0 0 0
1410 1 1.0 0.0 7.84899 18.2596 3.67313 0 0 0
1640 1 1.0 0.0 9.26428 18.1942 3.96876 0 0 0
1863 1 1.0 0.0 12.4682 18.5702 3.8782 0 0 0
1715 1 1.0 0.0 13.2385 17.9473 3.74224 0 0 0
2108 1 1.0 0.0 14.4366 18.1666 3.88996 0 0 0
1672 1 1.0 0.0 15.435 18.1166 3.91546 0 0 0
2045 1 1.0 0.0 16.8847 18.3908 3.55379 0 0 0
2612 1 1.0 0.0 3.04268 19.1268 3.6976 0 0 0
2089 1 1.0 0.0 4.55897 18.9653 4.1698 0 0 0
2513 1 1.0 0.0 5.49339 19.2408 3.94396 0 0 0
1876 1 1.0 0.0 6.79248 19.1176 3.57668 0 0 0
1706 1 1.0 0.0 10.1893 18.6312 4.17161 0 0 0
1992 1 1.0 0.0 11.231 18.6587 4.13197 0 0 0
2306 1 1.0 0.0 13.2278 19.2212 3.78538 0 0 0
2244 1 1.0 0.0 14.522 19.1714 3.58612 0 0 0
1723 1 1.0 0.0 8.22827 19.6323 3.70178 0 -1 0
2311 1 1.0 0.0 9.12645 19.3616 4.04819 0 0 0
1733 1 1.0 0.0 10.09 19.5918 3.91212 0 0 0
1625 1 1.0 0.0 11.0539 19.7952 3.73996 0 0 0
1768 1 1.0 0.0 11.9212 19.3929 4.03294 0 0 0
2153 1 1.0 0.0 12.7202 19.9644 4.22117 0 0 0
2371 1 1.0 0.0 15.4121 19.4108 3.97476 0 0 0
1926 1 1.0 0.0 9.47984 0.241826 4.36497 0 0 0
2068 1 1.0 0.0 10.4965 0.430545 4.27441 0 0 0
2450 1 1.0 0.0 11.7393 0.10569 4.71028 0 0 0
2260 1 1.0 0.0 5.16471 1.38628 4.35251 0 0 0
2613 1 1.0 0.0 6.38581 0.882236 4.2453 0 0 0
2624 1 1.0 0.0 7.03248 1.30215 4.88251 0 0 0
2544 1 1.0 0.0 8.02389 1.33596 4.66514 0 0 0
1763 1 1.0 0.0 10.2835 1.39952 4.39953 0 0 0
2263 1 1.0 0.0 11.8578 1.38629 4.93812 0 0 0
2447 1 1.0 0.0 12.6329 1.01509 4.2973 0 0 0
2483 1 1.0 0.0 6.35363 1.8674 4.41384 0 0 0
2115 1 1.0 0.0 7.30385 2.13897 4.26114 0 0 0
1933 1 1.0 0.0 9.2059 1.45423 4.27495 0 0 0
2494 1 1.0 0.0 13.5187 1.46132 4.42478 0 0 0
2391 1 1.0 0.0 5.06567 2.2967 4.75414 0 0 0
1954 1 1.0 0.0 5.84261 2.79091 4.36413 0 0 0
2296 1 1.0 0.0 8.60622 2.1533 4.66438 0 0 0
1494 1 1.0 0.0 9.59826 2.27738 4.6854 0 0 0
1899 1 1.0 0.0 11.8435 2.25305 4.4396 0 0 0
2616 1 1.0 0.0 13.5729 2.54901 4.7542 0 0 0
2596 1 1.0 0.0 3.14251 2.95576 4.42148 0 0 0
2333 1 1.0 0.0 3.77045 3.5517 4.92201 0 0 0
2003 1 1.0 0.0 4.6938 3.31676 4.47893 0 0 0
1980 1 1.0 0.0 6.79572 2.91168 4.64157 0 0 0
1784 1 1.0 0.0 8.04511 3.20779 4.6057 0 0 0
1669 1 1.0 0.0 10.1942 3.28235 4.43285 0 0 0
1430 1 1.0 0.0 11.1253 3.00845 4.67364 0 0 0
1458 1 1.0 0.0 12.0368 3.22751 4.32547 0 0 0
2123 1 1.0 0.0 14.3767 3.03552 4.41069 0 0 0
2562 1 1.0 0.0 15.3049 3.20448 4.83018 0 0 0
2629 1 1.0 0.0 17.2022 3.53796 4.49752 0 0 0
1988 1 1.0 0.0 2.95343 3.93546 4.48793 0 0 0
2104 1 1.0 0.0 5.58228 3.75627 4.34692 0 0 0
1918 1 1.0 0.0 6.59327 4.04693 4.54204 0 0 0
1399 1 1.0 0.0 8.93071 3.61809 4.38815 0 0 0
1636 1 1.0 0.0 10.2451 4.28065 4.27677 0 0 0
1361 1 1.0 0.0 11.9857 4.21882 4.44658 0 0 0
1591 1 1.0 0.0 12.8568 3.67921 4.6769 0 0 0
1607 1 1.0 0.0 13.9245 3.9131 4.25155 0 0 0
2132 1 1.0 0.0 16.1414 3.79465 4.81418 0 0 0
2154 1 1.0 0.0 4.66055 4.43092 4.67629 0 0 0
1466 1 1.0 0.0 5.74339 4.99463 4.58104 0 0 0
1867 1 1.0 0.0 6.71885 4.9839 4.86808 0 0 0
1364 1 1.0 0.0 7.72346 4.94135 4.84625 0 0 0
1912 1 1.0 0.0 9.3601 4.46389 4.70469 0 0 0
1355 1 1.0 0.0 11.0136 4.95453 4.35802 0 0 0
1583 1 1.0 0.0 13.4802 4.74854 4.5757 0 0 0
1873 1 1.0 0.0 14.9354 4.66446 4.41067 0 0 0
2105 1 1.0 0.0 17.3655 4.51897 4.39295 0 0 0
2598 1 1.0 0.0 0.719207 5.36022 4.40284 0 0 0
2372 1 1.0 0.0 1.78887 5.46316 4.57685 0 0 0
1978 1 1.0 0.0 4.35287 5.37594 4.43793 0 0 0
1059 1 1.0 0.0 9.26682 5.70767 4.39827 0 0 0
1406 1 1.0 0.0 11.9767 5.21817 4.41192 0 0 0
1950 1 1.0 0.0 14.6038 5.54205 4.75685 0 0 0
1369 1 1.0 0.0 16.0355 5.01194 4.2782 0 0 0
2308 1 1.0 0.0 18.032 5.30597 4.33635 0 0 0
2498 1 1.0 0.0 1.12128 6.14715 4.87091 0 0 0
2322 1 1.0 0.0 3.05822 6.12881 4.56742 0 0 0
1788 1 1.0 0.0 4.02995 6.26605 4.75948 0 0 0
1545 1 1.0 0.0 5.09611 6.09006 4.88859 0 0 0
1347 1 1.0 0.0 7.98271 5.97244 4.88693 0 0 0
1387 1 1.0 0.0 10.1078 6.20822 4.62486 0 0 0
1350 1 1.0 0.0 11.6895 6.16455 4.26413 0 0 0
1391 1 1.0 0.0 12.6043 5.91227 4.76473 0 0 0
1337 1 1.0 0.0 13.6228 5.78943 4.46483 0 0 0
2284 1 1.0 0.0 15.3404 6.23864 4.88195 0 0 0
2270 1 1.0 0.0 16.3061 5.95438 4.65386 0 0 0
1454 1 1.0 0.0 18.124 6.3015 4.35771 0 0 0
2592 1 1.0 0.0 0.445484 6.76188 4.46422 0 0 0
1531 1 1.0 0.0 6.44886 6.55592 4.46827 0 0 0
1475 1 1.0 0.0 7.34889 6.97035 4.66446 0 0 0
1348 1 1.0 0.0 8.7557 6.68892 4.78188 0 0 0
1575 1 1.0 0.0 10.9996 6.60831 4.83605 0 0 0
1673 1 1.0 0.0 12.214 6.84793 4.77455 0 0 0
1968 1 1.0 0.0 13.4929 7.05928 4.84949 0 0 0
1643 1 1.0 0.0 14.3394 6.4826 4.54369 0 0 0
1775 1 1.0 0.0 15.9788 7.00117 4.77717 0 0 0
1549 1 1.0 0.0 16.8119 6.73706 4.29115 0 0 0
1666 1 1.0 0.0 19.0537 6.66904 4.29503 0 0 0
1806 1 1.0 0.0 1.27905 7.75552 4.2566 0 0 0
2060 1 1.0 0.0 2.43261 7.33507 4.34715 0 0 0
1525 1 1.0 0.0 4.79467 7.23005 4.72404 0 0 0
1281 1 1.0 0.0 6.3502 7.63573 4.72608 0 0 0
1661 1 1.0 0.0 9.92191 7.30201 4.58277 0 0 0
999 1 1.0 0.0 11.4664 7.49284 4.27665 0 0 0
1243 1 1.0 0.0 12.6993 7.5699 4.28071 0 0 0
2059 1 1.0 0.0 18.3286 7.29908 4.57287 0 0 0
1501 1 1.0 0.0 4.15183 7.92208 4.39561 0 0 0
1370 1 1.0 0.0 5.23834 8.11841 4.60582 0 0 0
1095 1 1.0 0.0 7.35311 7.96614 4.57294 0 0 0
1966 1 1.0 0.0 8.3001 7.95031 4.89373 0 0 0
1345 1 1.0 0.0 9.29793 7.99743 4.93913 0 0 0
1564 1 1.0 0.0 10.7108 7.87282 4.81026 0 0 0
1046 1 1.0 0.0 13.6258 7.98737 4.49834 0 0 0
1552 1 1.0 0.0 14.6077 7.85826 4.35572 0 0 0
1772 1 1.0 0.0 16.1338 7.98498 4.52129 0 0 0
1688 1 1.0 0.0 17.2866 8.45036 4.86013 0 0 0
1905 1 1.0 0.0 18.7351 8.23748 4.57516 0 0 0
1877 1 1.0 0.0 1.78969 8.62561 4.35309 0 0 0
1503 1 1.0 0.0 2.75394 8.85549 4.48487 0 0 0
1514 1 1.0 0.0 3.88786 8.84855 4.66388 0 0 0
1464 1 1.0 0.0 5.38227 9.18488 4.55963 0 0 0
1119 1 1.0 0.0 7.06955 8.8516 4.94111 0 0 0
1278 1 1.0 0.0 8.62965 8.89171 4.82176 0 0 0
717 1 1.0 0.0 9.48412 9.28335 4.45422 0 0 0
1396 1 1.0 0.0 10.5495 8.98535 4.74002 0 0 0
1103 1 1.0 0.0 11.5151 8.72854 4.78212 0 0 0
1186 1 1.0 0.0 12.6318 8.68325 4.46324 0 0 0
1333 1 1.0 0.0 14.4252 8.77755 4.7044 0 0 0
1522 1 1.0 0.0 15.3193 8.98025 4.29755 0 0 0
2171 1 1.0 0.0 19.0936 9.21392 4.56369 0 0 0
1809 1 1.0 0.0 1.63246 9.86061 4.6266 0 0 0
1782 1 1.0 0.0 4.51465 9.67487 4.47515 0 0 0
1611 1 1.0 0.0 6.35802 9.38325 4.46716 0 0 0
1445 1 1.0 0.0 8.3494 9.82875 4.61345 0 0 0
1298 1 1.0 0.0 10.609 9.8751 4.28752 0 0 0
1022 1 1.0 0.0 11.6034 9.99527 4.5224 0 0 0
1394 1 1.0 0.0 13.0252 9.88339 4.8249 0 0 0
1433 1 1.0 0.0 13.9651 9.79921 4.49437 0 0 0
1335 1 1.0 0.0 15.2458 9.97065 4.42838 0 0 0
1491 1 1.0 0.0 16.6249 9.52783 4.64514 0 0 0
1767 1 1.0 0.0 18.1074 9.83457 4.7588 0 0 0
2309 1 1.0 0.0 0.748194 10.2126 4.31981 0 0 0
1448 1 1.0 0.0 2.8756 10.0152 4.32068 0 0 0
1842 1 1.0 0.0 3.79573 10.4154 4.41705 0 0 0
1412 1 1.0 0.0 6.18262 10.3677 4.46999 0 0 0
1587 1 1.0 0.0 7.81518 10.6687 4.70878 0 0 0
914 1 1.0 0.0 9.56242 10.413 4.24447 0 0 0
1507 1 1.0 0.0 16.416 10.5032 4.71575 0 0 0
1937 1 1.0 0.0 18.9755 10.1963 4.41875 0 0 0
1994 1 1.0 0.0 19.8558 10.6634 4.33718 0 0 0
2010 1 1.0 0.0 0.690032 11.1762 4.58067 0 0 0
1927 1 1.0 0.0 2.02583 11.1439 4.28149 0 0 0
2214 1 1.0 0.0 2.82251 10.8777 4.8241 0 0 0
2275 1 1.0 0.0 4.48205 10.922 4.9389 0 0 0
1906 1 1.0 0.0 5.47947 10.9527 4.87413 0 0 0
1128 1 1.0 0.0 9.15087 11.3257 4.58136 0 0 0
1506 1 1.0 0.0 10.0225 10.9793 4.92831 0 0 0
1198 1 1.0 0.0 10.8544 11.3536 4.51882 0 0 0
1265 1 1.0 0.0 11.8777 10.9602 4.27887 0 0 0
1616 1 1.0 0.0 12.8941 11.3878 4.69229 0 0 0
1691 1 1.0 0.0 13.6543 10.7178 4.73941 0 0 0
1388 1 1.0 0.0 16.6886 11.418 4.41766 0 0 0
1986 1 1.0 0.0 17.8609 11.0255 4.72449 0 0 0
1713 1 1.0 0.0 19.2201 11.3879 4.60349 0 0 0
2282 1 1.0 0.0 1.46868 11.7072 4.9149 0 0 0
1711 1 1.0 0.0 3.16649 11.8233 4.70892 0 0 0
1600 1 1.0 0.0 4.94213 11.7796 4.70822 0 0 0
997 1 1.0 0.0 6.28186 11.5396 4.76592 0 0 0
1455 1 1.0 0.0 7.30755 11.5198 4.84238 0 0 0
1554 1 1.0 0.0 8.19493 11.523 4.32666 0 0 0
1108 1 1.0 0.0 13.6396 11.9735 4.3744 0 0 0
1836 1 1.0 0.0 15.3275 11.7863 4.69047 0 0 0
2138 1 1.0 0.0 17.6349 11.9754 4.94037 0 0 0
2539 1 1.0 0.0 1.19531 12.722 4.52082 0 0 0
1946 1 1.0 0.0 2.2716 12.2946 4.81371 0 0 0
1528 1 1.0 0.0 3.6867 12.6665 4.84428 0 0 0
1648 1 1.0 0.0 4.84945 12.7259 4.39855 0 0 0
1341 1 1.0 0.0 5.74689 12.3792 4.67158 0 0 0
1413 1 1.0 0.0 7.74648 12.3911 4.594 0 0 0
1463 1 1.0 0.0 8.65914 12.1628 4.93913 0 0 0
1634 1 1.0 0.0 9.57533 12.7923 4.6962 0 0 0
1816 1 1.0 0.0 10.361 12.1439 4.88225 0 0 0
1418 1 1.0 0.0 11.9836 12.7376 4.38318 0 0 0
1563 1 1.0 0.0 14.9285 12.6145 4.25322 0 0 0
1824 1 1.0 0.0 15.6962 12.7506 4.88019 0 0 0
1812 1 1.0 0.0 17.1341 12.8321 4.8164 0 0 0
2288 1 1.0 0.0 19.0626 12.8002 4.37392 0 0 0
1739 1 1.0 0.0 2.87655 12.9134 4.31261 0 0 0
1328 1 1.0 0.0 6.64411 12.9443 4.67669 0 0 0
1662 1 1.0 0.0 7.53711 13.3404 4.35959 0 0 0
1416 1 1.0 0.0 8.63178 13.0643 4.50729 0 0 0
1414 1 1.0 0.0 11.1452 13.1785 4.75885 0 0 0
1472 1 1.0 0.0 12.9709 13.2066 4.85497 0 0 0
1338 1 1.0 0.0 14.21 13.1948 4.69525 0 0 0
1515 1 1.0 0.0 16.1502 13.549 4.39517 0 0 0
2565 1 1.0 0.0 18.224 13.0244 4.87335 0 0 0
2096 1 1.0 0.0 2.11609 13.5841 4.54557 0 0 0
1754 1 1.0 0.0 3.06618 13.855 4.70028 0 0 0
1963 1 1.0 0.0 4.86831 13.7279 4.26161 0 0 0
1484 1 1.0 0.0 6.21294 13.9455 4.2483 0 0 0
1644 1 1.0 0.0 8.28693 13.9991 4.42166 0 0 0
1626 1 1.0 0.0 9.29528 13.8138 4.49907 0 0 0
1681 1 1.0 0.0 10.238 13.6254 4.82075 0 0 0
1461 1 1.0 0.0 12.2682 13.9308 4.6436 0 0 0
1415 1 1.0 0.0 14.2793 14.1869 4.59077 0 0 0
2185 1 1.0 0.0 17.5264 13.7488 4.89385 0 0 0
2176 1 1.0 0.0 19.6757 13.6511 4.54529 0 0 0
2502 1 1.0 0.0 1.53303 14.5989 4.60308 0 0 0
2028 1 1.0 0.0 3.61488 14.6348 4.36442 0 0 0
1871 1 1.0 0.0 4.42571 14.3444 4.9128 0 0 0
1998 1 1.0 0.0 5.43119 14.5263 4.47519 0 0 0
1490 1 1.0 0.0 7.45453 14.7895 4.80048 0 0 0
1544 1 1.0 0.0 9.13242 14.8082 4.52781 0 0 0
1785 1 1.0 0.0 10.9603 14.3929 4.80697 0 0 0
1601 1 1.0 0.0 13.5718 14.8814 4.72146 0 0 0
2120 1 1.0 0.0 15.4937 14.383 4.73298 0 0 0
1825 1 1.0 0.0 16.5965 14.5588 4.33558 0 0 0
1841 1 1.0 0.0 18.1272 14.4208 4.46101 0 0 0
2013 1 1.0 0.0 1.4367 15.5943 4.61127 0 0 0
2249 1 1.0 0.0 5.51081 15.5064 4.29348 0 0 0
1493 1 1.0 0.0 10.0918 15.1381 4.88912 0 0 0
1804 1 1.0 0.0 11.8283 15.2026 4.6279 0 0 0
1449 1 1.0 0.0 14.1945 15.5167 4.2612 0 0 0
1948 1 1.0 0.0 15.1438 15.2967 4.48586 0 0 0
2198 1 1.0 0.0 16.0578 15.2015 4.88031 0 0 0
2082 1 1.0 0.0 2.67603 16.1297 4.60736 0 0 0
2038 1 1.0 0.0 3.75457 16.3405 4.33099 0 0 0
2553 1 1.0 0.0 4.65838 16.0786 4.66933 0 0 0
2606 1 1.0 0.0 5.9941 16.2049 4.82126 0 0 0
1524 1 1.0 0.0 8.13282 15.8824 4.50369 0 0 0
1776 1 1.0 0.0 9.96683 16.1089 4.68436 0 0 0
1594 1 1.0 0.0 10.9527 16.0223 4.84657 0 0 0
2227 1 1.0 0.0 13.4984 16.4261 4.81245 0 0 0
2262 1 1.0 0.0 14.655 16.3038 4.67152 0 0 0
2184 1 1.0 0.0 16.7804 15.7616 4.47523 0 0 0
2326 1 1.0 0.0 5.22933 17.0092 4.3068 0 0 0
1977 1 1.0 0.0 6.70538 16.904 4.8948 0 0 0
2098 1 1.0 0.0 7.7618 16.723 4.89821 0 0 0
1995 1 1.0 0.0 9.10758 16.5948 4.5246 0 0 0
1942 1 1.0 0.0 9.98014 17.0543 4.35881 0 0 0
1738 1 1.0 0.0 11.8883 16.8871 4.65695 0 0 0
2407 1 1.0 0.0 16.0792 16.9616 4.26539 0 0 0
2654 1 1.0 0.0 3.5957 17.691 4.35836 0 0 0
2342 1 1.0 0.0 4.66735 17.8226 4.49356 0 0 0
1964 1 1.0 0.0 6.17337 17.699 4.60341 0 0 0
2289 1 1.0 0.0 7.10792 17.8414 4.9295 0 0 0
2236 1 1.0 0.0 7.97309 17.6584 4.46257 0 0 0
1745 1 1.0 0.0 11.1724 17.8422 4.70629 0 0 0
1840 1 1.0 0.0 12.405 17.671 4.31109 0 0 0
1910 1 1.0 0.0 13.6992 17.2718 4.31802 0 0 0
1740 1 1.0 0.0 15.0993 17.2524 4.29019 0 0 0
2035 1 1.0 0.0 8.77066 18.132 4.83619 0 0 0
2173 1 1.0 0.0 13.2231 18.5581 4.53386 0 0 0
2640 1 1.0 0.0 14.0571 18.0811 4.81119 0 0 0
2395 1 1.0 0.0 16.1296 17.9019 4.60212 0 0 0
2174 1 1.0 0.0 5.32388 18.6434 4.72783 0 0 0
2266 1 1.0 0.0 6.22673 18.6299 4.24213 0 0 0
2133 1 1.0 0.0 7.22096 18.647 4.34798 0 0 0
1936 1 1.0 0.0 8.30558 18.8592 4.3313 0 0 0
1794 1 1.0 0.0 9.50531 18.8995 4.84996 0 0 0
1891 1 1.0 0.0 12.0104 18.7084 4.75649 0 0 0
2140 1 1.0 0.0 14.7862 18.8567 4.5236 0 0 0
2492 1 1.0 0.0 6.33799 19.6416 4.29896 0 0 0
2074 1 1.0 0.0 7.55412 19.5855 4.43889 0 0 0
2209 1 1.0 0.0 10.7743 19.4045 4.61703 0 0 0
2489 1 1.0 0.0 9.63716 0.963109 5.03948 0 0 0
2299 1 1.0 0.0 11.0672 0.77918 5.01793 0 0 0
2150 1 1.0 0.0 8.80481 1.43462 5.33074 0 0 0
2398 1 1.0 0.0 10.1904 1.54353 5.63703 0 0 0
2575 1 1.0 0.0 4.07751 2.61573 5.09424 0 0 0
2375 1 1.0 0.0 6.16185 2.29704 5.29623 0 0 0
2002 1 1.0 0.0 7.61388 2.47977 5.14867 0 0 0
2020 1 1.0 0.0 10.5079 2.33554 5.09662 0 0 0
2532 1 1.0 0.0 11.7001 2.54359 5.38563 0 0 0
2265 1 1.0 0.0 12.5986 2.6748 4.94141 0 0 0
2396 1 1.0 0.0 5.45803 3.07651 5.24192 0 0 0
1916 1 1.0 0.0 8.73098 2.93205 5.27914 0 0 0
1847 1 1.0 0.0 9.54819 3.49704 5.16536 0 0 0
2411 1 1.0 0.0 10.4289 3.22262 5.55141 0 0 0
2056 1 1.0 0.0 13.2799 3.15709 5.49205 0 0 0
2319 1 1.0 0.0 14.2423 3.38196 5.33906 0 0 0
2664 1 1.0 0.0 4.92696 3.83321 5.62317 0 0 0
2017 1 1.0 0.0 5.88789 3.97925 5.27258 0 0 0
2630 1 1.0 0.0 7.42476 3.84692 5.0603 0 0 0
2302 1 1.0 0.0 8.40973 3.99051 5.15617 0 0 0
1346 1 1.0 0.0 10.8909 3.92431 5.00899 0 0 0
2273 1 1.0 0.0 11.8124 3.60189 5.22519 0 0 0
1934 1 1.0 0.0 13.4154 4.13989 5.36659 0 0 0
2451 1 1.0 0.0 15.2049 3.92529 5.51606 0 0 0
2533 1 1.0 0.0 2.89075 4.77403 5.02908 0 0 0
1853 1 1.0 0.0 3.87744 4.779 5.19163 0 0 0
2303 1 1.0 0.0 5.24801 4.75749 5.4167 0 0 0
2142 1 1.0 0.0 10.0783 4.3627 5.3931 0 0 0
1402 1 1.0 0.0 11.509 4.69334 5.18652 0 0 0
1830 1 1.0 0.0 12.6546 4.95806 5.09958 0 0 0
1832 1 1.0 0.0 14.3718 4.3648 5.18042 0 0 0
2651 1 1.0 0.0 15.6041 4.76827 5.14685 0 0 0
2364 1 1.0 0.0 16.6445 4.77749 5.03588 0 0 0
2139 1 1.0 0.0 4.39668 5.60434 5.41342 0 0 0
1823 1 1.0 0.0 8.70979 5.12341 5.08167 0 0 0
1632 1 1.0 0.0 9.60285 5.55085 5.32693 0 0 0
1358 1 1.0 0.0 10.5439 5.24017 5.19332 0 0 0
1670 1 1.0 0.0 11.4328 5.68979 5.10599 0 0 0
1750 1 1.0 0.0 13.8614 5.21113 5.3761 0 0 0
2325 1 1.0 0.0 16.5289 5.69199 5.59275 0 0 0
2576 1 1.0 0.0 17.3176 5.51631 5.00372 0 0 0
2442 1 1.0 0.0 2.31345 6.01518 5.22499 0 0 0
2334 1 1.0 0.0 3.38202 6.15742 5.51339 0 0 0
2225 1 1.0 0.0 6.04003 5.81458 5.07059 0 0 0
1893 1 1.0 0.0 7.01279 6.04095 5.12041 0 0 0
1952 1 1.0 0.0 8.74709 6.02635 5.53081 0 0 0
1981 1 1.0 0.0 10.4655 6.16806 5.55781 0 0 0
1729 1 1.0 0.0 13.4984 6.20338 5.36657 0 0 0
2590 1 1.0 0.0 1.6287 7.06322 5.01086 0 0 0
2127 1 1.0 0.0 2.79597 6.889 5.16506 0 0 0
1931 1 1.0 0.0 4.51162 6.93986 5.63819 0 0 0
1429 1 1.0 0.0 5.67212 7.00596 5.16385 0 0 0
2281 1 1.0 0.0 6.64688 6.93585 5.37577 0 0 0
1801 1 1.0 0.0 7.91781 6.7853 5.46573 0 0 0
1944 1 1.0 0.0 9.4427 7.03729 5.41957 0 0 0
2149 1 1.0 0.0 12.8146 6.91936 5.57087 0 0 0
2095 1 1.0 0.0 14.6021 6.48821 5.50853 0 0 0
2125 1 1.0 0.0 17.494 6.4949 5.10984 0 0 0
2083 1 1.0 0.0 2.25183 7.82165 5.20186 0 0 0
1939 1 1.0 0.0 3.73831 7.27436 5.0996 0 0 0
1678 1 1.0 0.0 10.5298 7.18023 5.5085 0 0 0
1577 1 1.0 0.0 11.5516 7.17317 5.44938 0 0 0
1676 1 1.0 0.0 13.0077 7.85652 5.27344 0 0 0
1862 1 1.0 0.0 15.1061 7.28608 5.17774 0 0 0
2307 1 1.0 0.0 15.9793 7.71508 5.4774 0 0 0
2242 1 1.0 0.0 16.9688 7.35773 5.08751 0 0 0
2204 1 1.0 0.0 17.8968 7.72251 5.36926 0 0 0
1808 1 1.0 0.0 3.21663 8.13754 5.00494 0 0 0
2230 1 1.0 0.0 4.24358 8.09815 5.37566 0 0 0
1921 1 1.0 0.0 6.90536 8.01623 5.46568 0 0 0
1446 1 1.0 0.0 10.0926 8.39068 5.4015 0 0 0
1569 1 1.0 0.0 11.2966 8.13145 5.57837 0 0 0
1606 1 1.0 0.0 12.0569 7.90892 4.96804 0 0 0
1761 1 1.0 0.0 14.3212 7.89243 5.31318 0 0 0
1894 1 1.0 0.0 15.2841 8.24996 4.97976 0 0 0
2367 1 1.0 0.0 19.2264 8.19776 5.44528 0 0 0
2197 1 1.0 0.0 2.10406 8.80717 5.28485 0 0 0
2070 1 1.0 0.0 4.67069 9.05635 5.25037 0 0 0
1426 1 1.0 0.0 6.01652 8.88028 5.27019 0 0 0
1529 1 1.0 0.0 7.88864 9.08705 5.4642 0 0 0
1680 1 1.0 0.0 9.34074 9.23223 5.44254 0 0 0
1956 1 1.0 0.0 13.4536 8.97214 5.12428 0 0 0
1848 1 1.0 0.0 15.5444 9.13872 5.35707 0 0 0
1805 1 1.0 0.0 16.385 8.6042 5.26523 0 0 0
2183 1 1.0 0.0 17.1339 9.23877 5.45603 0 0 0
2037 1 1.0 0.0 18.1436 8.8998 5.11218 0 0 0
2058 1 1.0 0.0 0.377084 9.46965 4.94481 1 0 0
2610 1 1.0 0.0 1.26132 9.33474 5.39192 0 0 0
2077 1 1.0 0.0 2.17138 9.78834 5.46582 0 0 0
1879 1 1.0 0.0 3.0907 9.51341 5.15846 0 0 0
1539 1 1.0 0.0 5.53773 9.98877 5.13368 0 0 0
1368 1 1.0 0.0 6.48968 9.76314 5.38277 0 0 0
1365 1 1.0 0.0 7.39567 9.79668 4.96078 0 0 0
1462 1 1.0 0.0 9.95241 9.94651 5.03834 0 0 0
1722 1 1.0 0.0 11.1667 9.53987 5.29821 0 0 0
1637 1 1.0 0.0 12.2381 9.33643 5.11009 0 0 0
1649 1 1.0 0.0 14.6855 9.6188 5.17823 0 0 0
2460 1 1.0 0.0 1.24098 10.5956 5.18019 0 0 0
2113 1 1.0 0.0 3.50593 10.3972 5.37395 0 0 0
1689 1 1.0 0.0 4.57625 10.0415 5.40347 0 0 0
1764 1 1.0 0.0 8.25169 10.0325 5.58758 0 0 0
1548 1 1.0 0.0 8.98251 10.4627 5.05763 0 0 0
1408 1 1.0 0.0 10.8932 10.4906 5.02259 0 0 0
1810 1 1.0 0.0 12.3854 10.6127 5.06719 0 0 0
1395 1 1.0 0.0 14.0439 10.2876 5.55374 0 0 0
1818 1 1.0 0.0 14.8365 10.6437 5.04439 0 0 0
1741 1 1.0 0.0 15.702 10.1248 5.30477 0 0 0
1684 1 1.0 0.0 17.2569 10.1836 5.15232 0 0 0
1556 1 1.0 0.0 6.60505 10.7522 5.29077 0 0 0
1743 1 1.0 0.0 8.40558 11.2525 5.26604 0 0 0
1580 1 1.0 0.0 11.5932 11.2458 5.19394 0 0 0
1792 1 1.0 0.0 15.9402 11.2133 5.23475 0 0 0
2067 1 1.0 0.0 17.0828 11.2319 5.31767 0 0 0
2034 1 1.0 0.0 18.7051 10.7668 5.19427 0 0 0
2255 1 1.0 0.0 2.93138 11.4826 5.6192 0 0 0
1762 1 1.0 0.0 4.05494 11.796 5.17073 0 0 0
1828 1 1.0 0.0 5.58747 11.7538 5.47165 0 0 0
2055 1 1.0 0.0 7.82789 12.0337 5.52438 0 0 0
1359 1 1.0 0.0 9.52715 12.1186 5.43365 0 0 0
1720 1 1.0 0.0 10.6722 11.4466 5.52788 0 0 0
1483 1 1.0 0.0 12.206 12.0219 5.04509 0 0 0
1496 1 1.0 0.0 14.3997 11.9533 5.02389 0 0 0
2285 1 1.0 0.0 15.5781 12.0803 5.61285 0 0 0
2143 1 1.0 0.0 16.4328 12.1088 5.09384 0 0 0
2527 1 1.0 0.0 18.6254 12.112 4.95294 0 0 0
2587 1 1.0 0.0 19.9754 11.9229 4.98199 -1 0 0
2233 1 1.0 0.0 2.94889 12.5399 5.50731 0 0 0
1543 1 1.0 0.0 4.95658 12.5268 5.37262 0 0 0
1822 1 1.0 0.0 6.42438 12.2973 5.40681 0 0 0
1730 1 1.0 0.0 11.7548 12.8113 5.46127 0 0 0
1760 1 1.0 0.0 13.1701 12.2195 5.22233 0 0 0
1811 1 1.0 0.0 14.8257 12.789 5.3707 0 0 0
2241 1 1.0 0.0 1.64748 13.1396 5.30895 0 0 0
2200 1 1.0 0.0 3.49926 13.4112 5.4848 0 0 0
1647 1 1.0 0.0 4.39825 13.3374 5.05312 0 0 0
2213 1 1.0 0.0 5.43802 13.3027 4.96494 0 0 0
1781 1 1.0 0.0 7.368 12.9074 5.36561 0 0 0
1778 1 1.0 0.0 8.31699 13.2126 5.44477 0 0 0
1786 1 1.0 0.0 9.29426 13.423 5.41949 0 0 0
1815 1 1.0 0.0 10.1552 12.8998 5.50379 0 0 0
2206 1 1.0 0.0 13.8503 12.8595 5.57989 0 0 0
2099 1 1.0 0.0 16.9499 13.388 5.62696 0 0 0
2439 1 1.0 0.0 19.2036 13.1778 5.28905 0 0 0
2383 1 1.0 0.0 2.38069 13.9074 5.45412 0 0 0
1955 1 1.0 0.0 6.30968 13.5952 5.3582 0 0 0
1432 1 1.0 0.0 7.2468 13.8767 5.15202 0 0 0
1859 1 1.0 0.0 8.62323 14.1612 5.34933 0 0 0
1527 1 1.0 0.0 11.5816 13.8432 5.3653 0 0 0
1983 1 1.0 0.0 12.7228 13.8978 5.53367 0 0 0
1851 1 1.0 0.0 13.6929 13.8085 5.30696 0 0 0
2036 1 1.0 0.0 14.8975 13.7806 5.2636 0 0 0
1759 1 1.0 0.0 16.2212 13.9854 5.29211 0 0 0
2574 1 1.0 0.0 18.5386 13.9218 5.22372 0 0 0
2117 1 1.0 0.0 3.53175 14.4606 5.3456 0 0 0
1771 1 1.0 0.0 5.49969 14.2907 5.4446 0 0 0
1766 1 1.0 0.0 6.49283 14.5417 5.09271 0 0 0
1687 1 1.0 0.0 9.60042 14.3666 5.29329 0 0 0
1858 1 1.0 0.0 12.6186 14.7769 5.06867 0 0 0
1929 1 1.0 0.0 14.6217 14.877 5.22835 0 0 0
2046 1 1.0 0.0 17.4208 14.7354 5.09502 0 0 0
2563 1 1.0 0.0 2.67344 15.2 4.98686 0 0 0
2456 1 1.0 0.0 3.54669 15.6825 5.05475 0 0 0
2301 1 1.0 0.0 4.56372 15.2737 5.25521 0 0 0
1683 1 1.0 0.0 5.76778 15.2273 5.21866 0 0 0
2240 1 1.0 0.0 8.35112 15.0962 5.12008 0 0 0
1541 1 1.0 0.0 10.9461 15.1935 5.40596 0 0 0
2042 1 1.0 0.0 13.0073 15.6784 5.25932 0 0 0
2653 1 1.0 0.0 14.0135 15.6708 5.23251 0 0 0
1568 1 1.0 0.0 7.2774 15.7501 5.0147 0 0 0
1878 1 1.0 0.0 8.78937 15.9855 5.25087 0 0 0
1923 1 1.0 0.0 12.079 16.0285 5.13276 0 0 0
2399 1 1.0 0.0 5.0946 16.4779 5.47568 0 0 0
1783 1 1.0 0.0 9.67055 16.8249 5.31838 0 0 0
1913 1 1.0 0.0 10.8142 16.7714 5.4944 0 0 0
2490 1 1.0 0.0 12.7597 16.6985 5.42905 0 0 0
2406 1 1.0 0.0 15.5616 16.5492 5.01538 0 0 0
2135 1 1.0 0.0 5.65521 17.2977 5.35871 0 0 0
2393 1 1.0 0.0 7.74544 17.4449 5.59006 0 0 0
2165 1 1.0 0.0 8.6069 17.1959 5.14743 0 0 0
1719 1 1.0 0.0 10.3182 17.5675 5.14769 0 0 0
2048 1 1.0 0.0 11.7592 17.4971 5.43876 0 0 0
1917 1 1.0 0.0 13.0771 17.5651 5.04396 0 0 0
2625 1 1.0 0.0 14.3371 17.1594 5.07992 0 0 0
2166 1 1.0 0.0 9.54456 18.1136 5.46919 0 0 0
2192 1 1.0 0.0 10.5752 18.5464 5.09026 0 0 0
2581 1 1.0 0.0 11.4586 18.4446 5.5476 0 0 0
2252 1 1.0 0.0 12.7095 18.4197 5.4107 0 0 0
2611 1 1.0 0.0 6.39374 19.0729 5.12342 0 0 0
2647 1 1.0 0.0 7.74299 18.916 5.15735 0 0 0
2499 1 1.0 0.0 8.70048 18.9867 5.437 0 0 0
2167 1 1.0 0.0 12.7632 19.3245 4.98846 0 0 0
2078 1 1.0 0.0 8.26881 2.12537 5.81609 0 0 0
2258 1 1.0 0.0 11.1277 1.84397 5.81327 0 0 0
2608 1 1.0 0.0 9.34308 2.21448 5.65024 0 0 0
2129 1 1.0 0.0 10.0696 2.58249 6.23048 0 0 0
2432 1 1.0 0.0 6.24781 3.12286 5.85356 0 0 0
2476 1 1.0 0.0 7.89162 3.25443 5.71678 0 0 0
2583 1 1.0 0.0 11.3181 3.2259 6.00895 0 0 0
2470 1 1.0 0.0 3.95468 3.97504 5.80904 0 0 0
2253 1 1.0 0.0 6.74777 3.98603 5.78302 0 0 0
2001 1 1.0 0.0 8.77975 3.606 6.01629 0 0 0
2169 1 1.0 0.0 9.76624 3.73995 6.11058 0 0 0
2280 1 1.0 0.0 12.4688 4.1841 5.70496 0 0 0
2667 1 1.0 0.0 14.0997 4.0276 6.08926 0 0 0
2080 1 1.0 0.0 4.45497 4.81397 6.02325 0 0 0
2195 1 1.0 0.0 6.20216 4.8224 5.70886 0 0 0
2382 1 1.0 0.0 8.13198 4.71401 5.78813 0 0 0
2159 1 1.0 0.0 9.1503 4.50863 5.73585 0 0 0
1737 1 1.0 0.0 10.9342 4.33239 5.9209 0 0 0
2047 1 1.0 0.0 13.1582 4.86981 5.99983 0 0 0
2649 1 1.0 0.0 15.0709 4.79146 5.99748 0 0 0
2033 1 1.0 0.0 3.25046 5.22379 5.84659 0 0 0
2572 1 1.0 0.0 5.4947 5.33693 6.19347 0 0 0
1837 1 1.0 0.0 7.2021 5.07846 5.73843 0 0 0
1949 1 1.0 0.0 8.78103 5.32438 6.24219 0 0 0
1874 1 1.0 0.0 10.0808 5.09282 6.0764 0 0 0
2620 1 1.0 0.0 11.0252 5.36719 6.25742 0 0 0
2524 1 1.0 0.0 11.9513 5.11131 5.98001 0 0 0
1989 1 1.0 0.0 14.5184 5.62493 6.00624 0 0 0
2390 1 1.0 0.0 15.535 5.61574 5.67316 0 0 0
2314 1 1.0 0.0 4.59205 6.13968 6.23514 0 0 0
1864 1 1.0 0.0 5.48305 6.25445 5.7959 0 0 0
1935 1 1.0 0.0 6.51785 5.77688 5.94823 0 0 0
2238 1 1.0 0.0 7.81393 5.85908 5.86602 0 0 0
2274 1 1.0 0.0 9.58963 6.26023 6.03159 0 0 0
2292 1 1.0 0.0 11.6555 6.27822 5.88327 0 0 0
1870 1 1.0 0.0 12.7054 5.72317 5.74146 0 0 0
2453 1 1.0 0.0 3.69106 6.81883 6.19678 0 0 0
1849 1 1.0 0.0 5.27168 7.11203 6.2648 0 0 0
2030 1 1.0 0.0 6.21152 6.75964 6.2586 0 0 0
1798 1 1.0 0.0 7.19942 6.59949 6.13836 0 0 0
1712 1 1.0 0.0 8.69203 6.95591 6.07519 0 0 0
2245 1 1.0 0.0 15.9621 6.51973 5.65348 0 0 0
2130 1 1.0 0.0 16.9095 6.7506 5.8799 0 0 0
2438 1 1.0 0.0 3.24819 7.65837 5.88209 0 0 0
1708 1 1.0 0.0 5.98963 7.74309 5.76034 0 0 0
1354 1 1.0 0.0 7.82714 7.73993 5.74931 0 0 0
2103 1 1.0 0.0 9.38031 7.75219 6.116 0 0 0
1861 1 1.0 0.0 11.1628 7.37274 6.34883 0 0 0
2320 1 1.0 0.0 12.2644 7.69179 5.92185 0 0 0
1765 1 1.0 0.0 13.7815 7.20279 5.79608 0 0 0
2119 1 1.0 0.0 15.1183 7.41828 6.16887 0 0 0
2656 1 1.0 0.0 2.71053 8.49109 6.0144 0 0 0
2164 1 1.0 0.0 4.09417 8.26922 6.34951 0 0 0
1789 1 1.0 0.0 5.1685 8.30963 5.6915 0 0 0
2224 1 1.0 0.0 7.63927 8.56606 6.28052 0 0 0
1419 1 1.0 0.0 8.74372 8.38628 5.67705 0 0 0
2186 1 1.0 0.0 10.6403 8.51316 6.22915 0 0 0
2207 1 1.0 0.0 13.6243 8.27134 5.94254 0 0 0
2079 1 1.0 0.0 15.3921 8.35897 5.9679 0 0 0
2518 1 1.0 0.0 17.0713 8.09706 5.79135 0 0 0
2578 1 1.0 0.0 18.0969 8.46319 6.01061 0 0 0
2081 1 1.0 0.0 3.58993 8.80217 5.65333 0 0 0
1972 1 1.0 0.0 5.92447 8.61069 6.27272 0 0 0
1938 1 1.0 0.0 6.79265 8.93628 5.89823 0 0 0
1999 1 1.0 0.0 8.61379 9.26929 6.12822 0 0 0
1744 1 1.0 0.0 9.65299 8.71471 6.23919 0 0 0
1622 1 1.0 0.0 11.7353 8.97275 5.89419 0 0 0
1790 1 1.0 0.0 12.7014 8.69589 5.7225 0 0 0
1671 1 1.0 0.0 14.4351 8.80584 5.70395 0 0 0
2428 1 1.0 0.0 16.3782 8.63985 6.26563 0 0 0
2000 1 1.0 0.0 2.88856 9.60481 6.13808 0 0 0
2287 1 1.0 0.0 4.26185 9.39441 6.09805 0 0 0
1843 1 1.0 0.0 5.37758 9.35587 5.89114 0 0 0
1888 1 1.0 0.0 7.31089 9.78947 5.95714 0 0 0
1635 1 1.0 0.0 10.2946 9.31262 5.73196 0 0 0
2278 1 1.0 0.0 10.9202 9.91634 6.22591 0 0 0
1535 1 1.0 0.0 12.8594 9.72411 5.79807 0 0 0
1865 1 1.0 0.0 13.8277 9.48706 6.1127 0 0 0
1990 1 1.0 0.0 15.0476 9.9648 6.04377 0 0 0
2261 1 1.0 0.0 16.27 9.56872 5.9114 0 0 0
2605 1 1.0 0.0 17.9737 9.74361 5.74563 0 0 0
2144 1 1.0 0.0 2.59305 10.5844 5.89991 0 0 0
2182 1 1.0 0.0 4.51055 10.4513 6.31329 0 0 0
1814 1 1.0 0.0 5.67544 10.7011 5.82188 0 0 0
2318 1 1.0 0.0 6.73498 10.5484 6.26108 0 0 0
1692 1 1.0 0.0 9.24883 10.0908 5.94686 0 0 0
1695 1 1.0 0.0 10.255 10.531 5.79137 0 0 0
1807 1 1.0 0.0 11.638 10.3386 5.67234 0 0 0
1960 1 1.0 0.0 12.4992 10.6049 6.10536 0 0 0
2662 1 1.0 0.0 16.5138 10.5221 5.7328 0 0 0
2052 1 1.0 0.0 3.63166 11.0099 6.15419 0 0 0
2041 1 1.0 0.0 4.77995 11.2805 5.82361 0 0 0
1979 1 1.0 0.0 7.53142 10.7217 5.66618 0 0 0
2029 1 1.0 0.0 7.80706 11.4272 6.31913 0 0 0
2180 1 1.0 0.0 8.57292 10.8023 6.14314 0 0 0
1344 1 1.0 0.0 9.38071 11.159 5.67387 0 0 0
1892 1 1.0 0.0 11.6271 11.29 6.19236 0 0 0
1717 1 1.0 0.0 13.0321 11.3372 5.68141 0 0 0
1941 1 1.0 0.0 13.7764 10.9669 6.23707 0 0 0
1796 1 1.0 0.0 14.5952 11.3022 5.75723 0 0 0
2136 1 1.0 0.0 15.4571 10.8771 6.04319 0 0 0
2472 1 1.0 0.0 17.8565 10.7449 5.72282 0 0 0
2441 1 1.0 0.0 3.63712 12.0503 6.04297 0 0 0
2455 1 1.0 0.0 5.04417 12.1279 6.28541 0 0 0
1925 1 1.0 0.0 6.10244 11.4786 6.28347 0 0 0
1951 1 1.0 0.0 6.96598 11.545 5.78189 0 0 0
1872 1 1.0 0.0 8.71276 11.8941 5.9688 0 0 0
1499 1 1.0 0.0 10.2035 12.0559 6.16751 0 0 0
1323 1 1.0 0.0 12.3725 12.0027 6.03092 0 0 0
1726 1 1.0 0.0 13.8203 11.9135 5.91774 0 0 0
2223 1 1.0 0.0 16.4537 11.6414 5.9784 0 0 0
2348 1 1.0 0.0 1.80629 12.2316 5.69661 0 0 0
2520 1 1.0 0.0 2.55973 12.1709 6.35132 0 0 0
1753 1 1.0 0.0 5.7428 12.8248 5.91398 0 0 0
2075 1 1.0 0.0 9.21037 12.7429 6.14773 0 0 0
1721 1 1.0 0.0 11.1953 12.1673 5.9829 0 0 0
2243 1 1.0 0.0 14.5068 12.6139 6.30216 0 0 0
2512 1 1.0 0.0 16.8426 12.5456 6.15506 0 0 0
2458 1 1.0 0.0 17.694 12.6795 5.64803 0 0 0
2435 1 1.0 0.0 1.93456 13.2102 6.26425 0 0 0
2359 1 1.0 0.0 2.93399 13.179 6.27634 0 0 0
2021 1 1.0 0.0 4.20503 12.8667 5.93798 0 0 0
2112 1 1.0 0.0 4.98689 13.528 5.8387 0 0 0
1699 1 1.0 0.0 6.70056 13.0464 6.09716 0 0 0
1932 1 1.0 0.0 7.77291 13.0731 6.2721 0 0 0
2231 1 1.0 0.0 12.0576 13.5496 6.19423 0 0 0
1779 1 1.0 0.0 12.7005 12.911 5.77121 0 0 0
2011 1 1.0 0.0 15.9268 13.155 5.76519 0 0 0
2537 1 1.0 0.0 3.0299 14.1806 6.16397 0 0 0
2517 1 1.0 0.0 3.92555 13.7452 6.32547 0 0 0
2437 1 1.0 0.0 5.86509 13.7974 6.2339 0 0 0
2146 1 1.0 0.0 6.84362 14.0485 6.07192 0 0 0
1920 1 1.0 0.0 7.83542 14.017 5.94814 0 0 0
2256 1 1.0 0.0 8.93411 13.8518 6.24799 0 0 0
2012 1 1.0 0.0 9.97691 13.68 6.10356 0 0 0
2267 1 1.0 0.0 13.3719 13.5857 6.22744 0 0 0
2063 1 1.0 0.0 14.3425 14.1284 6.01925 0 0 0
2661 1 1.0 0.0 15.3647 13.8964 6.1401 0 0 0
2321 1 1.0 0.0 4.35158 14.5495 5.91125 0 0 0
2172 1 1.0 0.0 6.19541 14.8082 6.01958 0 0 0
2118 1 1.0 0.0 7.9074 14.9477 6.30696 0 0 0
1749 1 1.0 0.0 8.95925 14.9282 5.89592 0 0 0
1542 1 1.0 0.0 10.6892 14.2945 5.76446 0 0 0
1900 1 1.0 0.0 11.8143 14.769 5.66288 0 0 0
2100 1 1.0 0.0 12.7265 14.9792 6.04202 0 0 0
2554 1 1.0 0.0 13.6501 14.7819 5.71338 0 0 0
2246 1 1.0 0.0 15.6155 14.7372 5.6602 0 0 0
2479 1 1.0 0.0 16.6101 14.8411 5.67087 0 0 0
2491 1 1.0 0.0 5.20274 15.0615 6.02689 0 0 0
1903 1 1.0 0.0 7.11461 15.0456 5.7054 0 0 0
1967 1 1.0 0.0 10.0746 15.0737 5.88689 0 0 0
2073 1 1.0 0.0 14.2419 15.4654 6.18415 0 0 0
2480 1 1.0 0.0 15.1296 15.6069 5.74598 0 0 0
2459 1 1.0 0.0 5.58407 15.9721 6.18601 0 0 0
2589 1 1.0 0.0 6.42246 15.8436 5.65633 0 0 0
2487 1 1.0 0.0 7.95004 15.7798 5.75406 0 0 0
1705 1 1.0 0.0 9.40847 15.8134 6.01706 0 0 0
2481 1 1.0 0.0 10.381 16.0458 6.02903 0 0 0
2006 1 1.0 0.0 11.3592 16.0013 5.82638 0 0 0
2254 1 1.0 0.0 13.5476 16.2765 5.87754 0 0 0
2569 1 1.0 0.0 14.5272 16.4042 5.70715 0 0 0
2473 1 1.0 0.0 6.2614 16.7814 5.96368 0 0 0
2397 1 1.0 0.0 7.17723 16.4992 5.67805 0 0 0
2251 1 1.0 0.0 8.45777 16.6187 5.95023 0 0 0
2352 1 1.0 0.0 9.65702 16.7701 6.31677 0 0 0
2526 1 1.0 0.0 11.9847 16.746 6.05919 0 0 0
2124 1 1.0 0.0 9.01005 17.4724 6.01981 0 0 0
2107 1 1.0 0.0 10.1366 17.649 6.12768 0 0 0
2466 1 1.0 0.0 11.1083 17.4224 6.19421 0 0 0
2151 1 1.0 0.0 12.6242 17.5686 5.9355 0 0 0
2416 1 1.0 0.0 13.8051 17.7243 5.71076 0 0 0
2548 1 1.0 0.0 8.27273 2.82171 6.53379 0 0 0
2461 1 1.0 0.0 10.9992 2.4708 6.58175 0 0 0
2560 1 1.0 0.0 9.25302 2.98657 6.64263 0 0 0
2643 1 1.0 0.0 10.3804 3.15344 6.99037 0 0 0
2388 1 1.0 0.0 11.1309 3.79005 6.81311 0 0 0
2219 1 1.0 0.0 12.0691 3.69102 6.47767 0 0 0
2622 1 1.0 0.0 13.0583 3.60737 6.35697 0 0 0
2400 1 1.0 0.0 5.60493 4.35547 6.40628 0 0 0
2504 1 1.0 0.0 6.54438 4.88485 6.64639 0 0 0
2092 1 1.0 0.0 7.44443 4.33602 6.40924 0 0 0
2297 1 1.0 0.0 8.4143 4.28934 6.64833 0 0 0
1887 1 1.0 0.0 9.34994 4.63734 6.70722 0 0 0
2449 1 1.0 0.0 10.3055 4.34284 6.69852 0 0 0
2495 1 1.0 0.0 11.6645 4.6358 6.81166 0 0 0
2474 1 1.0 0.0 13.1879 4.4366 6.90063 0 0 0
2346 1 1.0 0.0 14.0131 4.92815 6.51528 0 0 0
2338 1 1.0 0.0 4.72164 5.34469 6.82775 0 0 0
2062 1 1.0 0.0 7.85414 5.22007 6.63416 0 0 0
2086 1 1.0 0.0 10.1474 5.37314 7.03398 0 0 0
2377 1 1.0 0.0 12.8874 5.4786 6.74548 0 0 0
2353 1 1.0 0.0 15.2896 5.6029 6.64249 0 0 0
2361 1 1.0 0.0 5.62665 6.13709 6.77855 0 0 0
2293 1 1.0 0.0 6.77368 6.06743 6.87025 0 0 0
2152 1 1.0 0.0 7.91838 6.13103 7.04162 0 0 0
2156 1 1.0 0.0 8.86004 6.20442 6.71318 0 0 0
2022 1 1.0 0.0 9.95682 6.35181 6.9572 0 0 0
2445 1 1.0 0.0 11.6716 5.89624 6.80728 0 0 0
2269 1 1.0 0.0 12.496 6.36056 6.48299 0 0 0
2122 1 1.0 0.0 13.599 6.29015 6.35769 0 0 0
2603 1 1.0 0.0 14.2379 5.79686 6.95663 0 0 0
2559 1 1.0 0.0 4.81202 6.68541 7.04371 0 0 0
2131 1 1.0 0.0 7.56718 7.06279 6.94463 0 0 0
2051 1 1.0 0.0 9.25505 7.1113 6.88688 0 0 0
2222 1 1.0 0.0 10.8429 6.43029 6.44595 0 0 0
2623 1 1.0 0.0 13.9568 6.92226 7.04499 0 0 0
2161 1 1.0 0.0 14.7095 6.5517 6.50071 0 0 0
2641 1 1.0 0.0 15.4202 7.01304 7.03181 0 0 0
2379 1 1.0 0.0 4.14892 7.41101 6.85987 0 0 0
2323 1 1.0 0.0 5.92176 7.6912 6.75668 0 0 0
2626 1 1.0 0.0 6.97696 7.654 6.395 0 0 0
1793 1 1.0 0.0 8.31629 7.705 6.62079 0 0 0
1797 1 1.0 0.0 10.1415 7.18475 6.42997 0 0 0
2315 1 1.0 0.0 12.1171 7.23107 6.79705 0 0 0
1727 1 1.0 0.0 13.0721 7.18262 6.50058 0 0 0
2069 1 1.0 0.0 14.2335 7.72614 6.51845 0 0 0
2019 1 1.0 0.0 16.1567 7.18213 6.3769 0 0 0
2585 1 1.0 0.0 5.03384 8.14676 6.6689 0 0 0
1679 1 1.0 0.0 8.83149 8.54638 6.78396 0 0 0
2097 1 1.0 0.0 10.0413 8.06537 6.89304 0 0 0
1685 1 1.0 0.0 11.3266 8.20035 6.8857 0 0 0
2194 1 1.0 0.0 12.2451 8.44717 6.57683 0 0 0
2191 1 1.0 0.0 13.1619 8.12687 6.81735 0 0 0
2220 1 1.0 0.0 15.814 8.017 6.8076 0 0 0
2392 1 1.0 0.0 3.37176 8.89301 6.64782 0 0 0
2639 1 1.0 0.0 6.81765 8.66097 6.85924 0 0 0
1884 1 1.0 0.0 10.7223 9.22789 6.92369 0 0 0
2071 1 1.0 0.0 13.0224 9.11309 6.57272 0 0 0
2024 1 1.0 0.0 14.0533 8.72652 6.72275 0 0 0
2102 1 1.0 0.0 14.9625 9.08298 6.50756 0 0 0
2215 1 1.0 0.0 4.97015 9.34793 6.80433 0 0 0
2239 1 1.0 0.0 6.07119 9.82221 6.44017 0 0 0
2217 1 1.0 0.0 6.94073 9.83782 6.93395 0 0 0
2155 1 1.0 0.0 7.83424 9.43643 6.73266 0 0 0
1773 1 1.0 0.0 9.87972 9.64258 6.58011 0 0 0
2076 1 1.0 0.0 12.0809 9.74631 6.42531 0 0 0
2376 1 1.0 0.0 14.4062 9.92738 6.81006 0 0 0
2025 1 1.0 0.0 17.1653 9.52884 6.41251 0 0 0
2595 1 1.0 0.0 3.62851 10.0847 6.60936 0 0 0
2425 1 1.0 0.0 5.36561 10.6919 6.77261 0 0 0
1996 1 1.0 0.0 7.76344 10.424 6.59219 0 0 0
1780 1 1.0 0.0 8.6854 10.0321 6.77091 0 0 0
1769 1 1.0 0.0 10.4717 10.3599 7.00179 0 0 0
1885 1 1.0 0.0 11.5185 10.4912 6.78408 0 0 0
2050 1 1.0 0.0 13.2659 10.1822 6.58859 0 0 0
2448 1 1.0 0.0 15.9123 10.1896 6.60895 0 0 0
2374 1 1.0 0.0 2.75398 11.2342 6.64275 0 0 0
2093 1 1.0 0.0 6.94108 11.3557 6.81406 0 0 0
1982 1 1.0 0.0 9.65651 10.7715 6.5555 0 0 0
1596 1 1.0 0.0 10.679 11.1974 6.49629 0 0 0
2145 1 1.0 0.0 12.4677 11.0204 7.01438 0 0 0
2291 1 1.0 0.0 14.6757 10.8866 6.66709 0 0 0
2582 1 1.0 0.0 15.9493 11.3328 6.78487 0 0 0
2343 1 1.0 0.0 4.28832 11.5816 6.64617 0 0 0
2031 1 1.0 0.0 9.39389 11.7976 6.69455 0 0 0
2201 1 1.0 0.0 10.8547 12.1335 6.92248 0 0 0
1742 1 1.0 0.0 11.9575 11.8765 6.9319 0 0 0
1930 1 1.0 0.0 13.155 11.6483 6.6238 0 0 0
2072 1 1.0 0.0 14.1777 11.7374 6.83492 0 0 0
2405 1 1.0 0.0 15.097 11.8202 6.45001 0 0 0
2594 1 1.0 0.0 16.5863 12.0735 6.9985 0 0 0
2418 1 1.0 0.0 3.97813 12.5296 6.85168 0 0 0
2137 1 1.0 0.0 6.21991 12.3898 6.67838 0 0 0
1984 1 1.0 0.0 7.21835 12.2574 6.43668 0 0 0
2044 1 1.0 0.0 8.17634 12.2614 6.72864 0 0 0
2027 1 1.0 0.0 9.64206 12.7669 7.04941 0 0 0
2259 1 1.0 0.0 11.6205 12.7759 6.65281 0 0 0
2190 1 1.0 0.0 13.3591 12.6139 6.46255 0 0 0
2170 1 1.0 0.0 15.4664 12.7439 6.55194 0 0 0
2604 1 1.0 0.0 5.11746 13.0354 6.69909 0 0 0
2235 1 1.0 0.0 6.32687 13.3413 6.99467 0 0 0
2177 1 1.0 0.0 8.56116 13.172 6.87943 0 0 0
2271 1 1.0 0.0 10.5951 12.9461 6.40061 0 0 0
2434 1 1.0 0.0 12.7066 13.2401 6.88926 0 0 0
2525 1 1.0 0.0 14.4383 13.4886 6.7818 0 0 0
2471 1 1.0 0.0 4.99597 14.1914 6.58691 0 0 0
2179 1 1.0 0.0 7.98316 14.1635 6.92625 0 0 0
2065 1 1.0 0.0 9.61881 14.1301 6.92158 0 0 0
2272 1 1.0 0.0 11.1342 13.7825 6.4992 0 0 0
2368 1 1.0 0.0 12.6261 14.2146 6.67861 0 0 0
2577 1 1.0 0.0 16.4734 13.585 6.48377 0 0 0
2535 1 1.0 0.0 5.86975 14.5398 6.92617 0 0 0
2636 1 1.0 0.0 7.08284 14.6132 6.86179 0 0 0
2005 1 1.0 0.0 8.57983 14.9569 7.04706 0 0 0
2541 1 1.0 0.0 11.6577 14.582 6.79366 0 0 0
2413 1 1.0 0.0 13.6448 14.4532 6.65781 0 0 0
2362 1 1.0 0.0 14.9608 14.8088 6.41262 0 0 0
2404 1 1.0 0.0 16.1291 14.5476 6.49704 0 0 0
2642 1 1.0 0.0 6.77827 15.5051 6.52742 0 0 0
1890 1 1.0 0.0 9.51089 15.102 6.71234 0 0 0
2148 1 1.0 0.0 10.9759 15.2365 6.40458 0 0 0
2349 1 1.0 0.0 11.9481 15.469 6.43459 0 0 0
2571 1 1.0 0.0 13.3254 15.5858 6.56563 0 0 0
2601 1 1.0 0.0 7.56747 16.2327 6.55936 0 0 0
2602 1 1.0 0.0 8.55969 15.822 6.546 0 0 0
2328 1 1.0 0.0 9.90346 16.001 6.90649 0 0 0
2600 1 1.0 0.0 11.0496 16.3643 6.70523 0 0 0
2516 1 1.0 0.0 10.4135 17.1054 6.92002 0 0 0
2614 1 1.0 0.0 8.59645 3.48277 7.2107 0 0 0
2591 1 1.0 0.0 9.6115 3.77549 7.14172 0 0 0
2488 1 1.0 0.0 12.3441 4.12328 7.33644 0 0 0
2419 1 1.0 0.0 7.90201 4.61269 7.44393 0 0 0
2347 1 1.0 0.0 9.51886 4.90564 7.65562 0 0 0
2366 1 1.0 0.0 10.8717 4.76284 7.40777 0 0 0
2568 1 1.0 0.0 7.13906 5.25376 7.3607 0 0 0
2310 1 1.0 0.0 8.65727 5.2323 7.23022 0 0 0
2508 1 1.0 0.0 12.2075 5.37499 7.47142 0 0 0
2531 1 1.0 0.0 9.21335 6.42765 7.62165 0 0 0
2162 1 1.0 0.0 10.8436 6.01488 7.35557 0 0 0
2433 1 1.0 0.0 13.4191 5.79627 7.53061 0 0 0
2519 1 1.0 0.0 14.5992 6.40277 7.66541 0 0 0
2584 1 1.0 0.0 5.74586 6.72082 7.58169 0 0 0
2462 1 1.0 0.0 6.58731 7.03633 7.14303 0 0 0
2500 1 1.0 0.0 7.21845 6.46827 7.67119 0 0 0
2101 1 1.0 0.0 10.4711 7.10325 7.37058 0 0 0
2555 1 1.0 0.0 11.8376 6.46353 7.61388 0 0 0
2454 1 1.0 0.0 12.825 6.72445 7.3544 0 0 0
2645 1 1.0 0.0 5.1936 7.54414 7.45077 0 0 0
2444 1 1.0 0.0 7.12045 7.85286 7.36446 0 0 0
2064 1 1.0 0.0 8.42741 7.15215 7.44663 0 0 0
2084 1 1.0 0.0 11.4168 7.40581 7.48912 0 0 0
2354 1 1.0 0.0 14.7148 7.39538 7.6287 0 0 0
2373 1 1.0 0.0 15.7774 7.63313 7.73026 0 0 0
2529 1 1.0 0.0 3.74794 8.22171 7.28645 0 0 0
2421 1 1.0 0.0 6.20784 8.24861 7.53606 0 0 0
2210 1 1.0 0.0 7.94208 8.41227 7.22107 0 0 0
2032 1 1.0 0.0 8.82155 8.0482 7.65097 0 0 0
2181 1 1.0 0.0 10.6538 8.45744 7.57943 0 0 0
2053 1 1.0 0.0 12.3934 7.95185 7.43279 0 0 0
2546 1 1.0 0.0 13.938 7.99468 7.43528 0 0 0
2408 1 1.0 0.0 14.8787 8.25815 7.0667 0 0 0
2360 1 1.0 0.0 4.92461 8.65453 7.52344 0 0 0
2617 1 1.0 0.0 5.88068 9.10657 7.13999 0 0 0
2665 1 1.0 0.0 7.33545 9.15992 7.55414 0 0 0
2279 1 1.0 0.0 8.55104 9.27347 7.4106 0 0 0
1889 1 1.0 0.0 9.6451 8.91952 7.22983 0 0 0
2039 1 1.0 0.0 11.7003 9.10739 7.09382 0 0 0
2277 1 1.0 0.0 12.7505 8.88293 7.5071 0 0 0
2515 1 1.0 0.0 14.4986 9.03949 7.56167 0 0 0
2615 1 1.0 0.0 15.6641 8.79463 7.41821 0 0 0
2496 1 1.0 0.0 4.04902 9.38877 7.19143 0 0 0
2668 1 1.0 0.0 5.44542 9.95429 7.44314 0 0 0
2669 1 1.0 0.0 10.1129 9.71491 7.67651 0 0 0
2632 1 1.0 0.0 15.2909 9.70128 7.22161 0 0 0
2286 1 1.0 0.0 6.29118 10.6618 7.15 0 0 0
2276 1 1.0 0.0 8.14882 10.253 7.58531 0 0 0
1922 1 1.0 0.0 9.17605 10.6151 7.41844 0 0 0
2316 1 1.0 0.0 12.3006 10.0893 7.3386 0 0 0
2350 1 1.0 0.0 13.6735 10.0104 7.48544 0 0 0
2538 1 1.0 0.0 15.8366 10.641 7.49805 0 0 0
2545 1 1.0 0.0 4.10378 10.7555 7.17869 0 0 0
2422 1 1.0 0.0 5.52019 10.9114 7.73588 0 0 0
2110 1 1.0 0.0 7.49922 11.0131 7.56977 0 0 0
2196 1 1.0 0.0 8.36613 11.0925 7.07766 0 0 0
2635 1 1.0 0.0 10.0651 11.3349 7.27363 0 0 0
2026 1 1.0 0.0 11.2432 11.2917 7.31646 0 0 0
2633 1 1.0 0.0 13.6548 10.9818 7.22953 0 0 0
2655 1 1.0 0.0 14.5517 10.8222 7.65727 0 0 0
2370 1 1.0 0.0 4.63924 12.0772 7.4503 0 0 0
2163 1 1.0 0.0 5.45263 11.6456 7.06033 0 0 0
2061 1 1.0 0.0 6.32885 11.6646 7.54186 0 0 0
2228 1 1.0 0.0 7.37637 12.0394 7.39974 0 0 0
2116 1 1.0 0.0 8.88574 11.8005 7.5558 0 0 0
2609 1 1.0 0.0 15.1952 11.5454 7.40644 0 0 0
2211 1 1.0 0.0 5.5936 12.5603 7.43907 0 0 0
2363 1 1.0 0.0 6.59905 12.6229 7.63483 0 0 0
2312 1 1.0 0.0 8.25515 12.6234 7.65749 0 0 0
2543 1 1.0 0.0 11.5178 12.4307 7.63873 0 0 0
2627 1 1.0 0.0 12.8672 12.3375 7.28867 0 0 0
2330 1 1.0 0.0 14.0455 12.6636 7.18801 0 0 0
2469 1 1.0 0.0 15.7974 12.3629 7.54055 0 0 0
2283 1 1.0 0.0 7.2971 13.1539 7.14791 0 0 0
2337 1 1.0 0.0 10.9739 13.1949 7.29224 0 0 0
2579 1 1.0 0.0 14.9974 12.9488 7.41106 0 0 0
2381 1 1.0 0.0 5.46481 13.7229 7.33682 0 0 0
2536 1 1.0 0.0 6.53766 14.1422 7.55526 0 0 0
2344 1 1.0 0.0 8.12665 13.611 7.74729 0 0 0
2509 1 1.0 0.0 9.11525 13.5925 7.59788 0 0 0
2043 1 1.0 0.0 10.5667 14.1418 7.24 0 0 0
2248 1 1.0 0.0 11.855 13.6738 7.18375 0 0 0
2409 1 1.0 0.0 12.5267 14.2296 7.67354 0 0 0
2335 1 1.0 0.0 13.3914 13.7926 7.36447 0 0 0
2599 1 1.0 0.0 15.712 13.8475 7.07658 0 0 0
2619 1 1.0 0.0 11.2512 14.7084 7.69852 0 0 0
2417 1 1.0 0.0 7.60875 15.4178 7.13748 0 0 0
2631 1 1.0 0.0 9.25923 15.3972 7.63404 0 0 0
2087 1 1.0 0.0 10.3821 15.1325 7.20238 0 0 0
2208 1 1.0 0.0 11.3796 15.592 7.24804 0 0 0
2652 1 1.0 0.0 12.6143 15.1235 7.09542 0 0 0
2650 1 1.0 0.0 7.86935 5.4287 8.02105 0 0 0
2528 1 1.0 0.0 8.95974 5.59498 8.11626 0 0 0
2558 1 1.0 0.0 10.3512 5.39765 8.01267 0 0 0
2507 1 1.0 0.0 11.3505 5.42505 7.9842 0 0 0
2580 1 1.0 0.0 8.29475 6.33357 8.00547 0 0 0
2431 1 1.0 0.0 10.1471 6.3759 7.97573 0 0 0
2340 1 1.0 0.0 12.1968 5.87442 8.33771 0 0 0
2549 1 1.0 0.0 11.3936 6.93916 8.37326 0 0 0
2463 1 1.0 0.0 6.78054 7.26366 8.09747 0 0 0
2514 1 1.0 0.0 7.85171 7.52638 8.17361 0 0 0
2644 1 1.0 0.0 9.03832 7.19616 8.23709 0 0 0
2057 1 1.0 0.0 9.77743 7.69378 7.78312 0 0 0
2467 1 1.0 0.0 10.7229 7.65183 8.16783 0 0 0
2542 1 1.0 0.0 12.3284 7.19651 8.08489 0 0 0
2638 1 1.0 0.0 13.3024 7.39535 7.92185 0 0 0
2552 1 1.0 0.0 7.75771 8.52166 8.19781 0 0 0
2389 1 1.0 0.0 9.48405 8.49937 8.29784 0 0 0
2329 1 1.0 0.0 11.6203 8.44172 7.83575 0 0 0
2573 1 1.0 0.0 12.7708 8.27478 8.30066 0 0 0
2484 1 1.0 0.0 6.33249 9.18241 8.02887 0 0 0
2570 1 1.0 0.0 10.3437 9.01333 8.35066 0 0 0
2597 1 1.0 0.0 13.6273 8.77639 7.97602 0 0 0
2550 1 1.0 0.0 4.68645 9.54147 7.94665 0 0 0
2203 1 1.0 0.0 8.00441 9.49276 8.21874 0 0 0
2426 1 1.0 0.0 9.2484 9.45183 8.10475 0 0 0
2556 1 1.0 0.0 11.1085 9.46963 7.81387 0 0 0
2085 1 1.0 0.0 12.0763 9.38347 8.05013 0 0 0
2618 1 1.0 0.0 13.0467 9.60332 8.14988 0 0 0
2540 1 1.0 0.0 14.5927 9.90501 8.05361 0 0 0
2486 1 1.0 0.0 6.2178 10.194 8.03129 0 0 0
2564 1 1.0 0.0 7.19938 10.105 7.86222 0 0 0
2188 1 1.0 0.0 9.88606 10.6064 8.12257 0 0 0
2412 1 1.0 0.0 10.7327 10.1675 8.42357 0 0 0
2128 1 1.0 0.0 11.4589 10.4056 7.77859 0 0 0
2477 1 1.0 0.0 12.2101 10.3066 8.43111 0 0 0
2378 1 1.0 0.0 12.9715 10.6155 7.86107 0 0 0
2646 1 1.0 0.0 13.856 10.5537 8.3235 0 0 0
2355 1 1.0 0.0 8.66377 10.9636 8.20337 0 0 0
2534 1 1.0 0.0 6.94679 11.4292 8.29201 0 0 0
2380 1 1.0 0.0 8.00503 11.7093 8.10387 0 0 0
2365 1 1.0 0.0 9.66739 11.6055 8.1503 0 0 0
2648 1 1.0 0.0 10.5314 12.0181 7.8617 0 0 0
2511 1 1.0 0.0 11.4782 11.6249 8.22959 0 0 0
2440 1 1.0 0.0 12.3826 11.6297 7.80273 0 0 0
2415 1 1.0 0.0 13.2253 11.7498 8.3276 0 0 0
2503 1 1.0 0.0 14.0747 11.8877 7.81817 0 0 0
2304 1 1.0 0.0 9.2138 12.6605 7.94676 0 0 0
2530 1 1.0 0.0 14.9722 12.2273 8.10304 0 0 0
2394 1 1.0 0.0 6.08516 13.3783 8.04141 0 0 0
2588 1 1.0 0.0 7.43086 12.9753 8.12269 0 0 0
2111 1 1.0 0.0 10.1883 12.9595 7.86457 0 0 0
2427 1 1.0 0.0 11.5378 13.4007 8.09195 0 0 0
2505 1 1.0 0.0 12.4794 13.1571 7.85955 0 0 0
2551 1 1.0 0.0 13.4423 12.9024 7.949 0 0 0
2663 1 1.0 0.0 10.6331 13.8167 8.18335 0 0 0
2510 1 1.0 0.0 9.83002 14.5536 7.8025 0 0 0
2443 1 1.0 0.0 9.97081 7.1417 8.59416 0 0 0
2452 1 1.0 0.0 7.18495 7.70948 8.89603 0 0 0
2358 1 1.0 0.0 9.17472 7.84381 8.98671 0 0 0
2493 1 1.0 0.0 6.47412 8.2901 8.49906 0 0 0
2607 1 1.0 0.0 8.19498 8.04209 8.9586 0 0 0
2659 1 1.0 0.0 10.1838 8.09298 8.88532 0 0 0
2331 1 1.0 0.0 11.1353 8.3849 8.70866 0 0 0
2341 1 1.0 0.0 12.0846 8.36493 9.02243 0 0 0
2410 1 1.0 0.0 7.14033 9.18656 8.61824 0 0 0
2403 1 1.0 0.0 8.65594 8.89902 8.69092 0 0 0
2386 1 1.0 0.0 12.6362 9.19717 8.96625 0 0 0
2336 1 1.0 0.0 9.85347 9.86061 8.78796 0 0 0
2429 1 1.0 0.0 11.3815 9.35225 8.76867 0 0 0
2593 1 1.0 0.0 7.28819 10.3306 8.83239 0 0 0
2628 1 1.0 0.0 8.6915 10.0726 8.65657 0 0 0
2660 1 1.0 0.0 8.11681 11.2556 8.98794 0 0 0
2457 1 1.0 0.0 9.11514 11.4285 8.96498 0 0 0
2634 1 1.0 0.0 10.5794 11.2327 8.47887 0 0 0
2523 1 1.0 0.0 11.4173 10.7916 8.80025 0 0 0
2522 1 1.0 0.0 12.302 11.2573 8.72729 0 0 0
2423 1 1.0 0.0 6.69298 12.3488 8.59192 0 0 0
2621 1 1.0 0.0 7.77435 12.6235 8.99347 0 0 0
2586 1 1.0 0.0 8.63887 12.2516 8.65543 0 0 0
2424 1 1.0 0.0 9.87844 12.4393 8.66042 0 0 0
2385 1 1.0 0.0 10.9966 12.6537 8.47785 0 0 0
2464 1 1.0 0.0 12.0208 12.5373 8.4964 0 0 0
2468 1 1.0 0.0 12.942 12.774 8.80528 0 0 0
2567 1 1.0 0.0 9.15376 13.4291 8.58368 0 0 0
2465 1 1.0 0.0 10.0984 13.3827 8.90847 0 0 0
2430 1 1.0 0.0 9.13593 9.46499 9.36121 0 0 0
2478 1 1.0 0.0 10.5268 9.31464 9.28644 0 0 0
2402 1 1.0 0.0 11.8969 9.99986 9.32988 0 0 0
2436 1 1.0 0.0 8.10124 10.3511 9.41421 0 0 0
2506 1 1.0 0.0 9.30488 10.5107 9.31369 0 0 0
2401 1 1.0 0.0 10.3413 10.6145 9.22795 0 0 0
2666 1 1.0 0.0 10.15 11.6863 9.25982 0 0 0

Bonds

1 1 79 70
2 2 79 1123
3 8 22 66
4 4 22 529
5 8 22 609
6 10 37 77
7 4 37 824
8 4 388 1166
9 1 388 1310
10 2 529 758
11 3 529 220
12 7 24 397
13 6 24 514
14 10 77 542
15 3 630 1310
16 5 31 413
17 4 31 610
18 1 504 1310
19 1 144 504
20 7 287 338
21 2 122 335
22 9 122 526
23 9 248 59
24 10 248 316
25 6 258 298
26 10 258 803
27 6 298 62
28 2 130 509
29 10 130 231
30 5 125 619
31 9 125 19
32 6 619 209
33 3 100 295
34 7 100 394
35 8 100 750
36 8 295 50
37 9 447 361
38 8 447 586
39 7 394 517
40 10 394 128
41 7 175 461
42 10 175 324
43 5 26 292
44 2 26 61
45 7 407 68
46 10 407 368
47 4 55 54
48 10 55 470
49 2 166 165
50 10 166 464
51 8 165 110
52 7 165 120
53 9 54 288
54 4 54 61
55 10 54 371
56 9 136 832
57 5 136 667
58 10 110 930
59 1 288 207
60 5 207 349
61 9 210 20
62 10 210 293
63 3 210 418
64 3 20 259
65 7 20 465
66 7 257 139
67 10 257 169
68 9 259 66
69 9 259 1277
70 3 202 226
71 7 202 558
72 5 70 463
73 1 70 1315
74 9 70 1064
75 6 139 431
76 6 226 37
77 4 1123 1166
78 2 34 70
79 4 1148 463
80 3 1148 1230
81 3 1230 397
82 2 431 156
83 1 431 397
84 4 156 758
85 2 824 658
86 7 824 1142
87 8 397 1107
88 3 758 574
89 3 609 574
90 7 609 1404
91 1 658 934
92 5 514 636
93 3 220 578
94 9 542 644
95 8 542 896
96 5 542 541
97 8 644 374
98 3 644 888
99 5 413 934
100 8 469 789
101 6 469 902
102 2 469 1062
103 9 578 518
104 5 374 396
105 2 610 392
106 2 610 837
107 1 610 1008
108 1 242 518
109 1 242 918
110 8 242 713
111 3 392 335
112 7 1032 1270
113 3 59 653
114 8 59 830
115 4 614 396
116 7 614 726
117 2 335 783
118 2 155 851
119 9 155 726
120 8 526 1161
121 9 316 661
122 2 509 661
123 9 19 308
124 7 62 405
125 6 306 928
126 5 306 677
127 8 803 694
128 10 803 844
129 8 50 502
130 8 426 613
131 10 231 516
132 9 231 377
133 2 209 842
134 7 209 876
135 5 928 361
136 9 677 517
137 2 677 844
138 10 750 967
139 6 473 505
140 5 473 502
141 4 551 377
142 10 361 768
143 10 586 643
144 9 586 416
145 6 505 234
146 9 450 705
147 5 629 42
148 4 643 42
149 10 643 326
150 9 128 326
151 7 128 343
152 6 128 1208
153 10 234 372
154 5 234 461
155 10 642 372
156 8 642 1091
157 8 49 771
158 10 385 932
159 8 385 684
160 4 385 326
161 9 385 368
162 10 932 402
163 7 932 326
164 10 402 642
165 6 402 343
166 9 324 357
167 9 357 467
168 9 357 382
169 10 292 520
170 10 68 400
171 3 319 364
172 7 120 734
173 9 409 382
174 8 409 939
175 8 146 380
176 10 146 647
177 4 146 742
178 9 515 647
179 9 515 608
180 2 515 843
181 10 470 608
182 10 470 641
183 8 832 364
184 9 464 734
185 1 464 1380
186 4 101 1320
187 10 101 379
188 4 667 1202
189 1 667 598
190 10 930 1131
191 5 930 966
192 10 303 293
193 9 303 371
194 1 349 408
195 4 349 757
196 6 871 1213
197 1 871 1697
198 1 766 966
199 5 766 1240
200 3 284 150
201 2 284 795
202 6 293 320
203 7 408 616
204 8 408 689
205 1 408 929
206 3 510 650
207 5 418 779
208 10 616 615
209 5 534 1240
210 7 150 169
211 4 465 859
212 8 1277 779
213 7 554 623
214 5 554 1142
215 1 558 895
216 1 1315 1498
217 10 1064 1511
218 7 1054 714
219 2 1264 574
220 2 1264 820
221 4 574 1404
222 3 574 1317
223 4 896 802
224 3 541 1127
225 1 934 2009
226 6 636 820
227 8 636 713
228 2 789 1716
229 6 789 720
230 4 837 1127
231 5 902 653
232 8 653 1073
233 3 518 851
234 7 518 911
235 5 328 396
236 4 856 797
237 5 830 692
238 2 918 406
239 8 726 308
240 6 726 1035
241 9 726 702
242 2 1188 1571
243 7 406 818
244 6 1161 454
245 6 1161 865
246 4 661 1069
247 9 454 844
248 3 694 1571
249 4 405 502
250 1 811 502
251 10 811 961
252 5 844 1136
253 7 502 1203
254 8 516 941
255 9 516 556
256 10 967 559
257 9 377 491
258 9 416 736
259 7 705 919
260 8 705 559
261 8 590 491
262 4 343 1469
263 8 467 711
264 9 1091 734
265 3 771 380
266 6 771 711
267 9 520 801
268 1 368 666
269 7 368 981
270 6 380 657
271 3 400 879
272 6 400 909
273 4 666 1239
274 10 734 788
275 6 382 1320
276 8 382 712
277 1 1320 742
278 6 1320 948
279 9 608 688
280 8 641 925
281 2 641 1211
282 8 641 1020
283 6 749 464
284 6 749 951
285 5 939 733
286 4 1202 951
287 1 1380 576
288 6 1131 1110
289 10 1131 1311
290 10 379 912
291 9 683 320
292 9 683 955
293 1 1213 951
294 4 1213 1349
295 1 576 993
296 10 795 770
297 9 689 1014
298 10 615 1269
299 9 615 977
300 5 929 623
301 10 859 819
302 9 859 1056
303 10 779 698
304 6 1057 958
305 5 1057 977
306 2 958 1142
307 2 1813 1229
308 5 1813 1226
309 4 1250 820
310 4 1250 1902
311 6 714 989
312 7 1404 1153
313 2 1229 1062
314 1 802 1153
315 1 802 1076
316 3 1716 1053
317 2 1299 1248
318 4 1053 1270
319 7 720 1272
320 8 1073 713
321 3 713 692
322 2 713 1074
323 5 911 692
324 4 1270 1558
325 10 692 1087
326 6 1035 1092
327 7 1002 1629
328 1 730 1034
329 3 730 1171
330 6 1069 1262
331 2 1571 2193
332 3 721 818
333 1 721 678
334 7 818 1018
335 2 850 976
336 3 850 1319
337 4 976 876
338 6 865 1268
339 3 961 1171
340 6 961 755
341 3 876 942
342 6 1203 1024
343 7 919 1089
344 5 941 678
345 10 941 1163
346 5 556 870
347 8 942 768
348 6 942 1083
349 7 559 1393
350 2 887 768
351 3 887 1258
352 8 768 869
353 8 1312 1031
354 6 491 710
355 3 1208 1177
356 8 1469 1707
357 9 711 710
358 3 801 843
359 8 801 947
360 4 925 531
361 8 925 1135
362 6 879 813
363 4 879 767
364 4 1516 981
365 3 1516 1193
366 2 788 1538
367 3 788 1029
368 6 948 1178
369 1 657 955
370 2 657 540
371 3 955 991
372 8 909 1014
373 8 733 770
374 7 733 1311
375 10 770 1145
376 7 912 938
377 3 912 1040
378 10 938 819
379 2 938 1145
380 7 698 1269
381 8 698 1097
382 7 1269 1160
383 4 977 1199
384 9 1686 1511
385 10 1686 1909
386 1 1056 1467
387 2 1056 1285
388 8 1511 1813
389 4 1285 1054
390 1 1902 1467
391 1 1153 1693
392 6 989 1248
393 5 1519 1974
394 1 1562 1092
395 5 1558 1272
396 5 1558 1965
397 7 1272 1034
398 6 1087 1232
399 7 1087 1533
400 5 1092 1232
401 3 1965 1724
402 3 1034 1646
403 5 1034 1621
404 5 702 1319
405 1 1629 1268
406 5 1629 1065
407 2 1262 1400
408 1 1262 1007
409 7 1018 1279
410 1 1018 1154
411 8 1319 1279
412 1 1319 1283
413 1 1268 1083
414 2 755 1007
415 5 755 1501
416 4 1083 1578
417 1 870 1154
418 7 1024 1089
419 8 1024 1520
420 9 1089 1450
421 6 869 1043
422 9 736 1293
423 6 1293 1043
424 5 1293 1335
425 6 1707 1603
426 7 1031 710
427 7 1031 1412
428 8 1258 787
429 6 1177 1971
430 10 710 1041
431 4 1135 1108
432 6 1110 1282
433 4 540 816
434 6 1311 1009
435 6 1311 1573
436 2 1050 1040
437 3 1009 1908
438 5 1145 1190
439 3 1097 1502
440 4 1160 1795
441 9 1407 1909
442 9 1407 1908
443 2 1693 1899
444 5 1533 1347
445 3 2521 1724
446 7 1065 1111
447 3 2193 2521
448 1 1279 1575
449 1 1279 1661
450 5 1279 999
451 3 1283 1111
452 3 1007 1228
453 7 1228 1118
454 5 1228 1450
455 7 1118 1163
456 6 1118 1119
457 5 1450 1464
458 7 1043 1433
459 4 1520 1603
460 1 1520 1809
461 5 1041 1137
462 8 1041 1587
463 5 1137 914
464 9 995 787
465 5 995 1265
466 2 995 1616
467 6 1928 1971
468 6 1928 1507
469 9 947 1265
470 7 1282 1648
471 5 1504 1785
472 3 1795 1601
473 4 1908 2249
474 5 1190 1441
475 3 1441 1995
476 4 1059 1632
477 2 1575 1678
478 2 999 1606
479 4 1501 2230
480 2 1345 1446
481 4 1119 1365
482 1 1119 1938
483 8 1394 1433
484 3 1394 1535
485 2 1335 1741
486 2 1412 1556
487 4 1587 1365
488 3 1587 1743
489 4 1265 1580
490 3 1648 1543
491 2 1785 1542
492 1 1601 2554
493 2 2249 1683
494 2 1678 1797
495 1 1606 2320
496 1 1580 1892
497 1 1938 2639
498 1 1542 2272
